time,joint_angle
1, 5
2, 4
3, 3
4. 6
5, 8
6, 20.0
0.0
0.0
0.0
0.0
0.0
0.0
0.0
0.0
0.0
0.0
0.0
0.0
0.0
0.0
0.0
0.0
0.0
0.0
0.0
0.0
0.0
0.0
0.0
0.0
0.0
0.0
0.0
0.0
0.0
0.0
0.0
0.0
0.0
0.0
0.0
0.0
0.0
0.0
0.0
0.0
0.0
0.0
0.0
0.0
0.0
0.0
0.0
0.0
0.0
0.0
0.0
0.0
0.0
0.0
0.0
0.0
0.0
0.0
0.0
0.0
0.0
0.0
0.0
0.0
0.0
0.0
0.0
0.0
0.0
0.0
0.0
0.0
0.0
0.0
0.0
0.0
0.0
0.0
0.0
0.0
0.0
0.0
0.0
0.0
0.0
0.0
0.0
0.0
0.0
0.0
0.0
0.0
0.0
0.0
0.0
0.0
0.0
0.0
0.0
0.0
0.0
0.0
0.0
0.0
0.0
0.0
0.0
0.0
0.0
0.0
0.0
0.0
0.0
0.0
0.0
0.0
0.0
0.0
0.0
0.0
0.0
0.0
0.0
0.0
0.0
0.0
0.0
0.0
0.0
0.0
0.0
0.0
0.0
0.0
0.0
0.0
0.0
0.0
0.0
0.0
0.0
0.0
0.0
0.0
0.0
0.0
0.0
0.0
0.0
0.0
0.0
0.0
0.0
0.0
0.0
0.0
0.0
0.0
0.0
0.0
0.0
0.0
0.0
0.0
0.0
0.0
0.0
0.0
0.0
0.0
0.0
0.0
0.0
0.0
0.0
0.0
0.0
0.0
0.0
0.0
0.0
0.0
0.0
0.0
0.0
0.0
0.0
0.0
0.0
0.0
0.0
0.0
0.0
0.0
0.0
0.0
0.0
0.0
0.0
0.0
0.0
0.0
0.0
0.0
0.0
0.0
0.0
0.0
0.0
0.0
0.0
0.0
0.0
0.0
0.0
0.0
0.0
0.0
0.0
0.0
0.0
0.0
0.0
0.0
0.0
0.0
0.0
0.0
0.0
0.0
0.0
0.0
0.0
0.0
0.0
0.0
0.0
0.0
0.0
0.0
0.0
0.0
0.0
0.0
0.0
0.0
0.0
0.0
0.0
0.0
0.0
0.0
0.0
0.0
0.0
0.0
0.0
0.0
0.0
0.0
0.0
0.0
0.0
0.0
0.0
0.0
0.0
0.0
0.0
0.0
0.0
0.0
0.0
0.0
0.0
0.0
0.0
0.0
0.0
0.0
0.0
0.0
0.0
0.0
0.0
0.0
0.0
0.0
0.0
0.0
0.0
0.0
0.0
0.0
0.0
0.0
0.0
0.0
0.0
0.0
0.0
0.0
0.0
0.0
0.0
0.0
0.0
0.0
0.0
0.0
0.0
0.0
0.0
0.0
0.0
0.0
0.0
0.0
0.0
0.0
0.0
0.0
0.0
0.0
0.0
0.0
0.0
0.0
0.0
0.0
0.0
0.0
0.0
0.0
0.0
0.0
0.0
0.0
0.0
0.0
0.0
0.0
0.0
0.0
0.0
0.0
0.0
0.0
0.0
0.0
0.0
0.0
0.0
0.0
0.0
0.0
0.0
0.0
0.0
0.0
0.0
0.0
0.0
0.0
0.0
0.0
0.0
0.0
0.0
0.0
0.0
0.0
0.0
0.0
0.0
0.0
0.0
0.0
0.0
0.0
0.0
0.0
0.0
0.0
0.0
0.0
0.0
0.0
0.0
0.0
0.0
0.0
0.0
0.0
0.0
0.0
0.0
0.0
0.0
0.0
0.0
0.0
0.0
0.0
0.0
0.0
0.0
0.0
0.0
0.0
0.0
0.0
0.0
0.0
0.0
0.0
0.0
0.0
0.0
0.0
0.0
0.0
0.0
0.0
0.0
0.0
0.0
0.0
0.0
0.0
0.0
0.0
0.0
0.0
0.0
0.0
0.0
0.0
0.0
0.0
0.0
0.0
0.0
0.0
0.0
0.0
0.0
0.0
0.0
0.0
0.0
0.0
0.0
0.0
0.0
0.0
0.0
0.0
0.0
0.0
0.0
0.0
0.0
0.0
0.0
0.0
0.0
0.0
0.0
0.0
0.0
0.0
0.0
0.0
0.0
0.0
0.0
0.0
0.0
0.0
0.0
0.0
0.0
0.0
0.0
0.0
0.0
0.0
0.0
0.0
0.0
0.0
0.0
0.0
0.0
0.0
0.0
0.0
0.0
0.0
0.0
0.0
0.0
0.0
0.0
0.0
0.0
0.0
0.0
0.0
0.0
0.0
0.0
0.0
0.0
0.0
0.0
0.0
0.0
0.0
0.0
0.0
0.0
0.0
0.0
0.0
0.0
0.0
0.0
0.0
0.0
0.0
0.0
0.0
0.0
0.0
0.0
0.0
0.0
0.0
0.0
0.0
0.0
0.0
0.0
0.0
0.0
0.0
0.0
0.0
0.0
0.0
0.0
0.0
0.0
0.0
0.0
0.0
0.0
0.0
0.0
0.0
0.0
0.0
0.0
0.0
0.0
0.0
0.0
0.0
0.0
0.0
0.0
0.0
0.0
0.0
0.0
0.0
0.0
0.0
0.0
0.0
0.0
0.0
0.0
0.0
0.0
0.0
0.0
0.0
0.0
0.0
0.0
0.0
0.0
0.0
0.0
0.0
0.0
0.0
0.0
0.0
0.0
0.0
0.0
0.0
0.0
0.0
0.0
0.0
0.0
0.0
0.0
0.0
0.0
0.0
0.0
0.0
0.0
0.0
0.0
0.0
0.0
0.0
0.0
0.0
0.0
0.0
0.0
0.0
0.0
0.0
0.0
0.0
0.0
0.0
0.0
0.0
0.0
0.0
0.0
0.0
0.0
0.0
0.0
0.0
0.0
0.0
0.0
0.0
0.0
0.0
0.0
0.0
0.0
0.0
0.0
0.0
0.0
0.0
0.0
0.0
0.0
0.0
0.0
0.0
0.0
0.0
0.0
0.0
0.0
0.0
0.0
0.0
0.0
0.0
0.0
0.0
0.0
0.0
0.0
0.0
0.0
0.0
0.0
0.0
0.0
0.0
0.0
0.0
0.0
0.0
0.0
0.0
0.0
0.0
0.0
0.0
0.0
0.0
0.0
0.0
0.0
0.0
0.0
0.0
0.0
0.0
0.0
0.0
0.0
0.0
0.0
0.0
0.0
0.0
0.0
0.0
0.0
0.0
0.0
0.0
0.0
0.0
0.0
0.0
0.0
0.0
0.0
0.0
0.0
0.0
0.0
0.0
0.0
0.0
0.0
0.0
0.0
0.0
0.0
0.0
0.0
0.0
0.0
0.0
0.0
0.0
0.0
0.0
0.0
0.0
0.0
0.0
0.0
0.0
0.0
0.0
0.0
0.0
0.0
0.0
0.0
0.0
0.0
0.0
0.0
0.0
0.0
0.0
0.0
0.0
0.0
0.0
0.0
0.0
0.0
0.0
0.0
0.0
0.0
0.0
0.0
0.0
0.0
0.0
0.0
0.0
0.0
0.0
0.0
0.0
0.0
0.0
0.0
0.0
0.0
0.0
0.0
0.0
0.0
0.0
0.0
0.0
0.0
0.0
0.0
0.0
0.0
0.0
0.0
0.0
0.0
0.0
0.0
0.0
0.0
0.0
0.0
0.0
0.0
0.0
0.0
0.0
0.0
0.0
0.0
0.0
0.0
0.0
0.0
0.0
0.0
0.0
0.0
0.0
0.0
0.0
0.0
0.0
0.0
0.0
0.0
0.0
0.0
0.0
0.0
0.0
0.0
0.0
0.0
0.0
0.0
0.0
0.0
0.0
0.0
0.0
0.0
0.0
0.0
0.0
0.0
0.0
0.0
0.0
0.0
0.0
0.0
0.0
0.0
0.0
0.0
0.0
0.0
0.0
0.0
0.0
0.0
0.0
0.0
0.0
0.0
0.0
0.0
0.0
0.0
0.0
0.0
0.0
0.0
0.0
0.0
0.0
0.0
0.0
0.0
0.0
0.0
0.0
0.0
0.0
0.0
0.0
0.0
0.0
0.0
0.0
0.0
0.0
0.0
0.0
0.0
0.0
0.0
0.0
0.0
0.0
0.0
0.0
0.0
0.0
0.0
0.0
0.0
0.0
0.0
0.0
0.0
0.0
0.0
0.0
0.0
0.0
0.0
0.0
0.0
0.0
0.0
0.0
0.0
0.0
0.0
0.0
0.0
0.0
0.0
0.0
0.0
0.0
0.0
0.0
0.0
0.0
0.0
0.0
0.0
0.0
0.0
0.0
0.0
0.0
0.0
0.0
0.0
0.0
0.0
0.0
0.0
0.0
0.0
0.0
0.0
0.0
0.0
0.0
0.0
0.0
0.0
0.0
0.0
0.0
0.0
0.0
0.0
0.0
0.0
0.0
0.0
0.0
0.0
0.0
0.0
0.0
0.0
0.0
0.0
0.0
0.0
0.0
0.0
0.0
0.0
0.0
0.0
0.0
0.0
0.0
0.0
0.0
0.0
0.0
0.0
0.0
0.0
0.0
0.0
0.0
0.0
0.0
0.0
0.0
0.0
0.0
0.0
0.0
0.0
0.0
0.0
0.0
0.0
0.0
0.0
0.0
0.0
0.0
0.0
0.0
0.0
0.0
0.0
0.0
0.0
0.0
0.0
0.0
0.0
0.0
0.0
0.0
0.0
0.0
0.0
0.0
0.0
0.0
0.0
0.0
0.0
0.0
0.0
0.0
0.0
0.0
0.0
0.0
0.0
0.0
0.0
0.0
0.0
0.0
0.0
0.0
0.0
0.0
0.0
0.0
0.0
0.0
0.0
0.0
0.0
0.0
0.0
0.0
0.0
0.0
0.0
0.0
0.0
0.0
0.0
0.0
0.0
0.0
0.0
0.0
0.0
0.0
0.0
0.0
0.0
0.0
0.0
0.0
0.0
0.0
0.0
0.0
0.0
0.0
0.0
0.0
0.0
0.0
0.0
0.0
0.0
0.0
0.0
0.0
0.0
0.0
0.0
0.0
0.0
0.0
0.0
0.0
0.0
0.0
0.0
0.0
0.0
0.0
0.0
0.0
0.0
0.0
0.0
0.0
0.0
0.0
0.0
0.0
0.0
0.0
0.0
0.0
0.0
0.0
0.0
0.0
0.0
0.0
0.0
0.0
0.0
0.0
0.0
0.0
0.0
0.0
0.0
0.0
0.0
0.0
0.0
0.0
0.0
0.0
0.0
0.0
0.0
0.0
0.0
0.0
0.0
0.0
0.0
0.0
0.0
0.0
0.0
0.0
0.0
0.0
0.0
0.0
0.0
0.0
0.0
0.0
0.0
0.0
0.0
0.0
0.0
0.0
0.0
0.0
0.0
0.0
0.0
0.0
0.0
0.0
0.0
0.0
0.0
0.0
0.0
0.0
0.0
0.0
0.0
0.0
0.0
0.0
0.0
0.0
0.0
0.0
0.0
0.0
0.0
0.0
0.0
0.0
0.0
0.0
0.0
0.0
0.0
0.0
0.0
0.0
0.0
0.0
0.0
0.0
0.0
0.0
0.0
0.0
0.0
0.0
0.0
0.0
0.0
0.0
0.0
0.0
0.0
0.0
0.0
0.0
0.0
0.0
0.0
0.0
0.0
0.0
0.0
0.0
0.0
0.0
0.0
0.0
0.0
0.0
0.0
0.0
0.0
0.0
0.0
0.0
0.0
0.0
0.0
0.0
0.0
0.0
0.0
0.0
0.0
0.0
0.0
0.0
0.0
0.0
0.0
0.0
0.0
0.0
0.0
0.0
0.0
0.0
0.0
0.0
0.0
0.0
0.0
0.0
0.0
0.0
0.0
0.0
0.0
0.0
0.0
0.0
0.0
0.0
0.0
0.0
0.0
0.0
0.0
0.0
0.0
0.0
0.0
0.0
0.0
0.0
0.0
0.0
0.0
0.0
0.0
0.0
0.0
0.0
0.0
0.0
0.0
0.0
0.0
0.0
0.0
0.0
0.0
0.0
0.0
0.0
0.0
0.0
0.0
0.0
0.0
0.0
0.0
0.0
0.0
0.0
0.0
0.0
0.0
0.0
0.0
0.0
0.0
0.0
0.0
0.0
0.0
0.0
0.0
0.0
0.0
0.0
0.0
0.0
0.0
0.0
0.0
0.0
0.0
0.0
0.0
0.0
0.0
0.0
0.0
0.0
0.0
0.0
0.0
0.0
0.0
0.0
0.0
0.0
0.0
0.0
0.0
0.0
0.0
0.0
0.0
0.0
0.0
0.0
0.0
0.0
0.0
0.0
0.0
0.0
0.0
0.0
0.0
0.0
0.0
0.0
0.0
0.0
0.0
0.0
0.0
0.0
0.0
0.0
0.0
0.0
0.0
0.0
0.0
0.0
0.0
0.0
0.0
0.0
0.0
0.0
0.0
0.0
0.0
0.0
0.0
0.0
0.0
0.0
0.0
0.0
0.0
0.0
0.0
0.0
0.0
0.0
0.0
0.0
0.0
0.0
0.0
0.0
0.0
0.0
0.0
0.0
0.0
0.0
0.0
0.0
0.0
0.0
0.0
0.0
0.0
0.0
0.0
0.0
0.0
0.0
0.0
0.0
0.0
0.0
0.0
0.0
0.0
0.0
0.0
0.0
0.0
0.0
0.0
0.0
0.0
0.0
0.0
0.0
0.0
0.0
0.0
0.0
0.0
0.0
0.0
0.0
0.0
0.0
0.0
0.0
0.0
0.0
0.0
0.0
0.0
0.0
0.0
0.0
0.0
0.0
0.0
0.0
0.0
0.0
0.0
0.0
0.0
0.0
0.0
0.0
0.0
0.0
0.0
0.0
0.0
0.0
0.0
0.0
0.0
0.0
0.0
0.0
0.0
0.0
0.0
0.0
0.0
0.0
0.0
0.0
0.0
0.0
0.0
0.0
0.0
0.0
0.0
0.0
0.0
0.0
0.0
0.0
0.0
0.0
0.0
0.0
0.0
0.0
0.0
0.0
0.0
0.0
0.0
0.0
0.0
0.0
0.0
0.0
0.0
0.0
0.0
0.0
0.0
0.0
0.0
0.0
0.0
0.0
0.0
0.0
0.0
0.0
0.0
0.0
0.0
0.0
0.0
0.0
0.0
0.0
0.0
0.0
0.0
0.0
0.0
0.0
0.0
0.0
0.0
0.0
0.0
0.0
0.0
0.0
0.0
0.0
0.0
0.0
0.0
0.0
0.0
0.0
0.0
0.0
0.0
0.0
0.0
0.0
0.0
0.0
0.0
0.0
0.0
0.0
0.0
0.0
0.0
0.0
0.0
0.0
0.0
0.0
0.0
0.0
0.0
0.0
0.0
0.0
0.0
0.0
0.0
0.0
0.0
0.0
0.0
0.0
0.0
0.0
0.0
0.0
0.0
0.0
0.0
0.0
0.0
0.0
0.0
0.0
0.0
0.0
0.0
0.0
0.0
0.0
0.0
0.0
0.0
0.0
0.0
0.0
0.0
0.0
0.0
0.0
0.0
0.0
0.0
0.0
0.0
0.0
0.0
0.0
0.0
0.0
0.0
0.0
0.0
0.0
0.0
0.0
0.0
0.0
0.0
0.0
0.0
0.0
0.0
0.0
0.0
0.0
0.0
0.0
0.0
0.0
0.0
0.0
0.0
0.0
0.0
0.0
0.0
0.0
0.0
0.0
0.0
0.0
0.0
0.0
0.0
0.0
0.0
0.0
0.0
0.0
0.0
0.0
0.0
0.0
0.0
0.0
0.0
0.0
0.0
0.0
0.0
0.0
0.0
0.0
0.0
0.0
0.0
0.0
0.0
0.0
0.0
0.0
0.0
0.0
0.0
0.0
0.0
0.0
0.0
0.0
0.0
0.0
0.0
0.0
0.0
0.0
0.0
0.0
0.0
0.0
0.0
0.0
0.0
0.0
0.0
0.0
0.0
0.0
0.0
0.0
0.0
0.0
0.0
0.0
0.0
0.0
0.0
0.0
0.0
0.0
0.0
0.0
0.0
0.0
0.0
0.0
0.0
0.0
0.0
0.0
0.0
0.0
0.0
0.0
0.0
0.0
0.0
0.0
0.0
0.0
0.0
0.0
0.0
0.0
0.0
0.0
0.0
0.0
0.0
0.0
0.0
0.0
0.0
0.0
0.0
0.0
0.0
0.0
0.0
0.0
0.0
0.0
0.0
0.0
0.0
0.0
0.0
0.0
0.0
0.0
0.0
0.0
0.0
0.0
0.0
0.0
0.0
0.0
0.0
0.0
0.0
0.0
0.0
0.0
0.0
0.0
0.0
0.0
0.0
0.0
0.0
0.0
0.0
0.0
0.0
0.0
0.0
0.0
0.0
0.0
0.0
0.0
0.0
0.0
0.0
0.0
0.0
0.0
0.0
0.0
0.0
0.0
0.0
0.0
0.0
0.0
0.0
0.0
0.0
0.0
0.0
0.0
0.0
0.0
0.0
0.0
0.0
0.0
0.0
0.0
0.0
0.0
0.0
0.0
0.0
0.0
0.0
0.0
0.0
0.0
0.0
0.0
0.0
0.0
0.0
0.0
0.0
0.0
0.0
0.0
0.0
0.0
0.0
0.0
0.0
0.0
0.0
0.0
0.0
0.0
0.0
0.0
0.0
0.0
0.0
0.0
0.0
0.0
0.0
0.0
0.0
0.0
0.0
0.0
0.0
0.0
0.0
0.0
0.0
0.0
0.0
0.0
0.0
0.0
0.0
0.0
0.0
0.0
0.0
0.0
0.0
0.0
0.0
0.0
0.0
0.0
0.0
0.0
0.0
0.0
0.0
0.0
0.0
0.0
0.0
0.0
0.0
0.0
0.0
0.0
0.0
0.0
0.0
0.0
0.0
0.0
0.0
0.0
0.0
0.0
0.0
0.0
0.0
0.0
0.0
0.0
0.0
0.0
0.0
0.0
0.0
0.0
0.0
0.0
0.0
0.0
0.0
0.0
0.0
0.0
0.0
0.0
0.0
0.0
0.0
0.0
0.0
0.0
0.0
0.0
0.0
0.0
0.0
0.0
0.0
0.0
0.0
0.0
0.0
0.0
0.0
0.0
0.0
0.0
0.0
0.0
0.0
0.0
0.0
0.0
0.0
0.0
0.0
0.0
0.0
0.0
0.0
0.0
0.0
0.0
0.0
0.0
0.0
0.0
0.0
0.0
0.0
0.0
0.0
0.0
0.0
0.0
0.0
0.0
0.0
0.0
0.0
0.0
0.0
0.0
0.0
0.0
0.0
0.0
0.0
0.0
0.0
0.0
0.0
0.0
0.0
0.0
0.0
0.0
0.0
0.0
0.0
0.0
0.0
0.0
0.0
0.0
0.0
0.0
0.0
0.0
0.0
0.0
0.0
0.0
0.0
0.0
0.0
0.0
0.0
0.0
0.0
0.0
0.0
0.0
0.0
0.0
0.0
0.0
0.0
0.0
0.0
0.0
0.0
0.0
0.0
0.0
0.0
0.0
0.0
0.0
0.0
0.0
0.0
0.0
0.0
0.0
0.0
0.0
0.0
0.0
0.0
0.0
0.0
0.0
0.0
0.0
0.0
0.0
0.0
0.0
0.0
0.0
0.0
0.0
0.0
0.0
0.0
0.0
0.0
0.0
0.0
0.0
0.0
0.0
0.0
0.0
0.0
0.0
0.0
0.0
0.0
0.0
0.0
0.0
0.0
0.0
0.0
0.0
0.0
0.0
0.0
0.0
0.0
0.0
0.0
0.0
0.0
0.0
0.0
0.0
0.0
0.0
0.0
0.0
0.0
0.0
0.0
0.0
0.0
0.0
0.0
0.0
0.0
0.0
0.0
0.0
0.0
0.0
0.0
0.0
0.0
0.0
0.0
0.0
0.0
0.0
0.0
0.0
0.0
0.0
0.0
0.0
0.0
0.0
0.0
0.0
0.0
0.0
0.0
0.0
0.0
0.0
0.0
0.0
0.0
0.0
0.0
0.0
0.0
0.0
0.0
0.0
0.0
0.0
0.0
0.0
0.0
0.0
0.0
0.0
0.0
0.0
0.0
0.0
0.0
0.0
0.0
0.0
0.0
0.0
0.0
0.0
0.0
0.0
0.0
0.0
0.0
0.0
0.0
0.0
0.0
0.0
0.0
0.0
0.0
0.0
0.0
0.0
0.0
0.0
0.0
0.0
0.0
0.0
0.0
0.0
0.0
0.0
0.0
0.0
0.0
0.0
0.0
0.0
0.0
0.0
0.0
0.0
0.0
0.0
0.0
0.0
0.0
0.0
0.0
0.0
0.0
0.0
0.0
0.0
0.0
0.0
0.0
0.0
0.0
0.0
0.0
0.0
0.0
0.0
0.0
0.0
0.0
0.0
0.0
0.0
0.0
0.0
0.0
0.0
0.0
0.0
0.0
0.0
0.0
0.0
0.0
0.0
0.0
0.0
0.0
0.0
0.0
0.0
0.0
0.0
0.0
0.0
0.0
0.0
0.0
0.0
0.0
0.0
0.0
0.0
0.0
0.0
0.0
0.0
0.0
0.0
0.0
0.0
0.0
0.0
0.0
0.0
0.0
0.0
0.0
0.0
0.0
0.0
0.0
0.0
0.0
0.0
0.0
0.0
0.0
0.0
0.0
0.0
0.0
0.0
0.0
0.0
0.0
0.0
0.0
0.0
0.0
0.0
0.0
0.0
0.0
0.0
0.0
0.0
0.0
0.0
0.0
0.0
0.0
0.0
0.0
0.0
0.0
0.0
0.0
0.0
0.0
0.0
0.0
0.0
0.0
0.0
0.0
0.0
0.0
0.0
0.0
0.0
0.0
0.0
0.0
0.0
0.0
0.0
0.0
0.0
0.0
0.0
0.0
0.0
0.0
0.0
0.0
0.0
0.0
0.0
0.0
0.0
0.0
0.0
0.0
0.0
0.0
0.0
0.0
0.0
0.0
0.0
0.0
0.0
0.0
0.0
0.0
0.0
0.0
0.0
0.0
0.0
0.0
0.0
0.0
0.0
0.0
0.0
0.0
0.0
0.0
0.0
0.0
0.0
0.0
0.0
0.0
0.0
0.0
0.0
0.0
0.0
0.0
0.0
0.0
0.0
0.0
0.0
0.0
0.0
0.0
0.0
0.0
0.0
0.0
0.0
0.0
0.0
0.0
0.0
0.0
0.0
0.0
0.0
0.0
0.0
0.0
0.0
0.0
0.0
0.0
0.0
0.0
0.0
0.0
0.0
0.0
0.0
0.0
0.0
0.0
0.0
0.0
0.0
0.0
0.0
0.0
0.0
0.0
0.0
0.0
0.0
0.0
0.0
0.0
0.0
0.0
0.0
0.0
0.0
0.0
0.0
0.0
0.0
0.0
0.0
0.0
0.0
0.0
0.0
0.0
0.0
0.0
0.0
0.0
0.0
0.0
0.0
0.0
0.0
0.0
0.0
0.0
0.0
0.0
0.0
0.0
0.0
0.0
0.0
0.0
0.0
0.0
0.0
0.0
0.0
0.0
0.0
0.0
0.0
0.0
0.0
0.0
0.0
0.0
0.0
0.0
0.0
0.0
0.0
0.0
0.0
0.0
0.0
0.0
0.0
0.0
0.0
0.0
0.0
0.0
0.0
0.0
0.0
0.0
0.0
0.0
0.0
0.0
0.0
0.0
0.0
0.0
0.0
0.0
0.0
0.0
0.0
0.0
0.0
0.0
0.0
0.0
0.0
0.0
0.0
0.0
0.0
0.0
0.0
0.0
0.0
0.0
0.0
0.0
0.0
0.0
0.0
0.0
0.0
0.0
0.0
0.0
0.0
0.0
0.0
0.0
0.0
0.0
0.0
0.0
0.0
0.0
0.0
0.0
0.0
0.0
0.0
0.0
0.0
0.0
0.0
0.0
0.0
0.0
0.0
0.0
0.0
0.0
0.0
0.0
0.0
0.0
0.0
0.0
0.0
0.0
0.0
0.0
0.0
0.0
0.0
0.0
0.0
0.0
0.0
0.0
0.0
0.0
0.0
0.0
0.0
0.0
0.0
0.0
0.0
0.0
0.0
0.0
0.0
0.0
0.0
0.0
0.0
0.0
0.0
0.0
0.0
0.0
0.0
0.0
0.0
0.0
0.0
0.0
0.0
0.0
0.0
0.0
0.0
0.0
0.0
0.0
0.0
0.0
0.0
0.0
0.0
0.0
0.0
0.0
0.0
0.0
0.0
0.0
0.0
0.0
0.0
0.0
0.0
0.0
0.0
0.0
0.0
0.0
0.0
0.0
0.0
0.0
0.0
0.0
0.0
0.0
0.0
0.0
0.0
0.0
0.0
0.0
0.0
0.0
0.0
0.0
0.0
0.0
0.0
0.0
0.0
0.0
0.0
0.0
0.0
0.0
0.0
0.0
0.0
0.0
0.0
0.0
0.0
0.0
0.0
0.0
0.0
0.0
0.0
0.0
0.0
0.0
0.0
0.0
0.0
0.0
0.0
0.0
0.0
0.0
0.0
0.0
0.0
0.0
0.0
0.0
0.0
0.0
0.0
0.0
0.0
0.0
0.0
0.0
0.0
0.0
0.0
0.0
0.0
0.0
0.0
0.0
0.0
0.0
0.0
0.0
0.0
0.0
0.0
0.0
0.0
0.0
0.0
0.0
0.0
0.0
0.0
0.0
0.0
0.0
0.0
0.0
0.0
0.0
0.0
0.0
0.0
0.0
0.0
0.0
0.0
0.0
0.0
0.0
0.0
0.0
0.0
0.0
0.0
0.0
0.0
0.0
0.0
0.0
0.0
0.0
0.0
0.0
0.0
0.0
0.0
0.0
0.0
0.0
0.0
0.0
0.0
0.0
0.0
0.0
0.0
0.0
0.0
0.0
0.0
0.0
0.0
0.0
0.0
0.0
0.0
0.0
0.0
0.0
0.0
0.0
0.0
0.0
0.0
0.0
0.0
0.0
0.0
0.0
0.0
0.0
0.0
0.0
0.0
0.0
0.0
0.0
0.0
0.0
0.0
0.0
0.0
0.0
0.0
0.0
0.0
0.0
0.0
0.0
0.0
0.0
0.0
0.0
0.0
0.0
0.0
0.0
0.0
0.0
0.0
0.0
0.0
0.0
0.0
0.0
0.0
0.0
0.0
0.0
0.0
0.0
0.0
0.0
0.0
0.0
0.0
0.0
0.0
0.0
0.0
0.0
0.0
0.0
0.0
0.0
0.0
0.0
0.0
0.0
0.0
0.0
0.0
0.0
0.0
0.0
0.0
0.0
0.0
0.0
0.0
0.0
0.0
0.0
0.0
0.0
0.0
0.0
0.0
0.0
0.0
0.0
0.0
0.0
0.0
0.0
0.0
0.0
0.0
0.0
0.0
0.0
0.0
0.0
0.0
0.0
0.0
0.0
0.0
0.0
0.0
0.0
0.0
0.0
0.0
0.0
0.0
0.0
0.0
0.0
0.0
0.0
0.0
0.0
0.0
0.0
0.0
0.0
0.0
0.0
0.0
0.0
0.0
0.0
0.0
0.0
0.0
0.0
0.0
0.0
0.0
0.0
0.0
0.0
0.0
0.0
0.0
0.0
0.0
0.0
0.0
0.0
0.0
0.0
0.0
0.0
0.0
0.0
0.0
0.0
0.0
0.0
0.0
0.0
0.0
0.0
0.0
0.0
0.0
0.0
0.0
0.0
0.0
0.0
0.0
0.0
0.0
0.0
0.0
0.0
0.0
0.0
0.0
0.0
0.0
0.0
0.0
0.0
0.0
0.0
0.0
0.0
0.0
0.0
0.0
0.0
0.0
0.0
0.0
0.0
0.0
0.0
0.0
0.0
0.0
0.0
0.0
0.0
0.0
0.0
0.0
0.0
0.0
0.0
0.0
0.0
0.0
0.0
0.0
0.0
0.0
0.0
0.0
0.0
0.0
0.0
0.0
0.0
0.0
0.0
0.0
0.0
0.0
0.0
0.0
0.0
0.0
0.0
0.0
0.0
0.0
0.0
0.0
0.0
0.0
0.0
0.0
0.0
0.0
0.0
0.0
0.0
0.0
0.0
0.0
0.0
0.0
0.0
0.0
0.0
0.0
0.0
0.0
0.0
0.0
0.0
0.0
0.0
0.0
0.0
0.0
0.0
0.0
0.0
0.0
0.0
0.0
0.0
0.0
0.0
0.0
0.0
0.0
0.0
0.0
0.0
0.0
0.0
0.0
0.0
0.0
0.0
0.0
0.0
0.0
0.0
0.0
0.0
0.0
0.0
0.0
0.0
0.0
0.0
0.0
0.0
0.0
0.0
0.0
0.0
0.0
0.0
0.0
0.0
0.0
0.0
0.0
0.0
0.0
0.0
0.0
0.0
0.0
0.0
0.0
0.0
0.0
0.0
0.0
0.0
0.0
0.0
0.0
0.0
0.0
0.0
0.0
0.0
0.0
0.0
0.0
0.0
0.0
0.0
0.0
0.0
0.0
0.0
0.0
0.0
0.0
0.0
0.0
0.0
0.0
0.0
0.0
0.0
0.0
0.0
0.0
0.0
0.0
0.0
0.0
0.0
0.0
0.0
0.0
0.0
0.0
0.0
0.0
0.0
0.0
0.0
0.0
0.0
0.0
0.0
0.0
0.0
0.0
0.0
0.0
0.0
0.0
0.0
0.0
0.0
0.0
0.0
0.0
0.0
0.0
0.0
0.0
0.0
0.0
0.0
0.0
0.0
0.0
0.0
0.0
0.0
0.0
0.0
0.0
0.0
0.0
0.0
0.0
0.0
0.0
0.0
0.0
0.0
0.0
0.0
0.0
0.0
0.0
0.0
0.0
0.0
0.0
0.0
0.0
0.0
0.0
0.0
0.0
0.0
0.0
0.0
0.0
0.0
0.0
0.0
0.0
0.0
0.0
0.0
0.0
0.0
0.0
0.0
0.0
0.0
0.0
0.0
0.0
0.0
0.0
0.0
0.0
0.0
0.0
0.0
0.0
0.0
0.0
0.0
0.0
0.0
0.0
0.0
0.0
0.0
0.0
0.0
0.0
0.0
0.0
0.0
0.0
0.0
0.0
0.0
0.0
0.0
0.0
0.0
0.0
0.0
0.0
0.0
0.0
0.0
0.0
0.0
0.0
0.0
0.0
0.0
0.0
0.0
0.0
0.0
0.0
0.0
0.0
0.0
0.0
0.0
0.0
0.0
0.0
0.0
0.0
0.0
0.0
0.0
0.0
0.0
0.0
0.0
0.0
0.0
0.0
0.0
0.0
0.0
0.0
0.0
0.0
0.0
0.0
0.0
0.0
0.0
0.0
0.0
0.0
0.0
0.0
0.0
0.0
0.0
0.0
0.0
0.0
0.0
0.0
0.0
0.0
0.0
0.0
0.0
0.0
0.0
0.0
0.0
0.0
0.0
0.0
0.0
0.0
0.0
0.0
0.0
0.0
0.0
0.0
0.0
0.0
0.0
0.0
0.0
0.0
0.0
0.0
0.0
0.0
0.0
0.0
0.0
0.0
0.0
0.0
0.0
0.0
0.0
0.0
0.0
0.0
0.0
0.0
0.0
0.0
0.0
0.0
0.0
0.0
0.0
0.0
0.0
0.0
0.0
0.0
0.0
0.0
0.0
0.0
0.0
0.0
0.0
0.0
0.0
0.0
0.0
0.0
0.0
0.0
0.0
0.0
0.0
0.0
0.0
0.0
0.0
0.0
0.0
0.0
0.0
0.0
0.0
0.0
0.0
0.0
0.0
0.0
0.0
0.0
0.0
0.0
0.0
0.0
0.0
0.0
0.0
0.0
0.0
0.0
0.0
0.0
0.0
0.0
0.0
0.0
0.0
0.0
0.0
0.0
0.0
0.0
0.0
0.0
0.0
0.0
0.0
0.0
0.0
0.0
0.0
0.0
0.0
0.0
0.0
0.0
0.0
0.0
0.0
0.0
0.0
0.0
0.0
0.0
0.0
0.0
0.0
0.0
0.0
0.0
0.0
0.0
0.0
0.0
0.0
0.0
0.0
0.0
0.0
0.0
0.0
0.0
0.0
0.0
0.0
0.0
0.0
0.0
0.0
0.0
0.0
0.0
0.0
0.0
0.0
0.0
0.0
0.0
0.0
0.0
0.0
0.0
0.0
0.0
0.0
0.0
0.0
0.0
0.0
0.0
0.0
0.0
0.0
0.0
0.0
0.0
0.0
0.0
0.0
0.0
0.0
0.0
0.0
0.0
0.0
0.0
0.0
0.0
0.0
0.0
0.0
0.0
0.0
0.0
0.0
0.0
0.0
0.0
0.0
0.0
0.0
0.0
0.0
0.0
0.0
0.0
0.0
0.0
0.0
0.0
0.0
0.0
0.0
0.0
0.0
0.0
0.0
0.0
0.0
0.0
0.0
0.0
0.0
0.0
0.0
0.0
0.0
0.0
0.0
0.0
0.0
0.0
0.0
0.0
0.0
0.0
0.0
0.0
0.0
0.0
0.0
0.0
0.0
0.0
0.0
0.0
0.0
0.0
0.0
0.0
0.0
0.0
0.0
0.0
0.0
0.0
0.0
0.0
0.0
0.0
0.0
0.0
0.0
0.0
0.0
0.0
0.0
0.0
0.0
0.0
0.0
0.0
0.0
0.0
0.0
0.0
0.0
0.0
0.0
0.0
0.0
0.0
0.0
0.0
0.0
0.0
0.0
0.0
0.0
0.0
0.0
0.0
0.0
0.0
0.0
0.0
0.0
0.0
0.0
0.0
0.0
0.0
0.0
0.0
0.0
0.0
0.0
0.0
0.0
0.0
0.0
0.0
0.0
0.0
0.0
0.0
0.0
0.0
0.0
0.0
0.0
0.0
0.0
0.0
0.0
0.0
0.0
0.0
0.0
0.0
0.0
0.0
0.0
0.0
0.0
0.0
0.0
0.0
0.0
0.0
0.0
0.0
0.0
0.0
0.0
0.0
0.0
0.0
0.0
0.0
0.0
0.0
0.0
0.0
0.0
0.0
0.0
0.0
0.0
0.0
0.0
0.0
0.0
0.0
0.0
0.0
0.0
0.0
0.0
0.0
0.0
0.0
0.0
0.0
0.0
0.0
0.0
0.0
0.0
0.0
0.0
0.0
0.0
0.0
0.0
0.0
0.0
0.0
0.0
0.0
0.0
0.0
0.0
0.0
0.0
0.0
0.0
0.0
0.0
0.0
0.0
0.0
0.0
0.0
0.0
0.0
0.0
0.0
0.0
0.0
0.0
0.0
0.0
0.0
0.0
0.0
0.0
0.0
0.0
0.0
0.0
0.0
0.0
0.0
0.0
0.0
0.0
0.0
0.0
0.0
0.0
0.0
0.0
0.0
0.0
0.0
0.0
0.0
0.0
0.0
0.0
0.0
0.0
0.0
0.0
0.0
0.0
0.0
0.0
0.0
0.0
0.0
0.0
0.0
0.0
0.0
0.0
0.0
0.0
0.0
0.0
0.0
0.0
0.0
0.0
0.0
0.0
0.0
0.0
0.0
0.0
0.0
0.0
0.0
0.0
0.0
0.0
0.0
0.0
0.0
0.0
0.0
0.0
0.0
0.0
0.0
0.0
0.0
0.0
0.0
0.0
0.0
0.0
0.0
0.0
0.0
0.0
0.0
0.0
0.0
0.0
0.0
0.0
0.0
0.0
0.0
0.0
0.0
0.0
0.0
0.0
0.0
0.0
0.0
0.0
0.0
0.0
0.0
0.0
0.0
0.0
0.0
0.0
0.0
0.0
0.0
0.0
0.0
0.0
0.0
0.0
0.0
0.0
0.0
0.0
0.0
0.0
0.0
0.0
0.0
0.0
0.0
0.0
0.0
0.0
0.0
0.0
0.0
0.0
0.0
0.0
0.0
0.0
0.0
0.0
0.0
0.0
0.0
0.0
0.0
0.0
0.0
0.0
0.0
0.0
0.0
0.0
0.0
0.0
0.0
0.0
0.0
0.0
0.0
0.0
0.0
0.0
0.0
0.0
0.0
0.0
0.0
0.0
0.0
0.0
0.0
0.0
0.0
0.0
0.0
0.0
0.0
0.0
0.0
0.0
0.0
0.0
0.0
0.0
0.0
0.0
0.0
0.0
0.0
0.0
0.0
0.0
0.0
0.0
0.0
0.0
0.0
0.0
0.0
0.0
0.0
0.0
0.0
0.0
0.0
0.0
0.0
0.0
0.0
0.0
0.0
0.0
0.0
0.0
0.0
0.0
0.0
0.0
0.0
0.0
0.0
0.0
0.0
0.0
0.0
0.0
0.0
0.0
0.0
0.0
0.0
0.0
0.0
0.0
0.0
0.0
0.0
0.0
0.0
0.0
0.0
0.0
0.0
0.0
0.0
0.0
0.0
0.0
0.0
0.0
0.0
0.0
0.0
0.0
0.0
0.0
0.0
0.0
0.0
0.0
0.0
0.0
0.0
0.0
0.0
0.0
0.0
0.0
0.0
0.0
0.0
0.0
0.0
0.0
0.0
0.0
0.0
0.0
0.0
0.0
0.0
0.0
0.0
0.0
0.0
0.0
0.0
0.0
0.0
0.0
0.0
0.0
0.0
0.0
0.0
0.0
0.0
0.0
0.0
0.0
0.0
0.0
0.0
0.0
0.0
0.0
0.0
0.0
0.0
0.0
0.0
0.0
0.0
0.0
0.0
0.0
0.0
0.0
0.0
0.0
0.0
0.0
0.0
0.0
0.0
0.0
0.0
0.0
0.0
0.0
0.0
0.0
0.0
0.0
0.0
0.0
0.0
0.0
0.0
0.0
0.0
0.0
0.0
0.0
0.0
0.0
0.0
0.0
0.0
0.0
0.0
0.0
0.0
0.0
0.0
0.0
0.0
0.0
0.0
0.0
0.0
0.0
0.0
0.0
0.0
0.0
0.0
0.0
0.0
0.0
0.0
0.0
0.0
0.0
0.0
0.0
0.0
0.0
0.0
0.0
0.0
0.0
0.0
0.0
0.0
0.0
0.0
0.0
0.0
0.0
0.0
0.0
0.0
0.0
0.0
0.0
0.0
0.0
0.0
0.0
0.0
0.0
0.0
0.0
0.0
0.0
0.0
0.0
0.0
0.0
0.0
0.0
0.0
0.0
0.0
0.0
0.0
0.0
0.0
0.0
0.0
0.0
0.0
0.0
0.0
0.0
0.0
0.0
0.0
0.0
0.0
0.0
0.0
0.0
0.0
0.0
0.0
0.0
0.0
0.0
0.0
0.0
0.0
0.0
0.0
0.0
0.0
0.0
0.0
0.0
0.0
0.0
0.0
0.0
0.0
0.0
0.0
0.0
0.0
0.0
0.0
0.0
0.0
0.0
0.0
0.0
0.0
0.0
0.0
0.0
0.0
0.0
0.0
0.0
0.0
0.0
0.0
0.0
0.0
0.0
0.0
0.0
0.0
0.0
0.0
0.0
0.0
0.0
0.0
0.0
0.0
0.0
0.0
0.0
0.0
0.0
0.0
0.0
0.0
0.0
0.0
0.0
0.0
0.0
0.0
0.0
0.0
0.0
0.0
0.0
0.0
0.0
0.0
0.0
0.0
0.0
0.0
0.0
0.0
0.0
0.0
0.0
0.0
0.0
0.0
0.0
0.0
0.0
0.0
0.0
0.0
0.0
0.0
0.0
0.0
0.0
0.0
0.0
0.0
0.0
0.0
0.0
0.0
0.0
0.0
0.0
0.0
0.0
0.0
0.0
0.0
0.0
0.0
0.0
0.0
0.0
0.0
0.0
0.0
0.0
0.0
0.0
0.0
0.0
0.0
0.0
0.0
0.0
0.0
0.0
0.0
0.0
0.0
0.0
0.0
0.0
0.0
0.0
0.0
0.0
0.0
0.0
0.0
0.0
0.0
0.0
0.0
0.0
0.0
0.0
0.0
0.0
0.0
0.0
0.0
0.0
0.0
0.0
0.0
0.0
0.0
0.0
0.0
0.0
0.0
0.0
0.0
0.0
0.0
0.0
0.0
0.0
0.0
0.0
0.0
0.0
0.0
0.0
0.0
0.0
0.0
0.0
0.0
0.0
0.0
0.0
0.0
0.0
0.0
0.0
0.0
0.0
0.0
0.0
0.0
0.0
0.0
0.0
0.0
0.0
0.0
0.0
0.0
0.0
0.0
0.0
0.0
0.0
0.0
0.0
0.0
0.0
0.0
0.0
0.0
0.0
0.0
0.0
0.0
0.0
0.0
0.0
0.0
0.0
0.0
0.0
0.0
0.0
0.0
0.0
0.0
0.0
0.0
0.0
0.0
0.0
0.0
0.0
0.0
0.0
0.0
0.0
0.0
0.0
0.0
0.0
0.0
0.0
0.0
0.0
0.0
0.0
0.0
0.0
0.0
0.0
0.0
0.0
0.0
0.0
0.0
0.0
0.0
0.0
0.0
0.0
0.0
0.0
0.0
0.0
0.0
0.0
0.0
0.0
0.0
0.0
0.0
0.0
0.0
0.0
0.0
0.0
0.0
0.0
0.0
0.0
0.0
0.0
0.0
0.0
0.0
0.0
0.0
0.0
0.0
0.0
0.0
0.0
0.0
0.0
0.0
0.0
0.0
0.0
0.0
0.0
0.0
0.0
0.0
0.0
0.0
0.0
0.0
0.0
0.0
0.0
0.0
0.0
0.0
0.0
0.0
0.0
0.0
0.0
0.0
0.0
0.0
0.0
0.0
0.0
0.0
0.0
0.0
0.0
0.0
0.0
0.0
0.0
0.0
0.0
0.0
0.0
0.0
0.0
0.0
0.0
0.0
0.0
0.0
0.0
0.0
0.0
0.0
0.0
0.0
0.0
0.0
0.0
0.0
0.0
0.0
0.0
0.0
0.0
0.0
0.0
0.0
0.0
0.0
0.0
0.0
0.0
0.0
0.0
0.0
0.0
0.0
0.0
0.0
0.0
0.0
0.0
0.0
0.0
0.0
0.0
0.0
0.0
0.0
0.0
0.0
0.0
0.0
0.0
0.0
0.0
0.0
0.0
0.0
0.0
0.0
0.0
0.0
0.0
0.0
0.0
0.0
0.0
0.0
0.0
0.0
0.0
0.0
0.0
0.0
0.0
0.0
0.0
0.0
0.0
0.0
0.0
0.0
0.0
0.0
0.0
0.0
0.0
0.0
0.0
0.0
0.0
0.0
0.0
0.0
0.0
0.0
0.0
0.0
0.0
0.0
0.0
0.0
0.0
0.0
0.0
0.0
0.0
0.0
0.0
0.0
0.0
0.0
0.0
0.0
0.0
0.0
0.0
0.0
0.0
0.0
0.0
0.0
0.0
0.0
0.0
0.0
0.0
0.0
0.0
0.0
0.0
0.0
0.0
0.0
0.0
0.0
0.0
0.0
0.0
0.0
0.0
0.0
0.0
0.0
0.0
0.0
0.0
0.0
0.0
0.0
0.0
0.0
0.0
0.0
0.0
0.0
0.0
0.0
0.0
0.0
0.0
0.0
0.0
0.0
0.0
0.0
0.0
0.0
0.0
0.0
0.0
0.0
0.0
0.0
0.0
0.0
0.0
0.0
0.0
0.0
0.0
0.0
0.0
0.0
0.0
0.0
0.0
0.0
0.0
0.0
0.0
0.0
0.0
0.0
0.0
0.0
0.0
0.0
0.0
0.0
0.0
0.0
0.0
0.0
0.0
0.0
0.0
0.0
0.0
0.0
0.0
0.0
0.0
0.0
0.0
0.0
0.0
0.0
0.0
0.0
0.0
0.0
0.0
0.0
0.0
0.0
0.0
0.0
0.0
0.0
0.0
0.0
0.0
0.0
0.0
0.0
0.0
0.0
0.0
0.0
0.0
0.0
0.0
0.0
0.0
0.0
0.0
0.0
0.0
0.0
0.0
0.0
0.0
0.0
0.0
0.0
0.0
0.0
0.0
0.0
0.0
0.0
0.0
0.0
0.0
0.0
0.0
0.0
0.0
0.0
0.0
0.0
0.0
0.0
0.0
0.0
0.0
0.0
0.0
0.0
0.0
0.0
0.0
0.0
0.0
0.0
0.0
0.0
0.0
0.0
0.0
0.0
0.0
0.0
0.0
0.0
0.0
0.0
0.0
0.0
0.0
0.0
0.0
0.0
0.0
0.0
0.0
0.0
0.0
0.0
0.0
0.0
0.0
0.0
0.0
0.0
0.0
0.0
0.0
0.0
0.0
0.0
0.0
0.0
0.0
0.0
0.0
0.0
0.0
0.0
0.0
0.0
0.0
0.0
0.0
0.0
0.0
0.0
0.0
0.0
0.0
0.0
0.0
0.0
0.0
0.0
0.0
0.0
0.0
0.0
0.0
0.0
0.0
0.0
0.0
0.0
0.0
0.0
0.0
0.0
0.0
0.0
0.0
0.0
0.0
0.0
0.0
0.0
0.0
0.0
0.0
0.0
0.0
0.0
0.0
0.0
0.0
0.0
0.0
0.0
0.0
0.0
0.0
0.0
0.0
0.0
0.0
0.0
0.0
0.0
0.0
0.0
0.0
0.0
0.0
0.0
0.0
0.0
0.0
0.0
0.0
0.0
0.0
0.0
0.0
0.0
0.0
0.0
0.0
0.0
0.0
0.0
0.0
0.0
0.0
0.0
0.0
0.0
0.0
0.0
0.0
0.0
0.0
0.0
0.0
0.0
0.0
0.0
0.0
0.0
0.0
0.0
0.0
0.0
0.0
0.0
0.0
0.0
0.0
0.0
0.0
0.0
0.0
0.0
0.0
0.0
0.0
0.0
0.0
0.0
0.0
0.0
0.0
0.0
0.0
0.0
0.0
0.0
0.0
0.0
0.0
0.0
0.0
0.0
0.0
0.0
0.0
0.0
0.0
0.0
0.0
0.0
0.0
0.0
0.0
0.0
0.0
0.0
0.0
0.0
0.0
0.0
0.0
0.0
0.0
0.0
0.0
0.0
0.0
0.0
0.0
0.0
0.0
0.0
0.0
0.0
0.0
0.0
0.0
0.0
0.0
0.0
0.0
0.0
0.0
0.0
0.0
0.0
0.0
0.0
0.0
0.0
0.0
0.0
0.0
0.0
0.0
0.0
0.0
0.0
0.0
0.0
0.0
0.0
0.0
0.0
0.0
0.0
0.0
0.0
0.0
0.0
0.0
0.0
0.0
0.0
0.0
0.0
0.0
0.0
0.0
0.0
0.0
0.0
0.0
0.0
0.0
0.0
0.0
0.0
0.0
0.0
0.0
0.0
0.0
0.0
0.0
0.0
0.0
0.0
0.0
0.0
0.0
0.0
0.0
0.0
0.0
0.0
0.0
0.0
0.0
0.0
0.0
0.0
0.0
0.0
0.0
0.0
0.0
0.0
0.0
0.0
0.0
0.0
0.0
0.0
0.0
0.0
0.0
0.0
0.0
0.0
0.0
0.0
0.0
0.0
0.0
0.0
0.0
0.0
0.0
0.0
0.0
0.0
0.0
0.0
0.0
0.0
0.0
0.0
0.0
0.0
0.0
0.0
0.0
0.0
0.0
0.0
0.0
0.0
0.0
0.0
0.0
0.0
0.0
0.0
0.0
0.0
0.0
0.0
0.0
0.0
0.0
0.0
0.0
0.0
0.0
0.0
0.0
0.0
0.0
0.0
0.0
0.0
0.0
0.0
0.0
0.0
0.0
0.0
0.0
0.0
0.0
0.0
0.0
0.0
0.0
0.0
0.0
0.0
0.0
0.0
0.0
0.0
0.0
0.0
0.0
0.0
0.0
0.0
0.0
0.0
0.0
0.0
0.0
0.0
0.0
0.0
0.0
0.0
0.0
0.0
0.0
0.0
0.0
0.0
0.0
0.0
0.0
0.0
0.0
0.0
0.0
0.0
0.0
0.0
0.0
0.0
0.0
0.0
0.0
0.0
0.0
0.0
0.0
0.0
0.0
0.0
0.0
0.0
0.0
0.0
0.0
0.0
0.0
0.0
0.0
0.0
0.0
0.0
0.0
0.0
0.0
0.0
0.0
0.0
0.0
0.0
0.0
0.0
0.0
0.0
0.0
0.0
0.0
0.0
0.0
0.0
0.0
0.0
0.0
0.0
0.0
0.0
0.0
0.0
0.0
0.0
0.0
0.0
0.0
0.0
0.0
0.0
0.0
0.0
0.0
0.0
0.0
0.0
0.0
0.0
0.0
0.0
0.0
0.0
0.0
0.0
0.0
0.0
0.0
0.0
0.0
0.0
0.0
0.0
0.0
0.0
0.0
0.0
0.0
0.0
0.0
0.0
0.0
0.0
0.0
0.0
0.0
0.0
0.0
0.0
0.0
0.0
0.0
0.0
0.0
0.0
0.0
0.0
0.0
0.0
0.0
0.0
0.0
0.0
0.0
0.0
0.0
0.0
0.0
0.0
0.0
0.0
0.0
0.0
0.0
0.0
0.0
0.0
0.0
0.0
0.0
0.0
0.0
0.0
0.0
0.0
0.0
0.0
0.0
0.0
0.0
0.0
0.0
0.0
0.0
0.0
0.0
0.0
0.0
0.0
0.0
0.0
0.0
0.0
0.0
0.0
0.0
0.0
0.0
0.0
0.0
0.0
0.0
0.0
0.0
0.0
0.0
0.0
0.0
0.0
0.0
0.0
0.0
0.0
0.0
0.0
0.0
0.0
0.0
0.0
0.0
0.0
0.0
0.0
0.0
0.0
0.0
0.0
0.0
0.0
0.0
0.0
0.0
0.0
0.0
0.0
0.0
0.0
0.0
0.0
0.0
0.0
0.0
0.0
0.0
0.0
0.0
0.0
0.0
0.0
0.0
0.0
0.0
0.0
0.0
0.0
0.0
0.0
0.0
0.0
0.0
0.0
0.0
0.0
0.0
0.0
0.0
0.0
0.0
0.0
0.0
0.0
0.0
0.0
0.0
0.0
0.0
0.0
0.0
0.0
0.0
0.0
0.0
0.0
0.0
0.0
0.0
0.0
0.0
0.0
0.0
0.0
0.0
0.0
0.0
0.0
0.0
0.0
0.0
0.0
0.0
0.0
0.0
0.0
0.0
0.0
0.0
0.0
0.0
0.0
0.0
0.0
0.0
0.0
0.0
0.0
0.0
0.0
0.0
0.0
0.0
0.0
0.0
0.0
0.0
0.0
0.0
0.0
0.0
0.0
0.0
0.0
0.0
0.0
0.0
0.0
0.0
0.0
0.0
0.0
0.0
0.0
0.0
0.0
0.0
0.0
0.0
0.0
0.0
0.0
0.0
0.0
0.0
0.0
0.0
0.0
0.0
0.0
0.0
0.0
0.0
0.0
0.0
0.0
0.0
0.0
0.0
0.0
0.0
0.0
0.0
0.0
0.0
0.0
0.0
0.0
0.0
0.0
0.0
0.0
0.0
0.0
0.0
0.0
0.0
0.0
0.0
0.0
0.0
0.0
0.0
0.0
0.0
0.0
0.0
0.0
0.0
0.0
0.0
0.0
0.0
0.0
0.0
0.0
0.0
0.0
0.0
0.0
0.0
0.0
0.0
0.0
0.0
0.0
0.0
0.0
0.0
0.0
0.0
0.0
0.0
0.0
0.0
0.0
0.0
0.0
0.0
0.0
0.0
0.0
0.0
0.0
0.0
0.0
0.0
0.0
0.0
0.0
0.0
0.0
0.0
0.0
0.0
0.0
0.0
0.0
0.0
0.0
0.0
0.0
0.0
0.0
0.0
0.0
0.0
0.0
0.0
0.0
0.0
0.0
0.0
0.0
0.0
0.0
0.0
0.0
0.0
0.0
0.0
0.0
0.0
0.0
0.0
0.0
0.0
0.0
0.0
0.0
0.0
0.0
0.0
0.0
0.0
0.0
0.0
0.0
0.0
0.0
0.0
0.0
0.0
0.0
0.0
0.0
0.0
0.0
0.0
0.0
0.0
0.0
0.0
0.0
0.0
0.0
0.0
0.0
0.0
0.0
0.0
0.0
0.0
0.0
0.0
0.0
0.0
0.0
0.0
0.0
0.0
0.0
0.0
0.0
0.0
0.0
0.0
0.0
0.0
0.0
0.0
0.0
0.0
0.0
0.0
0.0
0.0
0.0
0.0
0.0
0.0
0.0
0.0
0.0
0.0
0.0
0.0
0.0
0.0
0.0
0.0
0.0
0.0
0.0
0.0
0.0
0.0
0.0
0.0
0.0
0.0
0.0
0.0
0.0
0.0
0.0
0.0
0.0
0.0
0.0
0.0
0.0
0.0
0.0
0.0
0.0
0.0
0.0
0.0
0.0
0.0
0.0
0.0
0.0
0.0
0.0
0.0
0.0
0.0
0.0
0.0
0.0
0.0
0.0
0.0
0.0
0.0
0.0
0.0
0.0
0.0
0.0
0.0
0.0
0.0
0.0
0.0
0.0
0.0
0.0
0.0
0.0
0.0
0.0
0.0
0.0
0.0
0.0
0.0
0.0
0.0
0.0
0.0
0.0
0.0
0.0
0.0
0.0
0.0
0.0
0.0
0.0
0.0
0.0
0.0
0.0
0.0
0.0
0.0
0.0
0.0
0.0
0.0
0.0
0.0
0.0
0.0
0.0
0.0
0.0
0.0
0.0
0.0
0.0
0.0
0.0
0.0
0.0
0.0
0.0
0.0
0.0
0.0
0.0
0.0
0.0
0.0
0.0
0.0
0.0
0.0
0.0
0.0
0.0
0.0
0.0
0.0
0.0
0.0
0.0
0.0
0.0
0.0
0.0
0.0
0.0
0.0
0.0
0.0
0.0
0.0
0.0
0.0
0.0
0.0
0.0
0.0
0.0
0.0
0.0
0.0
0.0
0.0
0.0
0.0
0.0
0.0
0.0
0.0
0.0
0.0
0.0
0.0
0.0
0.0
0.0
0.0
0.0
0.0
0.0
0.0
0.0
0.0
0.0
0.0
0.0
0.0
0.0
0.0
0.0
0.0
0.0
0.0
0.0
0.0
0.0
0.0
0.0
0.0
0.0
0.0
0.0
0.0
0.0
0.0
0.0
0.0
0.0
0.0
0.0
0.0
0.0
0.0
0.0
0.0
0.0
0.0
0.0
0.0
0.0
0.0
0.0
0.0
0.0
0.0
0.0
0.0
0.0
0.0
0.0
0.0
0.0
0.0
0.0
0.0
0.0
0.0
0.0
0.0
0.0
0.0
0.0
0.0
0.0
0.0
0.0
0.0
0.0
0.0
0.0
0.0
0.0
0.0
0.0
0.0
0.0
0.0
0.0
0.0
0.0
0.0
0.0
0.0
0.0
0.0
0.0
0.0
0.0
0.0
0.0
0.0
0.0
0.0
0.0
0.0
0.0
0.0
0.0
0.0
0.0
0.0
0.0
0.0
0.0
0.0
0.0
0.0
0.0
0.0
0.0
0.0
0.0
0.0
0.0
0.0
0.0
0.0
0.0
0.0
0.0
0.0
0.0
0.0
0.0
0.0
0.0
0.0
0.0
0.0
0.0
0.0
0.0
0.0
0.0
0.0
0.0
0.0
0.0
0.0
0.0
0.0
0.0
0.0
0.0
0.0
0.0
0.0
0.0
0.0
0.0
0.0
0.0
0.0
0.0
0.0
0.0
0.0
0.0
0.0
0.0
0.0
0.0
0.0
0.0
0.0
0.0
0.0
0.0
0.0
0.0
0.0
0.0
0.0
0.0
0.0
0.0
0.0
0.0
0.0
0.0
0.0
0.0
0.0
0.0
0.0
0.0
0.0
0.0
0.0
0.0
0.0
0.0
0.0
0.0
0.0
0.0
0.0
0.0
0.0
0.0
0.0
0.0
0.0
0.0
0.0
0.0
0.0
0.0
0.0
0.0
0.0
0.0
0.0
0.0
0.0
0.0
0.0
0.0
0.0
0.0
0.0
0.0
0.0
0.0
0.0
0.0
0.0
0.0
0.0
0.0
0.0
0.0
0.0
0.0
0.0
0.0
0.0
0.0
0.0
0.0
0.0
0.0
0.0
0.0
0.0
0.0
0.0
0.0
0.0
0.0
0.0
0.0
0.0
0.0
0.0
0.0
0.0
0.0
0.0
0.0
0.0
0.0
0.0
0.0
0.0
0.0
0.0
0.0
0.0
0.0
0.0
0.0
0.0
0.0
0.0
0.0
0.0
0.0
0.0
0.0
0.0
0.0
0.0
0.0
0.0
0.0
0.0
0.0
0.0
0.0
0.0
0.0
0.0
0.0
0.0
0.0
0.0
0.0
0.0
0.0
0.0
0.0
0.0
0.0
0.0
0.0
0.0
0.0
0.0
0.0
0.0
0.0
0.0
0.0
0.0
0.0
0.0
0.0
0.0
0.0
0.0
0.0
0.0
0.0
0.0
0.0
0.0
0.0
0.0
0.0
0.0
0.0
0.0
0.0
0.0
0.0
0.0
0.0
0.0
0.0
0.0
0.0
0.0
0.0
0.0
0.0
0.0
0.0
0.0
0.0
0.0
0.0
0.0
0.0
0.0
0.0
0.0
0.0
0.0
0.0
0.0
0.0
0.0
0.0
0.0
0.0
0.0
0.0
0.0
0.0
0.0
0.0
0.0
0.0
0.0
0.0
0.0
0.0
0.0
0.0
0.0
0.0
0.0
0.0
0.0
0.0
0.0
0.0
0.0
0.0
0.0
0.0
0.0
0.0
0.0
0.0
0.0
0.0
0.0
0.0
0.0
0.0
0.0
0.0
0.0
0.0
0.0
0.0
0.0
0.0
0.0
0.0
0.0
0.0
0.0
0.0
0.0
0.0
0.0
0.0
0.0
0.0
0.0
0.0
0.0
0.0
0.0
0.0
0.0
0.0
0.0
0.0
0.0
0.0
0.0
0.0
0.0
0.0
0.0
0.0
0.0
0.0
0.0
0.0
0.0
0.0
0.0
0.0
0.0
0.0
0.0
0.0
0.0
0.0
0.0
0.0
0.0
0.0
0.0
0.0
0.0
0.0
0.0
0.0
0.0
0.0
0.0
0.0
0.0
0.0
0.0
0.0
0.0
0.0
0.0
0.0
0.0
0.0
0.0
0.0
0.0
0.0
0.0
0.0
0.0
0.0
0.0
0.0
0.0
0.0
0.0
0.0
0.0
0.0
0.0
0.0
0.0
0.0
0.0
0.0
0.0
0.0
0.0
0.0
0.0
0.0
0.0
0.0
0.0
0.0
0.0
0.0
0.0
0.0
0.0
0.0
0.0
0.0
0.0
0.0
0.0
0.0
0.0
0.0
0.0
0.0
0.0
0.0
0.0
0.0
0.0
0.0
0.0
0.0
0.0
0.0
0.0
0.0
0.0
0.0
0.0
0.0
0.0
0.0
0.0
0.0
0.0
0.0
0.0
0.0
0.0
0.0
0.0
0.0
0.0
0.0
0.0
0.0
0.0
0.0
0.0
0.0
0.0
0.0
0.0
0.0
0.0
0.0
0.0
0.0
0.0
0.0
0.0
0.0
0.0
0.0
0.0
0.0
0.0
0.0
0.0
0.0
0.0
0.0
0.0
0.0
0.0
0.0
0.0
0.0
0.0
0.0
0.0
0.0
0.0
0.0
0.0
0.0
0.0
0.0
0.0
0.0
0.0
0.0
0.0
0.0
0.0
0.0
0.0
0.0
0.0
0.0
0.0
0.0
0.0
0.0
0.0
0.0
0.0
0.0
0.0
0.0
0.0
0.0
0.0
0.0
0.0
0.0
0.0
0.0
0.0
0.0
0.0
0.0
0.0
0.0
0.0
0.0
0.0
0.0
0.0
0.0
0.0
0.0
0.0
0.0
0.0
0.0
0.0
0.0
0.0
0.0
0.0
0.0
0.0
0.0
0.0
0.0
0.0
0.0
0.0
0.0
0.0
0.0
0.0
0.0
0.0
0.0
0.0
0.0
0.0
0.0
0.0
0.0
0.0
0.0
0.0
0.0
0.0
0.0
0.0
0.0
0.0
0.0
0.0
0.0
0.0
0.0
0.0
0.0
0.0
0.0
0.0
0.0
0.0
0.0
0.0
0.0
0.0
0.0
0.0
0.0
0.0
0.0
0.0
0.0
0.0
0.0
0.0
0.0
0.0
0.0
0.0
0.0
0.0
0.0
0.0
0.0
0.0
0.0
0.0
0.0
0.0
0.0
0.0
0.0
0.0
0.0
0.0
0.0
0.0
0.0
0.0
0.0
0.0
0.0
0.0
0.0
0.0
0.0
0.0
0.0
0.0
0.0
0.0
0.0
0.0
0.0
0.0
0.0
0.0
0.0
0.0
0.0
0.0
0.0
0.0
0.0
0.0
0.0
0.0
0.0
0.0
0.0
0.0
0.0
0.0
0.0
0.0
0.0
0.0
0.0
0.0
0.0
0.0
0.0
0.0
0.0
0.0
0.0
0.0
0.0
0.0
0.0
0.0
0.0
0.0
0.0
0.0
0.0
0.0
0.0
0.0
0.0
0.0
0.0
0.0
0.0
0.0
0.0
0.0
0.0
0.0
0.0
0.0
0.0
0.0
0.0
0.0
0.0
0.0
0.0
0.0
0.0
0.0
0.0
0.0
0.0
0.0
0.0
0.0
0.0
0.0
0.0
0.0
0.0
0.0
0.0
0.0
0.0
0.0
0.0
0.0
0.0
0.0
0.0
0.0
0.0
0.0
0.0
0.0
0.0
0.0
0.0
0.0
0.0
0.0
0.0
0.0
0.0
0.0
0.0
0.0
0.0
0.0
0.0
0.0
0.0
0.0
0.0
0.0
0.0
0.0
0.0
0.0
0.0
0.0
0.0
0.0
0.0
0.0
0.0
0.0
0.0
0.0
0.0
0.0
0.0
0.0
0.0
0.0
0.0
0.0
0.0
0.0
0.0
0.0
0.0
0.0
0.0
0.0
0.0
0.0
0.0
0.0
0.0
0.0
0.0
0.0
0.0
0.0
0.0
0.0
0.0
0.0
0.0
0.0
0.0
0.0
0.0
0.0
0.0
0.0
0.0
0.0
0.0
0.0
0.0
0.0
0.0
0.0
0.0
0.0
0.0
0.0
0.0
0.0
0.0
0.0
0.0
0.0
0.0
0.0
0.0
0.0
0.0
0.0
0.0
0.0
0.0
0.0
0.0
0.0
0.0
0.0
0.0
0.0
0.0
0.0
0.0
0.0
0.0
0.0
0.0
0.0
0.0
0.0
0.0
0.0
0.0
0.0
0.0
0.0
0.0
0.0
0.0
0.0
0.0
0.0
0.0
0.0
0.0
0.0
0.0
0.0
0.0
0.0
0.0
0.0
0.0
0.0
0.0
0.0
0.0
0.0
0.0
0.0
0.0
0.0
0.0
0.0
0.0
0.0
0.0
0.0
0.0
0.0
0.0
0.0
0.0
0.0
0.0
0.0
0.0
0.0
0.0
0.0
0.0
0.0
0.0
0.0
0.0
0.0
0.0
0.0
0.0
0.0
0.0
0.0
0.0
0.0
0.0
0.0
0.0
0.0
0.0
0.0
0.0
0.0
0.0
0.0
0.0
0.0
0.0
0.0
0.0
0.0
0.0
0.0
0.0
0.0
0.0
0.0
0.0
0.0
0.0
0.0
0.0
0.0
0.0
0.0
0.0
0.0
0.0
0.0
0.0
0.0
0.0
0.0
0.0
0.0
0.0
0.0
0.0
0.0
0.0
0.0
0.0
0.0
0.0
0.0
0.0
0.0
0.0
0.0
0.0
0.0
0.0
0.0
0.0
0.0
0.0
0.0
0.0
0.0
0.0
0.0
0.0
0.0
0.0
0.0
0.0
0.0
0.0
0.0
0.0
0.0
0.0
0.0
0.0
0.0
0.0
0.0
0.0
0.0
0.0
0.0
0.0
0.0
0.0
0.0
0.0
0.0
0.0
0.0
0.0
0.0
0.0
0.0
0.0
0.0
0.0
0.0
0.0
0.0
0.0
0.0
0.0
0.0
0.0
0.0
0.0
0.0
0.0
0.0
0.0
0.0
0.0
0.0
0.0
0.0
0.0
0.0
0.0
0.0
0.0
0.0
0.0
0.0
0.0
0.0
0.0
0.0
0.0
0.0
0.0
0.0
0.0
0.0
0.0
0.0
0.0
0.0
0.0
0.0
0.0
0.0
0.0
0.0
0.0
0.0
0.0
0.0
0.0
0.0
0.0
0.0
0.0
0.0
0.0
0.0
0.0
0.0
0.0
0.0
0.0
0.0
0.0
0.0
0.0
0.0
0.0
0.0
0.0
0.0
0.0
0.0
0.0
0.0
0.0
0.0
0.0
0.0
0.0
0.0
0.0
0.0
0.0
0.0
0.0
0.0
0.0
0.0
0.0
0.0
0.0
0.0
0.0
0.0
0.0
0.0
0.0
0.0
0.0
0.0
0.0
0.0
0.0
0.0
0.0
0.0
0.0
0.0
0.0
0.0
0.0
0.0
0.0
0.0
0.0
0.0
0.0
0.0
0.0
0.0
0.0
0.0
0.0
0.0
0.0
0.0
0.0
0.0
0.0
0.0
0.0
0.0
0.0
0.0
0.0
0.0
0.0
0.0
0.0
0.0
0.0
0.0
0.0
0.0
0.0
0.0
0.0
0.0
0.0
0.0
0.0
0.0
0.0
0.0
0.0
0.0
0.0
0.0
0.0
0.0
0.0
0.0
0.0
0.0
0.0
0.0
0.0
0.0
0.0
0.0
0.0
0.0
0.0
0.0
0.0
0.0
0.0
0.0
0.0
0.0
0.0
0.0
0.0
0.0
0.0
0.0
0.0
0.0
0.0
0.0
0.0
0.0
0.0
0.0
0.0
0.0
0.0
0.0
0.0
0.0
0.0
0.0
0.0
0.0
0.0
0.0
0.0
0.0
0.0
0.0
0.0
0.0
0.0
0.0
0.0
0.0
0.0
0.0
0.0
0.0
0.0
0.0
0.0
0.0
0.0
0.0
0.0
0.0
0.0
0.0
0.0
0.0
0.0
0.0
0.0
0.0
0.0
0.0
0.0
0.0
0.0
0.0
0.0
0.0
0.0
0.0
0.0
0.0
0.0
0.0
0.0
0.0
0.0
0.0
0.0
0.0
0.0
0.0
0.0
0.0
0.0
0.0
0.0
0.0
0.0
0.0
0.0
0.0
0.0
0.0
0.0
0.0
0.0
0.0
0.0
0.0
0.0
0.0
0.0
0.0
6.305789391957323e-05
6.305789391957323e-05
7.53247301049652e-05
0.00010424025184611833
0.00019496811554248878
0.00021216029616572595
0.0002156171902385586
0.0002348565645014822
0.0002993122072280089
0.0003085831511620246
0.0003263341895967601
0.00037766915512703347
0.0003872098448567849
0.00044635110804231625
0.00045372015174680535
0.00045596232194050363
0.00047890720508581225
0.00048482908944060953
0.0005377342877758123
0.0005629184492957258
0.0005850862593965784
0.0006344408094033549
0.0006388748652406485
0.0006553207053738642
0.000670750370564252
0.0007131825676187151
0.0007229518178490206
0.0007385094606180315
0.0007421194192936154
0.0007907597809534644
0.0007992141561622194
0.0008460333989956628
0.0008529017105372245
0.0008736980343607786
0.0008785070720906555
0.0009566995821592915
0.0009542949489443
0.0009552983527511303
0.0009653134821356804
0.0010039244429934436
0.0010112277260507145
0.0010218886346699467
0.0010607652882583844
0.0010676929987482324
0.0011256931166803226
0.0011227649226384813
0.0011233601437192226
0.001168683551356781
0.0011685100879832095
0.0011725297021309192
0.0011945767556473046
0.0012027690225736938
0.0012650955157190065
0.0012650955157190065
0.0012679408660477966
0.0012770413744404756
0.0012883756004287326
0.0013274149508164922
0.0013308241585165154
0.0013463133454108796
0.0013635010402960376
0.0013735573517621104
0.0014131735318077536
0.0014297827739806015
0.0014390693124381516
0.0014404117029016101
0.0014503020155152138
0.001487795752740663
0.0014963147465573252
0.0015139149089239059
0.0015198832257197774
0.0015513308130724558
0.0015554752228126591
0.0015748652236879047
0.0015802343233043644
0.0016156482469789392
0.0016201919856798034
0.0016278178858305597
0.0016373978198071305
0.0016865864942253274
0.0016918056650042609
0.001692814484725785
0.0017059042373467888
0.0017102607032811782
0.0017581951905555708
0.0017634009137063571
0.0017935318328841875
0.0017935318328841875
0.0017979190185189256
0.0017997558017761666
0.0018388366516303883
0.0018411217857896298
0.001855982715761582
0.001877504021648528
0.0018944074536748762
0.0018975333095472425
0.001913574607321035
0.0019188730751003354
0.0019541163681150403
0.001957317573131434
0.0019939544778435495
0.0019939544778435495
0.001997161864487913
0.002012698245511817
0.00201787144025492
0.0020527587701790824
0.002055663154519288
0.0020610703387157767
0.0020946139104361557
0.002097433352793326
0.002103261403024598
0.002150411577567875
0.0021526099420888273
0.0021532586785420653
0.002190039560299137
0.0021935625680630866
0.0022078364852653244
0.0022082889128028256
0.0022501003762398345
0.0022501003762398345
0.0022485016556900066
0.00228916561788398
0.0022885957283511347
0.002290037157221419
0.0023246505670407487
0.0023246643455234386
0.0023267764325528816
0.002375261142439913
0.002375261142439913
0.002371318954275326
0.0024102671567407196
0.0024102671567407196
0.002409653873406472
0.002414445544125816
0.0024214408043470984
0.0024604924014397633
0.002461489755745344
0.002472641580355316
0.0025151339173011948
0.0025159886681825412
0.0025176548762859473
0.0025284323339074904
0.0025326817058936024
0.0025663607431783337
0.0025685427883587277
0.00257274813699314
0.00260576976775497
0.002608015898789171
0.002612035275808286
0.002645169233715798
0.0026474115012089937
0.002651349224313295
0.0027011734600341257
0.0027004234528236436
0.0027017587276799327
0.0027082207839605487
0.0027389464555020006
0.0027397621725458094
0.0027516715962315396
0.002757460907560364
0.0027632088031458056
0.002801638977555326
0.0028024776533861133
0.002812627860436113
0.0028151969744138403
0.00285403490721442
0.002855040581324743
0.00287740101595185
0.0028812679236478846
0.002881887580841496
0.002886757909787418
0.0029330319946558464
0.002932754965567675
0.002942928623466766
0.0029477884341357423
0.002995525266461052
0.002995525266461052
0.0029975241982939547
0.0030022905220262485
0.003034843597080119
0.0030368995413362254
0.00304076504621505
0.0030737074910227994
0.0030757791050963945
0.003079528178177225
0.0031124099583693123
0.0031144807702961743
0.003118176557441197
0.0031510275187531
0.0031530944411897748
0.0031567603095797466
0.0031895908790778257
0.0031916525248258817
0.003195298800223595
0.003230456162083556
0.003230825244452696
0.00323109129017329
0.0032802312819519034
0.003279358012529326
0.0032792339010120387
0.016765602549757518
0.02860911832515324
0.03555740005893095
0.038183759343968185
0.03971917987501801
0.04926226468988369
0.06434864875999821
0.07885406421616845
0.0923042038991729
0.09230507652293797
0.09487772246386392
0.11771744972658207
0.1322584542240398
0.13225924448892548
0.1460258090396649
0.1737876342104598
0.1890705485645911
0.21337085349062584
0.23599217258830868
0.2516975342145278
0.26643420793290096
0.2664402280617987
0.28127963517396953
0.29565180120428153
0.31397828990302973
0.32824843847583146
0.3553237992238636
0.3698325450706467
0.381796636860428
0.4072919544498859
0.4346994144592568
0.4635051026828575
0.46350540850937305
0.49182922602296464
0.5240548175653514
0.5541236007514562
0.5872215045389321
0.6598417073952373
0.6598417073952373
0.6888252879708747
0.7139669720306051
0.7427549341527905
0.7427549341527905
0.7491086051497663
0.7514540599850925
0.7523010955520703
0.748249324728928
0.737424388697149
0.7231080839304277
0.7108213540157158
0.7083027640344927
0.689357695415925
0.689357695415925
0.6803423886974671
0.6555846068785947
0.6367571679261372
0.6367571679261372
0.6152782986496277
0.591874024268172
0.567369679142154
0.5409448889437712
0.4868958210479337
0.4868958210479337
0.4624970025440838
0.43960949392578924
0.394225295424474
0.394225295424474
0.372745710124857
0.35374481725850176
0.32443830371176735
0.3244352631549052
0.31179932572022845
0.299021355557336
0.2723674962474771
0.2578284997618171
0.2578284997618171
0.24317261842460533
0.2290751508377166
0.2155505954200311
0.20350282028133596
0.19278165816457876
0.18352281968026507
0.17544598924204557
0.16840624261290954
0.1626186081909389
0.154095549371674
0.154095549371674
0.1513264570578266
0.14989264991497384
0.14989264991497384
0.14984595910013682
0.14526507953031315
0.13743851635438836
0.13322071203501093
0.13322071203501093
0.12639693455995307
0.11922152654868261
0.10248841328803705
0.09172715620282759
0.08106196172578636
0.07486571962826463
0.06809173432977027
0.03473477638097623
0.015438074406156518
-0.006269818989999514
-0.03021435681761871
-0.03021504646042057
-0.05539470674426999
-0.08179075748667088
-0.09708406209953559
-0.10103606459134051
-0.1000685845190708
-0.09686226616046895
-0.08897899632734932
-0.08598223978469673
-0.0801791705955509
-0.08061741143420538
-0.07560199260401361
-0.08059872891073651
-0.086959040897254
-0.1005397226179937
-0.1005397226179937
-0.11570690663367895
-0.11570690663367895
-0.11958018611318906
-0.1189588148117624
-0.13654463619566376
-0.10073745762475014
-0.08103585493443621
-0.051652994051190726
-0.015261663232400694
0.02469902927904366
0.06696518094816577
0.1102450759701616
0.19234022410682622
0.19623231830506682
0.22848006848278762
0.2592036544375142
0.30295555248273803
0.30295555248273803
0.31518138236942367
0.30835739501390225
0.2960534447089276
0.2960534447089276
0.28073348333282094
0.26430202303917766
0.24663845540224255
0.22812897855571745
0.20803160899329928
0.1862653769388281
0.12066347796634695
0.08306155558196918
0.0878617328802597
-0.003642788904106462
-0.05059705159534699
-0.05059705159534699
-0.09983639645742923
-0.14971323636362488
-0.19967715645803327
-0.24993476928921127
-0.3101484930877018
-0.37958134251208664
-0.4937714921504892
-0.4937714921504892
-0.52359878
-0.52359878
-0.52359878
-0.52359878
-0.52359878
-0.52359878
-0.52359878
-0.52359878
-0.52359878
-0.52359878
-0.52359878
-0.52359878
-0.52359878
-0.5232054200569392
-0.5067250198859904
-0.4908879961894829
-0.4908879961894829
-0.47653963125353954
-0.46107467028451465
-0.44371075194292264
-0.42694149049990626
-0.4022185341700594
-0.4022185341700594
-0.39020318103561746
-0.3919015408636517
-0.40016472949653764
-0.40016472949653764
-0.4157982364566349
-0.43992538788912333
-0.4725161257780603
-0.5131133613616259
-0.52359878
-0.52359878
-0.52359878
-0.52359878
-0.52359878
-0.52359878
-0.52359878
-0.52359878
-0.52359878
-0.52359878
-0.52359878
-0.52359878
-0.52359878
-0.52359878
-0.52359878
-0.52359878
-0.52359878
-0.52359878
-0.52359878
-0.52359878
-0.52359878
-0.52359878
-0.52359878
-0.52359878
-0.52359878
-0.52359878
-0.52359878
-0.52359878
-0.52359878
-0.52359878
-0.52359878
-0.52359878
-0.52359878
-0.52359878
-0.52359878
-0.52359878
-0.52359878
-0.52359878
-0.5197329770026009
-0.5197329770026009
-0.4962579535566203
-0.4701029539981202
-0.4457706811415231
-0.4267255771065525
-0.410333515747656
-0.39659156423953335
-0.3672466438145369
-0.3574173818339957
-0.3574173818339957
-0.35500274525740716
-0.3695706648937223
-0.37537017602611894
-0.3714372158715645
-0.36661427446992256
-0.3666060405570045
-0.3550727590602961
-0.33759055791046455
-0.3162217209480653
-0.27573837047983973
-0.27573837047983973
-0.24998019755166886
-0.1690145065515753
-0.16126010307154406
-0.09370689802161225
-0.048565543408425844
0.11946558979072538
0.19867872138036644
0.2067391573327513
0.32183695335155577
0.32183695335155577
0.388314134335651
0.3918813882160819
0.42630718692958913
0.44308148471107667
0.45089081708593554
0.45089081708593554
0.4606559930100594
0.48603259370979834
0.5170880886024232
0.5398723763307688
0.5398723763307688
0.5436906997227473
0.5554581630611397
0.5529368708105646
0.5356641801585941
0.5356641801585941
0.5332199634407243
0.5362498872946321
0.5415811409708119
0.5415610951047545
0.5378326479764853
0.5234782051186626
0.5177396391982475
0.5035590048934276
0.4782287968871719
0.47166862021571754
0.4677609157631399
0.4714306481821424
0.47006572728530227
0.47499321295087904
0.47499321295087904
0.47466871242707814
0.47289893002829814
0.4696959877944647
0.46557227772071036
0.4609275176666881
0.45614981020208245
0.45032838616444903
0.4409329265295057
0.43550282033351967
0.43550282033351967
0.430051626456727
0.42454638445909665
0.4183182880003485
0.4047657688394924
0.4047657688394924
0.3978193470858617
0.39156125376739553
0.38196366942014115
0.3744849859863727
0.3689294988747245
0.36381456727068234
0.3593045525302966
0.3543894589382363
0.355851343780826
0.3491117355946875
0.34504695340737884
0.34092600271161483
0.33981720654465775
0.336473846856516
0.34652739585584114
0.34652739585584114
0.3633196562153363
0.3804731585715349
0.4130251429731949
0.4248842430067469
0.4366401112189059
0.44563327890086035
0.4478662794141561
0.4506196145759929
0.4498352318384431
0.4498352318384431
0.4247078417635439
0.4077330667750768
0.4008649374930091
0.38163783931684786
0.3533035674078824
0.3533035674078824
0.32818341689853214
0.30964056034119347
0.29610571256174134
0.2855901574323491
0.26411883620137183
0.2529888306499841
0.2273354418687635
0.20788463854590547
0.18614035728689915
0.17557610011461927
0.1617175185273343
0.1046272057456311
0.1046272057456311
0.07521228061688374
0.05857022791380924
0.027038253142998434
-0.0027251597323856036
0.008018875933666335
-0.025734035157431143
-0.014882875399575139
-0.014895931350730444
-0.0358863807628299
-0.0358863807628299
-0.04630452500453002
-0.047001819957032405
-0.09286753262154829
-0.0862409021103303
-0.10912012090876595
-0.10912012090876595
-0.16251391073163057
-0.16251391073163057
-0.19393379278224546
-0.23855575780661845
-0.295597247422111
-0.3272262730959179
-0.3272262730959179
-0.3571262397413728
-0.422124158670381
-0.45994719542171447
-0.5018615761433055
-0.52359878
-0.52359878
-0.52359878
-0.52359878
-0.52359878
-0.52359878
-0.52359878
-0.52359878
-0.52359878
-0.52359878
-0.52359878
-0.52359878
-0.52359878
-0.52359878
-0.52359878
-0.52359878
-0.52359878
-0.52359878
-0.52359878
-0.52359878
-0.52359878
-0.52359878
-0.4574455646271755
-0.38045924346753224
-0.3674122996583471
-0.28776864234243926
-0.13394537451526514
-0.13418537132942762
-0.04824822487296166
0.03519811318856881
0.11547878286993579
0.1927394870144391
0.2714596349127891
0.4177345946894812
0.4911982236611902
0.4911982236611902
0.6316993960078058
0.6816771658633572
0.7562558391070507
0.7562558391070507
0.8681298490561111
0.8681298490561111
0.9186541225756416
1.0047546821336821
1.0390229179534547
1.0601587670039674
1.0601587670039674
1.0882797519293654
1.1155754364360075
1.1661749817156144
1.1661749817156144
1.1888577405634604
1.2095296135843505
1.2288872129132131
1.2641388683516868
1.2815630823345932
1.285479710566265
1.3018705955057275
1.314486486985864
1.3226012544222352
1.3366235631036487
1.3271631900472411
1.3240170911522997
1.322381032295287
1.288822506724346
1.288822506724346
1.2682342153537822
1.2129034100055596
1.178728513466544
1.139862582641869
1.0981209609432045
1.0981209609432045
1.0492642299901083
0.9962151175469302
0.9389748030328504
0.8793823040414105
0.8177325066641349
0.7547861780842624
0.6775676406367609
0.6201302691273011
0.533554227420276
0.39816634492941777
0.31807754510159014
0.22833459534726364
0.22833459534726364
0.14110851669840374
0.05178513642057599
-0.10885356115995219
-0.13258882828875618
-0.2262057616574969
-0.41595788048483073
-0.5086732745920466
-0.5086732745920466
-0.52359878
-0.52359878
-0.52359878
-0.52359878
-0.52359878
-0.52359878
-0.52359878
-0.52359878
-0.52359878
-0.52359878
-0.52359878
-0.52359878
-0.52359878
-0.52359878
-0.52359878
-0.52359878
-0.52359878
-0.52359878
-0.52359878
-0.52359878
-0.52359878
-0.52359878
-0.52359878
-0.52359878
-0.52359878
-0.52359878
-0.52359878
-0.52359878
-0.52359878
-0.52359878
-0.52359878
-0.52359878
-0.52359878
-0.52359878
-0.4032370396183902
-0.37228614453030884
-0.2721456145093676
-0.17304900988404887
-0.0752506801384016
0.021751051719371074
0.11719626243188155
0.21154509302748714
0.39719126434103835
0.4865566697995659
0.4865566697995659
0.6526317675263333
0.6526317675263333
0.7970073553392382
0.7970073553392382
0.8613755208398451
0.9222195704121423
0.9802343245777733
1.0359036383534697
1.0882831222688913
1.1825154896009884
1.1996882908807196
1.264972123457432
1.2658321314489922
1.3046748300770006
1.342165282095053
1.410807548874159
1.4408198899941465
1.4667704587819845
1.4872157780760478
1.5025935168641442
1.515874359534728
1.5087134856003808
1.5087134856003808
1.5015645349276527
1.487823605013545
1.4675449191401668
1.4414694847335063
1.4092251133522862
1.3708342019360666
1.3286230547262856
1.2293465320948924
1.1722214307733438
1.1103410767964685
1.1103410767964685
1.0428274279603806
0.9701717092003472
0.80648683974711
0.80648683974711
0.6411513695658437
0.5943812102067666
0.4390247529604499
0.299891001366132
0.299891001366132
0.06428386760194753
-0.01991801787159879
-0.18084019465772147
-0.18084019465772147
-0.3858992670199057
-0.52359878
-0.52359878
-0.52359878
-0.52359878
-0.52359878
-0.52359878
-0.52359878
-0.52359878
-0.52359878
-0.52359878
-0.52359878
-0.52359878
-0.52359878
-0.52359878
-0.52359878
-0.52359878
-0.52359878
-0.52359878
-0.52359878
-0.52359878
-0.52359878
-0.52359878
-0.52359878
-0.52359878
-0.52359878
-0.52359878
-0.52359878
-0.44168197990812597
-0.36153885146610776
-0.3251448373699281
-0.1894711785155901
0.008692364726285855
0.008692364726285855
0.21503011805386676
0.21503011805386676
0.41007014983897727
0.5067990606166523
0.524100545868634
0.599038540387673
0.6862274770738435
0.7664932234383744
0.8386751977259324
0.9027880275894224
0.963646525166521
1.0242083094114138
1.138945402352039
1.138945402352039
1.224592554433799
1.224592554433799
1.272689738383189
1.3172820299383574
1.3172866156245495
1.346468810654613
1.403078962390546
1.425838245909526
1.441394422512045
1.4490127107432411
1.4559023946087803
1.439159841900163
1.4220119344178397
1.4220119344178397
1.3692107786825047
1.3692107786825047
1.2898757186321839
1.2898757186321839
1.2373617786350948
1.1077416567184861
1.0305062612570919
1.0305062612570919
0.850563715654064
0.850563715654064
0.6361998691418717
0.5153849014715827
0.3863225086973913
0.25113941230673725
0.11054274733722796
0.11054274733722796
-0.17002302389590757
-0.17002302389590757
-0.29931080284464345
-0.52359878
-0.52359878
-0.52359878
-0.52359878
-0.52359878
-0.52359878
-0.52359878
-0.52359878
-0.52359878
-0.52359878
-0.52359878
-0.52359878
-0.52359878
-0.52359878
-0.52359878
-0.52359878
-0.52359878
-0.52359878
-0.52359878
-0.52359878
-0.52359878
-0.52359878
-0.52359878
-0.52359878
-0.52359878
-0.52359878
-0.3984309989308508
-0.3250186054112943
-0.29925524396258585
-0.20715888855770187
-0.06018217353584461
0.030364693970521252
0.046637277650900914
0.10274974782827054
0.2400823142129221
0.30160285462414443
0.31616704928408845
0.40457541505250505
0.44575762549118497
0.44575762549118497
0.5176254052610099
0.5498220721742121
0.5803354327324521
0.5803354327324521
0.6087993436315007
0.6344397408539403
0.6573257883627933
0.6932566396455715
0.7061447837194466
0.7166423596504232
0.725251605591416
0.7307229984771773
0.7327795033961698
0.739707554880714
0.752000771242212
0.7561960115976849
0.7576668014028956
0.7576668014028956
0.7564148745641023
0.7523855643224954
0.7462762531998692
0.7365769322531962
0.7269645635538983
0.7180847891135917
0.6936657376122912
0.6936657376122912
0.6626635259381568
0.6626635259381568
0.6309137358410017
0.6309137358410017
0.6153849669586461
0.5987652559690815
0.5801177908188404
0.5607219704503065
0.5402573125324047
0.5202133993782303
0.47889180287000127
0.4568480528797116
0.4323177596421498
0.4061095838631226
0.4061095838631226
0.378768167975052
0.35053339181556054
0.3221052895336571
0.29278796790431316
0.26251300638978114
0.20572370791120873
0.20572370791120873
0.19544044781787678
0.2172122108354639
0.2045822670189428
0.22292686567440362
0.22292686567440362
0.23523319024478104
0.25112415975034835
0.2685244351119434
0.27968092957223945
0.27885044879501586
0.2656113551604537
0.24942600111602628
0.24942600111602628
0.2637972044089982
0.27924976534752755
0.2946188805840548
0.31084226508708207
0.3265695100594314
0.33645130437279364
0.3464891066206771
0.3577939954983228
0.35565659543815087
0.34144040779525525
0.3260979349951947
0.3123400577808301
0.3123400577808301
0.2932702309134395
0.2932702309134395
0.2827887803533732
0.27946131121772616
0.2769317961220804
0.27751644270335374
0.2770035564563307
0.27819431826390406
0.2837246025558774
0.28817304134446237
0.29385644598838445
0.2938574620131874
0.3010962746055812
0.30940723377029916
0.3252502839503442
0.3296446048912082
0.3341929336520366
0.33653376231760185
0.33653376231760185
0.3393786057175887
0.34067895243290697
0.34100471187830017
0.3417641006556705
0.3426796275351859
0.3439107905710654
0.3449790781094513
0.3448892528212123
0.34594751991780065
0.34529165113668747
0.34164806215961707
0.3388936135935509
0.3345705866895058
0.32831253156565154
0.3121113710694512
0.3043305554276696
0.29654411589214896
0.2965464432361631
0.2897171362026318
0.28328493565139035
0.2771389484808068
0.27097192369350276
0.26499735263863683
0.25147495693032823
0.2455472395299587
0.24554690288458014
0.23630497614544665
0.23270664851038173
0.2297703662289601
0.2290825233016393
0.2252343336332326
0.21922858830778144
0.21922803759297288
0.21479508453244206
0.20701955315908135
0.2018493039363232
0.2018493039363232
0.1970773976888733
0.18846747066441102
0.18846370748565416
0.18396561806054154
0.17962178061542297
0.1723368138781924
0.1683456027217271
0.1683473347759019
0.16411162848300698
0.15945330691017803
0.1548478331906757
0.15079576898669625
0.14855571556644007
0.14448257162422562
0.14448257162422562
0.14270738581858392
0.14190465958551698
0.14150024610417142
0.1411220544925308
0.14032631885140434
0.139565358263108
0.13878744607237745
0.1372969569262286
0.13481226710346622
0.13135588017783273
0.1270101817192192
0.12100205039040454
0.11271843069180183
0.10646069257380147
0.10261833859175466
0.0991080325285729
0.0991080325285729
0.09538955906934059
0.08737808337943191
0.08737808337943191
0.08566233844004588
0.08003637172837025
0.08003637172837025
0.07652041797774804
0.06940125996125111
0.06332656487928495
0.06176460530980654
0.05681045711682501
0.05442408225842875
0.05442408225842875
0.05285593892265623
0.04962050167206734
0.04962050167206734
0.047437164084711866
0.0450313873574294
0.04219303909452656
0.04027026573080406
0.036590864665548686
0.0322521212323801
0.02742276017170738
0.02229288400602312
0.016562405021984923
6.862886482015321e-05
-0.007694629380389622
-0.007688231624072735
-0.025233854191527155
-0.03440605308187545
-0.034070444615391285
-0.0427509556436687
-0.05389560413639645
-0.060483801737715934
-0.06941002421643586
-0.07923985706761781
-0.09014512633185078
-0.10207732679345642
-0.1151858163815289
-0.1487707685418331
-0.17090823150427942
-0.19572754899896883
-0.22106005364540446
-0.22106005364540446
-0.26705207489970945
-0.2888845299151494
-0.31045154888900134
-0.3313831762066178
-0.3313831762066178
-0.3749529922943823
-0.3749529922943823
-0.3982807458823385
-0.42079063122865085
-0.4409763586410781
-0.45770773009635835
-0.4726200543367408
-0.4888652420790128
-0.5103478851461477
-0.52359878
-0.52359878
-0.52359878
-0.52359878
-0.52359878
-0.52359878
-0.52359878
-0.52359878
-0.52359878
-0.52359878
-0.52359878
-0.52359878
-0.52359878
-0.52359878
-0.52359878
-0.52359878
-0.52359878
-0.52359878
-0.52359878
-0.52359878
-0.52359878
-0.52359878
-0.52359878
-0.52359878
-0.52359878
-0.52359878
-0.52359878
-0.52359878
-0.52359878
-0.52359878
-0.52359878
-0.52359878
-0.52359878
-0.52359878
-0.52359878
-0.52359878
-0.52359878
-0.52359878
-0.5228988230159497
-0.49280320999876637
-0.49280320999876637
-0.4238698650496007
-0.42882394306052585
-0.394758142860301
-0.32798798774789495
-0.32798798774789495
-0.29714588881483206
-0.2655224504535058
-0.2335796006280101
-0.20006314196221509
-0.13111261303719937
-0.13111261303719937
-0.09698756642855781
-0.03172466915650414
-0.002120548541634676
0.025259494720120994
0.03096773150661208
0.051274093163728794
0.08520169567249664
0.10256746502275009
0.15005592245829927
0.15005592245829927
0.17504166206466668
0.206982594318621
0.2232466731920034
0.23892101354696232
0.25814868731353796
0.2901111286035675
0.2901111286035675
0.35649649571371106
0.3822627420719387
0.3424463418894665
0.3424463418894665
0.3438422730628984
0.3556646293387519
0.38530579288592665
0.4134272982681351
0.4170104828605653
0.4547004211653648
0.46633667691203917
0.47589689495394605
0.47589689495394605
0.4818067837054084
0.48606148459451687
0.48913599585468837
0.4906591988484059
0.4916391614948939
0.493165211857384
0.49220273486098315
0.4978252794202258
0.49917945577017514
0.49899161499132577
0.4963125439530104
0.49343134654179904
0.48885936664571933
0.483764290833539
0.483764290833539
0.47504900385721915
0.47228324022806345
0.473564312448333
0.47338051434132905
0.47338051434132905
0.4714823496628918
0.468357242712441
0.46291091183555494
0.45631217073977126
0.45631217073977126
0.4483175118502942
0.43949631300638053
0.42839545635993237
0.4173303078275168
0.4074283792215408
0.3979181155416739
0.38753145430795166
0.3761051250926108
0.3647621528618986
0.3542071607139155
0.34180685780346415
0.332208083710684
0.31862309561225755
0.31862309561225755
0.30968142325195824
0.30719725769974193
0.3045342096922186
0.3014126723451994
0.3014150401334458
0.2972303891290947
0.2869348392580208
0.2812304580659482
0.2812303407201845
0.27511449458675136
0.26195324549596083
0.25564785909408405
0.2556486854298907
0.2435306567861909
0.2374001400832846
0.23100907849722538
0.22584782232015277
0.225847754854181
0.22145755925947644
0.2136520970204423
0.2136520970204423
0.20988206768212608
0.2006458912133118
0.19457654828123086
0.1945766287261151
0.18181746625069736
0.17663158978526208
0.17663158978526208
0.17126206678010122
0.1706535328435178
0.16875113586815008
0.167217380856408
0.16345441188520246
0.16133176126098897
0.15971817892360346
0.15970760671740822
0.1577788545263204
0.155437150727483
0.15438287946227877
0.15329544170730222
0.15198445739473526
0.15196419835842873
0.15146450760774718
0.15025042273455758
0.1488718397678068
0.14886228476039223
0.14404201929238064
0.14190015890804553
0.14190015890804553
0.1413393641117836
0.14414079209715186
0.1477016126411499
0.1477016984420723
0.14807342375938232
0.14840172181406858
0.1479641494369943
0.1479641494369943
0.14584117194390617
0.14300735899317507
0.14300735899317507
0.13907971018704451
0.13907971018704451
0.13572205230468046
0.13370381412818202
0.13128128113245893
0.13128128113245893
0.12874347183028392
0.12572405335515283
0.12317966847302084
0.1217025026785241
0.12335217246012355
0.12335217246012355
0.1268442760042064
0.13105116066885475
0.14009727465729743
0.14451764896463262
0.14675768341307055
0.14675768341307055
0.14526879998070513
0.1443596333130119
0.14387857944072446
0.14387857944072446
0.1438259093299061
0.1458304441511155
0.1471346291289394
0.14904665617876828
0.1526346075811374
0.1526346075811374
0.15679322850031238
0.15939993977267294
0.15939993977267294
0.16551013021956468
0.17030166157567575
0.17488952726258936
0.17488758955346465
0.18559936756642043
0.19142005611203664
0.19142005611203664
0.1965677223268896
0.20264887687595978
0.20264887687595978
0.21098138352113063
0.21238274807829474
0.21275693311739166
0.212873485942953
0.2151084773353615
0.21563692548374389
0.21563692548374389
0.2159998308737833
0.21836086513501038
0.22112931047759876
0.2223881273549088
0.22411091606200018
0.22757808649830247
0.23045827643454753
0.2304627822679466
0.22828339260839448
0.2250068516308649
0.2250068516308649
0.2160251755959436
0.21090862019289108
0.21090862019289108
0.20046548818329266
0.20046548818329266
0.19619054564688315
0.18855715593045588
0.1875607848714718
0.18758399254207195
0.18758399254207195
0.18675118190018372
0.18159562204760782
0.17987887413316475
0.17723534891885653
0.17104547499946793
0.15839005408450146
0.15839236300176793
0.13944564301101864
0.12630600920976617
0.12630600920976617
0.1041473975722587
0.10283387889629897
0.10283058390341185
0.09867554917454704
0.09595541714886734
0.08979681794674924
0.08356966685128746
0.07773172850989704
0.07406432945075188
0.0722218556028057
0.0722218556028057
0.07115928362461682
0.06704633766520092
0.06436793388981364
0.06436793388981364
0.06140418987034086
0.05843809043812308
0.057173692322182106
0.058226901789637714
0.058226901789637714
0.059113928853532324
0.06083499450550914
0.06343362638562976
0.0668222204383006
0.07072305804287556
0.08035466586408087
0.08572861373768086
0.09114795195101029
0.09532609442478879
0.10051550589907025
0.10051550589907025
0.0984223387449942
0.0984223387449942
0.09792530278249166
0.10014303001074361
0.10471543830787165
0.10880631799144458
0.11115094100967403
0.11287484240040235
0.11339701220760948
0.11274340490527772
0.11220049349049946
0.11191836153069712
0.1137379223480112
0.11937287193213843
0.1252739972980333
0.12974836471854723
0.131722276407826
0.1314233348000022
0.1316727814060921
0.1323351297327703
0.13233886509858103
0.13369485984591292
0.13623297049893193
0.13539768521547604
0.13314083274197352
0.1316979870836298
0.13157138814185693
0.13125208301389443
0.13382094907408393
0.13356625567937924
0.14133382955613036
0.14133382955613036
0.1414278836673318
0.14193166246914113
0.14538805869078875
0.15234661820193884
0.15682585631905094
0.15682583851978604
0.156214693243312
0.15365000391826808
0.1496927572991431
0.1496927572991431
0.14247826104821917
0.140484228672124
0.140484228672124
0.1424267823714298
0.14312670091487914
0.14312670091487914
0.14565878070033422
0.146209931669849
0.1475225803025012
0.14886274016260748
0.15037428668732933
0.15157868659777274
0.15157868919653927
0.15214441671077578
0.15175982046836928
0.14937580512436155
0.14390274579951406
0.12995015298903032
0.12502792053040454
0.12062893519879464
0.11517014978070196
0.1076883148803721
0.1076883148803721
0.09844032822215774
0.07977083806895371
0.07182939452053617
0.06453983299993953
0.05751050317013193
0.05109044681982239
0.04589487195087888
0.041934905668555546
0.041934905668555546
0.04325247248327676
0.04325247248327676
0.048666093231161875
0.05618439844067936
0.0642333038013313
0.07333588133597413
0.08254484457994699
0.0908350700859254
0.09781433128348649
0.10364654401261092
0.10941314004540895
0.11480615035230646
0.12645514161545487
0.1335273381275122
0.1411965420658245
0.14778474739685757
0.1477851494486975
0.15658373840759346
0.16136358166725417
0.16549335781870272
0.16549335781870272
0.1714204867314009
0.17301503177881583
0.1740441224013452
0.1744869683411197
0.1741064500220808
0.17345983317834596
0.1734558238135299
0.17146875302834097
0.16994987822551116
0.1699457995239903
0.1666817968250135
0.1651120385707419
0.16339928189046496
0.16215100391475662
0.1620159975790899
0.1580532803139061
0.15805176365319018
0.15628798684807393
0.15429546662351742
0.15226986766573491
0.14496587324902427
0.14096100548632717
0.1370869673596452
0.13280118666016327
0.13280230260861223
0.12908328665380203
0.12543052976158545
0.12254488534166974
0.11659540040117138
0.11417963325593374
0.11147227697375221
0.11147300231442181
0.10859292493765889
0.1059949941776732
0.10136953320495132
0.10046004079024856
0.09831954677170471
0.09761629235103611
0.09620879665414889
0.09620879665414889
0.0943981284761335
0.09268403698330747
0.08900894066320263
0.08737955331397879
0.08738044893049338
0.08169186067141052
0.08169186067141052
0.07578709309436932
0.07385714600350056
0.07385595480343013
0.07149697059972039
0.06872209963992551
0.06332997270386825
0.0633341380014699
0.05637182761332006
0.053331755015450476
0.05027405754272525
0.050279250941408095
0.04857262271425299
0.046271866014967265
0.044135831050266916
0.041618713479970745
0.03979168524338162
0.03979247500176542
0.03731551794157888
0.03627801913040428
0.03627801913040428
0.034390003751199584
0.03285691010213013
0.03297368449566482
0.0324896487568976
0.03249704613693318
0.031793510367393446
0.02972675691125148
0.029286080754317625
0.029530869607628903
0.030394907197613834
0.030391297042132833
0.032389463814113735
0.033930967679902474
0.03353491509376615
0.034156070703294746
0.034859161073144206
0.03612427873449136
0.03351739870393327
0.034563260162014685
0.03456438337980613
0.03570269793700759
0.03332386660619583
0.03438260298456209
0.03585474697885107
0.03364678667614153
0.03364678667614153
0.033542936153241665
0.033832239685432294
0.033832239685432294
0.034591567517250225
0.03977104463297832
0.03977104463297832
0.041482628938007984
0.04151057096693594
0.043380134309768316
0.04256759274749505
0.04766379873960165
0.05114162170065716
0.05252523497679371
0.05738722077521119
0.05875628288517686
0.06159843479273769
0.06085055988213493
0.06095402418352609
0.060956752274045255
0.06126559676616424
0.061077834352556176
0.06422428037894719
0.06567460719456153
0.06691512813391025
0.06692992125812929
0.06898975363600009
0.07720749608218348
0.07720749608218348
0.0851740136004377
0.09462379803140372
0.09271483779297615
0.10957266682964335
0.10957156812631454
0.11366306249282651
0.11011777163549462
0.11308117734727326
0.0915155299880866
0.09250140861574388
0.08362574059485291
0.06812327621416504
0.036693461445494194
0.03669316627582983
0.023724952350739428
0.006232236346279029
-0.014332360742240932
-0.05492702809443713
-0.05492702809443713
-0.07661011145611242
-0.12409370154208416
-0.14759447109618284
-0.14104495604010325
-0.195550746436621
-0.2191550321957785
-0.24120647757472022
-0.26072648269782345
-0.27676954656244285
-0.2785823652366792
-0.3098025344011491
-0.32388495338049345
-0.3246620640487761
-0.3246620640487761
-0.340803904725256
-0.3665921787747869
-0.3665892108413997
-0.3624701809456972
-0.3465153763703117
-0.32438385442364326
-0.3209743641618838
-0.3336663481705479
-0.3244945982126585
-0.3244945982126585
-0.30931212784179885
-0.2962260810876798
-0.26348803115307373
-0.23480735754043056
-0.23480735754043056
-0.20844410488420984
-0.18382968709238234
-0.16064280545155435
-0.14015238742536443
-0.12301329546453185
-0.10579317180770659
-0.08705264256519486
-0.04693347457348298
-0.03595566781163522
-0.0158022434448757
-0.0034290040772294236
-0.0034290040772294236
0.0076574452350433985
0.01613591923993384
0.026444990443702736
0.03314778767302205
0.042084197829009844
0.05001121250805322
0.05929642127049464
0.07478013674358426
0.08018118383387034
0.08106778298152778
0.08727370649840789
0.09710524474864593
0.09710524474864593
0.10771165453766517
0.10771135220066963
0.11276653407098894
0.12117917190898551
0.12577771652017183
0.12577771652017183
0.13008185405838818
0.13316853543568147
0.13608186120155744
0.13722751045992604
0.13900966127914446
0.14149793727717003
0.14435574641495352
0.14816197857765412
0.14816197857765412
0.15297796118792803
0.15730512200654426
0.15959370571965345
0.1614645071917254
0.16290285358442697
0.1627174254426521
0.16142217809055254
0.16632398972600343
0.16898528362930065
0.171543716009217
0.17357540227972904
0.17582899388265424
0.17582899388265424
0.1772493682425336
0.1772493682425336
0.17641133034338527
0.17461470670686977
0.17033150600657299
0.1678502919126964
0.16794472623028173
0.16185684274190193
0.15756463513988053
0.15303222887396323
0.14835579863025014
0.14834785395079525
0.14400425130887926
0.1356784528320836
0.13056861203546852
0.13054327574944458
0.1254110717695179
0.11352343416263061
0.11352656923873324
0.10728585839753534
0.09702822694681594
0.09482377865142182
0.09166337019581966
0.08679878954800975
0.07526499233809968
0.06967647151785925
0.06280614455912549
0.06282572873722712
0.050410486216932074
0.04482002671417006
0.044819762114199295
0.034184618523370236
0.030835376320040686
0.023944785759088878
0.021123918062491694
0.014586700006219366
0.011657979184610144
0.010069557635989759
0.006221901866673384
0.00024952382876966615
0.00024952382876966615
-0.0035624806164110193
-0.004989736649554112
-0.007763052445537315
-0.016776573125408797
-0.018138484589345808
-0.021397169072707358
-0.024729653101490834
-0.028138797547999025
-0.03161002815626747
-0.03545887674150022
-0.03979041336948598
-0.04469513438790782
-0.057274770958479
-0.06238311998508443
-0.0696495019592312
-0.06979259139782161
-0.07817036583089554
-0.09184335093784553
-0.09456076475550487
-0.09456076475550487
-0.10583459617759386
-0.10583608439931548
-0.12118838345962585
-0.1153438753351462
-0.11944471022601032
-0.11944344233668708
-0.12919142390992386
-0.1331431296796757
-0.14976154405968709
-0.1459689039050901
-0.14593824785459655
-0.16903755848307747
-0.16072714602000357
-0.1618349676157195
-0.16197081162290608
-0.16109068991460285
-0.1593072031823804
-0.15930983103945126
-0.16643039290711864
-0.1675597836034363
-0.1675597836034363
-0.16391827223796776
-0.1591408393906401
-0.1521150156272844
-0.13846643284922627
-0.13846643284922627
-0.13723355614706906
-0.13555282268197916
-0.14539189401243613
-0.16723162040407374
-0.18828067594254663
-0.18828423803167554
-0.20509574377145862
-0.22823842139465073
-0.24595971188309865
-0.2709269169524291
-0.2952471674899775
-0.3167591974508371
-0.340001311637795
-0.38475228874426587
-0.4066288843321107
-0.4285310067544891
-0.4505815071084951
-0.4733359390307858
-0.4972035194951424
-0.5220532072903447
-0.52359878
-0.52359878
-0.52359878
-0.52359878
-0.52359878
-0.52359878
-0.52359878
-0.52359878
-0.52359878
-0.52359878
-0.52359878
-0.52359878
-0.52359878
-0.52359878
-0.52359878
-0.52359878
-0.52359878
-0.5140107048989706
-0.5140107048989706
-0.46669295728970883
-0.43222642800765865
-0.4074225725708427
-0.37644703122733963
-0.334055771428002
-0.2861340007026897
-0.2592131012065449
-0.22530577286186357
-0.1798407630760404
-0.1275660631910598
-0.07584183048091767
-0.02267988863907138
0.028961356113544726
0.08319048094942276
0.14047930587041124
0.19665328769298213
0.2535052227578634
0.3107099413808614
0.3644933854457345
0.413484777121083
0.45904435091319373
0.5468907065995156
0.5882236691527571
0.6270451204860095
0.6270451204860095
0.6669084081435712
0.7149246644976781
0.7619136298860832
0.8096385099736223
0.8546406420459565
0.8918963008342885
0.943539075859705
0.943539075859705
0.9590745934424659
0.9851061811922398
0.9851061811922398
1.0073038670508652
1.0142364382101339
1.0142364382101339
1.0299131981488316
1.0386583910767668
1.0386583910767668
1.0564355619294326
1.05464346324998
1.0488848785768496
1.0461390660220438
1.0607464787209542
1.078720885893927
1.1072026785888875
1.1243152404616383
1.1243152404616383
1.1346519119102276
1.1480421766476654
1.136120782326425
1.1597726266357014
1.0983627960043614
1.0983627960043614
0.9904801932874354
0.9405913549379928
0.9405913549379928
0.8895748726990197
0.7765775313774876
0.7765775313774876
0.7163580296778023
0.5785002106646223
0.500449787953422
0.41542382505884273
0.41542382505884273
0.23337930425247297
0.2123553900470477
0.12406523097022416
-0.027459190141513982
-0.09900090225797673
-0.16784885064249694
-0.16784885064249694
-0.2366207755777931
-0.29820407001613514
-0.41271554880546946
-0.41271554880546946
-0.46483106321807116
-0.4632911431907522
-0.52359878
-0.52359878
-0.52359878
-0.52359878
-0.52359878
-0.52359878
-0.52359878
-0.52359878
-0.47472395246726046
-0.46145196022833584
-0.3758080038914702
-0.32388346994184686
-0.27649410223615734
-0.25609173286940506
-0.21276302622319052
-0.17008099896536713
-0.10731930851458335
-0.013459914930629308
0.03148465441257772
0.1273512126613455
0.23236701187440664
0.3129320193527647
0.3758633498825296
0.3758633498825296
0.4978948145227861
0.5465437552656528
0.6158327706966791
0.6683947333860427
0.6683947333860427
0.7563982273761235
0.7563982273761235
0.8271899686110932
0.8271899686110932
0.8988864476747912
0.9002599111918422
0.9002600793492227
0.9204770692117169
0.9377597821224872
0.9661037432708915
0.9913324626466005
1.0152841280733456
1.0474950030430146
1.0474981127694372
1.0732029581965408
1.0921066744655137
1.1138223236478204
1.1331005954139393
1.1488381202097608
1.1520450691752175
1.146903653626939
1.1361511696412605
1.0933888614701492
1.0262616067447092
0.9242038478064973
0.9242038478064973
0.8458336510400309
0.7641535728816956
0.7177696918883966
0.6594145611693153
0.6367672615079852
0.5071045669141521
0.42158929083778435
0.42158929083778435
0.33075140047178625
0.2358034897411544
0.05690513172631006
0.0569042777198641
-0.009558508386660416
-0.09207935528790764
-0.2333485826131869
-0.2333485826131869
-0.31540321018274986
-0.39032031792611
-0.405658827931212
-0.454492021340194
-0.48033108673445163
-0.44000659239097856
-0.41372311753500973
-0.4066906074143397
-0.41308812694331876
-0.4137372946360663
-0.41373703913168114
-0.44085589966735667
-0.4757223308933
-0.4385467248260816
-0.376263193753614
-0.28948535899319244
-0.22415541096185299
-0.18327165443714555
-0.1303373779801934
-0.1303373779801934
-0.09525755590575914
-0.04868815067762485
-0.03306099952062333
0.028721296199383226
0.1592663391763626
0.27615120681986266
0.35173498836006806
0.41472044997972585
0.4756305175173839
0.5312798064605686
0.5907663645845107
0.713733137471713
0.7610313832800102
0.7681456842070818
0.7990409780247869
0.8365443960894547
0.870186783975934
0.9004371335732012
0.9236630023145939
0.9532085038320722
0.9852313096626502
1.033707182744249
1.0605166455915505
1.0903708052093877
1.0989047730606347
1.173477995934685
1.189866351902999
1.189866351902999
1.2086429736187727
1.2240226699815488
1.2354110546073662
1.233295496366805
1.229867481245467
1.2195395467088033
1.194722079796539
1.1327875975635617
1.0592926025468712
0.9729478095078316
0.8798558223911714
0.706966755707189
0.6684045931961494
0.6322780648244108
0.6322780648244108
0.5747662217425744
0.4856108798582111
0.42002996801070136
0.3323586056364914
0.23753644105527708
0.1258386086166877
0.038801358626038486
-0.0478145542419807
-0.1293889336113326
-0.21142767605043677
-0.37510388504835657
-0.37510388504835657
-0.5059493695452693
-0.5059493695452693
-0.52359878
-0.52359878
-0.52359878
-0.52359878
-0.47844530840374555
-0.47324398168774734
-0.5058346938221698
-0.5058340843035057
-0.52359878
-0.52359878
-0.4440367709945464
-0.3431150300247991
-0.2853051534718225
-0.3175034233662499
-0.23869676290290817
-0.23869676290290817
-0.1718881203020122
-0.10840334176756003
-0.10840334176756003
-0.08619179573670847
0.17234857866299125
0.1962759145522291
0.2621144691831909
0.3269271312475233
0.38658917469590837
0.4451552849336086
0.5738568774415438
0.5738568774415438
0.6248467099138373
0.6688277809467555
0.7224123005236772
0.7492789007442605
0.7776689722865361
0.7992720816511355
0.819080321270731
0.8327201851817438
0.8327190675140758
0.8287970511018228
0.8616713784035097
0.8922941792559559
0.9303509430825007
0.9717800201826845
0.9717800201826845
1.0409077776712634
1.055878992443091
1.0633628717738501
1.1005125907479207
1.0965706902790862
1.0869557455503325
1.0826948096064144
1.0826948096064144
1.0040919896748017
0.901741560853202
0.901741560853202
0.6320644953747135
0.6320644953747135
0.4742843844106535
0.4742843844106535
0.46717893510727126
0.4480197199208046
0.39572629501622625
0.2936081173085289
0.1259285996606718
0.02725202382762475
-0.07305790853869601
-0.07305790853869601
-0.18233078876564227
-0.27059391763737706
-0.39716142364025775
-0.46477874325744073
-0.5235957385789052
-0.52359878
-0.52359878
-0.52359878
-0.52359878
-0.5178805615011165
-0.5178805615011165
-0.4478535325321281
-0.4036861698340581
-0.3758921027849981
-0.43042680153083457
-0.46660097781225657
-0.5023873996940236
-0.52359878
-0.52359878
-0.46074259150218966
-0.3339447476981075
-0.28778884439954233
-0.28521812655378365
-0.28521812655378365
-0.30755261722530924
-0.36647927019649984
-0.36647927019649984
-0.36082348918562684
-0.24746139480789744
-0.09934147846674832
-0.01855485754303505
0.02984312515517062
0.11755622738079018
0.11755622738079018
0.24160039597147573
0.24160039597147573
0.2941450128262824
0.3688659710495729
0.3588335679636023
0.39021811467127265
0.3952998695229852
0.44270049853019194
0.44270049853019194
0.4838598306176681
0.4838598306176681
0.502251329956699
0.5183216164922004
0.5419339752504405
0.570257035992164
0.599408555977785
0.6346994387790461
0.6625061896529587
0.6868739778598395
0.693559273987484
0.7085551834700307
0.7191669218149717
0.7650079363422065
0.7880097711526328
0.8029711050894345
0.8029711050894345
0.7544290106020867
0.7544290106020867
0.5823648005537635
0.46982385561937257
0.4698277059696912
0.36349286206674386
0.2849144520026552
0.21706436055087244
0.21706436055087244
0.10278991538234457
0.04852928625478215
0.04852928625478215
-0.05081883710840707
-0.050817671415044535
-0.10711524147748598
-0.2210986678357333
-0.2682308920551123
-0.2678833579997235
-0.351163720004762
-0.3872462059188776
-0.3831543807972812
-0.41762444281637967
-0.4572701135937995
-0.52359878
-0.52359878
-0.52359878
-0.52359878
-0.52359878
-0.52359878
-0.52359878
-0.52359878
-0.52359878
-0.52359878
-0.52359878
-0.52359878
-0.52359878
-0.52359878
-0.52359878
-0.52359878
-0.52359878
-0.52359878
-0.52359878
-0.52359878
-0.52359878
-0.52359878
-0.52359878
-0.52359878
-0.52359878
-0.52359878
-0.44222308779386943
-0.44222308779386943
-0.38777585408884235
-0.30502079524810555
-0.274840405448435
-0.27526398401496155
-0.2406042653704009
-0.11394310672738311
-0.11394310672738311
0.02013087786423609
0.02013087786423609
0.10634657459918495
0.19183039413097677
0.24697706303412267
0.29979469059929664
0.3574261207654808
0.35742614198455935
0.4081126870685524
0.48639217481393676
0.516433062165151
0.516433062165151
0.5445868630785324
0.5939932038644876
0.6133234015751594
0.6296085077156678
0.6412884984697989
0.6417645618357768
0.6480055441520216
0.6399520861516588
0.6399520861516588
0.6082540377697417
0.5946793278023195
0.5722562669686534
0.5645546113561846
0.5645496124959422
0.5516121693946279
0.5516119172497556
0.5442865872881897
0.5363514050255297
0.5239294923439485
0.5072654786748813
0.48765032707383726
0.48765032707383726
0.46528023456292794
0.4392255921241928
0.4120191297682616
0.3830387102053096
0.34931581053450705
0.30671837866223955
0.18899820746234605
0.18899820746234605
0.11343632385352921
0.02400607377093956
-0.0784746786340836
-0.18190203960948878
-0.2715261551808096
-0.3078829190470948
-0.3165345186096944
-0.32725344038571147
-0.3457810872161888
-0.369743356827651
-0.4058677466091561
-0.4058677466091561
-0.4448011756989279
-0.4805923319797965
-0.5087775094353763
-0.517241766384843
-0.52359878
-0.52359878
-0.52359878
-0.52359878
-0.52359878
-0.52359878
-0.52359878
-0.52359878
-0.52359878
-0.52359878
-0.52359878
-0.52359878
-0.52359878
-0.52359878
-0.52359878
-0.52359878
-0.52359878
-0.52359878
-0.52359878
-0.52359878
-0.52359878
-0.52359878
-0.52359878
-0.52359878
-0.52359878
-0.52359878
-0.52359878
-0.52359878
-0.52359878
-0.52359878
-0.52359878
-0.52359878
-0.52359878
-0.49073851667643625
-0.49073851667643625
-0.4499972597511928
-0.40021185021014793
-0.2267056277734285
-0.13426903744531782
-0.05156474055999915
-0.05156474055999915
0.053016170923661794
0.05941651040362548
0.13858206680749446
0.13858206680749446
0.2525230606485994
0.25252350694426884
0.3182568653178165
0.44580172926316086
0.5077731417229145
0.5077730385958942
0.6099673358290167
0.6609506055062468
0.7047751880806961
0.7449509472084518
0.7449509472084518
0.7821386540286779
0.8178505805965303
0.8862801723061956
0.9190359739577497
0.9190359739577497
0.9816589965751625
1.0097611070195724
1.037441785204958
1.0464747833335863
1.0464747833335863
1.0435317709126413
1.0353175078710375
1.0257671991987989
1.0201800507500443
1.0158851233441213
1.0158851233441213
1.0034788957061285
1.0034788957061285
0.9818683332673047
0.9670727634485449
0.9670727634485449
0.9361805930387881
0.8950965712853887
0.8728725301850008
0.8728725301850008
0.8503789306700165
0.791364107611475
0.791364107611475
0.7591946123230432
0.7308711650031089
0.7025325552022685
0.6742279152340204
0.6357501193593479
0.5460494904797126
0.45869340699206124
0.3689106063484808
0.3689106063484808
0.13783325562051824
0.13783325562051824
0.0332724964566999
-0.06174260557022153
-0.18399516619339054
-0.24164366924532374
-0.2270756870254035
-0.26422003119485277
-0.3402676456452314
-0.3428984891530334
-0.4276544918492032
-0.4750197412332906
-0.52359878
-0.52359878
-0.52359878
-0.52359878
-0.52359878
-0.52359878
-0.52359878
-0.52359878
-0.52359878
-0.52359878
-0.52359878
-0.52359878
-0.52359878
-0.52359878
-0.52359878
-0.52359878
-0.52359878
-0.52359878
-0.52359878
-0.52359878
-0.5154214467937703
-0.5113222733140882
-0.5191873307284565
-0.52359878
-0.52359878
-0.52359878
-0.52359878
-0.52359878
-0.35868709319725744
-0.1823910267249347
-0.1126032441211863
-0.1126032441211863
-0.033750121639236394
0.11762679246719698
0.11762673167697146
0.20738367269986888
0.23899413043207435
0.23899413043207435
0.2668516477300799
0.2919019910104779
0.3237753817707765
0.40463082078075613
0.40308800477241774
0.485829691395645
0.492643328514369
0.5359618281041147
0.579703871253247
0.6172798957318628
0.6763187921090495
0.7494835718595331
0.8212919852027593
0.8580293494504302
0.8995593017605531
0.9331406574497692
0.9331406574497692
0.9339731472234384
0.9339731472234384
0.8518503580120752
0.8543842921858867
0.7438292689937586
0.6804396937802637
0.6804396937802637
0.6196991690640893
0.550870623433525
0.49355395164752963
0.4438621902659496
0.3015632631353746
0.2003417258477015
0.1065370531513743
0.05848582700380302
0.03867035516475565
-0.0012600187056583442
-0.05948854107788695
-0.11453063618874397
-0.1573384433110138
-0.1824359628350471
-0.1877812015439558
-0.17775491184383405
-0.18950229165605165
-0.18950229165605165
-0.22574513516728623
-0.2682872874935044
-0.2953484847196194
-0.3591916161689108
-0.3548892082868658
-0.3202850718136454
-0.2815264050475776
-0.24766149661998285
-0.20299565751785703
-0.15223251557024287
-0.15223251557024287
-0.11181293708860188
-0.09274406330683223
-0.10015056836244512
-0.11699551572373756
-0.11699551572373756
-0.1428875323609138
-0.1667114797202284
-0.21105878473044914
-0.2518368570075278
-0.13002777327086648
-0.08694862317338004
-0.03599616196930214
-0.03599616196930214
-0.01850866437265006
-0.01850866437265006
0.012972518670344687
0.27453599894059943
0.27453599894059943
0.3725006763750247
0.38021159981350366
0.38021159981350366
0.4154646434622126
0.4154646434622126
0.46468484942161636
0.5564949899126265
0.5564949899126265
0.5885100751915423
0.6165303102852253
0.6496346295143817
0.7145346970777497
0.7506141582401502
0.7958853473208811
0.8083930806575514
0.8701551302871513
0.9068179940469238
0.9068179940469238
0.9754742489759508
0.9754742489759508
0.992758630666306
0.9793039763834713
0.9453557750383669
0.913011763004886
0.7908880382256437
0.7908880382256437
0.7171526851423851
0.5853158830484715
0.4991988317015974
0.44972022744863693
0.29082885083753895
0.29082885083753895
0.13352212021578358
0.07326466335003161
0.015329589429457002
-0.025474499976034053
-0.08357390867182267
-0.1480013661339684
-0.21884896872629897
-0.2295930335852991
-0.23874520458996096
-0.2487039947235813
-0.24359600751557853
-0.25903692374628123
-0.27109900312006885
-0.2875032931764158
-0.30985808559742256
-0.33219095405055793
-0.3423638460806243
-0.316238639975613
-0.2934202474548421
-0.2934202474548421
-0.18022705933659083
-0.18022705933659083
-0.12588735713439358
-0.0772050693154087
-0.042339122625034885
-0.025883822497763775
-0.025883822497763775
-0.021164111337887866
-0.04264300413043009
-0.09233717596274751
-0.09233717596274751
-0.10499329574695294
-0.05831097338269907
-0.015349213419883833
-0.044534056877836514
-0.044534056877836514
-0.12226173633397697
-0.14207676354026827
-0.16838416465322914
-0.18301926053761178
-0.1229806020407448
0.14659674835324435
0.17417828385424186
0.18962701217011438
0.2170654473758744
0.20603087074013696
0.26034104350386494
0.3097833437144078
0.4008141333685619
0.43045557649589206
0.43819782947624564
0.43714896051979113
0.4808950175820989
0.4808950175820989
0.5053408079951627
0.537835544285505
0.5827423477522835
0.5925633013134852
0.6438619541683982
0.6438619541683982
0.6867252442616661
0.7322660543444871
0.762897405995497
0.7834380279923606
0.7834380279923606
0.7359817688987769
0.7359817688987769
0.6835464593072447
0.5448477773634299
0.4832256544134047
0.4903041494821379
0.3877826067863928
0.29146178868242706
0.29146178868242706
0.052980368491011474
-0.0771914208600724
-0.14995516436403164
-0.14995516436403164
-0.16639465448169405
-0.22443503218847052
-0.2790209178601457
-0.28884817142895913
-0.39034172676891776
-0.39034172676891776
-0.48319311876363213
-0.5183717671979043
-0.52359878
-0.52359878
-0.52359878
-0.52359878
-0.52359878
-0.52359878
-0.52359878
-0.52359878
-0.52359878
-0.52359878
-0.52359878
-0.49720656363568067
-0.44868602420785664
-0.47015547449449546
-0.49309467926508765
-0.46494106971049826
-0.5187981286200604
-0.52359878
-0.52359878
-0.52359878
-0.45609280114598044
-0.4305981645983116
-0.4247572592010111
-0.40938504913334134
-0.4614659166834557
-0.52359878
-0.52359878
-0.52359878
-0.52359878
-0.52359878
-0.4179760436061215
-0.4179760436061215
-0.33477512109271385
-0.33477512109271385
-0.3206095453824326
-0.29822909250894714
-0.2023386555867445
-0.19729561601019852
-0.10827627099070217
-0.06653383784669055
-0.025142097292874796
0.015296722016090237
0.015296772371530784
0.05222948211133349
0.0886007767925117
0.1167847916437666
0.13923503901540113
0.1563958977371922
0.1704924037471594
0.18115032642615728
0.1798575929037517
0.16553368854065523
0.1299637653863972
0.1498500072070856
0.15043019570661967
0.15032479025475243
0.15032479025475243
0.149280351706787
0.14758356426205183
0.13289913431596675
0.12238700877625697
0.12238700877625697
0.11096520912931675
0.09462393601930862
0.049942593230344945
0.03638163147102224
0.02295466888046508
-0.015584701937677425
-0.06843584798064964
-0.08399494202631357
-0.05573579647127159
-0.026777288375209957
0.006691920109459823
0.006691920109459823
0.0314638671197797
0.02963834093691602
0.007560730379657335
-0.019585043606766973
-0.07378781903915665
-0.073790251107026
-0.10380244172755558
-0.13186681383367155
-0.16010801563366575
-0.18628730543772573
-0.2536425353879122
-0.2710366027079938
-0.2710366027079938
-0.22588550457219236
-0.2528713115744355
-0.21578859370421313
-0.14057578524017678
-0.12368525716582236
-0.05500998387113286
-0.054927178752105635
-0.07808331678965477
-0.07808331678965477
-0.11695505720306655
-0.16156991187784278
-0.2284984273065518
-0.23863288806872368
-0.2800312408055378
-0.29862596988112605
-0.29862596988112605
-0.32691532401424184
-0.32691532401424184
-0.34309666178054415
-0.3611421436783051
-0.38182159082014866
-0.4047542907281776
-0.430551007444764
-0.44959471622603603
-0.3739188681876791
-0.3442074122891493
-0.36186271755580296
-0.32482252559798097
-0.32739742673956246
-0.34243071173834716
-0.37176602285018456
-0.37176602285018456
-0.4529998832528308
-0.4869585196679607
-0.5087652163209351
-0.5116829871086988
-0.500147289376285
-0.49611575746358594
-0.49896848310765246
-0.49896848310765246
-0.4532987962878602
-0.52359878
-0.52359878
-0.52359878
-0.5141047037328089
-0.4987063076268983
-0.37274210477021946
-0.3362793234898252
-0.3137594458950658
-0.31422203715922326
-0.2993502697125539
-0.28401727060939513
-0.23351660198890498
-0.23351660198890498
-0.1997223536801344
-0.16171662201536882
-0.12110600222730558
-0.08107565096443263
-0.04545896551997774
0.012269688465159094
0.012269688465159094
0.039346724331087685
0.06581602684000493
0.08846419416010608
0.10678900497537905
0.12309504085007479
0.13835319142352046
0.15356613665189273
0.16744894806577515
0.1803455379722719
0.19805770815334883
0.20318406742192646
0.19896639502896282
0.2099598655004675
0.2103607242030306
0.2095049963835947
0.2009233423065217
0.20676086036627223
0.20676086036627223
0.20455820463760152
0.2046185547166411
0.2044814898336521
0.2044814898336521
0.20512428716388947
0.20060180050578527
0.20060177846588947
0.19369298778217575
0.18859717907948684
0.18859874952178185
0.1823598443059941
0.17631988070594695
0.17238856790996251
0.1696133353601709
0.16564029330687152
0.15984755547111376
0.1415028746249551
0.1419076114238052
0.12989904654786433
0.11506289645781258
0.10075112426221583
0.08615510568178734
0.07009527962357709
0.052718987304564466
0.035603835204035914
0.018597173122792347
-0.01840781162348402
-0.042080335304933214
-0.04384241587317144
-0.08432434018952371
-0.08432434018952371
-0.13852019390293216
-0.16584656434341957
-0.16584690196384427
-0.19259217359600747
-0.21842873772414298
-0.242465137619969
-0.26436870643392846
-0.2829660773204075
-0.2978219596246916
-0.310030130394296
-0.3226423450938403
-0.33756994952174935
-0.353550492617873
-0.36771160550943743
-0.3750980837358925
-0.4244772202911893
-0.41238762845233895
-0.42910214674727964
-0.4587672697554543
-0.4826540740288574
-0.4826540740288574
-0.5010390955880096
-0.5010390955880096
-0.5069504517025902
-0.5093592449188786
-0.49625174833227337
-0.49625174833227337
-0.4809334278242581
-0.4621161964081088
-0.4338187024623179
-0.39696742511936406
-0.34341620755651603
-0.2744224743017014
-0.22089558411628082
-0.19817418481142768
-0.19817418481142768
-0.21229965288166727
-0.22588661555511946
-0.2347352330693446
-0.19800581096340006
-0.1817549379151327
-0.09288718677262678
-0.03651755582387584
-0.03651755582387584
0.02278239730545238
0.02278239730545238
0.02783025375009937
0.03476727796438382
0.04663253511387452
0.04663200146188482
0.07379057476865793
0.07379057476865793
0.08462134099072317
0.08204299723449592
0.07554359648236475
0.07554359648236475
0.06823084957149939
0.0573056499479391
0.046332297319263256
0.053385255509403436
0.04868670837499287
0.04359885583024851
0.0381970890577034
0.03281931822816623
0.02568966342322598
0.009739353690221981
0.0009358779049818491
-0.003325725319859353
-0.003325725319859353
-0.008236660769867303
-0.015104196065819425
-0.015104196065819425
-0.017314064467913476
-0.02138662223886433
-0.022206061871228325
-0.022199339473331366
-0.019830913666650535
-0.01841146393658609
-0.011187814688604277
-0.011187814688604277
-0.008023843668968189
-0.0076461572207866205
-0.006899365394765294
-0.006899365394765294
-0.01011784804850358
-0.012237034143047833
-0.014956456598149898
-0.018756624608202196
-0.018756624608202196
-0.027696607686726486
-0.03098230398822951
-0.032055759065277446
-0.032055759065277446
-0.030675801950510333
-0.019676852042262036
-0.01711505904568508
-0.011520120297414843
0.0036607083405336923
0.0054185240460410625
0.01592339100026812
0.01592339100026812
0.022964512238582372
0.022172466460428593
0.01645501142222726
0.012986517068956633
0.005988296556185452
-0.0018390289635495413
-0.009908233149669985
-0.009908233149669985
-0.015103150450167349
-0.01886680236539451
-0.016428902589365985
-0.016428190174460962
-0.017048295220265814
-0.017048295220265814
-0.017673362665396427
-0.01778002070631491
-0.017537471888692837
-0.017771459614137956
-0.017808628674995212
-0.02199807057572561
-0.02199807057572561
-0.02846046358950676
-0.02846046358950676
-0.03138962795515198
-0.03860958476894904
-0.04249446453005912
-0.04658742010817089
-0.04979044474823571
-0.04979044474823571
-0.05452291000335702
-0.05781098457716098
-0.060847493631407665
-0.0629048242704018
-0.0635645893791702
-0.06248385547040886
-0.057109820310250844
-0.057109820310250844
-0.05208385869791177
-0.05443200361720789
-0.05440782163102073
-0.057936606682137244
-0.06306120471326684
-0.0710051781248061
-0.0710051781248061
-0.07012013040946
-0.073653343098254
-0.07345106376098372
-0.07385274535229001
-0.07429070146607007
-0.07429070146607007
-0.074921541525749
-0.07917774526969433
-0.07917774526969433
-0.0798955087055275
-0.07892045654184897
-0.07696268397916103
-0.07389098821249118
-0.07389277715153118
-0.07072961447614692
-0.07304389540402241
-0.07304063937912866
-0.07332945431133349
-0.07495838622688346
-0.07495556382126495
-0.07484114001690664
-0.07596358550949885
-0.07761103435365026
-0.07953222891256298
-0.08041469025379899
-0.08212590329009754
-0.08552830371163127
-0.08592513641283402
-0.08529560149352364
-0.08354494025553084
-0.08356699682143934
-0.08072845827528642
-0.07832551464932921
-0.07832551464932921
-0.07773279454788778
-0.07814314472504652
-0.07770600092734171
-0.07774220295284967
-0.07796609285936845
-0.07993790218666831
-0.08081304257045316
-0.0817052412994591
-0.0817054832321893
-0.08169893012352542
-0.08059220482001987
-0.07879530498836934
-0.07549382754384887
-0.075497701485735
-0.07154398974132138
-0.07154398974132138
-0.06948610491754227
-0.06533314441246245
-0.06051886715822648
-0.06054435863354776
-0.06054435863354776
-0.06003603518000346
-0.06353502117383825
-0.0671003637804929
-0.0731595376372411
-0.07697526153942023
-0.07917612594150128
-0.07744335406043854
-0.07865262489952185
-0.08080358398049665
-0.08079739703663405
-0.0826924035769152
-0.08489070179039317
-0.08488581484832959
-0.08351681237672434
-0.08491168795203335
-0.08594219638446074
-0.08625491316252822
-0.08600294932357819
-0.08548783993777267
-0.08549537093548723
-0.08611935712119188
-0.08388220538220055
-0.08325390719155427
-0.08325765529602158
-0.08348716709032312
-0.06490176830148825
-0.06555459072565338
-0.06504952829055892
-0.06505344006102516
-0.06721628538929497
-0.06505091064414653
-0.060133131533621424
-0.06155196830149259
-0.05602855917938227
-0.05687204867051554
-0.05771006146295265
-0.06516526310529555
-0.06586115981569321
-0.07027600244089462
-0.07658769934755673
-0.0850986825427594
-0.0937003580838977
-0.09942691531506746
-0.09927066557989773
-0.09927066557989773
-0.0983248498341291
-0.09850902453623599
-0.09844314275759043
-0.09743263156563485
-0.09743249913436787
-0.09494820342233547
-0.0930706325064675
-0.09307097700735315
-0.09040157755601176
-0.08751568145907691
-0.08596339996470868
-0.08211959380059672
-0.07797369569601209
-0.07797250241942937
-0.07521781259761272
-0.07488801803155216
-0.07611107197757994
-0.0789078834202339
-0.08253717655651265
-0.08253686463987892
-0.09105840322115903
-0.09105868922342528
-0.09414361484946689
-0.0971639740265314
-0.0971626057113107
-0.09742018987707131
-0.09830241504282726
-0.09830628320296166
-0.1000092987102939
-0.10007324318690497
-0.10007522364181232
-0.10212194684123668
-0.10224868524737013
-0.1011324576204833
-0.0985086269344645
-0.09598492140379182
-0.0939591883191967
-0.09288218963929498
-0.09289190064538141
-0.0929026050074851
-0.09291915569171201
-0.09236361037305622
-0.09236517600491612
-0.09257230876564997
-0.09193698233181886
-0.09090625923773005
-0.09090778009480192
-0.08991151475359911
-0.08771957315336852
-0.08627618130803219
-0.08627848974895858
-0.08230622297799081
-0.08230990247072373
-0.07911483013316553
-0.08073449884750067
-0.08885944753844002
-0.08885928519715319
-0.09597373643047177
-0.09842760429592623
-0.09876161432608248
-0.09575066219217944
-0.0924787375989563
-0.0898201821046113
-0.08901416157369081
-0.08711719421346525
-0.0871005492598763
-0.083914101656232
-0.083914101656232
-0.0832332137192039
-0.08169060092144886
-0.08037696002642633
-0.07949818745604716
-0.07730761384963468
-0.07612640526458067
-0.07443492033438949
-0.07113572602860015
-0.0711492552815488
-0.0722149418399108
-0.07331242650410574
-0.07331177696423452
-0.07234270412313588
-0.0723054386029705
6.305789391957323e-05
6.305789391957323e-05
8.71746863022814e-05
0.00017584658841195865
0.00017584658841195865
0.0001861703713076649
0.00020914793679950797
0.00028333761832299983
0.00029696834593798035
0.00032200062612554363
0.0003257359630995705
0.00037754683056119207
0.0003856395670995236
0.00041426386236441783
0.00042921965277838294
0.0004903201342848951
0.0004903201342848951
0.0004998896083642301
0.000541386982321962
0.0005647941116606102
0.0005739892257134457
0.0006376871913514494
0.0006371423833735053
0.000664316801901114
0.000707635175970252
0.0007168424820344072
0.0007189390396303503
0.000738008844683013
0.0007904251234697947
0.0007908901062406596
0.0008112831956753007
0.0008177159039157176
0.0008739323032734028
0.0008936079376674866
0.0009071113377073189
0.0009092982066542264
0.0009235642576457674
0.0009638406747262168
0.000968442232897759
0.0010195910098530453
0.00102416954323364
0.00104932541442525
0.0010553727907307482
0.0010564329274267846
0.0010682725122009755
0.0011283653149959144
0.0011374926418774968
0.0011403954704116172
0.0011653614324409218
0.0011890297642847354
0.0011990582991363503
0.0012115808025011103
0.0012583003123546384
0.0012583003123546384
0.0012650465099464992
0.001274217656370894
0.0013141476291378589
0.0013253882373888413
0.0013333463417388141
0.0013796941079863994
0.0013815215442209761
0.0013822029430878757
0.0013871897811602487
0.0014477227500296697
0.0014490101195500497
0.001465445151785376
0.0014887654653520158
0.0015021224685795862
0.001506992507947478
0.0015276065731528441
0.0015325448761218407
0.0015336445779694217
0.0015759941903307937
0.0015880683867847461
0.0015911247965795315
0.0016194132232340071
0.0016194132232340071
0.0016259784743047306
0.0016347837690377602
0.001687403764151472
0.0016957751343498165
0.001698315845353619
0.0017132895148527646
0.0017459387948881757
0.001761912816279932
0.0017620625302703103
6.305789391957323e-05
7.53247301049652e-05
0.00010424025184611833
0.00011327281661750873
0.00019359047099834232
0.0002114866621823796
0.00023192675267651714
0.000300796883736719
0.000300796883736719
0.0003091471044053887
0.00033430320937275225
0.00039654180623108383
0.00039722787917841176
0.0004109348814320839
0.000427707961148432
0.000484648216649432
0.0004969286785481026
0.0005352532502721923
0.0005700073191335197
0.0005777421522604771
0.0005803532766663806
0.0006493179102008501
0.0006479431245596137
0.0006614656369566087
0.0006867277021615719
0.0007125366641553068
0.0007271715584578307
0.0007831091199239776
0.0007831091199239776
0.0007928393000960168
0.0007954742713130558
0.000830418716221929
0.0008500744940380256
0.0008641353032829078
0.0009041457373710165
0.0009067741994723194
0.0009227699111167726
0.001022874681900864
0.0009988973714718714
0.0009977397700725366
0.0010122280027996928
0.0010399131553293997
0.0010542155369475355
0.001062574716484237
0.0010649223743327391
0.0011157905525923544
0.0011203351470450162
0.0011489672261125318
0.0011538348449249588
0.0011695810591336266
0.001202784011998367
0.0012086644333776106
0.0012607208504662934
0.001265048775603743
0.0012818155463810712
0.001311807535470155
0.0013160142471560763
0.0013178021639204756
0.0013562207971095648
0.0013562207971095648
0.0013652100618266473
0.0014121743018331346
0.0014139615900126575
0.0014144926216437688
0.0014215763009094939
0.0014790663852700956
0.0014821656418175615
0.001488338930149263
0.0014897191860391208
0.0014992116119151267
0.0015385911368182756
0.0015448484954348033
0.0015475755007545177
0.0015898741312275028
0.0015898741312275028
0.0015971716199722945
0.001599876951134966
0.0016583214736977606
0.0016583214736977606
0.0016635956713027648
0.0017046304368466736
0.001707193345112923
0.0017080331260896627
0.001713885826280923
0.0017632595367819992
0.0017646713361236
0.0017690192752218335
0.0018113837647585798
0.001814504531016528
0.0018162752904027446
0.0018215100678364991
0.0018555353089147737
0.001858800592510944
0.0018876063620705842
0.0018876063620705842
0.0018948011543725796
0.001914891786601591
0.001953460980147594
0.0019574051557303233
0.0019629719070542425
0.001997051094445333
0.0020000340169783436
0.0020050512782866935
0.0020390797693538225
0.0020390797693538225
0.002041985366044719
0.0020468020699284674
0.002095227824721661
0.002095227824721661
0.0020967949156043835
0.0021014215289287797
0.0021508657187230325
0.002153051901879621
0.0021577436959138393
0.002191141340399577
0.002193787858975379
0.002198311662900534
0.0021996206151826325
0.0022466922431677795
0.0022466922431677795
0.0022478241959399017
0.002295168736233085
0.0022909734550683207
0.0022981650368982774
0.0023255690150515798
0.0023258365498031257
0.0023279892779810344
0.002328903060552778
0.002358927221926767
0.002359874016209554
0.0024053025233644063
0.002405194724399627
0.0024070404658657423
0.002417027781311239
0.0024579102168410514
0.002460830135861888
0.002462831446424785
0.002488223871145051
0.0024886238333751173
0.002505546820909312
0.002507946547387469
0.002509133959268488
0.0025719122959395268
0.0025719122959395268
0.002569385912522046
0.002604199169767315
0.002607946606618231
0.0026211243022922293
0.0026452900779038533
0.002646168309051933
0.002646656607185531
0.0026856980039882744
0.0026841115065294224
0.002688515614875025
0.0026931759664843517
0.002736011241967241
0.002736134860684211
0.0027720079012135807
0.0027672804605053084
0.002773272307065911
0.0028009286963567065
0.002802222145605742
0.0028129073871638152
0.002819622630940039
0.002826722710438488
0.0028637160864051336
0.002863339477037761
0.0028977830283825447
0.0028977830283825447
0.0028961855874724113
0.002900145087705904
0.0029067597312788067
0.0029446773241758196
0.002946133705490785
0.0029508044104060984
0.0029853961028894153
0.0029885820526608193
0.0030222132131260773
0.0030222132131260773
0.003022811337804994
0.003026491004775723
0.003076930657208078
0.0030761722722220356
0.003079822682576806
0.0031123915835407205
0.0031123915835407205
0.003114440152133449
0.0031218249087298267
0.003167143948567786
0.003167143948567786
0.0031915635200279904
0.0031918899452501744
0.0031934043958542673
0.003224281485593743
0.0032243590942321243
0.003227052941952154
0.0032675586385409504
0.0032663691554766796
0.0032672629431494695
0.0032711067160398452
0.016765579560531103
0.028608960290798575
0.035557334927475155
0.03818438522007319
0.03971825429543178
0.04917979627413357
0.07863972163493133
0.08828423801293506
0.08828426383809283
0.09488019674116557
0.10353962206134418
0.11770913777737946
0.11770998563093213
0.15472050002264048
0.1685651271456067
0.18329030342850192
0.1991040258907323
0.19910438017251028
0.2150801830758023
0.24585511721838318
0.2588615243760613
0.2813743630694601
0.2959232480923607
0.2959232480923607
0.31155326488539836
0.34636162237689405
0.36373242226625335
0.3698376889238436
0.3818077951277413
0.382395407422222
0.43468544368493095
0.4635122637206235
0.4918281182654352
0.5240532762698198
0.5581682929906282
0.5872292651758186
0.6259870893479447
0.6598249444667228
0.6888266620263088
0.7144034523585685
0.7307770195986678
0.7427820320079017
0.7491084783830985
0.7514541677851525
0.7523011498522798
0.7482493225335279
0.7482493225335279
0.73742440270455
0.7231080722317478
0.7029056522489455
0.6968399285061817
0.6893522095664156
0.6942740102568901
0.6691283383347308
0.6547085623783551
0.6367455925151362
0.6369394816511869
0.5929466952492388
0.5673808691236375
0.5673808691236375
0.5409452728374844
0.5132421257724994
0.4625046886771211
0.4625046886771211
0.4396070374764048
0.39422524856402924
0.37407561902999725
0.3537395030799296
0.33785907728694
0.3252193050917803
0.3117933076995004
0.29902137376908083
0.28583625230343374
0.28583625230343374
0.25762336737723923
0.2431702473962591
0.2431702473962591
0.2155571050781396
0.2035035771871355
0.1927819122158075
0.1927819122158075
0.17544534678634727
0.16762617927306328
0.16264303878403322
0.16264303878403322
0.14883694106620526
0.15132422692787795
0.14995048575911013
0.14989491706006838
0.14984573078399294
0.14984573078399294
0.14871154241747683
0.14525189512876166
0.13322119524268067
0.12639936859131096
0.11922380782093342
0.11922409052538628
0.10248868825843
0.09172707266374845
0.08106203166429346
0.08106203166429346
0.06252075116291653
0.03460471319169325
0.015278242883845515
-0.006410357486274858
-0.03035868826715196
-0.030353242228048413
-0.05528067805358403
-0.09702492104899285
-0.10092822937279848
-0.1009214278097004
-0.10012129844895802
-0.08982435293414366
-0.08773784251993957
-0.08909801443089085
-0.08017928469148956
-0.07754021829044573
-0.0775460595341402
-0.0769959907770877
-0.08122143761654886
-0.10056391198992069
-0.10915618358095433
-0.10915618358095433
-0.1195591041680802
-0.11895749949298579
-0.11895749949298579
-0.11288031099159868
-0.08100338412567447
-0.08100338412567447
-0.0516845003440411
0.02465409925085004
0.06696552209937758
0.11024331139395949
0.15263689492587867
0.1544381775805021
0.2286712289204437
0.2286712289204437
0.2592033462252348
0.30265995948531776
0.31349824644146995
0.30856643165562
0.3081783701626592
0.29602678464105525
0.28073640365610497
0.2766164831198255
0.2466515383025745
0.2466515383025745
0.20794355705404144
0.20794355705404144
0.18435283260869803
0.15440569556901723
0.08305621340954014
0.08305621340954014
0.04117866812810064
-0.0036348926548839264
-0.09980870863770379
-0.08672095857191707
-0.19967265376410445
-0.19967265376410445
-0.31062974542936705
-0.37963618049359926
-0.44254413333918075
-0.44254413333918075
-0.4937924215667693
-0.52359878
-0.52359878
-0.52359878
-0.52359878
-0.52359878
-0.52359878
-0.52359878
-0.52359878
-0.52359878
-0.52359878
-0.52359878
-0.52359878
-0.52359878
-0.5231316913694499
-0.5070659203872454
-0.4908887146545361
-0.5021076640187379
-0.4765621210795523
-0.4610710782837935
-0.4269376514972043
-0.4129810227865337
-0.4120319557045368
-0.4021782559486281
-0.39417100269175936
-0.39187689347924404
-0.39187689347924404
-0.4001574724386376
-0.41502571077516626
-0.47260164032685537
-0.5131204375989797
-0.52359878
-0.52359878
-0.52359878
-0.52359878
-0.52359878
-0.52359878
-0.52359878
-0.52359878
-0.52359878
-0.52359878
-0.52359878
-0.52359878
-0.52359878
-0.52359878
-0.52359878
-0.52359878
-0.52359878
-0.52359878
-0.52359878
-0.52359878
-0.52359878
-0.52359878
-0.52359878
-0.52359878
-0.52359878
-0.52359878
-0.52359878
-0.52359878
-0.52359878
-0.52359878
-0.52359878
-0.52359878
-0.52359878
-0.52359878
-0.52359878
-0.52359878
-0.52359878
-0.52359878
-0.52359878
-0.52359878
-0.49626072422117673
-0.4701036684392624
-0.44576835388499425
-0.42671889730224494
-0.4103343835052093
-0.4103343835052093
-0.396590396957168
-0.3816861400781645
-0.3672388115735978
-0.3574205246994245
-0.3550210302136063
-0.35993876173517825
-0.3695687654736991
-0.37538722757304954
-0.35025043086614804
-0.35707031657669264
-0.3435275204445843
-0.3435275204445843
-0.2865471230129357
-0.2859971256380911
-0.27293162526324144
-0.2173991474704842
-0.21739989669750553
-0.11533077990024483
-0.1153344701785124
0.03306651133435197
0.03306651133435197
0.19868948270946565
0.19868948270946565
0.3218493269982866
0.3667830769400399
0.3919537581653703
0.39937709409182
0.41672787394338207
0.44308378438619156
0.4508729648753012
0.4508729648753012
0.46065262554112785
0.4860326546027634
0.5170808714321632
0.5398717148321994
0.5398717148321994
0.5436860534673613
0.5476797623767989
0.5511729791496282
0.5451194870864846
0.5332312791301577
0.5362495876009781
0.5409901208437512
0.541487265747172
0.5391438194319363
0.5378899053153956
0.5295336161151483
0.5176451930173082
0.5035434603048117
0.47821610218737665
0.4716605340066063
0.4716605340066063
0.4700198364793402
0.4736031963023161
0.4736031963023161
0.4746664429570257
0.472968593916313
0.4696977329268796
0.4696977329268796
0.4663413604835222
0.46113199093777696
0.4508536273398687
0.4508536273398687
0.44593166156410896
0.4408609246265541
0.43335582135525236
0.4245715145971383
0.41979779134699663
0.4115704869143373
0.40471133260008807
0.3978343150523471
0.3915346770895653
0.3915346770895653
0.38038041390251115
0.3744832596034523
0.3689287501966472
0.3689287501966472
0.35945978583402094
0.35945978583402094
0.3528529607784133
0.3491149685068778
0.3491149685068778
0.34092678101785123
0.3345352508712326
0.3365156719923781
0.3365156719923781
0.34652607031543314
0.3786040237073303
0.3973718465968917
0.4130274589373173
0.427000366643294
0.43913510846946774
0.43912991150197267
0.45374455969745275
0.4537399410017683
0.4500138081120354
0.43953850285097257
0.4247839483206124
0.41869895734890605
0.38918721794190697
0.3891890262780633
0.35330984795665893
0.35330984795665893
0.3232949855518465
0.3132908613519194
0.2970701577071391
0.28111436374713983
0.28111436374713983
0.2459497391199532
0.22732988939427579
0.20788452859358716
0.20788452859358716
0.16163354366966926
0.1344759826269637
0.1344759826269637
0.0752015356475422
0.06271382213270624
0.04107875522271742
0.0270049740368981
0.0270049740368981
0.010217478415842803
0.008115630244975814
-0.002747484691866837
-0.014903479006709318
-0.026542493220391847
-0.040606809380911865
-0.04192672475576638
-0.05161412941635351
-0.053381591130252794
-0.08624310142505971
-0.10914149413049962
-0.10914149413049962
-0.16251334108161386
-0.17390085204494113
-0.22755027317386026
-0.23855651450018103
-0.2956134277264407
-0.3272258962569795
-0.3703118237399211
-0.387939140123698
-0.387939140123698
-0.4221355056865524
-0.4599874774563985
-0.52359878
-0.52359878
-0.52359878
-0.52359878
-0.52359878
-0.52359878
-0.52359878
-0.52359878
-0.52359878
-0.52359878
-0.52359878
-0.52359878
-0.52359878
-0.52359878
-0.52359878
-0.52359878
-0.52359878
-0.52359878
-0.52359878
-0.52359878
-0.52359878
-0.52359878
-0.4575771103554559
-0.3804578955973154
-0.3674327953277066
-0.21771105216758171
-0.21771105216758171
-0.048209273362674984
-0.048209273362674984
0.0351722164011751
0.1927894949626704
0.1927894949626704
0.3428144177378764
0.41781387805658443
0.4698187153502525
0.4943262735748062
0.6316952503292748
0.6316952503292748
0.75626698013198
0.7565848685368535
0.813705821599961
0.868120286160663
0.9184073954242203
0.962837068372229
1.000818544335184
1.0601416406552318
1.0882597883637268
1.1156066009366792
1.1156066009366792
1.1661000747437869
1.1661000747437869
1.202269455087353
1.2403186703630276
1.247950211089254
1.277625312566797
1.2935345597467938
1.3018648865488036
1.3018648865488036
1.3144875309854518
1.3226032673983037
1.3265866225165825
1.3240249782204168
1.3240655545040658
1.3166489198167972
1.3048765424448523
1.288813493077818
1.2682315359980774
1.212893573855163
1.1787280391965274
1.1787280391965274
1.0981214863183226
1.0981214863183226
1.0492644421793524
0.9962217496276066
0.9291267555179595
0.8177392509875232
0.7547681284402193
0.6888842326756803
0.638707850628841
0.5494283633069534
0.4761172572044814
0.39552820179070286
0.39552820179070286
0.22829778051585814
0.1410930160957712
0.05176964192829243
0.05176964192829243
-0.03967851194852521
-0.13264602119531232
-0.32158623266644354
-0.32158623266644354
-0.5086756962466982
-0.5086756962466982
-0.52359878
-0.52359878
-0.52359878
-0.52359878
-0.52359878
-0.52359878
-0.52359878
-0.52359878
-0.52359878
-0.52359878
-0.52359878
-0.52359878
-0.52359878
-0.52359878
-0.52359878
-0.52359878
-0.52359878
-0.52359878
-0.52359878
-0.52359878
-0.52359878
-0.52359878
-0.52359878
-0.52359878
-0.52359878
-0.52359878
-0.52359878
-0.52359878
-0.52359878
-0.52359878
-0.52359878
-0.52359878
-0.52359878
-0.4740267651957251
-0.4740267651957251
-0.3724095378075588
-0.1730458197378149
-0.07518115126869299
-0.006855197863167577
0.03288275617998009
0.11707247111516934
0.2236337447702251
0.3972083344251343
0.41021767976625095
0.5534314402005789
0.6526419072148112
0.6526419072148112
0.7279084080845285
0.7970146229037238
0.8724219614544926
0.9802387829917043
0.9802387829917043
1.0882268471350904
1.1368447062650635
1.1368447062650635
1.182536757863014
1.2254271505600405
1.2658428041260725
1.3421648244692075
1.3761537525805092
1.409100826019384
1.4407823543826572
1.4667796020157304
1.4872123394352363
1.5025693502727104
1.5087967508967415
1.5085799905452912
1.508586889261268
1.487827723230265
1.467533314513624
1.4675343733018904
1.4409548141293842
1.4093824640220425
1.3287228070320558
1.281927033676862
1.2293478326450753
1.2293478326450753
1.1722098470504418
1.042830497576507
0.9701636377860919
0.9701636377860919
0.8917052116228964
0.7151554921524294
0.6185722117473348
0.5422447630755096
0.5173174940274246
0.41094362321867633
0.29982021830457856
0.15488829529187992
-0.05755223579026243
-0.05755223579026243
-0.30488903690033964
-0.4255558998753138
-0.4255558998753138
-0.52359878
-0.52359878
-0.52359878
-0.52359878
-0.52359878
-0.52359878
-0.52359878
-0.52359878
-0.52359878
-0.52359878
-0.52359878
-0.52359878
-0.52359878
-0.52359878
-0.52359878
-0.52359878
-0.52359878
-0.52359878
-0.52359878
-0.52359878
-0.52359878
-0.52359878
-0.52359878
-0.52359878
-0.52359878
-0.52359878
-0.441648388711595
-0.3251566508735494
-0.24484904284947964
-0.09929628926234396
0.008667231931163257
0.008667231931163257
0.21506758065703815
0.31338943451205753
0.4100514673703326
0.4282916070573426
0.5992079606560686
0.5992079606560686
0.7665051800812149
0.8386949985078699
0.8505410439261373
0.9636519610061739
1.024204156944766
1.024204156944766
1.1405050655698055
1.186012546213738
1.186016713289847
1.2576756205389263
1.2576756205389263
1.3173246717704128
1.3465110454601878
1.3465110454601878
1.3969820507437964
1.4258299978051552
1.4414099668767824
1.4504747579773103
1.4485220031775237
1.4391686342971313
1.4221004600223281
1.4220967897169152
1.3692103134579934
1.333645187469361
1.2898775305769767
1.2373496839036033
1.2259680902227892
1.1767271808441515
1.1077426256512217
1.030517499101117
0.9217411998557525
0.748533960128054
0.6362011059368096
0.5153654493949485
0.38631891266728347
0.2512126261103816
0.11052389169503615
-0.031109741007673775
-0.031109741007673775
-0.29935559521135974
-0.29935559521135974
-0.52359878
-0.52359878
-0.52359878
-0.52359878
-0.52359878
-0.52359878
-0.52359878
-0.52359878
-0.52359878
-0.52359878
-0.52359878
-0.52359878
-0.52359878
-0.52359878
-0.52359878
-0.52359878
-0.52359878
-0.52359878
-0.52359878
-0.52359878
-0.52359878
-0.52359878
-0.52359878
-0.52359878
-0.52359878
-0.52359878
-0.39843265894034136
-0.39843265894034136
-0.29927036714167193
-0.20721510490058206
-0.04503857004894707
0.030322824775355552
0.030322824775355552
0.17317933264236424
0.24010836443252376
0.30160883573296504
0.35673469223892296
0.35673469223892296
0.4457326540544588
0.4830245893702141
0.5175824868023642
0.5497916837000567
0.5803341085142286
0.5803341085142286
0.6344455630747022
0.6344455630747022
0.6770178139990599
0.6770178139990599
0.6932633052830568
0.7166189920793605
0.7218694634298909
0.7251780349226922
0.7397148795794011
0.7486152384533259
0.7519771801956536
0.7519797018886007
0.7576653088047132
0.7578498101352629
0.7542359104813485
0.7523939188059865
0.7419335163820784
0.7282572367693165
0.7282572367693165
0.7186320927156004
0.7083902740445943
0.6936642782303707
0.6743044259010433
0.6596190891991016
0.6309141729628491
0.6309141729628491
0.5991840485260433
0.5998463170813371
0.5825923438750436
0.5402590043721184
0.5402590043721184
0.5221293370326506
0.4788911201283635
0.4568373936500866
0.43236020834339417
0.434177059573373
0.4061517420210184
0.3787669958539269
0.35053392883023704
0.2927902212944498
0.2927902212944498
0.2341938600261452
0.2341938600261452
0.20572631949299042
0.1981453043755779
0.20456384801302493
0.22359815024869073
0.21298465177968032
0.22293096389575506
0.25112161275670314
0.25112161275670314
0.2796817516849018
0.2788505843737592
0.2788505843737592
0.24777077918412485
0.24942820540179172
0.24942820540179172
0.27928613379837103
0.27928613379837103
0.31106210928560696
0.32630389812496935
0.3240863133017433
0.33652632849246283
0.35779828690672094
0.35779828690672094
0.3618634949217697
0.355662030311055
0.3414403541470435
0.3123664050105703
0.3015674458696895
0.30156658742585063
0.28671882209888994
0.2817409287377286
0.2807827183692191
0.276699180945793
0.27511245487456615
0.27814811603851575
0.2803575365307949
0.2803575365307949
0.2837169839583258
0.2939075248700912
0.2939075248700912
0.301098005396573
0.30941002866485623
0.3252502710679722
0.3304849830856561
0.3304849830856561
0.3344484472154687
0.33631461315752076
0.3404721995411751
0.3410457234472099
0.3417696184966268
0.34268457771735916
0.3439104598744123
0.34498133253679475
0.3456716050530229
0.3456716050530229
0.3459272472062157
0.34529234736083103
0.34164805230821904
0.3388936140819009
0.3282404723953179
0.32824412027046135
0.31210093130358085
0.31210093130358085
0.30434669278000664
0.2897202459365026
0.2832839588227412
0.2771384871470941
0.27713983549137566
0.2709722324381197
0.2579864408479808
0.2514768438169233
0.2455554974579177
0.24555479239449174
0.23581942599364053
0.23268904699737558
0.23268710817596416
0.22911724961686245
0.22645101184032793
0.21896999023041516
0.21896853304034306
0.21548991633939596
0.2066056402959196
0.2066056709435652
0.2020895825069275
0.19688301798610475
0.18779751529528713
0.1839277904542317
0.18331971791419954
0.17962329180147507
0.17231254449387765
0.16832368119051597
0.16832537877647746
0.15946341730927574
0.1548471366622337
0.1548471366622337
0.14855168673015146
0.1478107163019508
0.1463593311274697
0.14274248805438186
0.1419235398405443
0.1414998175643533
0.14150139889165675
0.14112177533466425
0.13955509755794376
0.13879893081759617
0.13729701331590669
0.13481227601117968
0.1313558792494944
0.12700966750400103
0.12700961753505816
0.1210078763681083
0.11077525684164709
0.1107752037169526
0.10642565167036276
0.1026578537844944
0.09541054228504876
0.09541054228504876
0.09132509935117393
0.08481157024036853
0.08241731204052191
0.08002476976532892
0.07652152883763969
0.07216056773289795
0.0693984182826289
0.0633739091596712
0.05973337858518905
0.05973337858518905
0.0568113831491522
0.052536735574593395
0.052536735574593395
0.05101556604382296
0.04711702019851096
0.04458612333323728
0.044613057222388265
0.0402673186046786
0.03658589153789027
0.032246598694914405
0.03193417248202505
0.027429610021358936
0.016581262156556604
0.008689998586424604
0.008689457131416983
-0.007675164519110297
-0.015268663458129056
-0.02937255048800322
-0.02523772310317776
-0.03439969259539257
-0.04275931743508605
-0.05105827314962334
-0.06352650075080271
-0.0732780201397504
-0.09014485008225191
-0.10206913830882641
-0.10206913830882641
-0.11517720154085291
-0.13028859136085946
-0.17091376110241388
-0.17091376110241388
-0.19571416908878625
-0.22106919073651654
-0.26704256121207787
-0.2888573897287293
-0.31045334792164636
-0.3314225116186908
-0.35255566089532564
-0.35255566089532564
-0.3983118118119302
-0.42078876056214476
-0.42078876056214476
-0.4576657783397893
-0.47263827794712027
-0.47263827794712027
-0.5103566997087567
-0.52359878
-0.52359878
-0.52359878
-0.52359878
-0.52359878
-0.52359878
-0.52359878
-0.52359878
-0.52359878
-0.52359878
-0.52359878
-0.52359878
-0.52359878
-0.52359878
-0.52359878
-0.52359878
-0.52359878
-0.52359878
-0.52359878
-0.52359878
-0.52359878
-0.52359878
-0.52359878
-0.52359878
-0.52359878
-0.52359878
-0.52359878
-0.52359878
-0.52359878
-0.52359878
-0.52359878
-0.52359878
-0.52359878
-0.52359878
-0.52359878
-0.52359878
-0.52359878
-0.52359878
-0.52359878
-0.52359878
-0.5228836830860483
-0.4613423930131598
-0.42877443855049924
-0.3948220541332209
-0.36043751358833004
-0.36043751358833004
-0.3280296431934348
-0.26553169584299485
-0.23357970155671964
-0.2265757773206719
-0.15527737388570811
-0.1311368299182415
-0.09699259597819147
-0.06362969944415697
-0.03172714543207228
-0.0021233867498868897
-0.0021233867498868897
0.051328478473648645
0.051328478473648645
0.07712226712040446
0.12709658473760718
0.12709523017201685
0.15003822427421765
0.17147161360437324
0.18995583786201906
0.20217034338136644
0.23891033965237965
0.23891033965237965
0.29010798568871415
0.33241408896949626
0.3564948136126311
0.3564948136126311
0.36145268245684575
0.3424828629222979
0.3556629622569833
0.36820638743972084
0.38531091119768385
0.41342707803960616
0.41342707803960616
0.4547002891219908
0.4663366523557292
0.47589688743156094
0.4769526304226323
0.4817510673684486
0.4891461336288936
0.4891461336288936
0.4910083653533027
0.49163222851700034
0.4931650905284133
0.4955353196618968
0.4978246833405883
0.4978246813517214
0.498977191695923
0.4989772687700189
0.4934514669169194
0.4876087250734551
0.4837525660239047
0.4837525660239047
0.4749957476285261
0.47340578045257264
0.47339958178121355
0.4726050448292606
0.4722972900152131
0.4729161243292382
0.4717317984584247
0.4632224287457764
0.4632224287457764
0.456307056894792
0.4390520157809487
0.4396599196557358
0.41735285718964943
0.40740435149594034
0.39791927527697657
0.39791927527697657
0.3855315475464066
0.36464404412825346
0.3542025318002481
0.3440891064880607
0.34179080536729955
0.3259407549072053
0.31860743699708494
0.313043842412154
0.309677621469879
0.3071925497838058
0.3045188309465144
0.3014331645573333
0.29723038168360716
0.2922960712670615
0.28693492334635456
0.2812301310505621
0.27511418783855296
0.2751086444924414
0.268560933546503
0.2619608688058922
0.249531516734818
0.24359026580876195
0.24359076204554406
0.23743895309575322
0.23102751220777876
0.22580870621007837
0.21738635653578633
0.21365353262225695
0.20988155678860965
0.2056842995435444
0.2006241264098514
0.20062524796499437
0.18807880952082096
0.18807655579170904
0.17667127072760427
0.17257495732008019
0.17078826264945215
0.16882979726054093
0.16882267715519444
0.16731104419160428
0.16571921516025614
0.1613767664147923
0.16047920278512726
0.159696382213677
0.15582359718791494
0.15582359718791494
0.15448481026841077
0.15330400748509987
0.15198353663406605
0.15198353663406605
0.15085813621553001
0.15100282333589476
0.1488418267109782
0.14667050796757639
0.1466710882416944
0.1443404343154959
0.14064470767404647
0.14082499571692644
0.14169983196302285
0.14765383661447515
0.1489944765741443
0.14900601411965544
0.14807808019819368
0.14796433567707443
0.145828865051075
0.14411446932457259
0.14411446932457259
0.14122270804094314
0.1386390659827532
0.1371462855862235
0.13572931644386532
0.13369938167407108
0.13369938167407108
0.12874170215864356
0.1257344689792596
0.12317686275612323
0.1217099041151302
0.1217099041151302
0.12334576636688858
0.1267419374561778
0.1268225190518176
0.13105049507950714
0.13525391093315803
0.14451797742372188
0.14451797742372188
0.14633305269598523
0.1452432809052083
0.14423541461104433
0.14383129330019978
0.14384146457268726
0.1443247683571624
0.14569815682891213
0.14730969800387433
0.14927744781092836
0.14927744781092836
0.15265519825763071
0.1600091560458355
0.15930736652948144
0.16147365840853267
0.16147365840853267
0.16575084383366886
0.1703046854318055
0.17488404255286738
0.17982711215347363
0.19141423482106074
0.19141430874790097
0.2004578164216181
0.20264424445691084
0.20665579604374262
0.20665579604374262
0.21237506009909382
0.21300218878010777
0.21387998457234975
0.21388631836084082
0.21563374043911185
0.21563374043911185
0.21601361965374166
0.21601405958808403
0.22112425434662666
0.22239092869973123
0.2241532275381323
0.2275871284913036
0.23029176606914234
0.23070999395172642
0.22871012881673852
0.2250204711729507
0.22075695777246082
0.21634149920753734
0.21090696766652767
0.21090696766652767
0.2058299829887823
0.20046848382365137
0.196195361244258
0.18788932094875296
0.1885342093950154
0.18758810597538714
0.18673011777099022
0.18458408400242432
0.18164431007896803
0.17985660868021344
0.177330379876334
0.1710412705767824
0.15796093716000859
0.14637745106011454
0.14637724454397089
0.12581609112836162
0.112114532745878
0.112114532745878
0.10235425180107549
0.09989878787653775
0.10040040452812775
0.09894603384815817
0.09526854749683411
0.0897905578881723
0.07771534887145612
0.0740437665208372
0.07222311177697839
0.07117960595670848
0.0711789019564642
0.06705241473229334
0.06580277840106606
0.06581142338599834
0.05892122813322065
0.0575552073359089
0.057705726394227476
0.057516857765940614
0.05911129867506876
0.06081807268538034
0.06343774867105285
0.06682386304171894
0.06970228033475294
0.07486859108599421
0.08036031147130418
0.08572951377248818
0.09022956526134922
0.09533630409690527
0.10051146193915311
0.10051146193915311
0.09843698112141236
0.09843698112141236
0.10010890474770319
0.10471649345740512
0.10840387541155887
0.11114321286670813
0.1130287175269857
0.11222148778716914
0.11257075436441585
0.1126672043966314
0.11224175401137622
0.11518608138171244
0.1197162260647053
0.12527175091823373
0.12974315678109144
0.13172445652370987
0.13172662613616168
0.13139468069538204
0.13166366923027514
0.1323449836253431
0.13373239678686835
0.1357990675192581
0.1362343769921544
0.1362343769921544
0.13370940829262434
0.13370940829262434
0.1316011461808961
0.13151939226771528
0.13505738152565372
0.13844264739792192
0.14152898881431789
0.1415266111773493
0.14142904077600904
0.14193912186184252
0.14538886132192536
0.14537956447269695
0.15233926792413718
0.15714119535447385
0.15623977983983747
0.15364499202536086
0.1496954241895047
0.1470823288220627
0.14246417747882203
0.14246417747882203
0.1404836016691653
0.14134574886086967
0.142496187754095
0.14520529902434529
0.14565687872085986
0.14565687872085986
0.14620014040210177
0.14674134760052637
0.15030189762745644
0.1515914611572072
0.15265741655803375
0.15176034325837975
0.1493832527104733
0.1439237241686897
0.13641855913693257
0.12994823540417993
0.12994823540417993
0.12498732777529396
0.11489766336734741
0.10780397614199409
0.09843662551588012
0.08836843395714927
0.07977294805275846
0.07977294805275846
0.06452043500130875
0.057515672024417944
0.05117961572099907
0.045767436147446335
0.04193137956046878
0.04193137956046878
0.04324390477218763
0.04324390477218763
0.04868112551847565
0.056188568106459356
0.07333281171400144
0.08254836966367732
0.09085267094392602
0.09811086196342665
0.1036463643299608
0.1036463643299608
0.1147923189676501
0.1205151488871256
0.1264454954333712
0.13294106886495893
0.14119255521758833
0.1411927950943759
0.14778915815500104
0.15275646805943974
0.1613762730834429
0.16137421169996746
0.16879877410177888
0.17107584800343947
0.17301061285299743
0.17404179517001064
0.17444416291192102
0.17410167948825891
0.17332882938939354
0.17332882938939354
0.17111710422008003
0.1699069307881109
0.16833583214108536
0.16833583789671558
0.16511772643624914
0.16339468886670355
0.16194183358436107
0.1603319780072978
0.1581365124087068
0.1561986086576466
0.1543080229884704
0.15211875074440803
0.14864596917040016
0.14510461024388052
0.1410770108554879
0.14107725431658635
0.13329904003768192
0.13290957083717964
0.1292259297027623
0.12203063798994337
0.11910651949204011
0.11659916402256024
0.11350754471416392
0.1141474765617635
0.11147382160822235
0.10605531570879048
0.10337856566791347
0.1020376049534258
0.10045972961322637
0.09832027200366303
0.09759469069511859
0.09759408855754184
0.09439986324735757
0.09439986324735757
0.0926847467831471
0.08901012962901442
0.08901012962901442
0.08466096799323486
0.08227570492320414
0.07865456818747664
0.0761884542451263
0.07421070990401715
0.07243385165012235
0.06907528622173072
0.06563566569195473
0.06563566569195473
0.05949907100954243
0.05949882051229688
0.0543081416707496
0.05168523642252467
0.04857141014223596
0.046272114786665375
0.0462724275765375
0.044135619835025466
0.042103264359474125
0.039775297155648856
0.039775436005095054
0.03729970009465254
0.037717043021412267
0.03642688288463973
0.0352571320335375
0.03321541667094113
0.03321593053779909
0.032772925487027996
0.03236787474937475
0.030513024783680846
0.03053465233828346
0.0301478370318084
0.02924536256776732
0.03012591694827546
0.03194664941991448
0.03400382224417319
0.033688152505450535
0.03293660320042768
0.035300882574995744
0.03530318730276135
0.033177841248150916
0.03453256132078472
0.03588267831510819
0.033263462996699335
0.033263462996699335
0.033687449621219945
0.033687449621219945
0.03416676473695026
0.030717542589270244
0.033616866741863594
0.035504651565838256
0.0379525078378504
0.03459683361677293
0.03120887688451966
0.04222004654442485
0.04222080189802496
0.04147028553577536
0.04167339062156605
0.04092155577552864
0.04769462774279311
0.04769580537998828
0.05183011827569644
0.053873597563356246
0.05524160689687663
0.05684238013856111
0.05943164050510173
0.06193346482152115
0.06223254903283339
0.06223099259846264
0.06229214521294624
0.062302023481351526
0.06423500833116208
0.06571432413251045
0.06802025604375687
0.07006087701381424
0.06687124727776811
0.07587213505335266
0.0800109333268879
0.0858117566559171
0.09336042194013183
0.09260920830075013
0.1060693996960877
0.11366740147469423
0.1144624121196929
0.11446608861030959
0.1100730186026494
0.09151853647797176
0.0798137871293842
0.06650057831853513
0.05314846420001272
0.03670507029709448
0.03670507029709448
0.003656638000063651
0.003656638000063651
-0.014124775368995346
-0.03142542077502581
-0.07661498313436224
-0.09958507919676139
-0.12410398638504387
-0.11794570407285575
-0.14198097208535584
-0.19555212825016274
-0.1914622911167063
-0.22127848345066323
-0.24419477613965493
-0.2767579192294257
-0.2929959804172762
-0.2929959804172762
-0.3097998272294326
-0.3237941249836467
-0.33107367414865957
-0.3452958752629535
-0.36659048727642446
-0.36243825861697476
-0.3465238587150907
-0.3529461823800117
-0.3209755138678125
-0.3209755138678125
-0.3391033591141219
-0.32450085514961735
-0.3286229331429039
-0.29884507280547445
-0.2962242308686007
-0.2634809554843476
-0.23480526366604712
-0.20844792058060813
-0.2084477875122246
-0.16063124453213007
-0.14015715390382086
-0.12300426496757744
-0.10580564266298041
-0.08701613417126057
-0.06677270877993557
-0.06677270877993557
-0.046935777286398604
-0.024841063268947125
-0.012248602029962008
0.007671830874976818
0.017654490564961652
0.025483741290066003
0.034450577527323806
0.03535339252967011
0.048005754916635945
0.05001720320236067
0.05929059760154468
0.06808186626952047
0.08016748067518087
0.08556904389749408
0.09108322724674588
0.0913936728058826
0.09710170092325984
0.10236166534029621
0.11276317436548706
0.11846609545386139
0.12117647551989646
0.12578135448915317
0.12578135448915317
0.1331724102456256
0.13497381096565209
0.13497381096565209
0.1372312409784303
0.136831597876779
0.1414723136075297
0.1414723136075297
0.1443570483536323
0.15297345218556047
0.1570851939652272
0.15965025020039697
0.16147430675000304
0.16147430675000304
0.16334965125991383
0.162087739908605
0.16424556538970778
0.16630784572467253
0.16900137038652902
0.17193667453188513
0.17432277186554873
0.17432277186554873
0.17574473454214123
0.1759249072108919
0.17728544110282315
0.1746209830841719
0.17264900860523247
0.17264881289425826
0.1678520585804747
0.1651394994786858
0.161851459665964
0.15754655602936127
0.1565479793821309
0.14829988365068422
0.1439891703575703
0.1399995355043584
0.13819065459678986
0.13048009811464922
0.130470962560624
0.12490187541359389
0.11411385644789891
0.11411385644789891
0.10792936056981206
0.09702932357912797
0.09167595917812849
0.08679498139125734
0.08226770522888915
0.07640277274725452
0.06964355729110809
0.06226827104678419
0.06226827104678419
0.056683935319443796
0.051093415947198496
0.045417310906156895
0.03468982153327175
0.034692280080961285
0.025357959149657557
0.024007279618153694
0.02032688295088183
0.016825994400548983
0.007436263039179199
0.0047774056764531845
0.002086656340503128
-0.0006620256161315107
-0.0033491955851439673
-0.010413041751110174
-0.013541787889460526
-0.016769939713949616
-0.019902311510786183
-0.021176845235580926
-0.025235009909338506
-0.03222832868932952
-0.036058670799068195
-0.036058080335465634
-0.045334734711849005
-0.05066074847448266
-0.05656087095897593
-0.06474934273941721
-0.06306615521025248
-0.07032465797384968
-0.07831931804508666
-0.08563209699760699
-0.08935440412327719
-0.09558096895654147
-0.10163809262533596
-0.11090262672689402
-0.11090353898535296
-0.11686407413837083
-0.11855265940594177
-0.12461078179199664
-0.12789147585127109
-0.13191970881707904
-0.13191684623780367
-0.14924307515618931
-0.16160195267944535
-0.15235723186938302
-0.17259196083111364
-0.16182678511167042
-0.1630088168871967
-0.16300924299093006
-0.16208523014041726
-0.16645515444210257
-0.16645515444210257
-0.16757185433983582
-0.16392476994163438
-0.1591248044314534
-0.1580480359620685
-0.15291117451159666
-0.15035593992619284
-0.1410882625370643
-0.13413123902151924
-0.14897907810659428
-0.1530059302117475
-0.15300641891531475
-0.17036192983336743
-0.20509734472787178
-0.20495151560056538
-0.22819714798932125
-0.24594361999498132
-0.2952329016237177
-0.2987757489125319
-0.3390546206982639
-0.3616348544845915
-0.3616347327219524
-0.40569261969878323
-0.4056895844988456
-0.4275311085527904
-0.4495538708591443
-0.47230312342745245
-0.49618426286311657
-0.52359878
-0.52359878
-0.52359878
-0.52359878
-0.52359878
-0.52359878
-0.52359878
-0.52359878
-0.52359878
-0.52359878
-0.52359878
-0.52359878
-0.52359878
-0.52359878
-0.52359878
-0.52359878
-0.52359878
-0.5140225213442969
-0.4666942798378309
-0.46669372326097497
-0.4082470835463641
-0.4082424486415124
-0.3375330851654357
-0.2954336070679265
-0.2954336070679265
-0.25896907913863
-0.2253001545677365
-0.12756972347971077
-0.07584021398713855
-0.07584041453008425
-0.02267520041286558
0.02895958224165983
0.0831961052891392
0.19665318881636434
0.2535070064167392
0.310709144348539
0.310709144348539
0.36449313086968343
0.45902679411771335
0.5033806848836762
0.5468942196815368
0.5882215244754255
0.6270422289089689
0.6270422289089689
0.6698490997968762
0.7150164551933508
0.8096323891187202
0.8546497635138605
0.8926205956133115
0.8926231503084122
0.9221051645032748
0.9590744154251574
0.9528726737888954
0.9726148669820596
0.9974638437692787
1.007296691377662
1.014195533027577
1.0202624652704773
1.0212746950449583
1.0386599869968418
1.0386599869968418
1.046947342914607
1.0522565452525336
1.0460255977888353
1.0607482910892299
1.0607477506391998
1.095294966868157
1.095294966868157
1.1242804100102903
1.1379395869327202
1.148051555178716
1.1480514854402168
1.158978229353873
1.1390631218507823
1.139062932225965
1.045204219114395
0.9904794439116184
0.9405943032139245
0.8895675928809489
0.8343341714222431
0.7765844562169953
0.7163549477537219
0.7163549477537219
0.5785050518014324
0.5785050518014324
0.4154439584930886
0.4154439584930886
0.3002284593840065
0.1368257441091993
0.04990526666381967
-0.027442832862852783
-0.027442832862852783
-0.1049269040730877
-0.16785684974270154
-0.2982767703144237
-0.29109012813581653
-0.41271555447289004
-0.46482930208699663
-0.5109190688866837
-0.5109147577676983
-0.52359878
-0.52359878
-0.52359878
-0.52359878
-0.52359878
-0.52359878
-0.52359878
-0.519999809472652
-0.4747322665855274
-0.46144780372278893
-0.32404308994630665
-0.32404308994630665
-0.25608170877902964
-0.21276599407765248
-0.21276599407765248
-0.10731382166070641
-0.04883537455578082
-0.013451596072169461
0.03148774516031476
0.12733769702331008
0.12733769702331008
0.23235554040803602
0.37586163097722575
0.43751453897717674
0.43995654877521784
0.5577437306175709
0.6095007922286846
0.6684073263054945
0.7154017486563229
0.7564077413398133
0.7564077413398133
0.8271912157377407
0.844334436976821
0.8988885680796191
0.9002569536726216
0.9096493540211943
0.9096455652034352
0.9305442289513446
0.9660592909679604
0.9913323416474205
1.005000226018829
1.0152069216873865
1.0731862397749485
1.0921036785321043
1.1138220772374263
1.1331065824589677
1.1488333052915125
1.1547946355407155
1.1520406090591881
1.136136857451561
1.1146400912809185
1.1146400912809185
1.068376418125325
0.9241972643801452
0.8458291768748326
0.764152985913252
0.69286056259589
0.69286056259589
0.6937916095431506
0.5826746658656002
0.5826746658656002
0.4215879438364909
0.4045881839101001
0.23580037784606284
0.23580037784606284
0.1427416764242659
0.05685989933904636
-0.0920819448344178
-0.1632315717611063
-0.23334647158364108
-0.3154022963590177
-0.3154022963590177
-0.4387030535666469
-0.4544385046650117
-0.4228456528418903
-0.4802052095520241
-0.4802052095520241
-0.440007613888267
-0.4137231081974742
-0.40934585535246976
-0.4140454803158179
-0.4408925334962354
-0.4757223624048263
-0.43854347210763694
-0.42524779948790703
-0.37626204468178887
-0.2241615877297604
-0.1832769937763961
-0.14785915313515705
-0.13033622299767184
-0.09525423401079507
-0.04867071968626986
-0.04867296151892195
-0.03306109614024371
0.15925339756533033
0.27614935603248836
0.27614935603248836
0.41473303349796153
0.47563397876528246
0.5312984912634889
0.5907645913994385
0.6556289591339672
0.7122688318793294
0.7610223200227489
0.7990490313714511
0.8365344969989309
0.8701916256083518
0.9004307363177502
0.9004307363177502
0.9532094945396011
0.9852321734553481
1.0251115351399434
1.0605161992287013
1.090371586116282
1.0989046819955126
1.142058186343828
1.1734667237871617
1.1734686694661218
1.2086414679144701
1.2086414679144701
1.235400471756449
1.1973240570840764
1.23375237717334
1.2297636055429757
1.2195396699341456
1.1947217330314766
1.0592842357592105
1.0592842357592105
0.8798583582057306
0.7944803438892527
0.7069794395166082
0.668411734438814
0.6322743663527036
0.5747618670887192
0.5636453653520876
0.4200656084528253
0.4200656084528253
0.2375420426318291
0.2375420426318291
0.12584267216069564
-0.04781214739263747
-0.12938973602663764
-0.21142721292256908
-0.29410076519364753
-0.37509088362528475
-0.3750917730942991
-0.5059501964437358
-0.52359878
-0.49627612753897815
-0.52359878
-0.52359878
-0.52359878
-0.4784453046153774
-0.4512949734233971
-0.5058264754500587
-0.52359878
-0.52359878
-0.52359878
-0.52359878
-0.34312740312091183
-0.28531105157095027
-0.3175114024925398
-0.2661711653771595
-0.17187061709455792
-0.16159762251672385
-0.1083952132919031
-0.0861924675872393
0.02686614605559376
0.17235119655824135
0.17235067562447726
0.2621085123547388
0.3269146924829357
0.445170166224896
0.507901835552094
0.5738565517120842
0.6195088109373382
0.6250563365745352
0.6688297180256244
0.7492546358678148
0.7776817212301106
0.79926953105698
0.8190890551433516
0.832291608928253
0.8326643473028854
0.8235190427315332
0.8299783937714804
0.8397298927339681
0.8922939678718004
0.9303609883326827
0.9717801042340332
1.0118889045710262
1.0409212564636263
1.0409210833000258
1.0879368718802964
1.1005097156073327
1.0965681079472032
1.0563964863931434
1.0869554092338096
1.0661359257431053
1.0661358498889484
1.0040868058042904
0.9017208262141374
0.7756551496199541
0.5635379835498925
0.47428388417079476
0.4671804415980365
0.4480089796523499
0.3957113927648006
0.314851005786798
0.22148906325055392
0.12592755287158747
0.07521158648459139
0.005259156334351648
-0.16823824297506446
-0.25337008589086074
-0.3280751490838026
-0.3280743085283716
-0.46477819883065286
-0.52359878
-0.52359878
-0.52359878
-0.52359878
-0.52359878
-0.52359878
-0.44785140498332204
-0.41404719346041136
-0.38738561295062146
-0.38738584119135505
-0.4044631787183863
-0.41953558226421783
-0.52359878
-0.52359878
-0.52359878
-0.49543386904500697
-0.413193178723186
-0.2877913513900465
-0.2877913513900465
-0.2851951866352516
-0.30755430531460665
-0.3665057137778336
-0.3876471686932924
-0.3608179895615627
-0.09934014168458168
-0.013823980211211263
0.02984115653473877
0.06573826351408853
0.11755854826803214
0.11755854826803214
0.17985635888321455
0.2941837970293053
0.3363387791048704
0.3688591594296301
0.36886043018941694
0.39038476963182756
0.4237729876527758
0.44269733291536684
0.46339511070548456
0.4838470044213025
0.4838470044213025
0.5022499674069558
0.5419970581099134
0.568436686775839
0.5899938160288217
0.5899938160288217
0.6091512075873734
0.6549208594154005
0.6787028322488101
0.6935605156106834
0.703038207348243
0.7413496757811348
0.7650351776527747
0.7880082066506945
0.8029713933291295
0.8029713933291295
0.7544219018934704
0.7544225789298574
0.6803023592483809
0.5823632060027447
0.363512914280246
0.28491947101453974
0.25402186718154807
0.2516454282742242
0.20694003191984486
0.16330602863995516
0.04848822531246633
0.04848822531246633
-0.027983908280159907
-0.05077663716543174
-0.16726829868022786
-0.22105514068282123
-0.2681796309934232
-0.2861363349531713
-0.3101249412982379
-0.3872719819512611
-0.3872719819512611
-0.4576525835754989
-0.4995193869671251
-0.49943852049758564
-0.52359878
-0.52359878
-0.52359878
-0.52359878
-0.52359878
-0.52359878
-0.52359878
-0.52359878
-0.52359878
-0.52359878
-0.52359878
-0.52359878
-0.52359878
-0.52359878
-0.52359878
-0.52359878
-0.52359878
-0.52359878
-0.52359878
-0.52359878
-0.52359878
-0.52359878
-0.52359878
-0.52359878
-0.52359878
-0.5020950093129485
-0.4345989168649975
-0.3877757871576263
-0.3050251630138777
-0.3144685708336801
-0.2406152730968259
-0.2406152730968259
-0.11395402904332777
-0.04223995728151833
-0.04223995728151833
0.044667599456619196
0.1356054546774973
0.1356054546774973
0.19192662044827818
0.30344250690153507
0.3574291282186127
0.3574290327132999
0.4281794172211738
0.4843705544384933
0.5164242536193167
0.5445614822870105
0.5707284091930593
0.592278049606658
0.6140824089307974
0.6296085264886767
0.6413293607220018
0.6413293607220018
0.6482763226520516
0.6399214541439238
0.6399214541439238
0.6258894631957419
0.6082594744931993
0.5890587128955828
0.5722647663931549
0.5645604466583344
0.5516204620004735
0.5498913451556825
0.5469521191330335
0.5455733857421642
0.5238900198548562
0.5238900198548562
0.4876712919681457
0.48553020531201807
0.4632923703477015
0.4392219953056692
0.38304075814132915
0.34931041313608474
0.3067133948026902
0.25271985929663815
0.22547525575757202
0.11344159675061863
0.024004247941726176
-0.07847182695485137
-0.07847182695485137
-0.2722715891896512
-0.2723570768391132
-0.3161829756943786
-0.32696066448997274
-0.3349203643560542
-0.336549784350157
-0.34568619025246644
-0.36971455074969306
-0.44480495674359694
-0.4805962464203557
-0.4805917478893123
-0.5069081052681886
-0.5172186212190173
-0.52359878
-0.52359878
-0.52359878
-0.52359878
-0.52359878
-0.52359878
-0.52359878
-0.52359878
-0.52359878
-0.52359878
-0.52359878
-0.52359878
-0.52359878
-0.52359878
-0.52359878
-0.52359878
-0.52359878
-0.52359878
-0.52359878
-0.52359878
-0.52359878
-0.52359878
-0.52359878
-0.52359878
-0.52359878
-0.52359878
-0.52359878
-0.52359878
-0.52359878
-0.52359878
-0.52359878
-0.52359878
-0.52359878
-0.49073796620622506
-0.49073796620622506
-0.4002077211129954
-0.31818415839065156
-0.2891092517503364
-0.1342676375267395
-0.1342676375267395
0.013295746013825051
0.059283975015352215
0.09516897893471621
0.10306713964235324
0.19053484048316646
0.25251419966482896
0.25251419966482896
0.31825579226329853
0.44580141471749285
0.44580141471749285
0.5629212381785443
0.6138350198240053
0.6138350198240053
0.7047750721636921
0.714357589995055
0.7821405580499231
0.7821405580499231
0.8528486059093614
0.8862799450579057
0.9190425066378008
0.9190425066378008
0.9505311488698849
1.0097643323390597
1.0322632009410169
1.0532747154775652
1.0506255643600124
1.0506255643600124
1.0412844505155026
1.0353982197341707
1.0257677657835715
1.016273776132306
1.0158925782229886
1.0034694235883828
0.9924481328904783
0.9818729812010667
0.9670721767697296
0.9465005051927711
0.9465005051927711
0.920957062788891
0.8728974371297483
0.8952951807711788
0.8232856405998145
0.8088550485360082
0.7591895745937937
0.7591895745937937
0.7025305652606904
0.6742290271174498
0.6742290271174498
0.5831900640175262
0.5282902846426413
0.45869302144621377
0.45869297155480615
0.3689086748598196
0.2538340586442967
0.03326615940082439
-0.05560237167166783
-0.05560237167166783
-0.183996895101713
-0.1869881220269265
-0.2642441229056013
-0.30073498519276254
-0.34026271508330563
-0.34026271508330563
-0.38247722789689187
-0.47498358508375704
-0.52359878
-0.52359878
-0.52359878
-0.52359878
-0.52359878
-0.52359878
-0.52359878
-0.52359878
-0.52359878
-0.52359878
-0.52359878
-0.52359878
-0.52359878
-0.52359878
-0.52359878
-0.52359878
-0.52359878
-0.52359878
-0.52359878
-0.5154181160419894
-0.5113234041011745
-0.5191876451307013
-0.52359878
-0.52359878
-0.52359878
-0.52359878
-0.52359878
-0.52359878
-0.460116892382354
-0.18238778243889703
-0.18238778243889703
-0.03374693741115
0.04960812927775114
0.11763881375625108
0.16947143384072538
0.20739629329642134
0.19408848751607674
0.2389924499397769
0.2948064361161075
0.3273262483867449
0.3644189281585649
0.41195896063263104
0.40310508481969526
0.4858302201951209
0.4858302201951209
0.5398566227067169
0.6173019387883164
0.676315418890285
0.7494840760973711
0.794937188405317
0.7949360108202865
0.8212976149730901
0.8580293595766951
0.9331383219879
0.9331383219879
0.9521252318663683
0.8970709373654565
0.851847136265195
0.851847136265195
0.7994155822115466
0.6804225902458372
0.6326777983851778
0.6576112684174305
0.6196763672810812
0.5508671112351278
0.4439658127029606
0.3015609951595263
0.10653568416380914
0.05848733929928393
0.038668147041317665
-0.0012617564572895688
-0.05949150434560768
-0.11453110656266949
-0.11453110656266949
-0.15734547858090153
-0.18243553378818608
-0.17775755148784528
-0.19441199879676618
-0.1574784244684292
-0.2257449250341866
-0.2683455348956764
-0.2488416225153298
-0.3502041224309285
-0.3593595147143939
-0.3548975659757295
-0.3202853675057349
-0.28466226362390384
-0.28466226362390384
-0.20299916550391126
-0.20299916550391126
-0.1118169285058456
-0.09273723735554901
-0.09273723735554901
-0.10075016427220429
-0.1169925758737204
-0.14288751356392337
-0.16671360233307517
-0.16671360233307517
-0.211034098611917
-0.2517447833289928
-0.22412013555022878
-0.13001866483463176
-0.053762195213502485
-0.015182368057997025
-0.01850340754210413
-0.023714655316176673
-0.023714655316176673
0.09989351291232482
0.35274807635125666
0.37249877364529
0.37249877364529
0.3802115665693659
0.3855267805119968
0.41546613725819237
0.4646864259136526
0.5141546972614579
0.5564936465178418
0.5885116901605203
0.6165289286331809
0.6896975487811569
0.6836840010018632
0.7506145251490076
0.7964065323961879
0.8325974165654373
0.837047873695115
0.8769905838944281
0.9439685254412024
0.9439685254412024
0.9927510160364371
0.9968229080149043
0.9726273342240326
0.9037442024871168
0.9037474201964084
0.8534359902648188
0.7908867335583476
0.7171549908656966
0.6493499854277595
0.563281068263299
0.4992131244152334
0.2908233353276068
0.2908233353276068
0.17868850342108838
0.07326335251169701
0.015332300745624998
-0.08357362867681185
-0.14801251311887426
-0.1881955520939418
-0.21883683163882198
-0.21883683163882198
-0.24870319091080112
-0.24870319091080112
-0.2590229850098257
-0.27110365013877924
-0.2875196912343701
-0.27710613261152417
-0.29240711204125924
-0.34235627303809785
-0.33265556160410537
-0.3162331488224736
-0.2933893560979221
-0.22879347549360707
-0.18022566874512425
-0.1258833789408887
-0.07719041000745122
-0.07719041000745122
-0.04233783568398475
-0.025881760063300403
-0.025881760063300403
-0.02766777074244973
-0.02766777074244973
-0.09233536029335158
-0.1049892498632474
-0.1049892498632474
-0.08654097235506635
-0.015350599684581271
-0.015350599684581271
-0.04454028578057745
-0.1420869002693603
-0.1683725129387727
-0.16837223737401988
-0.18301849949284865
-0.1229827235981382
0.1465986778061188
0.17417974608451928
0.18962103520873816
0.18962103520873816
0.20603824855980518
0.3097870448933576
0.35546972953380035
0.40082083482058173
0.41635664856967886
0.4381986115159647
0.4796438514880978
0.4596790125897202
0.505342676299993
0.505342676299993
0.5326203655690008
0.5692063376689532
0.6151175116505936
0.643862682370474
0.643862682370474
0.7051170085479083
0.7322645130945343
0.7628870827495933
0.7834383629456015
0.7717644714322811
0.7359732150876784
0.6835454230150717
0.6161273207413535
0.5448467367028685
0.48322722581157646
0.43189598109253585
0.3767389084966603
0.3767389084966603
0.2225410720582636
0.05296811378500643
0.05296811378500643
-0.07720224913926028
-0.14996248595857822
-0.1832816149531208
-0.22443011282512726
-0.22632893970193865
-0.3360399648925297
-0.3903365702507527
-0.3903365702507527
-0.4389918082652907
-0.4832021442997752
-0.52359878
-0.52359878
-0.52359878
-0.52359878
-0.52359878
-0.52359878
-0.52359878
-0.52359878
-0.52359878
-0.52359878
-0.5178960085288873
-0.52359878
-0.448707888919241
-0.4701555441354461
-0.49309467934201956
-0.5187998988257024
-0.5033870499303412
-0.52359878
-0.52359878
-0.52359878
-0.4560910309616904
-0.4560910309616904
-0.4057650257153304
-0.40938480610242706
-0.4614702659139812
-0.52359878
-0.52359878
-0.52359878
-0.52359878
-0.52359878
-0.46276269483360566
-0.41796467145773797
-0.3347738693101148
-0.32842654873897764
-0.29823374521144286
-0.2567732665025769
-0.2023382969631714
-0.2023382969631714
-0.10827268359197167
-0.06653283497700026
-0.02514248544575314
0.018445117066626195
0.014493939062454393
0.05362149137790547
0.11676445764745327
0.1392335069562923
0.1392335069562923
0.15639578815756447
0.18114582157800677
0.17986382782738125
0.17512856066220914
0.16552869805640744
0.14829090571282927
0.14651540840945093
0.13433449782204993
0.14019906119871933
0.14928378208581133
0.14967722606852862
0.14754776372006562
0.13290208586420973
0.13290208586420973
0.1110630598428101
0.09461323692842648
0.07388550757592599
0.07388550757592599
0.022997098022664177
0.01766900846603982
-0.06843625849307976
-0.09673160103925862
-0.08400051418275449
-0.05573797769763995
-0.05573797769763995
0.006716997121771814
0.03147450822052182
0.014371333637239532
0.03261094587037072
-0.019603035623504298
-0.04928755927565063
-0.07375936197563615
-0.1037842883149574
-0.1037842883149574
-0.1600202364029499
-0.1600202364029499
-0.22509114047360732
-0.2536389832037237
-0.271106362784607
-0.23051253713441622
-0.2701895306080566
-0.2156664931937177
-0.17366928645962426
-0.17366928645962426
-0.08081260480122238
-0.05500549502246887
-0.054876097550551915
-0.07802145188216375
-0.11695293285236039
-0.11695293285236039
-0.2038279098881847
-0.2038279098881847
-0.25837707610248883
-0.28426508184968
-0.2986404589912944
-0.31221315184953113
-0.31221315184953113
-0.34309465997084315
-0.34309465997084315
-0.36111141552683906
-0.3818181974566491
-0.4047526735913392
-0.43054297220008575
-0.3739220282352396
-0.3546302530622984
-0.34392138992162186
-0.33703987454760387
-0.32482675001092665
-0.32740313857933434
-0.32740304344802945
-0.34242924078799025
-0.37176602057143043
-0.4113649300661955
-0.45298193835500866
-0.47267221142598176
-0.48801709914074654
-0.50016512083023
-0.49611588942999785
-0.49611588942999785
-0.5025264839646852
-0.5025264839646852
-0.52359878
-0.52359878
-0.52359878
-0.49637568151205136
-0.44283754599860126
-0.37276096202918296
-0.35723700620885956
-0.31377533394649026
-0.31377533394649026
-0.28402318575110747
-0.2622407555081744
-0.2591738703775306
-0.23368182994143577
-0.18772604898548492
-0.12110291819087572
-0.10904598386312152
-0.04544667158301045
-0.04544667158301045
0.012272650872306157
0.039357730609415574
0.039355256125737655
0.06581434763577021
0.08846353170721316
0.10678856445941787
0.1383516410512743
0.14192883956543517
0.16744780586567506
0.16858267517981837
0.17962970378917056
0.19097368389783131
0.20318208833083437
0.19896748166215097
0.20996596726443342
0.21034940586597647
0.21034940586597647
0.20818274856363647
0.20818274856363647
0.19972862599154093
0.20455163589613323
0.20462166489361333
0.201908507243229
0.20296336969902132
0.2049899794409709
0.2006043263729266
0.19043285515398112
0.1936912914269911
0.18604567504371694
0.1823622289519968
0.1823622289519968
0.1723929332328211
0.1696157548576214
0.1696157548576214
0.1656309041963737
0.15669575509457886
0.14269299492189283
0.130634938557889
0.115060109202426
0.09971546126195185
0.0861607401368161
0.0861607401368161
0.05272198802941641
0.05272198802941641
0.035613432991406374
0.018593892704002468
-0.022242928402922517
-0.038361255136885604
-0.06014191047300845
-0.0843207848656348
-0.0843207848656348
-0.13851272676761509
-0.13851272676761509
-0.19259182747762657
-0.20295572268786172
-0.2424711841197034
-0.26436357687762013
-0.2829668296511117
-0.2978167574721746
-0.31002876671184315
-0.31002876671184315
-0.32263681452557896
-0.3375664678014594
-0.36767678009106575
-0.36767678009106575
-0.3859516668476771
-0.40443698521871774
-0.4422125387198257
-0.45823038403780514
-0.47157049556102226
-0.45790031696927247
-0.46842423206642975
-0.491530586356412
-0.4992404932963861
-0.509358907189191
-0.50623935667838
-0.50623935667838
-0.4962643232426579
-0.4621197010554662
-0.4338208414666208
-0.39697486928975145
-0.34342289977511187
-0.27443236988218644
-0.27443236988218644
-0.22088857391379219
-0.19213603593019418
-0.19814865080560431
-0.22588782326508502
-0.2347277066474336
-0.2347277066474336
-0.19792210864297527
-0.1513855011303382
-0.09287655463862998
-0.036518667427803145
0.003947760963004086
0.007129987677225236
0.02690597184132889
0.02690597184132889
0.034780725341434615
0.034780725341434615
0.046638115073265624
0.07378790282560276
0.07378790282560276
0.08462170317714213
0.07820863053379547
0.07134070027354908
0.06823178554483221
0.06193752042182752
0.06193752042182752
0.05731581422126337
0.04868407358099324
0.04361348542598035
0.03821526659806495
0.03821577234224553
0.02782661724029314
0.017455899676897042
0.009004847586660597
0.00944606416995696
-0.003327046905480449
-0.003327046905480449
-0.008238064484860256
-0.011942372904717082
-0.018006770737390133
-0.020328013539226024
-0.022122842616651275
-0.0229390860795064
-0.019831543938810335
-0.019831543938810335
-0.01841675809203083
-0.015520248219198595
-0.00803181737688871
-0.00803181737688871
-0.006751191623369675
-0.006914876754485703
-0.006914876754485703
-0.008442536199380813
-0.012237860438117018
-0.012237860438117018
-0.018282362315427316
-0.023450588984879898
-0.02345069475254933
-0.027957841037857034
-0.032072119586273755
-0.032072119586273755
-0.030695373107644922
-0.024688438167894032
-0.011497363158729186
-0.0032595310114131495
-0.0032605233735412812
0.010027283615253658
0.013136784633294813
0.01516481098995351
0.019595043866828782
0.020573329031052398
0.017238039722158937
0.01139189002018318
0.0043290577671929314
-0.0030951626819618566
-0.0030951626819618566
-0.015108552201262058
-0.01735284925409504
-0.017744008148055598
-0.017767936329988607
-0.017767936329988607
-0.01696060952724085
-0.017666865662235215
-0.017666865662235215
-0.01812197840094895
-0.017813368940596347
-0.017765769384611038
-0.01920869613926258
-0.01920870109404011
-0.020173458111696792
-0.0253649521441441
-0.028463975149592317
-0.030502347793692944
-0.03860949637088514
-0.03860949637088514
-0.04445407839307672
-0.04696230734125272
-0.0546647036105752
-0.05466348136829863
-0.06085173618856399
-0.06290602559218866
-0.06356229169076655
-0.062482458315666206
-0.05773206972513327
-0.05950651113566668
-0.05424792002745098
-0.05424792002745098
-0.053143401110438956
-0.057942499921440904
-0.06305438481057844
-0.06777602463358723
-0.07101297527271998
-0.07101297527271998
-0.07379299414230145
-0.07379299414230145
-0.07365205677798532
-0.07385123698414264
-0.07429051613430122
-0.07490042237429254
-0.07679031972104315
-0.07678121356649081
-0.07917438541083928
-0.07992856503807716
-0.07696241153386413
-0.07503153745150308
-0.07374428137593246
-0.0729110032448782
-0.07251997405444441
-0.07251997405444441
-0.07331080165520899
-0.07330935483460832
-0.07500273694006955
-0.07480950222828743
-0.07593777250012029
-0.07593524697692841
-0.07950447134685083
-0.07950361743896686
-0.08146705119414208
-0.08341636049612995
-0.08516080068222756
-0.08599663328071817
-0.08561494091020092
-0.08527092951866466
-0.08227924262958344
-0.08228140169617316
-0.07832009511068365
-0.07796197215880164
-0.07651375844351284
-0.07707127782613274
-0.0779675251829748
-0.07851675234709188
-0.07861413394279389
-0.07963312269469741
-0.08040883244082683
-0.08151342372363887
-0.08180690900557541
-0.08032655761113439
-0.07870330089048591
-0.07696496207780458
-0.07459119667657371
-0.07459119667657371
-0.07393434917542455
-0.07018975758632755
-0.06599469008699935
-0.06599348089878472
-0.06332877254256587
-0.05957208841641328
-0.06079834642401238
-0.06228469641574738
-0.06228403448604022
-0.06795341832211275
-0.0679516358903088
-0.07658111269806592
-0.07787578016017839
-0.07787564285526175
-0.07821874471851334
-0.0779432945744277
-0.08011434264034659
-0.0832396072171881
-0.08427855465196608
-0.08351417642045854
-0.08355705272199047
-0.08577250677221646
-0.0857720022464847
-0.08611415782739704
-0.08601611842972275
-0.08550366417376358
-0.08508251120770693
-0.08325040855171878
-0.08492257441939154
-0.08491655438687219
-0.08414777744246767
-0.0818582261366104
-0.06464513843745534
-0.06178055732735509
-0.0640131075165631
-0.06915865140116803
-0.06932566134818097
-0.0666527513022599
-0.0628208475216935
-0.06281862126587595
-0.05639332066505002
-0.056393444560447446
-0.06263486647454637
-0.06682334761560342
-0.07118985500247803
-0.07118172897592738
-0.0848306175139215
-0.08482901423378528
-0.09906852278231229
-0.10081497652014054
-0.09994648670802755
-0.09892815140305478
-0.09893808699728308
-0.09844724165905955
-0.0985381597263503
-0.09744142001475659
-0.09609461657986039
-0.09494574793602768
-0.09494581200590364
-0.09041211010466844
-0.08830699937232307
-0.08830632323290935
-0.08751813958306541
-0.08235389488189603
-0.07771803470977158
-0.07522645754674198
-0.07522699844363727
-0.07607887091464316
-0.0760797049802497
-0.07915391853059599
-0.0825429809057495
-0.08702412346464071
-0.09105154680925245
-0.09112828193574375
-0.09622897073875104
-0.09622873872426642
-0.09745423687894883
-0.09745350170584528
-0.0982964074014899
-0.09829348872182594
-0.10000185580262659
-0.10000931072553285
-0.10001770627823486
-0.10017138443026885
-0.10083026632081234
-0.0996970083432776
-0.09718042996497286
-0.09470827746535121
-0.09277711092166974
-0.0916806282919322
-0.09174091910341624
-0.09174401236941439
-0.09174819127262304
-0.09162141585415967
-0.09151870294963214
-0.09144419069649494
-0.09128681623997152
-0.08980255957213044
-0.0898039013726577
-0.08771338455841723
-0.08677580514079092
-0.08677378572967562
-0.08343242594780151
-0.08164325526932308
-0.07909478240677761
-0.08069738123579236
-0.08070306301395429
-0.08420726820715821
-0.0962503841698208
-0.09843751613409614
-0.09916902226270936
-0.0998692187646887
-0.09846667798940455
-0.09624064472316325
-0.09352780183230086
-0.0904931136219751
-0.08702566670611651
-0.0852793863672024
-0.0852796762566286
-0.08377288606449157
-0.08377597877807438
-0.08108375708118941
-0.08108464414239525
-0.07816282290753424
-0.07761164762628132
-0.07457567054333662
-0.07259587617851823
-0.07260190884937305
-0.07123432196592662
-0.07236379220882946
-0.07358181425659306
-0.07319590952855304
-0.07236563761408164
-0.07109986619187562
6.305789391957323e-05
7.53247301049652e-05
0.00010424025184611833
0.00011327281661750873
0.00016653707345924037
0.00018995650239782223
0.00019487751855671307
0.00025259995894148644
0.0002701652903624222
0.0002951559061736813
0.00039793029471326297
0.0003974764462824504
0.0004120906875471249
0.0004548588333774992
0.0004668168780553976
0.000485133190188618
0.000528289864313178
0.000528289864313178
0.0005396389634432122
0.0005564653425982331
0.0006027948231221407
0.0006220224616286167
0.0006387610610507179
0.0006430224396304667
0.0006931947067860504
0.0007022353875137723
0.0007748985952675705
0.0007721898519215594
0.000773448155881594
0.0007915336757648099
0.0008296701094235794
0.0008429071252273974
0.0008468833442735117
0.0008798067802479479
0.0008846556153156778
0.0009242107040141596
0.0009327846444391214
0.0009943409605743748
0.0009937507696760725
0.0009946081383758187
0.0010351889219191589
0.0010472933506320617
0.0010499163523129526
0.0010596573894309602
0.0010993195949215925
0.0011054016435906944
0.0011483004564432843
0.0011483004564432843
0.001160394586841369
0.001164782316473037
0.0011978321926748672
0.0012120801213677806
0.0012275908433384982
0.0012298217217189158
0.0012747148183824514
0.001275517283306446
0.00129365860612018
0.0013042729760604332
0.0013432473558520923
0.0013738387259326242
0.0013739235274477435
0.0014037918610253304
0.0014083576603932896
0.0014176571748394434
0.0014328260201384466
0.001469835360792218
0.0014738395112485411
0.0014749062935089494
0.0014829629738896748
0.0015309592262891852
0.0015309592262891852
0.0015384614773881896
0.0015399726813208389
0.0015979730601256242
0.0016008582366959158
0.0016189249330414567
0.0016191499912042583
0.0016604555951337857
0.0016604555951337857
0.0016633498557340936
0.001680503815526324
0.0017229280735843533
0.0017228159622532282
0.0017243422823191095
0.0017527814325148255
0.0017527814325148255
0.001761833723511721
0.001806426177866352
0.0018066124957658294
0.0018174659556872092
0.0018514330507893439
0.0018539655063004596
0.0018689417493730365
0.001869456800312073
0.0018829674237183756
0.0018874886882927087
0.0018889488272206363
0.0019501007889799668
0.0019550141727918443
0.001972186498059413
0.0019723535748706906
0.002014324225533536
0.002014324225533536
0.002013876832714382
0.0020256890349426063
0.0020316240053279908
0.0020667758404203126
0.0020950227004598904
0.0020960015259991914
0.0020969225670590024
0.0021093342603882635
0.0021310806535320883
0.002149460547738116
0.002150649400286791
0.0021978069211320657
0.002194792346306036
0.0021946530902238405
0.002233240035846026
0.002233240035846026
0.002234021246998164
0.0022395671380334332
0.0022469165149050347
0.002286189716683374
0.0022873429746047076
0.002335899565630367
0.002331459229027173
0.0023309408264400046
0.0023394465140944205
0.0023629901168573586
0.0023947657816863143
0.0023952207927554676
0.0023955789472661897
0.002412433450688625
0.0024158718878726842
0.002424738534987157
0.0024269834852638306
0.0024877380903680613
0.0024877380903680613
0.0024862381907262837
0.002493944436132279
0.002533283922219809
0.0025350750254075215
0.0025462784681236084
0.0025472514727036973
0.0025508974825364504
0.0025523129886355343
0.0026055559835203483
0.0026083696373374993
0.0026456764866326153
0.0026456764866326153
0.00264652049374649
0.002650412196811218
0.0026860177121493167
0.0027174402366900658
0.0027128100010379665
0.0027172502505325973
0.0027238649413367315
0.0027256146549942913
0.002762734925385283
0.00276497030678413
0.002769089483098199
0.0028019125878998227
0.0028040603019537547
0.0028389099209906207
0.0028428437994986538
0.0028448967110548005
0.0028494802201954775
0.0028960435577153358
0.002895400765472068
0.0028968307751948323
0.002942041635917465
0.002942041635917465
0.002938014627058239
0.0029382572038698486
0.002970480289984951
0.0029713449001569784
0.00299514454989359
0.002998138736097248
0.0030356872118571243
0.0030356872118571243
0.0030363630229526114
0.003045795117206627
0.0030796875292655643
0.0030834139716208824
0.0030863482190257876
0.0030884737726686925
0.003142035361696583
0.003140415421990841
0.003140399104478215
0.0031412676212896635
0.0031757698814877926
0.0032028779510695662
0.0032028779510695662
0.003205766052371138
0.003243472036681632
0.003243472036681632
0.003243873365099993
0.003245345821633113
0.003294928629068234
0.016765648284607613
0.016766033118851525
0.028608483014527918
0.038182746471505484
0.039717886668367744
0.04926710445571326
0.04926546999363562
0.0786387280714725
0.08828735944777548
0.08828575153378987
0.09230366155605434
0.0948808224204167
0.10354305794684063
0.13225965505728332
0.13226025665298055
0.15137835113933942
0.16985794858576986
0.18470320704137727
0.21676268295767315
0.23269256889952958
0.23269271663143423
0.2622145789353286
0.28139919146330844
0.28139919146330844
0.3115567510050291
0.3115563447565904
0.34635487932342335
0.3586935804818983
0.3586930241670319
0.38056181521564153
0.38056140695381757
0.43340495006779933
0.4334091244521056
0.46229130728833856
0.49254490736176276
0.5573173126846767
0.5872106979546876
0.5872106979546876
0.6259871441810912
0.6598249451025128
0.6888266618500065
0.7308092995328215
0.742782830760484
0.742782830760484
0.749108435507191
0.7605588924400155
0.7482384169021081
0.7374262759282255
0.7231016564058985
0.7108204934639911
0.7108204934639911
0.7028988766860549
0.696839924508659
0.6893522424858981
0.6803428034102785
0.669126524791505
0.6547126171141529
0.6367456403546612
0.591850722717856
0.591850722717856
0.5409462220691895
0.5409462220691895
0.5132478612619553
0.4625039439918013
0.4396073706072591
0.4169550270796212
0.3942073075812439
0.37274584997615523
0.37274584997615523
0.3537429534698726
0.3244023036789772
0.3244023036789772
0.299048514866534
0.2858373224463432
0.27235734312689047
0.2689296462799967
0.24315990070694055
0.22905592392327026
0.2155506218320243
0.20333693296243505
0.19277510013963126
0.18352417408371727
0.17546811720027078
0.16840144312994623
0.16840144312994623
0.16262007715416807
0.1488458139061744
0.15408369094035151
0.15132682387883858
0.14989487768445584
0.1498461659546892
0.1498461659546892
0.145264946959689
0.13981757520722918
0.13981757520722918
0.13323592722008767
0.11922671201759712
0.11922671201759712
0.1109306857564976
0.09171258747649576
0.09171258747649576
0.08105543482321213
0.0683189935724863
0.052271225513661874
0.034586802902497396
0.015268388647498249
-0.006418069609909778
-0.030362133929324044
-0.055276843268135374
-0.08167986473286415
-0.09698211610106014
-0.10094306435068166
-0.10011659600632487
-0.09282722442755349
-0.09283020647371763
-0.08896761640751358
-0.08471052692493691
-0.0762179149461415
-0.0762179149461415
-0.07566570778582495
-0.08693364533415363
-0.10054199961342336
-0.10919811892847402
-0.10919811892847402
-0.1156971170834986
-0.11896651808063027
-0.11287442071324631
-0.10072024755882124
-0.10072024755882124
-0.08096748219955126
-0.05168132793481555
0.024650254899075384
0.06698314569075266
0.11030483440975394
0.11030483440975394
0.15259996435868442
0.22877571493437238
0.25920300434726873
0.25920300434726873
0.2817069625560662
0.30301250840992716
0.31347215185922167
0.3152147692362621
0.29606869948399783
0.29606869948399783
0.2643020732550166
0.2466612712089935
0.25023193627621854
0.2282249845530698
0.20962066673112495
0.15412426019564843
0.12065242820866005
0.12065242820866005
0.04117627791466983
-0.0036312220982630357
-0.050584338032562945
-0.050584338032562945
-0.09927102343584834
-0.199668241711246
-0.199668241711246
-0.24993416377040914
-0.3106361072769669
-0.4425554295005744
-0.4425554295005744
-0.52359878
-0.52359878
-0.52359878
-0.52359878
-0.52359878
-0.52359878
-0.52359878
-0.52359878
-0.52359878
-0.52359878
-0.52359878
-0.52359878
-0.52359878
-0.52359878
-0.52359878
-0.5067221243863488
-0.509811148591067
-0.47653102389778834
-0.47653102389778834
-0.44370721601890667
-0.44370721601890667
-0.412969572676352
-0.41198400749831826
-0.394177396139854
-0.39024807133432254
-0.39024807133432254
-0.3882960620101565
-0.41576597392942266
-0.41576597392942266
-0.4405624213612649
-0.513113825527868
-0.52359878
-0.52359878
-0.52359878
-0.52359878
-0.52359878
-0.52359878
-0.52359878
-0.52359878
-0.52359878
-0.52359878
-0.52359878
-0.52359878
-0.52359878
-0.52359878
-0.52359878
-0.52359878
-0.52359878
-0.52359878
-0.52359878
-0.52359878
-0.52359878
-0.52359878
-0.52359878
-0.52359878
-0.52359878
-0.52359878
-0.52359878
-0.52359878
-0.52359878
-0.52359878
-0.52359878
-0.52359878
-0.52359878
-0.52359878
-0.52359878
-0.52359878
-0.52359878
-0.52359878
-0.52359878
-0.52359878
-0.49619069646393804
-0.49619662291289707
-0.44577047681992593
-0.44577109383221236
-0.4103308238397652
-0.39658754672448554
-0.39658754672448554
-0.34372398685954136
-0.35740292968815424
-0.3549742271637496
-0.3549775771283668
-0.3695697072770521
-0.37538392287924083
-0.371408656546388
-0.3666031905953856
-0.3550747499267504
-0.3435317714488327
-0.3233472716709701
-0.28655675792429613
-0.28655675792429613
-0.27733659757223156
-0.2513577793684858
-0.1689931560869159
-0.1689931560869159
-0.11533461796019139
-0.0485638724201022
0.11945236830264372
0.19867761413886664
0.2658133925859527
0.2658133638180712
0.36680668147291706
0.3919222703606915
0.40921208458838315
0.40921208458838315
0.426308560683178
0.4430801790995224
0.4508920240982201
0.46066370669942674
0.517074980365859
0.5361109268538846
0.5398638941385216
0.5436960064637552
0.5483228475911196
0.5483228475911196
0.5476605319302932
0.5451635669148093
0.5332547890657278
0.5332547890657278
0.5401007268758082
0.5414672467186791
0.5414672467186791
0.53782935971487
0.5294956423256294
0.517639771816555
0.4895458425519759
0.4827719073360288
0.4728323835481131
0.47003317716903514
0.47003317716903514
0.4713470692298148
0.4749911104782969
0.4749911104782969
0.47697384895519196
0.46970255157251356
0.4697027579903422
0.46556871728172855
0.46065606333567355
0.45086993524166513
0.45086993524166513
0.44093292768439024
0.43549612267951676
0.4300526816959644
0.43005247574180494
0.42456844267190574
0.4115660215350805
0.40476057891006045
0.3978429267673355
0.39155529409666234
0.39155529409666234
0.38037773525213686
0.3744899402738887
0.3689315124985547
0.3689315124985547
0.35946464984092474
0.35594843631778134
0.3528019251069784
0.3491181446924601
0.3450386070393912
0.3450386070393912
0.34093297063705574
0.336483116996869
0.336483116996869
0.3633168854814696
0.3804732009709428
0.3804732009709428
0.4130251394796733
0.42488404692451354
0.426921011214263
0.43911662795153816
0.44786015123074235
0.45460571539509065
0.4498278181225906
0.4394362568114461
0.4394362568114461
0.4247081647151004
0.4073698894873668
0.3706256887406043
0.35330191884446477
0.3376892272163635
0.3376892272163635
0.32330386022976504
0.29609442333712177
0.29609442333712177
0.2810841090989633
0.24594974493159347
0.2273298893827071
0.207884528597568
0.18614035768317366
0.17557611681025143
0.1617175080404338
0.10462720572910471
0.07521228061746897
0.05857022771324367
0.046998264730128546
0.012255465858957072
0.01699994413173754
0.008034870551487
-0.002772324881374856
-0.002772324881374856
-0.01487853451320658
-0.026533584691711704
-0.0663638816582416
-0.04690831016962121
-0.05359484260593696
-0.0674283559423478
-0.08622984904948759
-0.10914985333709862
-0.10914985333709862
-0.13410194850759277
-0.16251711069056105
-0.19392088734585183
-0.2621184025725588
-0.29558716276273655
-0.3272260947134549
-0.3272260947134549
-0.3571444795850286
-0.38792104268993416
-0.4221734370346323
-0.5018882171231572
-0.52359878
-0.52359878
-0.52359878
-0.52359878
-0.52359878
-0.52359878
-0.52359878
-0.52359878
-0.52359878
-0.52359878
-0.52359878
-0.52359878
-0.52359878
-0.52359878
-0.52359878
-0.52359878
-0.52359878
-0.52359878
-0.52359878
-0.52359878
-0.52359878
-0.52359878
-0.4575469841229083
-0.38026139596899083
-0.300208212654233
-0.300208212654233
-0.21792884999272633
-0.04822710892347922
0.03513988429619896
0.1154702179488021
0.1154702179488021
0.19279394781563142
0.34282669406216326
0.4173520590625904
0.49119226146247447
0.5631840763085858
0.6317014564156825
0.6317014564156825
0.6958302931966283
0.8137424625536935
0.8137424625536935
0.9184121335647499
0.9628557693054759
0.9624821075594617
1.0008289635388776
1.0601510882279424
1.0882623119382955
1.1155860156455872
1.1155860156455872
1.1526179821164528
1.1660473717352182
1.2022625198058963
1.228881229089813
1.247978375360513
1.247978375360513
1.2663104972752692
1.2854487662610832
1.3144972069689562
1.322602241385786
1.326538732878988
1.3348653575280378
1.3240129743535327
1.3240129743535327
1.3048790779423978
1.2888199450836135
1.2782128706087246
1.2428135543800563
1.2428739815348724
1.2128460472752869
1.1787293668320773
1.1403658318672292
1.097869448092574
0.9960198618992396
0.9391470993197069
0.8790167303619993
0.8182364190556276
0.7547675647106246
0.7547675647106246
0.6201280865089661
0.5494488446339356
0.4761352339648225
0.39551938863433
0.32030268362323905
0.22830316804662892
0.22830316804662892
0.14109536067226633
0.05176235314550345
-0.132632434822276
-0.132632434822276
-0.2262051836606318
-0.415979532034494
-0.508679486996165
-0.52359878
-0.52359878
-0.52359878
-0.52359878
-0.52359878
-0.52359878
-0.52359878
-0.52359878
-0.52359878
-0.52359878
-0.52359878
-0.52359878
-0.52359878
-0.52359878
-0.52359878
-0.52359878
-0.52359878
-0.52359878
-0.52359878
-0.52359878
-0.52359878
-0.52359878
-0.52359878
-0.52359878
-0.52359878
-0.52359878
-0.52359878
-0.52359878
-0.52359878
-0.52359878
-0.52359878
-0.52359878
-0.52359878
-0.52359878
-0.4740116331200141
-0.4740116331200141
-0.30249690094265375
-0.17304655427950402
-0.17304655427950402
-0.07526080638552114
0.021744622760532805
0.21153636327896191
0.30518643659212985
0.30518643659212985
0.486513157813267
0.5718050207965539
0.6526507406946023
0.7278180241666122
0.7278180241666122
0.8613928697496019
0.8613928697496019
0.9802194017710651
1.0358957751870854
1.0358957751870854
1.0882182910586689
1.1368602170461812
1.22540436413555
1.2658473359662235
1.3035267658439558
1.342163334581854
1.378036379773969
1.4108004207730647
1.4408107514125543
1.4408106076552332
1.4872300581051916
1.5025764778854163
1.508819011329354
1.508819011329354
1.5016805054968818
1.5016805054968818
1.487830421121
1.4675431436747732
1.4092263788716513
1.3708479872060264
1.370850146490386
1.3286265344808315
1.2414057881553047
1.1847341552386257
1.1103492983038443
1.1103492983038443
1.042832418030489
0.9547256793190215
0.8064577054633917
0.7151523020919813
0.7151523020919813
0.6185741095056092
0.5170760654058477
0.33105454111024685
0.21752333420541223
0.06436930858676587
0.06436930858676587
-0.18088614804517042
-0.18088614804517042
-0.42555411735966037
-0.52359878
-0.52359878
-0.52359878
-0.52359878
-0.52359878
-0.52359878
-0.52359878
-0.52359878
-0.52359878
-0.52359878
-0.52359878
-0.52359878
-0.52359878
-0.52359878
-0.52359878
-0.52359878
-0.52359878
-0.52359878
-0.52359878
-0.52359878
-0.52359878
-0.52359878
-0.52359878
-0.52359878
-0.52359878
-0.52359878
-0.52359878
-0.52359878
-0.32515377456147837
-0.21059629326836032
-0.09932063881994127
-0.021922289159633325
0.11342899342892046
0.21504978884930145
0.21504978884930145
0.4100834603726697
0.4100834603726697
0.524094285500506
0.6152712975338505
0.6860316531919441
0.766483254780352
0.9028088083827006
0.9636436464034621
1.0242067241724193
1.0839156169886779
1.1389454068353386
1.1860422867218963
1.224589498337522
1.2576462686783858
1.2576462686783858
1.288116705620768
1.3458974638414132
1.375730216192416
1.403077949555266
1.4258379372815184
1.4258379372815184
1.4414733834425735
1.4496165468927347
1.4496165468927347
1.4391811774547716
1.4252543608908224
1.36921078019579
1.333650522087805
1.2898640103958932
1.2820916137107763
1.237348582897595
1.176734907937564
1.107758361971153
0.9450749303770286
0.8505552299840112
0.8505552299840112
0.7485379063336001
0.6361784484088433
0.3863338583839274
0.2511750477367612
0.11050581949821234
-0.031098396106814648
-0.031098396106814648
-0.2993400799150007
-0.2993400799150007
-0.52359878
-0.52359878
-0.52359878
-0.52359878
-0.52359878
-0.52359878
-0.52359878
-0.52359878
-0.52359878
-0.52359878
-0.52359878
-0.52359878
-0.52359878
-0.52359878
-0.52359878
-0.52359878
-0.52359878
-0.52359878
-0.52359878
-0.52359878
-0.52359878
-0.52359878
-0.52359878
-0.52359878
-0.52359878
-0.52359878
-0.5032421028148317
-0.3984449249219192
-0.29925613848631455
-0.12269535794481838
-0.12269535794481838
0.030357583260193055
0.10306353108802484
0.16646162797627215
0.17315576459404997
0.24013036559378362
0.3591081826977216
0.4045740895319764
0.4045740895319764
0.44575156101079255
0.5175741956685423
0.5497913145013281
0.5497913145013281
0.5803219668741898
0.6088136466626853
0.6344351004451441
0.6573176997533553
0.6932549787795134
0.7061497509546771
0.7061497509546771
0.725254666840911
0.725254666840911
0.7328899352366758
0.7461787378926855
0.7520207779709677
0.7561688051752107
0.7576843340235834
0.7563735013937838
0.7523705878716289
0.7523926474957723
0.7462768517463295
0.7381254365569437
0.7282155245940595
0.7130622632317386
0.6936476277384258
0.6786100114083794
0.6626581063037125
0.6467235112367022
0.630913450320245
0.6157798922857539
0.6157796996895278
0.5805303472780582
0.5805308704626443
0.5633157781238982
0.5202110424575723
0.49984086272638184
0.49984086272638184
0.4568413997857346
0.4568421531113728
0.40611046931682715
0.40611046931682715
0.378764341864613
0.32210485807334327
0.29278871965596626
0.2624859425418628
0.2624884892451408
0.23419690260807355
0.20572621074399575
0.19814530333217104
0.20456384727424817
0.20456384727424817
0.2130559817907093
0.23526121597261615
0.25112295917032873
0.26852745401149936
0.27968092703683983
0.27885044916205093
0.27885044916205093
0.24777079515164518
0.24777079515164518
0.24942820364707005
0.2792861181484615
0.29462019860902816
0.310842370305321
0.3241582236843892
0.33647704733482475
0.33647704733482475
0.3464962775883756
0.36189764977930755
0.3556632855086775
0.3556632855086775
0.3260789003045377
0.3123552270727679
0.30156304322374594
0.30154569080203775
0.29293557987903124
0.2817550246056532
0.2783835258654791
0.2783835258654791
0.27692872167680355
0.278197426315337
0.278197426315337
0.28035777352165137
0.2881894440841879
0.2881894440841879
0.3010984633304587
0.3094070986318089
0.31792643146491717
0.31792643146491717
0.3304877100634001
0.3342099837368927
0.33654769873942886
0.3394593504166935
0.3406686059454785
0.34103241770908904
0.34176623151401375
0.3417656189660801
0.34268151449462564
0.3449674004306266
0.34609130747501815
0.34592988667775226
0.3452905131519941
0.3416474485934772
0.3416474485934772
0.3401436038196217
0.334700737859134
0.32831375404697494
0.3203808208161342
0.30430463697718413
0.2965412198751748
0.2897160449963222
0.28328494904235774
0.2826802624528238
0.2709981120075578
0.2649898697205929
0.2649898056281445
0.2579879114894865
0.24545983432926774
0.24114006052208573
0.23581124046262056
0.2326862849510246
0.23268428622517534
0.2265375189320241
0.2223927229109709
0.21916754811806805
0.2156122593298466
0.21561784790183186
0.20659303720235783
0.20208419031008376
0.20208485158587866
0.19225258535588027
0.1878514534374867
0.184190532682194
0.17978566454790287
0.17590211881426795
0.17590167141271745
0.17218094801507006
0.16845210256768625
0.15946576416619931
0.15543663142668493
0.1507944268921641
0.1507944268921641
0.14855247605375727
0.14449240924769077
0.14277101986078428
0.14182052344487883
0.1414756943156375
0.1414756943156375
0.14031163825728263
0.14031163825728263
0.13956492364427944
0.1372993820108261
0.1350047210209531
0.13137331893224777
0.12701245821502605
0.12701245821502605
0.12099782338441718
0.11474425242185815
0.11076788672906797
0.10273298467289765
0.10272803626045134
0.09907579930130277
0.09541615669627182
0.09132432882560719
0.08478626531812745
0.0824140192989785
0.08003978850576565
0.08003978850576565
0.07216265157653821
0.06757462740469142
0.06336651348190385
0.06336651348190385
0.059725594152277024
0.05679135791038207
0.052530143692676716
0.052530143692676716
0.05061877167742174
0.04715479396739237
0.045719902548617665
0.043008208883761
0.043008538684379705
0.04000012857312115
0.03201568066814416
0.027211621794006914
0.022081544549247867
0.013882266076562533
0.008493127230441027
-8.835154031356334e-05
-8.929632623530764e-05
-0.007844837868913417
-0.015419628396967337
-0.025781906235793756
-0.03435647894606649
-0.051080711407826426
-0.06052625685667485
-0.06941509002899719
-0.0792560253078671
-0.09014694967120687
-0.10209249329430624
-0.11518255544470594
-0.13028880675662705
-0.14876983150055859
-0.17091011382622315
-0.19572170254670349
-0.1957215184783096
-0.22108825645226202
-0.24486641271573
-0.28889722192175876
-0.28889722192175876
-0.340820475700978
-0.35251259319166567
-0.3749559684437082
-0.3983042338979002
-0.4207846661315022
-0.4207846661315022
-0.4576863878829025
-0.48975351344107293
-0.47279380406152827
-0.5103595427669398
-0.5103595427669398
-0.52359878
-0.52359878
-0.52359878
-0.52359878
-0.52359878
-0.52359878
-0.52359878
-0.52359878
-0.52359878
-0.52359878
-0.52359878
-0.52359878
-0.52359878
-0.52359878
-0.52359878
-0.52359878
-0.52359878
-0.52359878
-0.52359878
-0.52359878
-0.52359878
-0.52359878
-0.52359878
-0.52359878
-0.52359878
-0.52359878
-0.52359878
-0.52359878
-0.52359878
-0.52359878
-0.52359878
-0.52359878
-0.52359878
-0.52359878
-0.52359878
-0.52359878
-0.52359878
-0.52359878
-0.52359878
-0.49273955915519907
-0.4613506346908558
-0.4287397786890505
-0.4287397786890505
-0.360431404296911
-0.32801740952021247
-0.32801740952021247
-0.26552722291223135
-0.23357948406564769
-0.22658318974935995
-0.19194147252936777
-0.1311565452553295
-0.1311565452553295
-0.05078633629571383
-0.03171635516368312
-0.0021088599362733083
-0.0021088599362733083
0.02523175452457916
0.051364499326109286
0.1027794012012662
0.10277939654889248
0.15007543990855726
0.15007615043542127
0.18997199391077435
0.20698422347442294
0.223254429993628
0.2389284240317996
0.2581493349008429
0.29011326025368167
0.33241448580273614
0.3564892229099978
0.3564094591208954
0.3564094591208954
0.34244545414670075
0.34383737153710286
0.3682138608442443
0.3729746020024857
0.4134315126900407
0.4373392293668364
0.45470163649907
0.4663359063193561
0.47589687204690423
0.48180678581481007
0.486061484440902
0.486061484440902
0.49068232266735606
0.49102173527468934
0.4910213595315552
0.49162884889390723
0.49555068489232806
0.49555354750236724
0.49918048632843137
0.49899074035556046
0.49701502130889197
0.49343787863024036
0.48885933380265617
0.48376463929076446
0.47703184055811576
0.4749617182145176
0.4734123058375468
0.47340760064406656
0.47241782246365516
0.47292689596113446
0.47292370008232476
0.471477559520698
0.46835010371508806
0.4563044304432002
0.4483189355263534
0.439492217158175
0.4283944428035387
0.4283984324268169
0.4073591083635197
0.39791561968336225
0.39791561968336225
0.3761416417396317
0.37398301145355445
0.3542103476949299
0.344090431995794
0.3346709003955245
0.3346709003955245
0.3259429924818635
0.31860741450337005
0.30968141644728847
0.31054994410035236
0.30458671090550793
0.3014348807530261
0.2972403319998484
0.2923043941250001
0.28693495667356794
0.2812301778706572
0.281230070517006
0.26855569976714366
0.26195148308416144
0.2556478367233017
0.25522245614283806
0.24355819062053394
0.23740105613161053
0.23100658308625824
0.22585692255908701
0.22585522244478923
0.21738810194688304
0.21365337925349828
0.21365337925349828
0.2098815938969428
0.20064589639111333
0.19457654984791212
0.19276461211205337
0.1820957778597484
0.1820883114230701
0.17662527184274715
0.1725735422344269
0.1686094505023287
0.167198745955357
0.1656368366185225
0.16356853387243414
0.16136789611128272
0.15968717865465465
0.15773240750266046
0.1577225372628639
0.15504821674750738
0.1543700624212355
0.15326590704828436
0.1519820818556896
0.15126368300037063
0.1508019568675723
0.15026012186901033
0.15025510044099102
0.14880494560807017
0.1439748462183736
0.14397700701968677
0.14095846529434528
0.14095846529434528
0.14414193135771322
0.14770957181705546
0.14902392502036302
0.14902967879128956
0.14808252879324582
0.14795092535280163
0.14621462470858232
0.14411118033271555
0.14411118033271555
0.14300456918763021
0.1412189663084107
0.1390720054601316
0.13572774578877211
0.13369794925577508
0.13128114335638424
0.1287378349129985
0.12573430588915877
0.12573430588915877
0.1214355126695415
0.12161731760788545
0.12161836242263795
0.1269412521445925
0.13105077393221864
0.1352507400993513
0.14009746344249432
0.14472147729931112
0.1446051558768426
0.14676100664327418
0.14636932752938703
0.14442782619618008
0.1438406326420051
0.14438829410344398
0.14434046722621627
0.14632529691982
0.147164944190801
0.1492763304582686
0.1492763304582686
0.15263569161322324
0.16001048388453598
0.16001048388453598
0.1615172174904632
0.16574116052934704
0.16969282516165676
0.1748896262311525
0.17982180757486552
0.18520101861232868
0.19144737944950002
0.19656310155558304
0.20045800749601236
0.20264353702411622
0.20665518151412912
0.21098312580732745
0.21098312580732745
0.21237423514211357
0.21388546956188761
0.21388546956188761
0.2156394213758056
0.2156394213758056
0.21600558231945152
0.2184948289055895
0.22112626540089309
0.22112626540089309
0.22405557639813709
0.22405557639813709
0.23052984802405377
0.23073457114078771
0.2307401693960002
0.2282834554193021
0.22076252852217332
0.22076252852217332
0.21091108347074586
0.20557449108917633
0.20046942781979096
0.19619357036046195
0.1917096978133405
0.18854442494520077
0.18854442494520077
0.18770181231073682
0.18769200784583867
0.1866132663924676
0.18449036414928396
0.17988030153606477
0.17988030153606477
0.1773200033497013
0.17106287494200503
0.15843713313993674
0.14638335272038036
0.12631634474746264
0.11211855929865515
0.11211840312347461
0.10232158396657502
0.10103674986470154
0.09869611813130459
0.09526601465452496
0.08979417177625278
0.08979417177625278
0.07771381974833295
0.07771381974833295
0.07404465570655432
0.07221109760830194
0.06948384621102036
0.06948384621102036
0.06704818939660707
0.06087173147512248
0.058506604203415115
0.05758212904743155
0.057699576980104236
0.05823749208340316
0.05911533790980676
0.060823970709787775
0.060823970709787775
0.06682754617672498
0.06962487682158242
0.07064539987926255
0.07524229132159031
0.08035474839005309
0.09114097506171316
0.09634478996519193
0.1005145459073646
0.10069313614443892
0.09842660714922095
0.09792343513671119
0.09792343513671119
0.10014009823692463
0.10880654580146042
0.11114024657762864
0.11305784289075878
0.1134043861162218
0.1134043861162218
0.11221425574675994
0.11184351576645973
0.11405859397463447
0.1193777778280861
0.12527682465396167
0.129923308427914
0.13178527091783893
0.13138102231117307
0.13118035294081754
0.13166586045273734
0.1323454382769895
0.1323524045486063
0.13580116911594545
0.13580003380719435
0.13733636852537212
0.1336963755598783
0.13159864942617489
0.13159864942617489
0.13048680078875718
0.13137087209310783
0.13859492248337443
0.14152461425769566
0.14187625379903065
0.14187625379903065
0.1415929063563993
0.14193612658597268
0.15233926165074488
0.15683200085998183
0.15683200085998183
0.15739261576883992
0.15730318388432848
0.1498434378959362
0.14601700093626302
0.14246457056324027
0.14246457056324027
0.14154154011013345
0.1424073407076504
0.14314019360725697
0.1445444885284854
0.14565786052234753
0.14621198311174738
0.14621198311174738
0.1467343316583455
0.15031612805464029
0.15031612805464029
0.1516034077148249
0.15214181072903207
0.15175346895843048
0.14393545545787947
0.13642200232888524
0.12997441164997356
0.12497061300905385
0.12062494740217251
0.114897962263143
0.10769784756082315
0.0984365314384776
0.08836162177012924
0.07983460009610502
0.07182937967903244
0.0644919706273115
0.05767782010981934
0.051050262963713434
0.04576848624861369
0.04576848624861369
0.04134028992509612
0.04133963386398401
0.04866910373761688
0.04866910373761688
0.06424412491552726
0.0733348078815127
0.08255239057143898
0.08255239057143898
0.0975432641760616
0.09781569781216477
0.10938252745024571
0.10938537961005776
0.12007805385849557
0.12632652244119008
0.12632652244119008
0.1411987408240426
0.1477895541030421
0.1477895541030421
0.15706871851098286
0.16136821374776242
0.16136821374776242
0.1654966820897972
0.16878935372691153
0.17300922052322185
0.17300922052322185
0.17403046935388686
0.1741492113152603
0.1731791206991093
0.17220369703568622
0.17098741928040023
0.17020398895270358
0.1682690926851096
0.16695212599943987
0.16660782871128932
0.16348364757329856
0.1618803517687539
0.15996097248017355
0.15837828980167654
0.15633167248707588
0.15619767565322176
0.15198026442953658
0.14870612603705302
0.14511977206204862
0.14511745829107664
0.1369231372940262
0.13290251809552897
0.12923315915279762
0.1255678132358674
0.12203300024533023
0.11918396713391094
0.11659551831818628
0.11417773394092087
0.11147125588005544
0.11147194851536013
0.10861547377006016
0.10572451658058803
0.10391542273748149
0.10045774402032408
0.10045832168141244
0.09761390309427648
0.09620645658972268
0.09620645658972268
0.09268593120582717
0.0904165424166677
0.08938157573317415
0.0893890225279234
0.08465053249364637
0.08224410896115907
0.07939291380026064
0.07868024546897671
0.0734349059193822
0.07111419302310186
0.06836168354768063
0.06573587141595659
0.06300291855014006
0.059590961736764356
0.05743571917532536
0.0529606618572978
0.05130519566297299
0.048221726102731136
0.04588410663560694
0.043681792113874095
0.04369100303417966
0.04160613582976573
0.039779573322081
0.03978578100050217
0.03771023064170097
0.03771065237162773
0.0364449417005999
0.035260044943806065
0.0327911969411634
0.0328221090250837
0.03199373005986364
0.03139357036735566
0.03075453151385482
0.03035938148063355
0.030052103380100025
0.03007336753073236
0.03097357479267435
0.030972075600232168
0.03272493080274201
0.03367243255221666
0.03481996981935315
0.03481539112790038
0.03535834542203451
0.03316031820304256
0.034454412815685224
0.03343206984152037
0.03452259307766187
0.03332966070315203
0.03332981570299693
0.034037473557023336
0.034037473557023336
0.03364953657709858
0.03364953657709858
0.03523539252948364
0.033837987019055084
0.033837987019055084
0.03465732733064923
0.038136886852905706
0.04147429832623085
0.041666328200426796
0.041666328200426796
0.043391534273853546
0.04769700797652323
0.04769778228599574
0.048725503026427766
0.05384302670249293
0.05688153556100847
0.05687759911748615
0.061049562957332874
0.0619255715060738
0.06223427629265977
0.06250053177445017
0.05664317047327561
0.062349861434447214
0.06603408222105618
0.06724472423982827
0.06870484051468981
0.06808177256367148
0.06697088403901587
0.07721021732052447
0.07720971665254048
0.08132008386407266
0.0937765616306457
0.10195252040701004
0.1019509591405658
0.10772894736333181
0.1144217057595361
0.11441895896375641
0.1099703627604617
0.09151852513525655
0.07981857631129738
0.06650028324736863
0.05314552023394648
0.053137777491769726
0.02065194300562552
0.0036562709535281467
-0.013237081371282584
-0.013242966202756497
-0.05489877962681769
-0.07661497121657526
-0.07661497121657526
-0.09959633017284494
-0.12411237899345276
-0.14758815347296442
-0.17119256021910315
-0.19555106470979264
-0.21920919643844466
-0.23898086416036957
-0.2603854053721476
-0.2929950959001181
-0.2929950959001181
-0.30980979182865565
-0.324654624676459
-0.3310735230925649
-0.34529578254857457
-0.3665902732100621
-0.36247118731213057
-0.34651060267536427
-0.32438414927176257
-0.32097495982323165
-0.3336676053523879
-0.3391153545990601
-0.3244927286177405
-0.30684494242590926
-0.3068534679629006
-0.2996178861042164
-0.28712302964568426
-0.23480598570592903
-0.20844406571557117
-0.20844406571557117
-0.16063946761417366
-0.14015816731786804
-0.1314369049734251
-0.10578971835517
-0.08700650484644214
-0.07941805231682975
-0.04694235140354762
-0.03013037677692686
-0.015806398442153726
-0.015806398442153726
-0.0034187722926596305
0.007654833952142116
0.016133729209299667
0.02643110488251384
0.03445270869188702
0.040516408486063
0.055838610723446126
0.06808642994402514
0.068086121576639
0.07478198458324764
0.08018307154894558
0.08409783817036372
0.09143188319476785
0.09710769551207085
0.10236557720777274
0.10771115816276856
0.11718642708013303
0.11718642708013303
0.12119386633604755
0.12579318065974635
0.13009007849308496
0.1349723752528518
0.1360916732318485
0.13723010263124527
0.13723010263124527
0.13901403897794404
0.14144557793920343
0.1443579185870021
0.14816116142599506
0.15730479412553605
0.15730479412553605
0.15965071739215322
0.16147171040360833
0.16358800693361392
0.16340126549199704
0.1630979441570002
0.1642586323293971
0.16898467128703337
0.17192364725235054
0.17432663755880945
0.17574670595328018
0.17684988752574382
0.17684988752574382
0.17639743759855964
0.17461513313117283
0.1726378529086802
0.1726378529086802
0.1703329762091396
0.16785305585640653
0.16185665834628557
0.16185665834628557
0.1574926774070821
0.1530348335354053
0.14841867573926565
0.1441101534528053
0.1355225758810689
0.1307925148240108
0.1250872001088588
0.11954340983597782
0.11410901383805126
0.10794856565065211
0.10795048897587052
0.09702993955445295
0.0916760612681889
0.09167506162063777
0.08680525765126758
0.07526700912916551
0.07526700912916551
0.06959049647813556
0.05620998717564911
0.050693955601174026
0.0506922561056438
0.04505866380966365
0.039527898299518076
0.034391010876377734
0.024675716096143288
0.020346283510517302
0.017718967958922076
0.014598038172409535
0.00899068136417648
0.006207493416350961
0.006204992145374238
0.0034089139381761877
-0.003360884871802795
-0.008605334816759147
-0.011776961231128641
-0.011781382474828812
-0.01819670328436888
-0.021390732680421368
-0.024727386300876973
-0.02730649868434202
-0.031576698406035546
-0.03544485564722261
-0.04468143196884966
-0.049995973370992715
-0.05588468055129799
-0.06238808607796498
-0.06964314960953503
-0.07764047343123161
-0.07764487787652276
-0.09180970745942332
-0.0945678286037877
-0.10064059769768392
-0.10064450902092055
-0.1058399725977547
-0.10999578511800329
-0.11604400972263916
-0.11604471472759129
-0.12461067843443653
-0.12461067843443653
-0.13873117505499713
-0.13732397703507399
-0.14215169276921175
-0.15481696262444866
-0.1548167880620015
-0.1699467296227834
-0.16035259012220507
-0.16035021227832197
-0.1605396804535925
-0.15858868942927584
-0.17884923373700692
-0.16403866891482458
-0.16404035339921452
-0.16106711866881704
-0.16458279655691657
-0.15492348964062416
-0.148326695177661
-0.1384561719919817
-0.1384561719919817
-0.13555439648000006
-0.14539590330137722
-0.13905370063274342
-0.1703588569728007
-0.18523863437115282
-0.20770120312757293
-0.22611559093997446
-0.24996295264189491
-0.2709505182370699
-0.2952666015925736
-0.29526476006232266
-0.3167569898863773
-0.362605977112794
-0.361507496800231
-0.38474703877173483
-0.40662056846313094
-0.45057305402123826
-0.4505724462599679
-0.4733135622403906
-0.4971855309364175
-0.52359878
-0.52359878
-0.52359878
-0.52359878
-0.52359878
-0.52359878
-0.52359878
-0.52359878
-0.52359878
-0.52359878
-0.52359878
-0.52359878
-0.52359878
-0.52359878
-0.52359878
-0.52359878
-0.52359878
-0.5140016370133823
-0.46669314958817815
-0.4666929823771562
-0.4082454901093387
-0.4082437464771492
-0.3765005302782442
-0.3379442372998945
-0.2589598788169892
-0.22530984103239235
-0.17985053889079572
-0.17985053889079572
-0.0758421579665913
-0.04631853669850863
-0.02302886997465909
0.08319190204504776
0.14048202632429482
0.19663937352891728
0.2535095352265432
0.2535095352265432
0.323708100163039
0.4134829233176506
0.4590290027089193
0.5033818684612209
0.5033818684612209
0.5468892864639289
0.6270408578917589
0.6698474513088934
0.6698475344815913
0.7150176683674222
0.8096312621190943
0.8096312621190943
0.8926335382621108
0.9220977144334649
0.9435225045518274
0.9590737187490429
0.9726282580261995
0.9726282580261995
0.9974620980751177
0.9978459742748983
1.0142421061813314
1.02131930266445
1.02131930266445
1.0386594007062218
1.0386594007062218
1.0469429651677031
1.052252560254454
1.0460231247485414
1.0607484089407426
1.078714865634838
1.0787150165714208
1.1112798349930988
1.1232421860964237
1.137913422875545
1.1346242503392459
1.1589709793775733
1.1589711447139674
1.1390631680740793
1.139062911990439
1.0983584287699129
1.045198861502252
0.9406011514867912
0.8895659765583019
0.8343352904555854
0.776588813666957
0.7163571712022324
0.6501130280758065
0.5785008564053402
0.5004493590881544
0.5004493590881544
0.4154425501818113
0.3260094481521679
0.23338391914210632
0.1368233462912304
0.045151937159822374
-0.09899661444213965
-0.09899661444213965
-0.16785628367923092
-0.298291221508282
-0.2982898412323032
-0.41271554892117385
-0.46482825110705484
-0.510920302669435
-0.5109159123335781
-0.52359878
-0.52359878
-0.52359878
-0.52359878
-0.52359878
-0.52359878
-0.52359878
-0.52359878
-0.5200148078433905
-0.39751988058668136
-0.32404246016110555
-0.27647269129065266
-0.25609446995591495
-0.21275733164545124
-0.1700801366921941
-0.1700801366921941
-0.10731636294577068
-0.048834944704767104
-0.013448830324411274
0.03149478066667205
0.12735076372379336
0.232373116473066
0.31294220440882337
0.37586714743372884
0.43995818471221015
0.5577489311027138
0.6158312688386746
0.6158312688386746
0.6683968490750006
0.7154090581503821
0.7927905760944172
0.7927905760944172
0.8575562460942472
0.882387437596463
0.882387437596463
0.9002568187772615
0.9096473331058403
0.9377658105388395
0.9377658105388395
0.9661142821612847
1.0152919081517973
1.0152919081517973
1.0731864178795876
1.092104179312707
1.1138220564935044
1.133105669853173
1.148831834740057
1.1520368579074405
1.146907939898485
1.1361340586604374
1.1361340586604374
1.1146405710218763
1.0018284666189994
0.9242024296649841
0.9242024296649841
0.7629239416994404
0.6928280376924413
0.662550780107037
0.6367897467604894
0.636791050718177
0.5826723817272823
0.4216110259730048
0.3307226946493282
0.23578377523278302
0.23578387318009103
0.14274612849096846
0.05686311804264158
-0.02063310521890742
-0.1632471487523763
-0.23335814980832
-0.31540314665590097
-0.3903243085953388
-0.4386949066746502
-0.4544881795946676
-0.4228374292785833
-0.4802051541244807
-0.44896488814835356
-0.4398761986434855
-0.40668955552880887
-0.40933808476921546
-0.414048767650735
-0.4408926182018287
-0.47572178685690975
-0.4385427231675848
-0.4385427231675848
-0.28948360151851527
-0.26876059949279996
-0.21885235796135835
-0.18309504189286355
-0.14785956207217033
-0.09526064650146117
-0.04868709602753781
-0.04868709602753781
-0.03306029583589761
0.1592819812740126
0.20769729933350142
0.3517355310887054
0.3517355310887054
0.4115587792831774
0.531294190195012
0.590765761935262
0.6063753179420757
0.7137346397008747
0.7137345635769455
0.7610349708899169
0.8365450606117149
0.8365450606117149
0.9004328035652388
0.9150107226253738
0.9532055819250964
0.9781024776623269
0.985242578087147
1.0250874063045403
1.090360464647047
1.098904618494611
1.098904618494611
1.1734801644936805
1.1898707629705143
1.2086432448791389
1.2181117565070398
1.2240180035730432
1.23538112002199
1.2297596295401652
1.2297596295401652
1.1947188192674103
1.1947188192674103
1.1327878493886852
0.9729338934043111
0.879856521727776
0.7826545228827705
0.7069683427326552
0.7069683427326552
0.668412084851341
0.5747677676268779
0.5019062434138668
0.5019062434138668
0.33235393064986846
0.33235393064986846
0.23754810226807888
0.13710920685576844
-0.047813561216470624
-0.047813561216470624
-0.1293892764685022
-0.21142526867231745
-0.3750983198156269
-0.3750983198156269
-0.5059512759342538
-0.52359878
-0.52359878
-0.52359878
-0.52359878
-0.52359878
-0.45128057429140245
-0.4732474717064393
-0.5058271064027676
-0.52359878
-0.52359878
-0.52359878
-0.52359878
-0.4440362540069569
-0.3275330979023413
-0.26618316483632404
-0.26618316483632404
-0.2386913935304072
-0.17188332139887394
-0.10840375768924546
-0.10840375768924546
-0.0861916595087837
0.13342640858050964
0.26210931333214765
0.3269259586847573
0.32692241698348157
0.3865835956742653
0.5079019851435644
0.5079019851435644
0.5738449893987487
0.6248584293712329
0.7110994731240304
0.7492599409196543
0.749261016624339
0.7992832136883693
0.7992832136883693
0.8204168906194381
0.8322716556734283
0.8327192379911248
0.8301076203500322
0.839732633592766
0.892298592117635
0.9303493242051458
0.9563953385912539
1.0119007970476035
1.0409052386201072
1.063386538578076
1.0879390462357748
1.1005130219643204
1.0965693414258098
1.0965693414258098
1.0909934873523721
1.0661360834777724
1.0040969081010775
0.9017251855774123
0.9017246768648016
0.7756648720499375
0.5171620602413003
0.4742856165548344
0.4671828791637693
0.4671828791637693
0.39573106398260743
0.39573106398260743
0.3148475403190228
0.22148307159524555
0.02725343412293465
0.02725343412293465
-0.16819421688275535
-0.2533723783529757
-0.3280744528608598
-0.3280744528608598
-0.39716715550221765
-0.5235935612972062
-0.52359878
-0.52359878
-0.52359878
-0.52359878
-0.52359878
-0.44784603765882647
-0.44784603765882647
-0.40368616468282953
-0.38738783058309767
-0.40446258493358905
-0.430422865192903
-0.52359878
-0.52359878
-0.52359878
-0.413203482418982
-0.33395300581809173
-0.28779193212501025
-0.28521856843172794
-0.3075512925202398
-0.32826096694272217
-0.4221281905107269
-0.3608259244064429
-0.3608259244064429
-0.09934151719337247
-0.013819305385005736
0.02984021852923255
0.02984021852923255
0.06573475158008708
0.11756078583569532
0.2270726297092377
0.29418297679397004
0.3363659558270079
0.33362657777946253
0.39021795872037834
0.40621340197978695
0.40621340197978695
0.44247223997027424
0.4424729895582164
0.4633951956704454
0.5022496567270428
0.502835464570711
0.5180577779234623
0.541991784876093
0.570262708603244
0.5899973433843911
0.634699141439712
0.662504286252068
0.6625035136798545
0.6868829066383806
0.7032439077424844
0.7195013082186622
0.7650204391900237
0.7880448919867086
0.8029671174534619
0.8053926765443401
0.7544264888052716
0.6803216326106741
0.582364486334189
0.582364486334189
0.3635119895677834
0.28494334434371504
0.251667819642564
0.251667819642564
0.21708741153599725
0.10279144458802897
0.10279144458802897
0.04850917357421264
-0.050820353942546415
-0.1070939983709584
-0.16727814557201767
-0.22108445796767123
-0.22108445796767123
-0.312607068032084
-0.31260667128736785
-0.35116617688403534
-0.387272195068581
-0.42187234515809385
-0.49949741393859237
-0.49949741393859237
-0.52359878
-0.52359878
-0.52359878
-0.52359878
-0.52359878
-0.52359878
-0.52359878
-0.52359878
-0.52359878
-0.52359878
-0.52359878
-0.52359878
-0.52359878
-0.52359878
-0.52359878
-0.52359878
-0.52359878
-0.52359878
-0.52359878
-0.52359878
-0.52359878
-0.52359878
-0.52359878
-0.52359878
-0.52359878
-0.52359878
-0.44222970048372234
-0.3836411317476432
-0.3050251307430849
-0.3050251307430849
-0.27482846498647934
-0.22125780085622662
-0.11395292628499795
-0.042240680713119455
0.020144272411566196
0.07795155056864388
0.13559597781174382
0.13559597781174382
0.24835361912038398
0.3042586634374667
0.3042586634374667
0.38682932553501215
0.44609105106261865
0.48441159223044056
0.48440892956295334
0.5445420389290092
0.5445420389290092
0.5922881523601378
0.6140829999259044
0.6140829999259044
0.6295969462194116
0.6482832671234
0.6488279154623063
0.6488279154623063
0.6259215105329818
0.6082583944278476
0.6082583944278476
0.5890807819301752
0.5616443886209216
0.5616443886209216
0.5519141938128469
0.5498860996630778
0.5498860996630778
0.5429633314285915
0.5348845384896398
0.5254755676187394
0.4876688651244006
0.4876688651244006
0.4392293592360426
0.4392293592360426
0.41201250998208705
0.34931566492797655
0.3067239802506547
0.25272755478329145
0.18899167145983573
0.11344592535111366
0.06406169162768487
-0.07847562462219058
-0.07847562462219058
-0.18189855907149946
-0.30667643388229
-0.3066786087220793
-0.31703507140903314
-0.35316890208809576
-0.33654910266461135
-0.3457032024031782
-0.4058657161927058
-0.44093238080997404
-0.4805714300199659
-0.48057048061455376
-0.5170396446900207
-0.5170396446900207
-0.5235987185760909
-0.52359878
-0.52359878
-0.52359878
-0.52359878
-0.52359878
-0.52359878
-0.52359878
-0.52359878
-0.52359878
-0.52359878
-0.52359878
-0.52359878
-0.52359878
-0.52359878
-0.52359878
-0.52359878
-0.52359878
-0.52359878
-0.52359878
-0.52359878
-0.52359878
-0.52359878
-0.52359878
-0.52359878
-0.52359878
-0.52359878
-0.52359878
-0.52359878
-0.52359878
-0.52359878
-0.52359878
-0.52359878
-0.52359878
-0.49073596287603594
-0.45000028785774016
-0.4002124145520988
-0.31818178757173876
-0.13426922850403092
-0.13426922850403092
0.004322815725570745
0.013361872207242512
0.0951709221418009
0.13858058668175352
0.13858058668175352
0.2525235368331137
0.3182515337922281
0.3414183553453112
0.4064806250300013
0.5077684009285365
0.5629165595382251
0.5780345880303878
0.6609506522899695
0.704764979094705
0.744950000622688
0.744950000622688
0.7821418589702491
0.8178509637426907
0.8528191574182861
0.9190443728787302
0.9505352725357278
0.9816766807793771
1.0097602852521963
1.0320276160169786
1.0527870350719908
1.0506303651469229
1.043528980820799
1.043528980820799
1.0353157825667163
1.019253613285169
1.019253613285169
1.0121815223329076
1.0034653841369634
0.9924528162671608
0.9818679329131105
0.967047591154578
0.9464941781039903
0.9209605068295458
0.9209605068295458
0.8728680358336398
0.8503780605678668
0.8232820140948324
0.7913709119251129
0.7913709119251129
0.7591888534071769
0.7025394575810295
0.7025394575810295
0.6357508878760287
0.5831927623211324
0.5282930783769715
0.4586887700211653
0.4586887700211653
0.3689102213121782
0.13782602654195125
0.033271325447851094
-0.05560121200367124
-0.06211294316478896
-0.18399442983085115
-0.18399442983085115
-0.2814451997618251
-0.3007317661044658
-0.34026825092591106
-0.3824710581563895
-0.3824710581563895
-0.42766114143404593
-0.52359878
-0.52359878
-0.52359878
-0.52359878
-0.52359878
-0.52359878
-0.52359878
-0.52359878
-0.52359878
-0.52359878
-0.52359878
-0.52359878
-0.52359878
-0.52359878
-0.52359878
-0.52359878
-0.52359878
-0.52359878
-0.52359878
-0.52359878
-0.5154180064307328
-0.5113238493772103
-0.5191889864432274
-0.52359878
-0.52359878
-0.52359878
-0.52359878
-0.52359878
-0.46010673329992835
-0.30470783393780154
-0.14873134244604008
-0.06327092989523639
0.03034621273875314
0.04960618778858778
0.16947790527205564
0.20788765879758342
0.20738687171609216
0.2389928447422254
0.2948064458252322
0.32732293574716703
0.32732293574716703
0.3644185329414277
0.4046357681185554
0.49264748932321556
0.5359605630668555
0.5359605630668555
0.6172820004497971
0.6172820004497971
0.676319180471504
0.7949480355470752
0.7949480355470752
0.8580317252418124
0.8995606466658652
0.9103322924209658
0.9521234028811542
0.9339744401093037
0.9339744401093037
0.8955205094286446
0.7994127572284473
0.7438309775734226
0.7010434315078881
0.6804504426888928
0.6575931407526217
0.6196882818674836
0.44384616343023653
0.3015653407904293
0.20590871309422093
0.10653387663403936
0.10653387663403936
0.05848630393373832
0.05608264429182136
-0.0594915375354496
-0.0594915375354496
-0.1573584895633384
-0.18243022548023966
-0.18243022548023966
-0.18777750422149228
-0.17775336436684286
-0.16814949553712005
-0.22573510260284171
-0.22573510260284171
-0.26836233737565063
-0.3125174648219154
-0.35053386416570664
-0.35489822119339404
-0.35489822119339404
-0.3202865104399696
-0.284672437615618
-0.20299905123994413
-0.17492953525381805
-0.1522333361308892
-0.11183389121502586
-0.10534000465146814
-0.09285619624588384
-0.1001411757416792
-0.14288813275304257
-0.14288813275304257
-0.16671525743655374
-0.21106582157976794
-0.2613709658910086
-0.22410990909880257
-0.1300195462451275
-0.053759161697212024
-0.035999983238752704
-0.018502959620299745
-0.0933040404105361
0.09989374731498113
0.19160077675766773
0.3527476556206541
0.33113537252183917
0.38021361220638294
0.38552503984707287
0.38552503984707287
0.46468326597954873
0.5141528240343252
0.5141528240343252
0.5564908554211242
0.6165324431158284
0.6487160274418946
0.6487160274418946
0.6837173731074866
0.7506140844613417
0.7964111843741469
0.7964111843741469
0.8437667540537204
0.9068183660248148
0.9439685125823114
0.9714166822988141
0.9927532289628825
0.9927532289628825
0.9453557782285934
0.9453557782285934
0.8534347320139004
0.7909073484536145
0.7171536942325089
0.649344209374718
0.5853195207192896
0.4992030396059908
0.4992030396059908
0.39360091974184414
0.2908209254749005
0.07326442250132031
0.015335567114231364
-0.025493737704594482
-0.025493737704594482
-0.08357865580912856
-0.14800278525075725
-0.21884740888826978
-0.2387371863337558
-0.2387371863337558
-0.2487088613153959
-0.25331796958809744
-0.27106998947912475
-0.2875096614480455
-0.2875096614480455
-0.3098779278519022
-0.3423660561908317
-0.3326598427198599
-0.3326598427198599
-0.293424776589287
-0.29342325474714526
-0.18022720821022237
-0.12588469409362893
-0.07719644906493019
-0.042338475181537286
-0.052281377976003914
-0.025885097839353867
-0.021160729978251785
-0.021160729978251785
-0.02767488531838007
-0.057490135260426393
-0.10498083269138306
-0.08654588914389004
-0.05831666137198136
-0.04727032066804847
-0.04451163465557098
-0.09621988094289603
-0.09621988094289603
-0.14207220692425776
-0.20803898021336775
-0.12297811835028576
0.026190057144774768
0.1465983698553176
0.17418029216318867
0.17418029216318867
0.18961908574456485
0.21705156790614608
0.3131503607438346
0.3554702269352814
0.3891017759098644
0.3891017759098644
0.45520268199885044
0.43820252586691943
0.48089154069051193
0.48089154069051193
0.5326158623616366
0.5546448407580563
0.5827388609488882
0.615120526615373
0.615120526615373
0.6438622929001322
0.7051161510559655
0.70122153424176
0.7628865703061692
0.7834370098600657
0.7717685321624749
0.7717685321624749
0.7359732600082788
0.6835458699281997
0.5448504199902204
0.5448495915687285
0.483219011726971
0.43189438746107683
0.2914621619906819
0.18533496185275958
0.05296321181454018
0.05296321181454018
-0.07719773638694516
-0.16639925270110092
-0.16680125574588772
-0.2244354471229235
-0.27900655391766666
-0.27900655391766666
-0.3903347706272489
-0.4390187582585737
-0.4832071272672612
-0.52359878
-0.52359878
-0.52359878
-0.52359878
-0.52359878
-0.52359878
-0.52359878
-0.52359878
-0.52359878
-0.52359878
-0.52359878
-0.52359878
-0.49410996248788286
-0.49720729160758503
-0.44868603002354746
-0.4701554769539894
-0.5187968720334192
-0.5187968720334192
-0.52359878
-0.52359878
-0.52359878
-0.4560910447264891
-0.4560910447264891
-0.40938310413020307
-0.461495907927246
-0.52359878
-0.52359878
-0.52359878
-0.52359878
-0.52359878
-0.52359878
-0.5219538333668432
-0.35513648803651426
-0.33476893342914893
-0.33476893342914893
-0.2982271845861745
-0.2982271845861745
-0.24457539675552425
-0.2023370930522604
-0.15224169092665285
-0.10827294444897634
-0.06633313597829141
0.015295185460016484
0.055988444316560325
0.08860629728551046
0.08860629728551046
0.13923563425630855
0.15639583695738632
0.17049280781801315
0.1811557038759186
0.1798575068393415
0.17513235800246132
0.16553068859335643
0.14984762143535174
0.14679560807508563
0.14866480163060522
0.15032601602999865
0.14928229294932127
0.14552396801350592
0.1422716872478882
0.1328989139847307
0.1223844294564584
0.11097023711930064
0.09461520695273339
0.07388623551595577
0.04994895793218772
0.023005830670901777
0.023005830670901777
-0.015583478500312848
-0.06843396139123138
-0.09673623283692429
-0.05570703547512447
-0.026778457961342903
0.0066977831460674556
0.0066977831460674556
0.02963516688464835
0.007558159242691418
-0.01959921001655579
-0.01959921001655579
-0.049287661619614884
-0.07375604468040345
-0.10376912004680142
-0.13187261965250632
-0.19163210821746723
-0.19163195295660387
-0.22508216782214338
-0.225502472021273
-0.27015690394657293
-0.27015690394657293
-0.2523785479854798
-0.21564138673689665
-0.12367290432836356
-0.0808618744258827
-0.06553118443602815
-0.05491827995957877
-0.07802242530297016
-0.11142185188530779
-0.16161103403712315
-0.16161103403712315
-0.23862384277417803
-0.23862384277417803
-0.28427861185333314
-0.28427861185333314
-0.31221307953956406
-0.32155629029302735
-0.34309046366325174
-0.34309046366325174
-0.3611197882376478
-0.38182214915331963
-0.4305572198913484
-0.4305572198913484
-0.44959472833132436
-0.3739188680041332
-0.3442074122917986
-0.33271345235229594
-0.33271345235229594
-0.3248377460414964
-0.3273973787471253
-0.3717611157825242
-0.40938455461388956
-0.4097071614745247
-0.45298718288830114
-0.48693985279795293
-0.511678862921232
-0.500148262950081
-0.4961157766323432
-0.49547806450242726
-0.49896658123711796
-0.5025248978342403
-0.52359878
-0.52359878
-0.52359878
-0.49637869789128236
-0.42399773699916715
-0.37275094740470227
-0.33625657089479133
-0.31375515606585574
-0.29961983875927956
-0.28402404127013847
-0.2622401262828411
-0.2335142013649228
-0.1997189814625307
-0.1997189814625307
-0.16173248727094147
-0.12110787323658005
-0.08107447942102271
-0.015095752802836544
0.012270449325545139
0.03935032557510531
0.039350446696549676
0.08846474153109408
0.10679101316731021
0.12309998150453108
0.134884867045508
0.13836744467882828
0.16744389456284392
0.16744389456284392
0.19077666259086762
0.19802428206042583
0.19802428206042583
0.2072819783845602
0.20995928241884743
0.21034971524388166
0.20950588220714486
0.20820376114767752
0.20675589529908414
0.20523337620312607
0.2045725510208877
0.2046269844356075
0.2046269844356075
0.20448146522350577
0.20512470868065624
0.20499013405263602
0.20060259056479712
0.18678496548353332
0.18858233684219394
0.18858373499613973
0.18254445703099664
0.17123163570688324
0.169611951311445
0.16562860374023375
0.16562860374023375
0.15984854018920513
0.1480689636435039
0.14202829145000018
0.12991345146478817
0.11505191429549409
0.08617345493780218
0.0861712930909082
0.07009299617841798
0.035604412477672986
0.018593751242750346
0.018593751242750346
0.0005392048560821603
-0.021683706991326705
-0.06014364516775861
-0.08431939391761024
-0.08431939391761024
-0.11082025302221919
-0.13851706346515924
-0.18825093536976012
-0.2184315496978889
-0.2184315496978889
-0.26436545090785535
-0.2712732546526489
-0.28770171136218403
-0.3100094518554327
-0.3100094518554327
-0.32262202426587844
-0.33754533741203707
-0.36980150369311926
-0.38489399007015096
-0.4048054599263119
-0.4244469843116877
-0.4244469843116877
-0.4422112471378891
-0.471528312590011
-0.471528312590011
-0.482656484106922
-0.4922324197779293
-0.5010390355853205
-0.5069513040319561
-0.5093530347750149
-0.5062513863472163
-0.49626027402226897
-0.4804413671981145
-0.4621112355388873
-0.4338181797430234
-0.396977366402968
-0.3434265996039412
-0.2744324812006549
-0.1921088213555525
-0.198132670319956
-0.21217590629991334
-0.21217590629991334
-0.22588885494784505
-0.2347556890623444
-0.19792901010117514
-0.1513855344986723
-0.1513855344986723
-0.036514533829429804
-0.03651490307603236
0.003962059215786629
0.02279524282142593
0.02842170839728677
0.03478226157774176
0.046630612600395305
0.061068266893054106
0.07378625922353822
0.0819351564045291
0.0819351564045291
0.08204194672256364
0.07134777344658645
0.06822673535567768
0.06822673535567768
0.053864866649687315
0.05337373924997286
0.044535502113091804
0.03928986408342771
0.03821487475400317
0.03281654224992402
0.025704304915042532
0.025704304915042532
0.017455923518464013
0.002754960094635073
-0.003330007399879262
-0.008247875376621196
-0.011960360295793365
-0.013986386636986911
-0.01398502870649042
-0.018009128100430618
-0.023199974049892033
-0.020948591289311633
-0.020948591289311633
-0.01839554278955973
-0.01551368124033561
-0.01551368124033561
-0.008034609789474435
-0.008034609789474435
-0.007645463724957816
-0.006634014288310821
-0.009625036967010834
-0.008778478541831202
-0.010125545406834375
-0.0122544153394886
-0.01875476722657061
-0.023455011899305152
-0.02795587009214563
-0.030989486969644327
-0.032067483030792716
-0.03069479820433747
-0.026364308503297032
-0.026364308503297032
-0.019657451521935005
-0.011524718381497406
0.003651608251635833
0.010026747360409262
0.015902185494394858
0.01836280988717012
0.02297837267488468
0.020529379866172523
0.016458396830179918
0.016458396830179918
0.011394442394801972
0.004329588394826851
-0.009910946021916757
-0.0088004054174319
-0.01731601541948067
-0.01731601541948067
-0.017734787543162496
-0.016968283451311506
-0.017051556566393393
-0.017051556566393393
-0.018127132780320535
-0.018127132780320535
-0.01704864307731012
-0.017091964179686694
-0.019204075823111504
-0.020171186109261455
-0.020183256229734034
-0.025342767632461002
-0.031461421045992366
-0.03425771589809905
-0.03425602152301306
-0.03861396149937364
-0.042490417375278776
-0.04978926255089232
-0.05452503760053168
-0.05452432983539518
-0.060848778846156755
-0.060848778846156755
-0.06289686307234199
-0.06355933579943472
-0.062483969605531944
-0.05712348221550442
-0.05424951390477981
-0.05414329414146511
-0.05332872285972075
-0.05793653211672404
-0.05793653211672404
-0.06305318200985552
-0.06777359602638604
-0.07295718824423271
-0.0729570800032643
-0.07366478838818279
-0.07345176960906707
-0.07345176960906707
-0.0738597576990054
-0.07491179240997078
-0.07681183091283958
-0.07680488671457918
-0.08004524327205711
-0.0790162852080025
-0.07703443407038431
-0.0750665627634876
-0.07374573045588864
-0.07110013105356058
-0.07105392221591753
-0.07268887399484161
-0.0733703122430389
-0.07399955548340693
-0.07399955548340693
-0.07441363581108354
-0.07481598284694922
-0.07645718837224325
-0.07951394674431476
-0.08147341208583773
-0.08323175007539285
-0.08342662863642601
-0.08516431928870724
-0.08516386829266853
-0.08600649875634872
-0.08353355327461724
-0.08230111051273051
-0.07985057526532378
-0.07985057526532378
-0.07889508957660409
-0.07675371258424778
-0.07675371258424778
-0.07715383096654967
-0.0780102539043441
-0.07833738705470192
-0.0792914712931804
-0.08022373898474505
-0.08199712122391474
-0.08199076717907182
-0.08086689473115324
-0.07904695089247006
-0.07905201565802897
-0.07699357258184979
-0.07459162488973924
-0.07226825268435509
-0.07226831757015077
-0.06599106625571963
-0.06327569918044215
-0.061164159034617104
-0.059556500064186356
-0.058966412240185694
-0.06294508364201687
-0.06294508364201687
-0.06841852995136745
-0.07369144729856773
-0.07740042044676253
-0.07740029323472018
-0.07866447761476886
-0.07794139873642837
-0.08010257466664131
-0.0800991113171156
-0.08202131384380094
-0.08326119335497971
-0.08271796971354045
-0.08457505338271547
-0.08571464238446028
-0.08571461650957861
-0.0860539810273921
-0.08634415690436799
-0.08597045065659327
-0.08542970607337776
-0.08384650575518451
-0.08384650575518451
-0.08472423213773819
-0.08419699659891126
-0.07402664285171291
-0.0661993667987897
-0.06344185082172112
-0.06577338130743646
-0.06675752682895521
-0.06926597148802331
-0.06690363230687928
-0.06284954686037246
-0.06284941680740323
-0.05860104373494584
-0.05836279814290441
-0.058362930165537244
-0.0626440088930151
-0.06683549087699804
-0.07787312582375727
-0.08483223720819273
-0.09337646550014234
-0.09906219595354414
-0.0990619525829211
-0.0990068585823575
-0.09828472296790015
-0.09849333593420612
-0.09849952194756181
-0.09925471409787576
-0.09822392098667788
-0.09680168448904954
-0.09560924379205647
-0.09370533475863645
-0.09098882626031005
-0.09098934532730305
-0.08884844960671533
-0.0866215980128236
-0.08662575868347963
-0.07832242037865683
-0.07551660752623386
-0.0751543220431857
-0.07618327152418942
-0.0764136332947883
-0.07800899257392396
-0.0829153238653351
-0.08291341685495764
-0.08748855468887326
-0.09161156440550063
-0.09687731297077208
-0.09687684980599959
-0.09780006075171101
-0.09827230735838949
-0.09827541988151815
-0.09872937672926331
-0.10068558910253488
-0.10072756471274133
-0.10083625520121291
-0.10147360883672654
-0.10147169686408633
-0.1004226275821686
-0.10042550208400221
-0.09786591012512362
-0.09345478644523704
-0.09343043946711078
-0.09227733968940212
-0.09233458988281561
-0.0923375744043864
-0.0918872343522617
-0.09183116130296884
-0.09165752543745838
-0.09130259475971451
-0.09036945658424429
-0.09036872691083983
-0.08822921717584414
-0.08728295749668213
-0.08727872734992997
-0.0858486116297536
-0.08207401606950822
-0.08168227660551874
-0.08346983499784899
-0.08455739435029436
-0.08928502871803727
-0.08928399747876267
-0.09926876135011418
-0.09926876135011418
-0.09955021233790598
-0.09819713434529492
-0.0959842597599936
-0.09327360641784806
-0.09026728730398384
-0.08777385577535007
-0.08482562876961407
-0.08482562876961407
-0.0843049160244687
-0.08334655057841521
-0.08200229502413357
-0.08067376619063836
-0.07816726402117091
-0.07759532081023357
-0.07458041437611555
-0.0726203253346514
-0.07146686215658032
-0.07130052849093589
-0.07235965866618868
-0.07235901618170786
-0.0734640638356107
-0.07316698427422973
-0.071099010037222
