DataType=double
version=3
OpenSimVersion=4.5.1
endheader
time	pelvis_tilt	pelvis_list	pelvis_rotation	pelvis_tx	pelvis_ty	pelvis_tz	hip_flexion_r	hip_adduction_r	hip_rotation_r	knee_angle_r	knee_angle_r_beta	ankle_angle_r	subtalar_angle_r	mtp_angle_r	hip_flexion_l	hip_adduction_l	hip_rotation_l	knee_angle_l	knee_angle_l_beta	ankle_angle_l	subtalar_angle_l	mtp_angle_l	lumbar_extension	lumbar_bending	lumbar_rotation	arm_flex_r	arm_add_r	arm_rot_r	elbow_flex_r	pro_sup_r	wrist_flex_r	wrist_dev_r	arm_flex_l	arm_add_l	arm_rot_l	elbow_flex_l	pro_sup_l	wrist_flex_l	wrist_dev_l
0.02	-0.004629461423113493	1.570865715144663	-0.005844089885801376	0	0.9399999999999999	0	0	0	0	0	0	0	0	0	6.305789391957323e-05	9.427560365223779e-05	0.0004721653129491989	6.864866551599203e-07	8.201106214993686e-07	0	0	0	0	0	0	0	0	0	0	0	0	0	0	0	0	0	0	0	0
0.04	-0.004670316008383162	1.57086906670712	-0.005884946108379625	0	0.9399999999999999	0	0	0	0	0	0	0	0	0	7.53247301049652e-05	9.835568033956098e-05	0.0005311129937267449	5.785465744206232e-06	2.974195422839321e-06	0	0	0	0	0	0	0	0	0	0	0	0	0	0	0	0	0	0	0	0
0.06	-0.004689519149222434	1.570877733407491	-0.005904152550577813	0	0.9399999999999999	0	0	0	0	0	0	0	0	0	0.0001042402518461183	0.0001108213020834571	0.0006285440270277099	5.79871698120857e-06	1.919327688473007e-05	0	0	0	0	0	0	0	0	0	0	0	0	0	0	0	0	0	0	0	0
0.08	-0.00468005527380776	1.570882264485895	-0.005894691185896078	0	0.9399999999999999	0	0	0	0	0	0	0	0	0	0.0001132728166175087	0.000116618483232949	0.0006607843106617196	6.559225228562184e-06	1.957177543464575e-05	0	0	0	0	0	0	0	0	0	0	0	0	0	0	0	0	0	0	0	0
0.1	-0.004527202763882691	1.57098528775666	-0.005741958034435041	0	0.9399999999999999	0	0	0	0	0	0	0	0	0	0.0001935904709983423	0.0002516252131349719	0.001415204503884633	4.195758264265738e-05	4.169365727134051e-05	0	0	0	0	0	0	0	0	0	0	0	0	0	0	0	0	0	0	0	0
0.12	-0.004525456282971271	1.570985683687624	-0.00574021545801599	0	0.9399999999999999	0	0	0	0	0	0	0	0	0	0.0001945588182782192	0.0002520232357078054	0.001413645164025833	4.086262346831166e-05	4.081385037769763e-05	0	0	0	0	0	0	0	0	0	0	0	0	0	0	0	0	0	0	0	0
0.14	-0.004561869540594185	1.570990486489567	-0.005776646116017441	0	0.9399999999999999	0	0	0	0	0	0	0	0	0	0.0002114156981477184	0.0002593619934532679	0.001478757868688715	3.967172294416348e-05	3.877189798166389e-05	0	0	0	0	0	0	0	0	0	0	0	0	0	0	0	0	0	0	0	0
0.16	-0.004596602778225543	1.570996718960153	-0.005811394801220305	0	0.9399999999999999	0	0	0	0	0	0	0	0	0	0.0002295296917625523	0.0002687156116791685	0.001562310823010199	3.770564963925439e-05	4.362878157734838e-05	0	0	0	0	0	0	0	0	0	0	0	0	0	0	0	0	0	0	0	0
0.18	-0.004445660843635095	1.571076494475643	-0.005660736831535833	0	0.9399999999999999	0	0	0	0	0	0	0	0	0	0.0002869040277422157	0.0003719911591893805	0.002117973047922017	5.305107229490441e-05	5.38621046628393e-05	0	0	0	0	0	0	0	0	0	0	0	0	0	0	0	0	0	0	0	0
0.2	-0.004480921287917872	1.571080622267956	-0.005696035841364299	0	0.9399999999999999	0	0	0	0	0	0	0	0	0	0.0002996162526601347	0.0003789158299596675	0.00218230601028212	5.644469436444922e-05	4.95063811490911e-05	0	0	0	0	0	0	0	0	0	0	0	0	0	0	0	0	0	0	0	0
0.22	-0.00443237731960446	1.571104617803768	-0.00564763460788015	0	0.9399999999999999	0	0	0	0	0	0	0	0	0	0.0003486668733834674	0.0004117327832088276	0.002372738272911839	5.778754287806507e-05	4.35690873937202e-05	0	0	0	0	0	0	0	0	0	0	0	0	0	0	0	0	0	0	0	0
0.24	-0.004367598144958086	1.571143783540798	-0.005583122621748829	0	0.9399999999999999	0	0	0	0	0	0	0	0	0	0.0003882012715015173	0.0004627942852746822	0.002689797659439492	7.611665162354588e-05	5.452262713433206e-05	0	0	0	0	0	0	0	0	0	0	0	0	0	0	0	0	0	0	0	0
0.26	-0.004431080930813992	1.571154313690666	-0.00564671595124267	0	0.9399999999999999	0	0	0	0	0	0	0	0	0	0.0003971058902025579	0.0004771774522913315	0.002834443196970162	8.79000882975367e-05	9.23086824936767e-05	0	0	0	0	0	0	0	0	0	0	0	0	0	0	0	0	0	0	0	0
0.28	-0.004382530864222888	1.571174483912674	-0.00559834302358986	0	0.9399999999999999	0	0	0	0	0	0	0	0	0	0.0004259052043302387	0.0005042641882944407	0.003001179151958635	8.334206507706111e-05	9.188043470049786e-05	0	0	0	0	0	0	0	0	0	0	0	0	0	0	0	0	0	0	0	0
0.3	-0.004435913688232188	1.571184090580701	-0.005651813021778476	0	0.9399999999999999	0	0	0	0	0	0	0	0	0	0.0004374854910776376	0.0005177059279948185	0.00314268102104596	9.805711680889901e-05	8.771663962516064e-05	0	0	0	0	0	0	0	0	0	0	0	0	0	0	0	0	0	0	0	0
0.32	-0.004262841977162891	1.571258837562279	-0.005479574398289271	0	0.9399999999999999	0	0	0	0	0	0	0	0	0	0.0004802783918446036	0.0006145224622649535	0.003757542893372765	0.0001081901655493917	0.000108113380520917	0	0	0	0	0	0	0	0	0	0	0	0	0	0	0	0	0	0	0	0
0.34	-0.004303361804219025	1.571261290207461	-0.005520164625241656	0	0.9399999999999999	0	0	0	0	0	0	0	0	0	0.0004871675513805267	0.0006187021743302007	0.003814002863434804	0.0001101755381032665	0.0001079480297264301	0	0	0	0	0	0	0	0	0	0	0	0	0	0	0	0	0	0	0	0
0.36	-0.004329765418634286	1.571267264495952	-0.005546669882880755	0	0.9399999999999999	0	0	0	0	0	0	0	0	0	0.0005034043895736043	0.0006276914268231163	0.003904659780645685	0.0001043185373774475	0.0001160078857052873	0	0	0	0	0	0	0	0	0	0	0	0	0	0	0	0	0	0	0	0
0.38	-0.004157282293113414	1.571348486510423	-0.005375427405627552	0	0.9399999999999999	0	0	0	0	0	0	0	0	0	0.0005535846116565319	0.0007297800346414387	0.004580157245698608	0.0001158986945045383	0.0001161698186520559	0	0	0	0	0	0	0	0	0	0	0	0	0	0	0	0	0	0	0	0
0.4	-0.004222687282667752	1.571350178644043	-0.005440968013181276	0	0.9399999999999999	0	0	0	0	0	0	0	0	0	0.0005674551146041081	0.0007367980275293798	0.004681949339471802	0.0001253272771686623	0.0001155383429612835	0	0	0	0	0	0	0	0	0	0	0	0	0	0	0	0	0	0	0	0
0.42	-0.004239319396685446	1.571358611421183	-0.005457821315794044	0	0.9399999999999999	0	0	0	0	0	0	0	0	0	0.0005916531482267129	0.0007494795182330836	0.004821169082909055	0.0001202466296037944	0.0001315625653293151	0	0	0	0	0	0	0	0	0	0	0	0	0	0	0	0	0	0	0	0
0.44	-0.004080758021589875	1.571413336049434	-0.005300948124698592	0	0.9399999999999999	0	0	0	0	0	0	0	0	0	0.0006329850665672991	0.0008200554633593853	0.005393330643493758	0.0001614865963449789	0.0001621358939924969	0	0	0	0	0	0	0	0	0	0	0	0	0	0	0	0	0	0	0	0
0.46	-0.00411529610199565	1.571416149037287	-0.005335664380255564	0	0.9399999999999999	0	0	0	0	0	0	0	0	0	0.0006457349514718077	0.0008247508874736692	0.005457943001504013	0.0001662667589548217	0.0001591902335785031	0	0	0	0	0	0	0	0	0	0	0	0	0	0	0	0	0	0	0	0
0.48	-0.004062083134316161	1.571433268910257	-0.005283098582492349	0	0.9399999999999999	0	0	0	0	0	0	0	0	0	0.0006877422137581023	0.0008481660550223245	0.00565621953585072	0.0001750645730140555	0.0001593970739879093	0	0	0	0	0	0	0	0	0	0	0	0	0	0	0	0	0	0	0	0
0.5	-0.004108485201319465	1.571440932284611	-0.00532979541031703	0	0.9399999999999999	0	0	0	0	0	0	0	0	0	0.0006939693065997602	0.000858490052861736	0.005796407865950975	0.0001706565374911295	0.0001832883959064042	0	0	0	0	0	0	0	0	0	0	0	0	0	0	0	0	0	0	0	0
0.52	-0.003973706573939762	1.571488538566448	-0.005197075812561231	0	0.9399999999999999	0	0	0	0	0	0	0	0	0	0.0007315708130737694	0.0009203770124685992	0.006330583165764806	0.0002088569873740917	0.0002093681001156363	0	0	0	0	0	0	0	0	0	0	0	0	0	0	0	0	0	0	0	0
0.54	-0.003973706573939762	1.571488538566448	-0.005197075812561231	0	0.9399999999999999	0	0	0	0	0	0	0	0	0	0.0007315708130737694	0.0009203770124685992	0.006330583165764806	0.0002088569873740917	0.0002093681001156363	0	0	0	0	0	0	0	0	0	0	0	0	0	0	0	0	0	0	0	0
0.5600000000000001	-0.004045480357688582	1.571492875961294	-0.005269067921801381	0	0.9399999999999999	0	0	0	0	0	0	0	0	0	0.0007474726016724481	0.0009274858534933654	0.006458715969575296	0.0002220396378476368	0.0002084620914752344	0	0	0	0	0	0	0	0	0	0	0	0	0	0	0	0	0	0	0	0
0.5800000000000001	-0.003894221781853727	1.571539631208792	-0.005120154164437909	0	0.9399999999999999	0	0	0	0	0	0	0	0	0	0.0007981119507705941	0.0009884335790786495	0.007031506743586981	0.0002492202171431236	0.000249019732978488	0	0	0	0	0	0	0	0	0	0	0	0	0	0	0	0	0	0	0	0
0.6	-0.003894221781853727	1.571539631208792	-0.005120154164437909	0	0.9399999999999999	0	0	0	0	0	0	0	0	0	0.0007981119507705941	0.0009884335790786495	0.007031506743586981	0.0002492202171431236	0.000249019732978488	0	0	0	0	0	0	0	0	0	0	0	0	0	0	0	0	0	0	0	0
0.62	-0.003971740028038886	1.571542913322426	-0.005197876911025414	0	0.9399999999999999	0	0	0	0	0	0	0	0	0	0.000810300612710177	0.0009939465046010371	0.007150316951842593	0.0002605458203170656	0.0002505686919773565	0	0	0	0	0	0	0	0	0	0	0	0	0	0	0	0	0	0	0	0
0.64	-0.003963810205938243	1.571544311621679	-0.005190031869859574	0	0.9399999999999999	0	0	0	0	0	0	0	0	0	0.0008138351616255218	0.000995859394602281	0.007167260599519754	0.0002607401543312122	0.0002513174468434334	0	0	0	0	0	0	0	0	0	0	0	0	0	0	0	0	0	0	0	0
0.66	-0.003786979251884907	1.571599520485661	-0.005015612908709486	0	0.9399999999999999	0	0	0	0	0	0	0	0	0	0.0008964527719053755	0.00106796012261347	0.00796418566435296	0.0003077954820234102	0.000307700690713364	0	0	0	0	0	0	0	0	0	0	0	0	0	0	0	0	0	0	0	0
0.68	-0.003786979251884907	1.571599520485661	-0.005015612908709486	0	0.9399999999999999	0	0	0	0	0	0	0	0	0	0.0008964527719053755	0.00106796012261347	0.00796418566435296	0.0003077954820234102	0.000307700690713364	0	0	0	0	0	0	0	0	0	0	0	0	0	0	0	0	0	0	0	0
0.7000000000000001	-0.003824709716985873	1.571601771502049	-0.005053621297500956	0	0.9399999999999999	0	0	0	0	0	0	0	0	0	0.0008966138032609947	0.001071733386876034	0.008026487786861818	0.0003149715897153533	0.0003089046633949296	0	0	0	0	0	0	0	0	0	0	0	0	0	0	0	0	0	0	0	0
0.7200000000000001	-0.003708690114279889	1.571644979332079	-0.004942547212737414	0	0.9399999999999999	0	0	0	0	0	0	0	0	0	0.0009414562218594638	0.001135370455093967	0.008658918288241745	0.0003444978682793473	0.0003445032223719344	0	0	0	0	0	0	0	0	0	0	0	0	0	0	0	0	0	0	0	0
0.74	-0.003708690114279889	1.571644979332079	-0.004942547212737414	0	0.9399999999999999	0	0	0	0	0	0	0	0	0	0.0009414562218594638	0.001135370455093967	0.008658918288241745	0.0003444978682793473	0.0003445032223719344	0	0	0	0	0	0	0	0	0	0	0	0	0	0	0	0	0	0	0	0
0.76	-0.003740320816955713	1.571651533201774	-0.004974456784800628	0	0.9399999999999999	0	0	0	0	0	0	0	0	0	0.0009460733769065163	0.00113610150607086	0.008723606813407872	0.0003517299102422792	0.0003452584823472231	0	0	0	0	0	0	0	0	0	0	0	0	0	0	0	0	0	0	0	0
0.78	-0.003695297394670775	1.571661159130572	-0.004930671297342149	0	0.9399999999999999	0	0	0	0	0	0	0	0	0	0.0009765432025376896	0.001152115695190066	0.008933389982457636	0.0003617470173556469	0.0003592387804343812	0	0	0	0	0	0	0	0	0	0	0	0	0	0	0	0	0	0	0	0
0.8	-0.003604028769688948	1.571695068195173	-0.004842047565929753	0	0.9399999999999999	0	0	0	0	0	0	0	0	0	0.001033601159435481	0.001195783235952596	0.009586091183560247	0.0004106998801773392	0.0004109570835372501	0	0	0	0	0	0	0	0	0	0	0	0	0	0	0	0	0	0	0	0
0.8200000000000001	-0.003604028769688948	1.571695068195173	-0.004842047565929753	0	0.9399999999999999	0	0	0	0	0	0	0	0	0	0.001033601159435481	0.001195783235952596	0.009586091183560247	0.0004106998801773392	0.0004109570835372501	0	0	0	0	0	0	0	0	0	0	0	0	0	0	0	0	0	0	0	0
0.8400000000000001	-0.003628500038952539	1.571698668455379	-0.004867147596157745	0	0.9399999999999999	0	0	0	0	0	0	0	0	0	0.001032398278565306	0.001201145247162578	0.009669180041419421	0.0004248523429863901	0.0004104266898950829	0	0	0	0	0	0	0	0	0	0	0	0	0	0	0	0	0	0	0	0
0.86	-0.003698940202628751	1.571703697902428	-0.004938021066417954	0	0.9399999999999999	0	0	0	0	0	0	0	0	0	0.001046326040660042	0.001208731297782013	0.009841715679474743	0.0004239371584250994	0.0004355294777481537	0	0	0	0	0	0	0	0	0	0	0	0	0	0	0	0	0	0	0	0
0.88	-0.003686924044692376	1.57170493454582	-0.004926115422600355	0	0.9399999999999999	0	0	0	0	0	0	0	0	0	0.001048729998167451	0.001210338437072327	0.009859427517955122	0.0004257056094186665	0.0004361813698264536	0	0	0	0	0	0	0	0	0	0	0	0	0	0	0	0	0	0	0	0
0.9	-0.003494869259292622	1.571743810688728	-0.004738042479909856	0	0.9399999999999999	0	0	0	0	0	0	0	0	0	0.001093717473042317	0.001260539887047927	0.01052498806144448	0.0004831565122052243	0.0004835649966745271	0	0	0	0	0	0	0	0	0	0	0	0	0	0	0	0	0	0	0	0
0.92	-0.00352883984366158	1.571745564640608	-0.004772462053235283	0	0.9399999999999999	0	0	0	0	0	0	0	0	0	0.001101584414822959	0.001263653965688332	0.01059178914499743	0.0004901404835643423	0.0004826407994314546	0	0	0	0	0	0	0	0	0	0	0	0	0	0	0	0	0	0	0	0
0.9400000000000001	-0.003472332259228146	1.571755973480942	-0.004717506038042376	0	0.9399999999999999	0	0	0	0	0	0	0	0	0	0.001129728166751384	0.001277933196872148	0.0107965637585112	0.0005062215948202439	0.0004904084788035736	0	0	0	0	0	0	0	0	0	0	0	0	0	0	0	0	0	0	0	0
0.9600000000000001	-0.00338828913401227	1.571785139620111	-0.004637031318821449	0	0.9399999999999999	0	0	0	0	0	0	0	0	0	0.00117605653711394	0.001316353088387555	0.01145361309562151	0.0005514789496459276	0.0005520576961226774	0	0	0	0	0	0	0	0	0	0	0	0	0	0	0	0	0	0	0	0
0.98	-0.003413277104387961	1.571787967726626	-0.004662770231684661	0	0.9399999999999999	0	0	0	0	0	0	0	0	0	0.001179348726929499	0.001320571008798538	0.01153559170899815	0.0005634598625821289	0.0005515116470373776	0	0	0	0	0	0	0	0	0	0	0	0	0	0	0	0	0	0	0	0
1	-0.003434905604387422	1.571791839456551	-0.004685102052349373	0	0.9399999999999999	0	0	0	0	0	0	0	0	0	0.001188290107377338	0.00132603124938831	0.01165232699378017	0.0005607937589146573	0.0005708981936046291	0	0	0	0	0	0	0	0	0	0	0	0	0	0	0	0	0	0	0	0
1.02	-0.003426419438726823	1.571792972095604	-0.004676843228743252	0	0.9399999999999999	0	0	0	0	0	0	0	0	0	0.001190076212364221	0.001327488259066032	0.01167313308440462	0.0005627208972727578	0.0005720028021799489	0	0	0	0	0	0	0	0	0	0	0	0	0	0	0	0	0	0	0	0
1.04	-0.003437593131619066	1.571797970800192	-0.004688781326249522	0	0.9399999999999999	0	0	0	0	0	0	0	0	0	0.001201660789293402	0.001334512618363053	0.01182027946515777	0.0005850256686136996	0.000572479925186035	0	0	0	0	0	0	0	0	0	0	0	0	0	0	0	0	0	0	0	0
1.06	-0.003253632605078084	1.57183383877119	-0.004509817393546713	0	0.9399999999999999	0	0	0	0	0	0	0	0	0	0.001245838725983854	0.001379656826282126	0.0126201772416759	0.0006489150141095496	0.0006503725814473965	0	0	0	0	0	0	0	0	0	0	0	0	0	0	0	0	0	0	0	0
1.08	-0.00325326335813651	1.571833676071215	-0.004509553573057796	0	0.9399999999999999	0	0	0	0	0	0	0	0	0	0.001247704534642203	0.001379990801252336	0.01261986489722457	0.0006482028193757318	0.0006494437857829354	0	0	0	0	0	0	0	0	0	0	0	0	0	0	0	0	0	0	0	0
1.1	-0.003186387901727887	1.571870355585093	-0.004450905349411306	0	0.9399999999999999	0	0	0	0	0	0	0	0	0	0.001300310214955914	0.001397021679513877	0.01311926051507131	0.0006742995442040445	0.0006788859972363777	0	0	0	0	0	0	0	0	0	0	0	0	0	0	0	0	0	0	0	0
1.12	-0.003186012727876449	1.571864565441199	-0.004450682293346307	0	0.9399999999999999	0	0	0	0	0	0	0	0	0	0.001298566041526972	0.001401468742685798	0.01311709656939592	0.0006752465274938505	0.0006782446658931392	0	0	0	0	0	0	0	0	0	0	0	0	0	0	0	0	0	0	0	0
1.14	-0.003142131954515563	1.571868128791835	-0.004412502986398645	0	0.9399999999999999	0	0	0	0	0	0	0	0	0	0.001323869480630062	0.001427905912938253	0.01354949257073643	0.0007152973084853704	0.0007153486339668778	0	0	0	0	0	0	0	0	0	0	0	0	0	0	0	0	0	0	0	0
1.16	-0.003177435773826216	1.571869155212346	-0.004448348449149386	0	0.9399999999999999	0	0	0	0	0	0	0	0	0	0.001328068115980154	0.001429660567002312	0.01361531869139189	0.0007239571678179169	0.0007167171252679321	0	0	0	0	0	0	0	0	0	0	0	0	0	0	0	0	0	0	0	0
1.18	-0.003122900361465238	1.571875618618958	-0.004395702896881644	0	0.9399999999999999	0	0	0	0	0	0	0	0	0	0.001349839528346118	0.001438665212358059	0.01381433583434147	0.0007436278026085065	0.0007305082479914022	0	0	0	0	0	0	0	0	0	0	0	0	0	0	0	0	0	0	0	0
1.2	-0.003176421226005679	1.571878112356938	-0.0044499030689217	0	0.9399999999999999	0	0	0	0	0	0	0	0	0	0.00135500028752863	0.001442175877847911	0.01394402299239328	0.0007432323219060232	0.0007537511426898235	0	0	0	0	0	0	0	0	0	0	0	0	0	0	0	0	0	0	0	0
1.22	-0.003167144055522023	1.571878920905044	-0.004440866146256195	0	0.9399999999999999	0	0	0	0	0	0	0	0	0	0.001356602450084498	0.001443225772166615	0.01396476897597229	0.0007456046524011723	0.0007553072365191313	0	0	0	0	0	0	0	0	0	0	0	0	0	0	0	0	0	0	0	0
1.24	-0.003033139076517171	1.57189689922966	-0.004311973961869962	0	0.9399999999999999	0	0	0	0	0	0	0	0	0	0.00139391052736643	0.001467012978213838	0.01448613313140747	0.0007980201842120051	0.0007987382827652881	0	0	0	0	0	0	0	0	0	0	0	0	0	0	0	0	0	0	0	0
1.26	-0.003057058137612271	1.57189867165276	-0.004336815537371872	0	0.9399999999999999	0	0	0	0	0	0	0	0	0	0.001398997272020001	0.001469700429144989	0.01456526144236338	0.0008096350692873697	0.0007992029272179578	0	0	0	0	0	0	0	0	0	0	0	0	0	0	0	0	0	0	0	0
1.28	-0.002953411228969877	1.571916005275099	-0.004237414672761568	0	0.9399999999999999	0	0	0	0	0	0	0	0	0	0.001451068189852112	0.001493278370387899	0.01517354953956183	0.0008583897611753346	0.0008589211713055531	0	0	0	0	0	0	0	0	0	0	0	0	0	0	0	0	0	0	0	0
1.3	-0.002963848229412785	1.571916975908981	-0.004248141548796678	0	0.9399999999999999	0	0	0	0	0	0	0	0	0	0.001448743200388659	0.001493787223631913	0.01519248081827958	0.0008586706929907847	0.0008593119483732162	0	0	0	0	0	0	0	0	0	0	0	0	0	0	0	0	0	0	0	0
1.32	-0.002895130886655041	1.571931632156699	-0.004187021390798491	0	0.9399999999999999	0	0	0	0	0	0	0	0	0	0.001472471889832721	0.001513955563991057	0.01564492677861114	0.0008984811483766311	0.0008985270318337757	0	0	0	0	0	0	0	0	0	0	0	0	0	0	0	0	0	0	0	0
1.34	-0.002895130886655041	1.571931632156699	-0.004187021390798491	0	0.9399999999999999	0	0	0	0	0	0	0	0	0	0.001472471889832721	0.001513955563991057	0.01564492677861114	0.0008984811483766311	0.0008985270318337757	0	0	0	0	0	0	0	0	0	0	0	0	0	0	0	0	0	0	0	0
1.36	-0.002930166836820167	1.571932327256409	-0.004222681933641694	0	0.9399999999999999	0	0	0	0	0	0	0	0	0	0.001476228447174288	0.001515364473110877	0.01571099917434535	0.000907461578105003	0.0009001196836506241	0	0	0	0	0	0	0	0	0	0	0	0	0	0	0	0	0	0	0	0
1.38	-0.002809194283890369	1.571951963781538	-0.004110639223872684	0	0.9399999999999999	0	0	0	0	0	0	0	0	0	0.001520257645028056	0.001536933438228505	0.0163511108143697	0.0009626469806362986	0.0009618712744678583	0	0	0	0	0	0	0	0	0	0	0	0	0	0	0	0	0	0	0	0
1.4	-0.002849954236692717	1.571950650915457	-0.00415183003925429	0	0.9399999999999999	0	0	0	0	0	0	0	0	0	0.001522812017814941	0.001539155827855949	0.01640726244761836	0.0009678325388435287	0.0009656512157435835	0	0	0	0	0	0	0	0	0	0	0	0	0	0	0	0	0	0	0	0
1.42	-0.002846915699733463	1.571950636603022	-0.004148931343891751	0	0.9399999999999999	0	0	0	0	0	0	0	0	0	0.001523552378736011	0.001539508628869973	0.01641277810484622	0.0009682341551446249	0.0009661380130685121	0	0	0	0	0	0	0	0	0	0	0	0	0	0	0	0	0	0	0	0
1.44	-0.002882630104029556	1.571951222900033	-0.00418511143165403	0	0.9399999999999999	0	0	0	0	0	0	0	0	0	0.00152823344618474	0.001541350393899142	0.01649338033208689	0.0009714651997385988	0.000976674934551981	0	0	0	0	0	0	0	0	0	0	0	0	0	0	0	0	0	0	0	0
1.46	-0.002705596417461143	1.571968601678132	-0.004013199786694482	0	0.9399999999999999	0	0	0	0	0	0	0	0	0	0.001589973988731889	0.001565113919544308	0.01726779134394385	0.001049474981255429	0.001049795990771488	0	0	0	0	0	0	0	0	0	0	0	0	0	0	0	0	0	0	0	0
1.48	-0.002705596417461143	1.571968601678132	-0.004013199786694482	0	0.9399999999999999	0	0	0	0	0	0	0	0	0	0.001589973988731889	0.001565113919544308	0.01726779134394385	0.001049474981255429	0.001049795990771488	0	0	0	0	0	0	0	0	0	0	0	0	0	0	0	0	0	0	0	0
1.5	-0.002756245675319639	1.571971005794604	-0.004064899007355836	0	0.9399999999999999	0	0	0	0	0	0	0	0	0	0.001595979586332163	0.001569020728982117	0.01743129315135674	0.001079142070973037	0.001050429239541827	0	0	0	0	0	0	0	0	0	0	0	0	0	0	0	0	0	0	0	0
1.52	-0.002624715512585717	1.571984977012879	-0.003940394079572211	0	0.9399999999999999	0	0	0	0	0	0	0	0	0	0.001628393658620984	0.001587451740989521	0.01796440576528028	0.001114958990822926	0.001114922494956384	0	0	0	0	0	0	0	0	0	0	0	0	0	0	0	0	0	0	0	0
1.54	-0.002624715512585717	1.571984977012879	-0.003940394079572211	0	0.9399999999999999	0	0	0	0	0	0	0	0	0	0.001628393658620984	0.001587451740989521	0.01796440576528028	0.001114958990822926	0.001114922494956384	0	0	0	0	0	0	0	0	0	0	0	0	0	0	0	0	0	0	0	0
1.56	-0.002659928610401027	1.571985535634271	-0.00397622958752277	0	0.9399999999999999	0	0	0	0	0	0	0	0	0	0.001632294185783209	0.001588636960576515	0.01802789364699506	0.001123215196544586	0.001116460459331611	0	0	0	0	0	0	0	0	0	0	0	0	0	0	0	0	0	0	0	0
1.58	-0.002609255667072301	1.571989393335606	-0.003927743746568391	0	0.9399999999999999	0	0	0	0	0	0	0	0	0	0.001650150721760447	0.001594216619427374	0.01821901771127296	0.001142148440222819	0.001132377870704741	0	0	0	0	0	0	0	0	0	0	0	0	0	0	0	0	0	0	0	0
1.6	-0.002669111439634301	1.571990956329206	-0.003988408045615354	0	0.9399999999999999	0	0	0	0	0	0	0	0	0	0.001654775470742387	0.001596541479558291	0.01835545278503223	0.001147589052243483	0.001151966272327947	0	0	0	0	0	0	0	0	0	0	0	0	0	0	0	0	0	0	0	0
1.62	-0.002485829826623982	1.572005944565988	-0.00381057413292566	0	0.9399999999999999	0	0	0	0	0	0	0	0	0	0.001710871132808895	0.001617101961655989	0.01913044641931362	0.001226162680942922	0.001227987148852842	0	0	0	0	0	0	0	0	0	0	0	0	0	0	0	0	0	0	0	0
1.64	-0.002485882812345036	1.572005964085029	-0.00381066514843133	0	0.9399999999999999	0	0	0	0	0	0	0	0	0	0.001710746687733551	0.001617123234790595	0.01913043898049337	0.00122706712941301	0.001227072013481891	0	0	0	0	0	0	0	0	0	0	0	0	0	0	0	0	0	0	0	0
1.66	-0.002555288810342385	1.572007224965017	-0.00388080553077911	0	0.9399999999999999	0	0	0	0	0	0	0	0	0	0.001714771350686988	0.001619351686411767	0.01926452878447623	0.001246774287500486	0.001231557273825451	0	0	0	0	0	0	0	0	0	0	0	0	0	0	0	0	0	0	0	0
1.68	-0.002405748311575599	1.572018853198863	-0.003737871157470549	0	0.9399999999999999	0	0	0	0	0	0	0	0	0	0.00175233541596795	0.001635154491801494	0.01982644847010368	0.001293534377749998	0.001293313312197495	0	0	0	0	0	0	0	0	0	0	0	0	0	0	0	0	0	0	0	0
1.7	-0.002442259251634187	1.572019357391016	-0.003774999821986977	0	0.9399999999999999	0	0	0	0	0	0	0	0	0	0.00175433513260982	0.001636100289802862	0.01988774459616035	0.001301639616578074	0.001295540733699132	0	0	0	0	0	0	0	0	0	0	0	0	0	0	0	0	0	0	0	0
1.72	-0.002437509485675924	1.572019608529338	-0.003770543442875913	0	0.9399999999999999	0	0	0	0	0	0	0	0	0	0.001755267141523855	0.00163645501198223	0.01989885381439343	0.001302391935971526	0.001296713981312896	0	0	0	0	0	0	0	0	0	0	0	0	0	0	0	0	0	0	0	0
1.74	-0.002322058709351081	1.572028645305326	-0.003664102441942495	0	0.9399999999999999	0	0	0	0	0	0	0	0	0	0.001792388943435507	0.001653586026311705	0.02052058878542928	0.001359443769174505	0.001359561764168049	0	0	0	0	0	0	0	0	0	0	0	0	0	0	0	0	0	0	0	0
1.76	-0.002356118054704624	1.572031050291888	-0.003698934648203157	0	0.9399999999999999	0	0	0	0	0	0	0	0	0	0.001796553009039324	0.001652997038957103	0.0205881501873904	0.001368854408947186	0.001361127100859979	0	0	0	0	0	0	0	0	0	0	0	0	0	0	0	0	0	0	0	0
1.78	-0.002298772958411392	1.572034260103379	-0.003644197354678143	0	0.9399999999999999	0	0	0	0	0	0	0	0	0	0.00181404074336841	0.001657234245091157	0.02079295453801154	0.001392596500837539	0.001377477730705233	0	0	0	0	0	0	0	0	0	0	0	0	0	0	0	0	0	0	0	0
1.8	-0.002310635711179709	1.572034366629822	-0.003656217255346249	0	0.9399999999999999	0	0	0	0	0	0	0	0	0	0.001814193764584403	0.001657411796294267	0.02080924998885365	0.001391015168081112	0.001381972684101868	0	0	0	0	0	0	0	0	0	0	0	0	0	0	0	0	0	0	0	0
1.82	-0.002263330443604667	1.572038478732182	-0.003612529872186672	0	0.9399999999999999	0	0	0	0	0	0	0	0	0	0.001831982005852288	0.001663469142037156	0.02110203097815058	0.001413604716844005	0.001418611426930159	0	0	0	0	0	0	0	0	0	0	0	0	0	0	0	0	0	0	0	0
1.84	-0.002188340943683534	1.572046372953461	-0.00354308935651313	0	0.9399999999999999	0	0	0	0	0	0	0	0	0	0.001852208441282802	0.001673782897647274	0.02156383398917793	0.001437637124502668	0.001436880391532465	0	0	0	0	0	0	0	0	0	0	0	0	0	0	0	0	0	0	0	0
1.86	-0.002217625010579655	1.572046247830983	-0.003572878611416249	0	0.9399999999999999	0	0	0	0	0	0	0	0	0	0.00185154809060184	0.001674274942748926	0.0215987552019831	0.001442902730438831	0.001440837530034635	0	0	0	0	0	0	0	0	0	0	0	0	0	0	0	0	0	0	0	0
1.88	-0.002296604960870699	1.572046744884488	-0.003652377904069738	0	0.9399999999999999	0	0	0	0	0	0	0	0	0	0.001854841704218355	0.001675596459784855	0.021726069337998	0.001457966759534588	0.001452013706681216	0	0	0	0	0	0	0	0	0	0	0	0	0	0	0	0	0	0	0	0
1.9	-0.002103034791441362	1.572056086811854	-0.003466552575003845	0	0.9399999999999999	0	0	0	0	0	0	0	0	0	0.001907111081416813	0.001688083636306387	0.02237686812691436	0.001535104809823532	0.001535081635242022	0	0	0	0	0	0	0	0	0	0	0	0	0	0	0	0	0	0	0	0
1.92	-0.002136874253121383	1.572056226865572	-0.003501199769019791	0	0.9399999999999999	0	0	0	0	0	0	0	0	0	0.001909505441790721	0.001689178327431416	0.02244461826734185	0.001545806754822991	0.001537914181354847	0	0	0	0	0	0	0	0	0	0	0	0	0	0	0	0	0	0	0	0
1.94	-0.002078991812306462	1.572058762542341	-0.003446031580669372	0	0.9399999999999999	0	0	0	0	0	0	0	0	0	0.001925248414639748	0.001693088470937157	0.02264967189919509	0.001572468987752124	0.001557036356664948	0	0	0	0	0	0	0	0	0	0	0	0	0	0	0	0	0	0	0	0
1.96	-0.00212700975740443	1.572059830554639	-0.003495122931229474	0	0.9399999999999999	0	0	0	0	0	0	0	0	0	0.001930956063723751	0.001694751950958648	0.02278623390898354	0.001572218635830258	0.001584183135709047	0	0	0	0	0	0	0	0	0	0	0	0	0	0	0	0	0	0	0	0
1.98	-0.001992338516807524	1.572066598790237	-0.003367621882048967	0	0.9399999999999999	0	0	0	0	0	0	0	0	0	0.001967468380897876	0.001704412267511505	0.02330839233335251	0.0016343347270507	0.001634685007853123	0	0	0	0	0	0	0	0	0	0	0	0	0	0	0	0	0	0	0	0
2	-0.001984276628136453	1.572067012715695	-0.003359932393475656	0	0.9399999999999999	0	0	0	0	0	0	0	0	0	0.001967403628842099	0.001704490605832642	0.02330787490144563	0.0016342606942789	0.00163445487634391	0	0	0	0	0	0	0	0	0	0	0	0	0	0	0	0	0	0	0	0
2.02	-0.002015942115243069	1.572067325429014	-0.003392819982122246	0	0.9399999999999999	0	0	0	0	0	0	0	0	0	0.00197074991743495	0.001705768444489851	0.02339176323154077	0.001648389707346807	0.001636210199204586	0	0	0	0	0	0	0	0	0	0	0	0	0	0	0	0	0	0	0	0
2.04	-0.001909340966335753	1.572075259652398	-0.003295109976960497	0	0.9399999999999999	0	0	0	0	0	0	0	0	0	0.002008280812526345	0.001715278736968843	0.02399960720061213	0.001705358360238564	0.001705330505448547	0	0	0	0	0	0	0	0	0	0	0	0	0	0	0	0	0	0	0	0
2.06	-0.001909340966335753	1.572075259652398	-0.003295109976960497	0	0.9399999999999999	0	0	0	0	0	0	0	0	0	0.002008280812526345	0.001715278736968843	0.02399960720061213	0.001705358360238564	0.001705330505448547	0	0	0	0	0	0	0	0	0	0	0	0	0	0	0	0	0	0	0	0
2.08	-0.001978156670948862	1.572074975214914	-0.003364735299966556	0	0.9399999999999999	0	0	0	0	0	0	0	0	0	0.002013178464131553	0.001717211681531713	0.02413382624161514	0.001725575164275599	0.001710202914029714	0	0	0	0	0	0	0	0	0	0	0	0	0	0	0	0	0	0	0	0
2.1	-0.001826257416029474	1.572080858189795	-0.003220170485154901	0	0.9399999999999999	0	0	0	0	0	0	0	0	0	0.002052671552885519	0.001726048955453558	0.02470003636677079	0.001777417898365247	0.001777183419764787	0	0	0	0	0	0	0	0	0	0	0	0	0	0	0	0	0	0	0	0
2.12	-0.001826257416029474	1.572080858189795	-0.003220170485154901	0	0.9399999999999999	0	0	0	0	0	0	0	0	0	0.002052671552885519	0.001726048955453558	0.02470003636677079	0.001777417898365247	0.001777183419764787	0	0	0	0	0	0	0	0	0	0	0	0	0	0	0	0	0	0	0	0
2.14	-0.00186226600067663	1.572081133894751	-0.003256884467340868	0	0.9399999999999999	0	0	0	0	0	0	0	0	0	0.0020541876912817	0.001726673932357899	0.02476210743380161	0.001786209208423482	0.001779791381016518	0	0	0	0	0	0	0	0	0	0	0	0	0	0	0	0	0	0	0	0
2.16	-0.001816742835440577	1.572082969843614	-0.003213968931210042	0	0.9399999999999999	0	0	0	0	0	0	0	0	0	0.002067097449978883	0.001729630646087092	0.02495802250016075	0.001804924919321487	0.001802089088201317	0	0	0	0	0	0	0	0	0	0	0	0	0	0	0	0	0	0	0	0
2.18	-0.001876094600367432	1.572083391209272	-0.003273868408645415	0	0.9399999999999999	0	0	0	0	0	0	0	0	0	0.002069643413528443	0.001730431586692323	0.02505652254593579	0.00180986130967363	0.001815466730768924	0	0	0	0	0	0	0	0	0	0	0	0	0	0	0	0	0	0	0	0
2.2	-0.001689555493751883	1.572092206410626	-0.003096791279877388	0	0.9399999999999999	0	0	0	0	0	0	0	0	0	0.002123790914389904	0.001741661677420265	0.02585501589496221	0.001895209091669838	0.001895139500841552	0	0	0	0	0	0	0	0	0	0	0	0	0	0	0	0	0	0	0	0
2.22	-0.001723882314091395	1.572091643273467	-0.003131950886663033	0	0.9399999999999999	0	0	0	0	0	0	0	0	0	0.002124387970267121	0.001742913714109752	0.02592217334352247	0.001905628103433447	0.001897945863646893	0	0	0	0	0	0	0	0	0	0	0	0	0	0	0	0	0	0	0	0
2.24	-0.001667078509296711	1.572093147542935	-0.003077963688084212	0	0.9399999999999999	0	0	0	0	0	0	0	0	0	0.002136546109126696	0.001745705818231145	0.02612477752604708	0.00193085516683044	0.001916604334246641	0	0	0	0	0	0	0	0	0	0	0	0	0	0	0	0	0	0	0	0
2.26	-0.001717751506419086	1.572093832799222	-0.003129687400451503	0	0.9399999999999999	0	0	0	0	0	0	0	0	0	0.002141771105345557	0.001746846791100755	0.02625770227942923	0.001930707052960808	0.001942045947323216	0	0	0	0	0	0	0	0	0	0	0	0	0	0	0	0	0	0	0	0
2.28	-0.001578420402554324	1.572098379665929	-0.002997861744077762	0	0.9399999999999999	0	0	0	0	0	0	0	0	0	0.00217735266869327	0.001753862097896212	0.02678785790890204	0.001991889537298838	0.001992269134804902	0	0	0	0	0	0	0	0	0	0	0	0	0	0	0	0	0	0	0	0
2.3	-0.001602708230364458	1.5720987815361	-0.003023438716430696	0	0.9399999999999999	0	0	0	0	0	0	0	0	0	0.00217995934554558	0.001754705378607507	0.0268678504900615	0.002005780939495351	0.001993878317734803	0	0	0	0	0	0	0	0	0	0	0	0	0	0	0	0	0	0	0	0
2.32	-0.001599819000577775	1.57209908266716	-0.003021468354617835	0	0.9399999999999999	0	0	0	0	0	0	0	0	0	0.002181789286096011	0.001755122998571155	0.02690083214801049	0.002007359305358414	0.001998742448182563	0	0	0	0	0	0	0	0	0	0	0	0	0	0	0	0	0	0	0	0
2.34	-0.001571902675106341	1.572100158003457	-0.002995887704787543	0	0.9399999999999999	0	0	0	0	0	0	0	0	0	0.00219106326249487	0.00175701275290204	0.02705475363205771	0.002022883394266291	0.002015576873894327	0	0	0	0	0	0	0	0	0	0	0	0	0	0	0	0	0	0	0	0
2.36	-0.001467520461812007	1.572107060447656	-0.002900955825859306	0	0.9399999999999999	0	0	0	0	0	0	0	0	0	0.002236542873806354	0.001763489672102685	0.0277108940422956	0.002085581595932499	0.00208548426735585	0	0	0	0	0	0	0	0	0	0	0	0	0	0	0	0	0	0	0	0
2.38	-0.001467520461812007	1.572107060447656	-0.002900955825859306	0	0.9399999999999999	0	0	0	0	0	0	0	0	0	0.002236542873806354	0.001763489672102685	0.0277108940422956	0.002085581595932499	0.00208548426735585	0	0	0	0	0	0	0	0	0	0	0	0	0	0	0	0	0	0	0	0
2.4	-0.001501031300839611	1.572105475710322	-0.002935353925675043	0	0.9399999999999999	0	0	0	0	0	0	0	0	0	0.002234971007011185	0.001765424325259315	0.02777902190328175	0.002096999724712859	0.00208900599854846	0	0	0	0	0	0	0	0	0	0	0	0	0	0	0	0	0	0	0	0
2.42	-0.001381741307678804	1.572106821254572	-0.002826616761797529	0	0.9399999999999999	0	0	0	0	0	0	0	0	0	0.002275683752775212	0.001774913425776284	0.02841087193087539	0.002158515197451723	0.002158471119253496	0	0	0	0	0	0	0	0	0	0	0	0	0	0	0	0	0	0	0	0
2.44	-0.001381741307678804	1.572106821254572	-0.002826616761797529	0	0.9399999999999999	0	0	0	0	0	0	0	0	0	0.002275683752775212	0.001774913425776284	0.02841087193087539	0.002158515197451723	0.002158471119253496	0	0	0	0	0	0	0	0	0	0	0	0	0	0	0	0	0	0	0	0
2.46	-0.001432616263200133	1.572110621902455	-0.002878804654705971	0	0.9399999999999999	0	0	0	0	0	0	0	0	0	0.002277807806370482	0.001773602242367443	0.0285733944719618	0.002191084615059457	0.002160764339835922	0	0	0	0	0	0	0	0	0	0	0	0	0	0	0	0	0	0	0	0
2.48	-0.001328474118309288	1.572111999707981	-0.002780629070884479	0	0.9399999999999999	0	0	0	0	0	0	0	0	0	0.002297988259703512	0.001777329361663734	0.0288678969508695	0.002207118006475481	0.002208478332337003	0	0	0	0	0	0	0	0	0	0	0	0	0	0	0	0	0	0	0	0
2.5	-0.001270316010939397	1.572114296817799	-0.002732300435357352	0	0.9399999999999999	0	0	0	0	0	0	0	0	0	0.002329738201577256	0.001782761249964992	0.02933444062531373	0.002254577091500024	0.00225449734300404	0	0	0	0	0	0	0	0	0	0	0	0	0	0	0	0	0	0	0	0
2.52	-0.001270316010939397	1.572114296817799	-0.002732300435357352	0	0.9399999999999999	0	0	0	0	0	0	0	0	0	0.002329738201577256	0.001782761249964992	0.02933444062531373	0.002254577091500024	0.00225449734300404	0	0	0	0	0	0	0	0	0	0	0	0	0	0	0	0	0	0	0	0
2.54	-0.001295050369685087	1.572115392528951	-0.002758362930419887	0	0.9399999999999999	0	0	0	0	0	0	0	0	0	0.002328708512240329	0.00178271919534597	0.0294161571210985	0.002271615834880275	0.002256040176468207	0	0	0	0	0	0	0	0	0	0	0	0	0	0	0	0	0	0	0	0
2.56	-0.001310470619364244	1.572115724988503	-0.002775191620280988	0	0.9399999999999999	0	0	0	0	0	0	0	0	0	0.002333995172410478	0.001783805643164745	0.02954111888927376	0.002271700466474974	0.002281911004981407	0	0	0	0	0	0	0	0	0	0	0	0	0	0	0	0	0	0	0	0
2.58	-0.001319538434948693	1.572116314427753	-0.00278563238182202	0	0.9399999999999999	0	0	0	0	0	0	0	0	0	0.002341131180298832	0.001785050489197231	0.02969486839147936	0.002299696210992329	0.002286472545926083	0	0	0	0	0	0	0	0	0	0	0	0	0	0	0	0	0	0	0	0
2.6	-0.001159243177665422	1.572119524448996	-0.002633011922492668	0	0.9399999999999999	0	0	0	0	0	0	0	0	0	0.002380364707858776	0.001790626374834899	0.03026649971791516	0.002354988680386468	0.002354724023939371	0	0	0	0	0	0	0	0	0	0	0	0	0	0	0	0	0	0	0	0
2.62	-0.001195234630645173	1.572119660934225	-0.002669753146457248	0	0.9399999999999999	0	0	0	0	0	0	0	0	0	0.002381428670372992	0.001791061736020663	0.03032857188894654	0.002363999159675489	0.002357558209041988	0	0	0	0	0	0	0	0	0	0	0	0	0	0	0	0	0	0	0	0
2.64	-0.001149651306581394	1.572120604256757	-0.002626935877213832	0	0.9399999999999999	0	0	0	0	0	0	0	0	0	0.002392820320107945	0.001792952466666244	0.0305243499218563	0.002383559378023219	0.002380727930015973	0	0	0	0	0	0	0	0	0	0	0	0	0	0	0	0	0	0	0	0
2.66	-0.00120907573174324	1.572120824127014	-0.002686938545368331	0	0.9399999999999999	0	0	0	0	0	0	0	0	0	0.002395269482201949	0.001793513922102609	0.03062274071120589	0.002388697310363652	0.002394122689291055	0	0	0	0	0	0	0	0	0	0	0	0	0	0	0	0	0	0	0	0
2.68	-0.001023545349510613	1.57212548161652	-0.002508843022899077	0	0.9399999999999999	0	0	0	0	0	0	0	0	0	0.002450840659079855	0.001800020943938181	0.03142073845550115	0.002476721254925638	0.00247663474977139	0	0	0	0	0	0	0	0	0	0	0	0	0	0	0	0	0	0	0	0
2.7	-0.001023545349510613	1.57212548161652	-0.002508843022899077	0	0.9399999999999999	0	0	0	0	0	0	0	0	0	0.002450840659079855	0.001800020943938181	0.03142073845550115	0.002476721254925638	0.00247663474977139	0	0	0	0	0	0	0	0	0	0	0	0	0	0	0	0	0	0	0	0
2.72	-0.001091208816571285	1.572124971940849	-0.002577416077020703	0	0.9399999999999999	0	0	0	0	0	0	0	0	0	0.002451623763807287	0.001801514313098699	0.0315569351185671	0.002498624574359689	0.002482722617115333	0	0	0	0	0	0	0	0	0	0	0	0	0	0	0	0	0	0	0	0
2.74	-0.0009401387700511957	1.572127704411011	-0.002434315673671537	0	0.9399999999999999	0	0	0	0	0	0	0	0	0	0.00248770288004773	0.001806726116656092	0.03212090878894228	0.002551185118773336	0.002550964930953312	0	0	0	0	0	0	0	0	0	0	0	0	0	0	0	0	0	0	0	0
2.76	-0.0009401387700511957	1.572127704411011	-0.002434315673671537	0	0.9399999999999999	0	0	0	0	0	0	0	0	0	0.00248770288004773	0.001806726116656092	0.03212090878894228	0.002551185118773336	0.002550964930953312	0	0	0	0	0	0	0	0	0	0	0	0	0	0	0	0	0	0	0	0
2.78	-0.001009421659291577	1.572127894525718	-0.002504453063249291	0	0.9399999999999999	0	0	0	0	0	0	0	0	0	0.00249000844624887	0.001807519340746046	0.03225231078628252	0.002571481651908209	0.002556638665957853	0	0	0	0	0	0	0	0	0	0	0	0	0	0	0	0	0	0	0	0
2.8	-0.0008573415838048121	1.572130331311882	-0.002360214912672077	0	0.9399999999999999	0	0	0	0	0	0	0	0	0	0.002527072924882474	0.001812307552086233	0.03281748269983644	0.002624992147900131	0.002624691446274312	0	0	0	0	0	0	0	0	0	0	0	0	0	0	0	0	0	0	0	0
2.82	-0.0008573415838048121	1.572130331311882	-0.002360214912672077	0	0.9399999999999999	0	0	0	0	0	0	0	0	0	0.002527072924882474	0.001812307552086233	0.03281748269983644	0.002624992147900131	0.002624691446274312	0	0	0	0	0	0	0	0	0	0	0	0	0	0	0	0	0	0	0	0
2.84	-0.0009062586425914571	1.572130545523029	-0.002409759282546745	0	0.9399999999999999	0	0	0	0	0	0	0	0	0	0.002527835805816644	0.001812742765399681	0.03289938379646109	0.002633096862657211	0.002626507925426878	0	0	0	0	0	0	0	0	0	0	0	0	0	0	0	0	0	0	0	0
2.86	-0.000772338646718199	1.572130690635972	-0.002286612856843661	0	0.9399999999999999	0	0	0	0	0	0	0	0	0	0.002567582805248685	0.001819703886623985	0.03351186830629399	0.002696208682734988	0.002696196367135761	0	0	0	0	0	0	0	0	0	0	0	0	0	0	0	0	0	0	0	0
2.88	-0.0007976713613711171	1.572133491761605	-0.002313306645961511	0	0.9399999999999999	0	0	0	0	0	0	0	0	0	0.002568043914213211	0.00181813148395528	0.03359275777556219	0.002712363142466243	0.002697672893214657	0	0	0	0	0	0	0	0	0	0	0	0	0	0	0	0	0	0	0	0
2.9	-0.0008037530061815714	1.572133425995278	-0.002319654962022773	0	0.9399999999999999	0	0	0	0	0	0	0	0	0	0.002568586970434539	0.001818360298501549	0.03361402073181129	0.002710225989510185	0.002701559949164713	0	0	0	0	0	0	0	0	0	0	0	0	0	0	0	0	0	0	0	0
2.92	-0.0006909848696438939	1.572134902727806	-0.002213872225579571	0	0.9399999999999999	0	0	0	0	0	0	0	0	0	0.002603676796969531	0.001822735342939403	0.03420373616547247	0.002771431442221872	0.002771513104531791	0	0	0	0	0	0	0	0	0	0	0	0	0	0	0	0	0	0	0	0
2.94	-0.0007158662961052289	1.572135097835482	-0.002240117009165361	0	0.9399999999999999	0	0	0	0	0	0	0	0	0	0.002607126492891926	0.001823278303854712	0.03428543943408507	0.002786944476433129	0.002771956907277805	0	0	0	0	0	0	0	0	0	0	0	0	0	0	0	0	0	0	0	0
2.96	-0.0007128918392239581	1.572135242620522	-0.002238113128685642	0	0.9399999999999999	0	0	0	0	0	0	0	0	0	0.002609215961373079	0.00182354089142767	0.03431902103780499	0.002786407234089938	0.002779278027010503	0	0	0	0	0	0	0	0	0	0	0	0	0	0	0	0	0	0	0	0
2.98	-0.0006606301125892803	1.572135806768648	-0.002188988306965023	0	0.9399999999999999	0	0	0	0	0	0	0	0	0	0.002620318658119051	0.001824988298235449	0.03450333936644381	0.002810517022175966	0.002796294922721911	0	0	0	0	0	0	0	0	0	0	0	0	0	0	0	0	0	0	0	0
3	-0.0007078859372562876	1.572136050756067	-0.002237424614054488	0	0.9399999999999999	0	0	0	0	0	0	0	0	0	0.002624964887985849	0.001825693592984025	0.03463078675816206	0.002810382101338888	0.002821450026717363	0	0	0	0	0	0	0	0	0	0	0	0	0	0	0	0	0	0	0	0
3.02	-0.0005520880957731244	1.572138799274057	-0.002091086072126531	0	0.9399999999999999	0	0	0	0	0	0	0	0	0	0.002677789014400094	0.001830665353523121	0.0353621324885033	0.002893288856161121	0.002892867511278797	0	0	0	0	0	0	0	0	0	0	0	0	0	0	0	0	0	0	0	0
3.04	-0.0005520880957731244	1.572138799274057	-0.002091086072126531	0	0.9399999999999999	0	0	0	0	0	0	0	0	0	0.002677789014400094	0.001830665353523121	0.0353621324885033	0.002893288856161121	0.002892867511278797	0	0	0	0	0	0	0	0	0	0	0	0	0	0	0	0	0	0	0	0
3.06	-0.0005890735973935767	1.572138482013309	-0.002128855249598484	0	0.9399999999999999	0	0	0	0	0	0	0	0	0	0.002675248906417711	0.001831315458500773	0.03542607514649516	0.002903680343745182	0.002896911936273307	0	0	0	0	0	0	0	0	0	0	0	0	0	0	0	0	0	0	0	0
3.08	-0.0004640039403368412	1.572137616270951	-0.00201499110123347	0	0.9399999999999999	0	0	0	0	0	0	0	0	0	0.002712706816784391	0.001838046616103151	0.03606853924497589	0.002969303698176729	0.002969338016790005	0	0	0	0	0	0	0	0	0	0	0	0	0	0	0	0	0	0	0	0
3.1	-0.0004902949129349524	1.572140818693837	-0.002042656667519899	0	0.9399999999999999	0	0	0	0	0	0	0	0	0	0.002713040538921423	0.001836060563216081	0.03614796545330771	0.002984609955497926	0.002971207327169888	0	0	0	0	0	0	0	0	0	0	0	0	0	0	0	0	0	0	0	0
3.12	-0.0005092914873229006	1.572140528743529	-0.002063007969378867	0	0.9399999999999999	0	0	0	0	0	0	0	0	0	0.002717598325507142	0.001837075023628726	0.0362655571465955	0.002985198845595389	0.002995129806922037	0	0	0	0	0	0	0	0	0	0	0	0	0	0	0	0	0	0	0	0
3.14	-0.0005015381649070756	1.572140586233704	-0.002055690569867365	0	0.9399999999999999	0	0	0	0	0	0	0	0	0	0.002719053866771503	0.001837220913411678	0.03628744207185238	0.002988059224931593	0.002997155766099148	0	0	0	0	0	0	0	0	0	0	0	0	0	0	0	0	0	0	0	0
3.16	-0.0005127498446483768	1.572140802992119	-0.002068273961733819	0	0.9399999999999999	0	0	0	0	0	0	0	0	0	0.002725195336582604	0.001838043474704631	0.03643092800446709	0.003014206322062767	0.003001673292713622	0	0	0	0	0	0	0	0	0	0	0	0	0	0	0	0	0	0	0	0
3.18	-0.0003567058750749978	1.572142197346383	-0.001920029929616265	0	0.9399999999999999	0	0	0	0	0	0	0	0	0	0.002763035543815822	0.001841731735242421	0.03699155655229723	0.003069500032291358	0.003069101693935906	0	0	0	0	0	0	0	0	0	0	0	0	0	0	0	0	0	0	0	0
3.2	-0.0003936069734400728	1.572142247626164	-0.001957643898371209	0	0.9399999999999999	0	0	0	0	0	0	0	0	0	0.002763844119372801	0.001842045958841987	0.03705132441283815	0.003077903116175984	0.003072191317290629	0	0	0	0	0	0	0	0	0	0	0	0	0	0	0	0	0	0	0	0
3.22	-0.0003498369219837492	1.572142620332321	-0.001916635236372394	0	0.9399999999999999	0	0	0	0	0	0	0	0	0	0.002774087253473026	0.001843330188302154	0.03724172696355821	0.003097786347369981	0.003094786932761451	0	0	0	0	0	0	0	0	0	0	0	0	0	0	0	0	0	0	0	0
3.24	-0.0004081762314486424	1.572142723166915	-0.001975586468180985	0	0.9399999999999999	0	0	0	0	0	0	0	0	0	0.002776579381726188	0.001843782536497635	0.03734148632427864	0.003102576305774904	0.003109003330919785	0	0	0	0	0	0	0	0	0	0	0	0	0	0	0	0	0	0	0	0
3.26	-0.0002464930678733304	1.572144054222991	-0.001821467746817798	0	0.9399999999999999	0	0	0	0	0	0	0	0	0	0.002815199529845786	0.001847560764249205	0.03792282639375136	0.00316968066848622	0.003169317697078616	0	0	0	0	0	0	0	0	0	0	0	0	0	0	0	0	0	0	0	0
3.28	-0.000276256387754351	1.572144188635863	-0.001851899822238435	0	0.9399999999999999	0	0	0	0	0	0	0	0	0	0.002816039666767924	0.00184787317008057	0.0379837028123005	0.003178181699938347	0.003172213298335633	0	0	0	0	0	0	0	0	0	0	0	0	0	0	0	0	0	0	0	0
3.3	-0.0002306427738414152	1.572144480565352	-0.001809367669584825	0	0.9399999999999999	0	0	0	0	0	0	0	0	0	0.002827820343711319	0.001849295826107986	0.03819187490954479	0.003199356224269579	0.003196983705960625	0	0	0	0	0	0	0	0	0	0	0	0	0	0	0	0	0	0	0	0
3.32	-0.0003317723310421063	1.57214459410033	-0.001911091503769595	0	0.9399999999999999	0	0	0	0	0	0	0	0	0	0.002830554464349853	0.001849944042403121	0.03834610000483389	0.0032165502556207	0.003209401283237026	0	0	0	0	0	0	0	0	0	0	0	0	0	0	0	0	0	0	0	0
3.34	-0.0003224218346490135	1.572144627066315	-0.001901928699538918	0	0.9399999999999999	0	0	0	0	0	0	0	0	0	0.002831770240873837	0.001850052895400798	0.03836221720767684	0.003218291395082502	0.003211451983666277	0	0	0	0	0	0	0	0	0	0	0	0	0	0	0	0	0	0	0	0
3.36	-0.0001080703882791178	1.572146028537833	-0.001694593160587224	0	0.9399999999999999	0	0	0	0	0	0	0	0	0	0.002880009323129032	0.001854476384675112	0.03908487599830521	0.003294970048478884	0.003295272073420511	0	0	0	0	0	0	0	0	0	0	0	0	0	0	0	0	0	0	0	0
3.38	-0.0001578690787123626	1.572146143944262	-0.001745776710166728	0	0.9399999999999999	0	0	0	0	0	0	0	0	0	0.002884863243817464	0.001855381360071481	0.03924410342719081	0.003324728661577272	0.003297876139630098	0	0	0	0	0	0	0	0	0	0	0	0	0	0	0	0	0	0	0	0
3.4	-0.000142796761913199	1.572146340105134	-0.001731929266526715	0	0.9399999999999999	0	0	0	0	0	0	0	0	0	0.002889502593219594	0.001855829877903022	0.03931594390856358	0.003325403665070376	0.00331229649176741	0	0	0	0	0	0	0	0	0	0	0	0	0	0	0	0	0	0	0	0
3.42	1.051900285022485e-06	1.572147715704284	-0.00159602432175946	0	0.9399999999999999	0	0	0	0	0	0	0	0	0	0.002933904091698042	0.00185995304791258	0.04000790800713597	0.003393209999532117	0.003393385406696843	0	0	0	0	0	0	0	0	0	0	0	0	0	0	0	0	0	0	0	0
3.44	-2.354647348820856e-05	1.57214762312613	-0.001622015417876021	0	0.9399999999999999	0	0	0	0	0	0	0	0	0	0.002934645409785083	0.001860562215027594	0.04008688189369958	0.003407929499292102	0.003395211406787522	0	0	0	0	0	0	0	0	0	0	0	0	0	0	0	0	0	0	0	0
3.46	-4.389325887276176e-05	1.572147765130747	-0.001643689239908708	0	0.9399999999999999	0	0	0	0	0	0	0	0	0	0.002938931104232463	0.00186117310384488	0.04020303583440037	0.003408603109372116	0.003418486786342918	0	0	0	0	0	0	0	0	0	0	0	0	0	0	0	0	0	0	0	0
3.48	-3.5745068199328e-05	1.572147809980973	-0.001635970913544069	0	0.9399999999999999	0	0	0	0	0	0	0	0	0	0.002940338824762132	0.001861309547177897	0.04022432121535725	0.00341136020316887	0.003420438079974137	0	0	0	0	0	0	0	0	0	0	0	0	0	0	0	0	0	0	0	0
3.5	-4.67109235216492e-05	1.572147950629082	-0.001648326267479483	0	0.9399999999999999	0	0	0	0	0	0	0	0	0	0.002946343507372298	0.001862091441413947	0.04036907250775524	0.00343761351213938	0.003425008749079958	0	0	0	0	0	0	0	0	0	0	0	0	0	0	0	0	0	0	0	0
3.52	0.0001105944633934353	1.572148899389218	-0.001498936095680288	0	0.9399999999999999	0	0	0	0	0	0	0	0	0	0.002983959956488546	0.00186547950593439	0.0409321141520915	0.003492757750521351	0.003492392968272898	0	0	0	0	0	0	0	0	0	0	0	0	0	0	0	0	0	0	0	0
3.54	4.013435164100457e-05	1.572148923398073	-0.001570241370709841	0	0.9399999999999999	0	0	0	0	0	0	0	0	0	0.002985915865399137	0.001866095487935395	0.04106081232954093	0.003512472180371807	0.003498292252693155	0	0	0	0	0	0	0	0	0	0	0	0	0	0	0	0	0	0	0	0
3.56	5.055470412932985e-05	1.572148961404724	-0.001560264958887095	0	0.9399999999999999	0	0	0	0	0	0	0	0	0	0.002987563553179013	0.001866270940680321	0.04108875944536276	0.003515050095062441	0.003502084280027793	0	0	0	0	0	0	0	0	0	0	0	0	0	0	0	0	0	0	0	0
3.58	0.0001932913148749006	1.572149758835207	-0.001425335986013247	0	0.9399999999999999	0	0	0	0	0	0	0	0	0	0.003022354812498173	0.001869474436756516	0.04162937835593072	0.00356788791871234	0.003567274435546389	0	0	0	0	0	0	0	0	0	0	0	0	0	0	0	0	0	0	0	0
3.6	0.0001207081286068747	1.572149783788035	-0.001498692680345149	0	0.9399999999999999	0	0	0	0	0	0	0	0	0	0.003024229297964896	0.00187004320225534	0.04175305356877205	0.003586127603319189	0.003573370515068699	0	0	0	0	0	0	0	0	0	0	0	0	0	0	0	0	0	0	0	0
3.62	0.0001303640793095857	1.572149811071495	-0.001489411082923505	0	0.9399999999999999	0	0	0	0	0	0	0	0	0	0.003025660829123861	0.001870189187909508	0.04177629640648326	0.00358833429835136	0.003576499181380595	0	0	0	0	0	0	0	0	0	0	0	0	0	0	0	0	0	0	0	0
3.64	0.0003027193571892924	1.572150907198401	-0.00132600119181768	0	0.9399999999999999	0	0	0	0	0	0	0	0	0	0.003054354615063694	0.001873897746986157	0.04244101870824444	0.003624024252921263	0.00362411521713761	0	0	0	0	0	0	0	0	0	0	0	0	0	0	0	0	0	0	0	0
3.66	0.0002539452794592762	1.572150793329057	-0.001376168349078365	0	0.9399999999999999	0	0	0	0	0	0	0	0	0	0.003056234927059775	0.001874622570478275	0.04256813652527529	0.003650085270016354	0.003632655856815436	0	0	0	0	0	0	0	0	0	0	0	0	0	0	0	0	0	0	0	0
3.68	0.0002444378594938334	1.572150885830929	-0.001387220219528646	0	0.9399999999999999	0	0	0	0	0	0	0	0	0	0.003064364193815463	0.001875364270820552	0.04271578390527683	0.003654755475344396	0.003666118948513448	0	0	0	0	0	0	0	0	0	0	0	0	0	0	0	0	0	0	0	0
3.7	0.0003873128600881819	1.572151491044463	-0.001252578737700758	0	0.9399999999999999	0	0	0	0	0	0	0	0	0	0.003107526405986291	0.001878456423409374	0.04325143944137629	0.003732128472160178	0.003732373480530478	0	0	0	0	0	0	0	0	0	0	0	0	0	0	0	0	0	0	0	0
3.72	0.0003629582254277785	1.572151522583773	-0.001278333141137711	0	0.9399999999999999	0	0	0	0	0	0	0	0	0	0.003109749505670431	0.001878913533577649	0.04333125534891109	0.003747693909537448	0.003735578563498328	0	0	0	0	0	0	0	0	0	0	0	0	0	0	0	0	0	0	0	0
3.74	0.0003411990887437304	1.572151580788784	-0.001301380803597996	0	0.9399999999999999	0	0	0	0	0	0	0	0	0	0.003114508349368854	0.001879503989043671	0.04344594089222757	0.003749549035770519	0.003759290003420618	0	0	0	0	0	0	0	0	0	0	0	0	0	0	0	0	0	0	0	0
3.76	0.0004706508800273452	1.572152126281387	-0.001179870388502724	0	0.9399999999999999	0	0	0	0	0	0	0	0	0	0.003149259345874726	0.001882391185653228	0.04394710525142691	0.00381330163037531	0.003813874358166007	0	0	0	0	0	0	0	0	0	0	0	0	0	0	0	0	0	0	0	0
3.78	0.0004706508800273452	1.572152126281387	-0.001179870388502724	0	0.9399999999999999	0	0	0	0	0	0	0	0	0	0.003149259345874726	0.001882391185653228	0.04394710525142691	0.00381330163037531	0.003813874358166007	0	0	0	0	0	0	0	0	0	0	0	0	0	0	0	0	0	0	0	0
3.8	0.0004468427963126643	1.572152167396956	-0.001205079350709066	0	0.9399999999999999	0	0	0	0	0	0	0	0	0	0.003151461409369185	0.001882824307203068	0.04402628114222545	0.003827200273643507	0.003816929593167363	0	0	0	0	0	0	0	0	0	0	0	0	0	0	0	0	0	0	0	0
3.82	0.0004207843118304643	1.572152207913774	-0.001232301562954262	0	0.9399999999999999	0	0	0	0	0	0	0	0	0	0.003155417552073932	0.001883370373147164	0.04413518600455255	0.003828992953140014	0.003838089362971564	0	0	0	0	0	0	0	0	0	0	0	0	0	0	0	0	0	0	0	0
3.84	0.0005808153256431707	1.572153128405914	-0.001081036634863279	0	0.9399999999999999	0	0	0	0	0	0	0	0	0	0.003206807633412427	0.001887228229297792	0.04487048335798941	0.003914170913292059	0.003914407996519714	0	0	0	0	0	0	0	0	0	0	0	0	0	0	0	0	0	0	0	0
3.86	0.0005808153256431707	1.572153128405914	-0.001081036634863279	0	0.9399999999999999	0	0	0	0	0	0	0	0	0	0.003206807633412427	0.001887228229297792	0.04487048335798941	0.003914170913292059	0.003914407996519714	0	0	0	0	0	0	0	0	0	0	0	0	0	0	0	0	0	0	0	0
3.88	0.0006449601194756522	1.572156010263852	-0.001029755518565254	0	0.9399999999999999	0	0	0	0	0	0	0	0	0	0.003229934378030634	0.001888363820275133	0.04534823398376237	0.003965432651236788	0.003966879108076208	0	0	0	0	0	0	0	0	0	0	0	0	0	0	0	0	0	0	0	0
3.9	0.0006449703432569399	1.572155800449719	-0.001029797067279392	0	0.9399999999999999	0	0	0	0	0	0	0	0	0	0.003229850330524663	0.001888527673410168	0.04534803628558628	0.003966205889355559	0.003966096907349141	0	0	0	0	0	0	0	0	0	0	0	0	0	0	0	0	0	0	0	0
3.92	0.0006106035316655876	1.572153585896592	-0.001065118016421741	0	0.9399999999999999	0	0	0	0	0	0	0	0	0	0.003229962420476084	0.001890539769410199	0.04541310105897374	0.003976595479401164	0.00396925857511028	0	0	0	0	0	0	0	0	0	0	0	0	0	0	0	0	0	0	0	0
3.94	0.0006640137251482729	1.572153343334934	-0.001014844250583779	0	0.9399999999999999	0	0	0	0	0	0	0	0	0	0.003239779094475026	0.001891782062571979	0.04561123251351378	0.004002073785039445	0.003989923780496345	0	0	0	0	0	0	0	0	0	0	0	0	0	0	0	0	0	0	0	0
3.96	0.0007510485662577967	1.572153922274359	-0.0009373233226924465	0	0.9399999999999999	0	0	0	0	0	0	0	0	0	0.003284547608720605	0.00189517459560615	0.04625776816166701	0.004063555072389567	0.004064216591359687	0	0	0	0	0	0	0	0	0	0	0	0	0	0	0	0	0	0	0	0
3.98	0.0007510485662577967	1.572153922274359	-0.0009373233226924465	0	0.9399999999999999	0	0	0	0	0	0	0	0	0	0.003284547608720605	0.00189517459560615	0.04625776816166701	0.004063555072389567	0.004064216591359687	0	0	0	0	0	0	0	0	0	0	0	0	0	0	0	0	0	0	0	0
4	0.0007256115083396912	1.572153912313891	-0.0009641712746157042	0	0.9399999999999999	0	0	0	0	0	0	0	0	0	0.00328177186166754	0.001895611846262903	0.0463398644451057	0.004078571743931422	0.004068937657078658	0	0	0	0	0	0	0	0	0	0	0	0	0	0	0	0	0	0	0	0
4.02	0.0007335240294147094	1.57178404698835	-0.0009532260610086227	0	0.9399999999999999	0	0	0	0	0	0	0	0	0	0.01676562789924236	-0.0006165632972346037	0.06185588288282308	0	9.35118574736601e-07	0	0	0	0	0	0	0	0	0	0	0	0	0	0	0	0	0	0	0	0
4.04	0.0004109388680186315	1.573090326121211	-0.001280989221482896	0	0.9399999999999999	0	0	0	0	0	0	0	0	0	0.02860866509036353	-0.003517315814947262	0.07741439679911474	0	-6.009866235111706e-07	0	0	0	0	0	0	0	0	0	0	0	0	0	0	0	0	0	0	0	0
4.06	-0.0008941624192123292	1.578911850748668	-0.002897227179584582	0	0.9399999999999999	0	0	0	0	0	0	0	0	0	0.03818085701152853	-0.02041899850893689	0.1075089553501574	0	1.734027187318947e-07	0	0	0	0	0	0	0	0	0	0	0	0	0	0	0	0	0	0	0	0
4.08	-0.001607376122395187	1.581832100994734	-0.004066109463546138	0	0.9399999999999999	0	0	0	0	0	0	0	0	0	0.03971401576309698	-0.03074966998423039	0.1168241164388662	0	2.688042944540974e-06	0	0	0	0	0	0	0	0	0	0	0	0	0	0	0	0	0	0	0	0
4.1	-0.001601591425267049	1.581833219059805	-0.004071420963267061	0	0.9399999999999999	0	0	0	0	0	0	0	0	0	0.03971571867866773	-0.0307487444756519	0.1168249266968386	0	2.636167054036807e-06	0	0	0	0	0	0	0	0	0	0	0	0	0	0	0	0	0	0	0	0
4.119999999999999	-0.002447399404529476	1.584195032609267	-0.005078826912005524	0	0.9399999999999999	0	0	0	0	0	0	0	0	0	0.04926207281227077	-0.03751231626689865	0.1245331395602537	0	-3.796148006242689e-06	0	0	0	0	0	0	0	0	0	0	0	0	0	0	0	0	0	0	0	0
4.14	-0.004357017312482464	1.584474843990232	-0.00683153416813518	0	0.9399999999999999	0	0	0	0	0	0	0	0	0	0.07863763587531533	-0.03539238483261946	0.1447781678792359	0	4.358280578895129e-06	0	0	0	0	0	0	0	0	0	0	0	0	0	0	0	0	0	0	0	0
4.159999999999999	-0.004895146095457678	1.583382045430247	-0.007571527611401449	0	0.9399999999999999	0	0	0	0	0	0	0	0	0	0.08829350612203522	-0.04284924937194495	0.1639762317888076	0	-9.126465232446636e-06	0	0	0	0	0	0	0	0	0	0	0	0	0	0	0	0	0	0	0	0
4.18	-0.004893917459813426	1.583365885865271	-0.007581016851562867	0	0.9399999999999999	0	0	0	0	0	0	0	0	0	0.0882924059123789	-0.04286737388996974	0.1639672061676379	0	-8.520797160140894e-06	0	0	0	0	0	0	0	0	0	0	0	0	0	0	0	0	0	0	0	0
4.199999999999999	-0.005135559847118638	1.58202684023431	-0.00830408226574797	0	0.9399999999999999	0	0	0	0	0	0	0	0	0	0.09230523960611091	-0.05787363796670857	0.1808865282742439	0	1.796824166543294e-06	0	0	0	0	0	0	0	0	0	0	0	0	0	0	0	0	0	0	0	0
4.22	-0.005054350996251746	1.581959230511695	-0.008761847277261548	0	0.9399999999999999	0	0	0	0	0	0	0	0	0	0.09487742761148371	-0.07311617619264685	0.1899751059686852	0	-4.765832157465431e-06	0	0	0	0	0	0	0	0	0	0	0	0	0	0	0	0	0	0	0	0
4.239999999999999	-0.00476438870020481	1.582305854744531	-0.008754409292603996	0	0.9399999999999999	0	0	0	0	0	0	0	0	0	0.1035399518254469	-0.08421587869459919	0.1922692103517278	0	-2.611649976196007e-06	0	0	0	0	0	0	0	0	0	0	0	0	0	0	0	0	0	0	0	0
4.26	-0.003518289483513237	1.583576180914462	-0.00768324522097964	0	0.9399999999999999	0	0	0	0	0	0	0	0	0	0.1322564188602593	-0.09208678158499775	0.18314664074714	0	3.379556390361671e-06	0	0	0	0	0	0	0	0	0	0	0	0	0	0	0	0	0	0	0	0
4.279999999999999	-0.002404867448982871	1.583585573571025	-0.007002298844513869	0	0.9399999999999999	0	0	0	0	0	0	0	0	0	0.1460236411121626	-0.09621181927307136	0.1772443688514526	0	-9.076232231311844e-06	0	0	0	0	0	0	0	0	0	0	0	0	0	0	0	0	0	0	0	0
4.3	-0.001192415261811451	1.583233834022128	-0.006332747109982916	0	0.9399999999999999	0	0	0	0	0	0	0	0	0	0.1595768083252771	-0.1020678417427756	0.173543825932476	0	1.110340455509223e-05	0	0	0	0	0	0	0	0	0	0	0	0	0	0	0	0	0	0	0	0
4.319999999999999	-0.00116841142482075	1.583238710614832	-0.006356028755111603	0	0.9399999999999999	0	0	0	0	0	0	0	0	0	0.1595802526127963	-0.1020689157625748	0.1735549122904249	0	8.508137652332336e-06	0	0	0	0	0	0	0	0	0	0	0	0	0	0	0	0	0	0	0	0
4.34	8.587364784001772e-05	1.58306108537569	-0.005692185872283265	0	0.9399999999999999	0	0	0	0	0	0	0	0	0	0.1737978356179327	-0.1080493271252887	0.1710623481871347	0	9.103550891603237e-08	0	0	0	0	0	0	0	0	0	0	0	0	0	0	0	0	0	0	0	0
4.359999999999999	0.001672064384657827	1.583194292953551	-0.004641451573974367	0	0.9399999999999999	0	0	0	0	0	0	0	0	0	0.2045404816339771	-0.1145292379913294	0.1671224898192588	0	-6.513221834719683e-06	0	0	0	0	0	0	0	0	0	0	0	0	0	0	0	0	0	0	0	0
4.38	0.001686018190929504	1.583194131079654	-0.004655940051716498	0	0.9399999999999999	0	0	0	0	0	0	0	0	0	0.2045407123846233	-0.114525925223423	0.1671199493178782	0	-6.43993316132332e-06	0	0	0	0	0	0	0	0	0	0	0	0	0	0	0	0	0	0	0	0
4.399999999999999	0.8896492372791507	1.595112609697386	-0.8924659922039699	0	0.9399999999999999	0	0	0	0	0	0	0	0	0	0.2516900046804901	-0.1141487855606885	0.1655083227534659	0	9.029614175278114e-09	0	0	0	0	0	0	0	0	0	0	0	0	0	0	0	0	0	0	0	0
4.42	0.8896492372791507	1.595112609697386	-0.8924659922039699	0	0.9399999999999999	0	0	0	0	0	0	0	0	0	0.2516900046804901	-0.1141487855606885	0.1655083227534659	0	9.029614175278114e-09	0	0	0	0	0	0	0	0	0	0	0	0	0	0	0	0	0	0	0	0
4.44	0.8884028804279448	1.601913459122481	-0.8933962327753054	0	0.9399999999999999	0	0	0	0	0	0	0	0	0	0.281285019580894	-0.1132828178745038	0.157911920176466	0	-5.856303683875396e-08	0	0	0	0	0	0	0	0	0	0	0	0	0	0	0	0	0	0	0	0
4.46	0.8873602754934519	1.605342484391839	-0.8943837722826153	0	0.9399999999999999	0	0	0	0	0	0	0	0	0	0.2972554437405577	-0.1072942892350911	0.1605415948495925	0	-4.47961400834759e-09	0	0	0	0	0	0	0	0	0	0	0	0	0	0	0	0	0	0	0	0
4.48	0.8862681348073563	1.609108534286018	-0.8956896187921436	0	0.9399999999999999	0	0	0	0	0	0	0	0	0	0.3114268277324546	-0.1095671805695037	0.1376762868859734	0	-2.222811103338459e-06	0	0	0	0	0	0	0	0	0	0	0	0	0	0	0	0	0	0	0	0
4.5	0.8862725218066295	1.609105183220414	-0.895694296469456	0	0.9399999999999999	0	0	0	0	0	0	0	0	0	0.3114269749987639	-0.1095664655618008	0.1376771205461892	0	-2.019569837626567e-06	0	0	0	0	0	0	0	0	0	0	0	0	0	0	0	0	0	0	0	0
4.52	0.9606569794124682	1.612917762936956	-0.9727700235614047	0	0.9399999999999999	0	0	0	0	0	0	0	0	0	0.3302340923890812	-0.1090226923173772	0.1262999386391685	0	1.803374627018392e-07	0	0	0	0	0	0	0	0	0	0	0	0	0	0	0	0	0	0	0	0
4.54	1.017259317124384	1.619533130922384	-1.035187605490628	0	0.9399999999999999	0	0	0	0	0	0	0	0	0	0.359410673734204	-0.09779878651469844	0.1032089220540479	0	2.89810973399302e-08	0	0	0	0	0	0	0	0	0	0	0	0	0	0	0	0	0	0	0	0
4.56	1.016099016863662	1.622177725804423	-1.03676462176085	0	0.9399999999999999	0	0	0	0	0	0	0	0	0	0.3693857673553584	-0.09145149089481562	0.09507330001247662	0	-1.869807324511456e-06	0	0	0	0	0	0	0	0	0	0	0	0	0	0	0	0	0	0	0	0
4.58	1.016105349233473	1.622178460657623	-1.03676343357465	0	0.9399999999999999	0	0	0	0	0	0	0	0	0	0.3693850142882446	-0.09145333907127864	0.0950699665515622	0	-9.678684221310344e-07	0	0	0	0	0	0	0	0	0	0	0	0	0	0	0	0	0	0	0	0
4.6	1.01515047663188	1.623986163341947	-1.038325937643825	0	0.9399999999999999	0	0	0	0	0	0	0	0	0	0.381344092238707	-0.08480209550419857	0.08919441946981224	0.00830426206990114	0.008303344885922678	0	0	0	0	0	0	0	0	0	0	0	0	0	0	0	0	0	0	0	0
4.62	1.014182055896472	1.625064173955959	-1.039890529984151	0	0.9399999999999999	0	0	0	0	0	0	0	0	0	0.4068250538995915	-0.07846058062548456	0.08362857355362056	0.04697392713164422	0.04696984174344093	0	0	0	0	0	0	0	0	0	0	0	0	0	0	0	0	0	0	0	0
4.64	1.0131926406922	1.625652732285374	-1.04129698724306	0	0.9399999999999999	0	0	0	0	0	0	0	0	0	0.4342355793440318	-0.07312488104270923	0.07912934758680384	0.09462807175155211	0.09462428155949235	0	0	0	0	0	0	0	0	0	0	0	0	0	0	0	0	0	0	0	0
4.659999999999999	0.9606883515789245	1.624810505077056	-0.9926987836807436	0	0.9399999999999999	0	0	0	0	0	0	0	0	0	0.4918234270746787	-0.06544362079420762	0.06820735826537064	0.2113777243898378	0.2113778187839466	0	0	0	0	0	0	0	0	0	0	0	0	0	0	0	0	0	0	0	0
4.68	0.9606883515789245	1.624810505077056	-0.9926987836807436	0	0.9399999999999999	0	0	0	0	0	0	0	0	0	0.4918234270746787	-0.06544362079420762	0.06820735826537064	0.2113777243898378	0.2113778187839466	0	0	0	0	0	0	0	0	0	0	0	0	0	0	0	0	0	0	0	0
4.699999999999999	0.957341682810016	1.625930616356894	-0.9925970527250579	0	0.9399999999999999	0	0	0	0	0	0	0	0	0	0.5566386534812036	-0.06151635181339288	0.05444345809642159	0.3028251290396977	0.3028204072487066	0	0	0	0	0	0	0	0	0	0	0	0	0	0	0	0	0	0	0	0
4.72	0.8250151431309565	1.629392040603102	-0.8620191844022814	0	0.9399999999999999	0	0	0	0	0	0	0	0	0	0.5545511003827222	-0.0554716378998107	0.04884784936907523	0.3028376919462152	0.3028378195692891	0	0	0	0	0	0	0	0	0	0	0	0	0	0	0	0	0	0	0	0
4.739999999999999	0.8215160082092079	1.635087384900628	-0.8612284568556717	0	0.9399999999999999	0	0	0	0	0	0	0	0	0	0.6284179500557594	-0.04671512805723003	0.05044389764611226	0.395938179868919	0.3959413656562566	0	0	0	0	0	0	0	0	0	0	0	0	0	0	0	0	0	0	0	0
4.76	0.8215072886731645	1.635082360958572	-0.861222219288829	0	0.9399999999999999	0	0	0	0	0	0	0	0	0	0.6284141392615132	-0.04671558521390227	0.05044774825799086	0.3959393811706473	0.39594247858444	0	0	0	0	0	0	0	0	0	0	0	0	0	0	0	0	0	0	0	0
4.779999999999999	0.7107183743818275	1.642188748832741	-0.7545064933378334	0	0.9399999999999999	0	0	0	0	0	0	0	0	0	0.6598339173503528	-0.03927463697597518	0.04143899713742841	0.4893102880893139	0.4893108598879773	0	0	0	0	0	0	0	0	0	0	0	0	0	0	0	0	0	0	0	0
4.8	0.6601515565198948	1.65013492786838	-0.7094168674121736	0	0.9399999999999999	0	0	0	0	0	0	0	0	0	0.6888280505249468	-0.0272626478107461	0.03276987127083442	0.565343593989854	0.5653414562924466	0	0	0	0	0	0	0	0	0	0	0	0	0	0	0	0	0	0	0	0
4.819999999999999	0.6556543348304674	1.65813755598923	-0.7117135041034989	0	0.9399999999999999	0	0	0	0	0	0	0	0	0	0.713967102033677	-0.01482817855756148	0.02852450851156753	0.6079061577769279	0.6079064468593227	0	0	0	0	0	0	0	0	0	0	0	0	0	0	0	0	0	0	0	0
4.84	0.6984142391121734	1.669655414639198	-0.7723259933132041	0	0.9399999999999999	0	0	0	0	0	0	0	0	0	0.7373535532138084	-0.009323660069496585	0.02447567975016087	0.6392398087001572	0.6392398469931071	0	0	0	0	0	0	0	0	0	0	0	0	0	0	0	0	0	0	0	0
4.859999999999999	0.7809039000813179	1.672891708770255	-0.8648988366004947	0	0.9399999999999999	0	0	0	0	0	0	0	0	0	0.7491127947427318	0.006761147838893987	0.06498195046272939	0.7086183286918631	0.7086179858530399	0	0	0	0	0	0	0	0	0	0	0	0	0	0	0	0	0	0	0	0
4.88	0.7809039000813179	1.672891708770255	-0.8648988366004947	0	0.9399999999999999	0	0	0	0	0	0	0	0	0	0.7491127947427318	0.006761147838893987	0.06498195046272939	0.7086183286918631	0.7086179858530399	0	0	0	0	0	0	0	0	0	0	0	0	0	0	0	0	0	0	0	0
4.899999999999999	0.862457015012946	1.676926979002814	-0.9553372528479418	0	0.9399999999999999	0	0	0	0	0	0	0	0	0	0.7514410291181566	0.001901758335740009	0.07303156550937973	0.7338443836405072	0.7338440246423333	0	0	0	0	0	0	0	0	0	0	0	0	0	0	0	0	0	0	0	0
4.92	0.9593026885535261	1.681139745023889	-1.060036577659496	0	0.9399999999999999	0	0	0	0	0	0	0	0	0	0.7522997366524399	-0.01112593727227599	0.07205706173709357	0.7502598409898423	0.7502585404671512	0	0	0	0	0	0	0	0	0	0	0	0	0	0	0	0	0	0	0	0
4.94	1.058489767632294	1.684380586998365	-1.165912770788291	0	0.9399999999999999	0	0	0	0	0	0	0	0	0	0.7482508295333754	-0.0258916429235449	0.06703695158940107	0.752215759776191	0.7522164844641522	0	0	0	0	0	0	0	0	0	0	0	0	0	0	0	0	0	0	0	0
4.96	1.148719796071132	1.687166868530821	-1.26149321419359	0	0.9399999999999999	0	0	0	0	0	0	0	0	0	0.7374150396035745	-0.03658950093983875	0.0633261728134559	0.7392079804561437	0.7392077126574701	0	0	0	0	0	0	0	0	0	0	0	0	0	0	0	0	0	0	0	0
4.98	1.224589083672167	1.690412144728737	-1.340778601043648	0	0.9399999999999999	0	0	0	0	0	0	0	0	0	0.7231030797602104	-0.03938795210043716	0.0637581106630862	0.7179220280612748	0.7179219764057518	0	0	0	0	0	0	0	0	0	0	0	0	0	0	0	0	0	0	0	0
5	1.288104821427694	1.694154812975447	-1.405589564968009	0	0.9399999999999999	0	0	0	0	0	0	0	0	0	0.7108205886890462	-0.03539871862159522	0.06863151983813043	0.6993469352809312	0.6993469167052999	0	0	0	0	0	0	0	0	0	0	0	0	0	0	0	0	0	0	0	0
5.02	1.37563840796601	1.703299830492725	-1.488965444359042	0	0.9399999999999999	0	0	0	0	0	0	0	0	0	0.6968398717052622	-0.01782947569230504	0.08773783186447182	0.6807015203875666	0.6807014782133572	0	0	0	0	0	0	0	0	0	0	0	0	0	0	0	0	0	0	0	0
5.04	1.37563840796601	1.703299830492725	-1.488965444359042	0	0.9399999999999999	0	0	0	0	0	0	0	0	0	0.6968398717052622	-0.01782947569230504	0.08773783186447182	0.6807015203875666	0.6807014782133572	0	0	0	0	0	0	0	0	0	0	0	0	0	0	0	0	0	0	0	0
5.06	1.396131463342737	1.708153029083523	-1.5044832005939	0	0.9399999999999999	0	0	0	0	0	0	0	0	0	0.6893492642311549	-0.006837204563962478	0.1012098648162027	0.6700285102947612	0.6700284053345374	0	0	0	0	0	0	0	0	0	0	0	0	0	0	0	0	0	0	0	0
5.08	1.399071816138031	1.712999210329314	-1.501196930587614	0	0.9399999999999999	0	0	0	0	0	0	0	0	0	0.6803430089025637	0.003631629850637961	0.1145810316655718	0.6570171691645981	0.657018881525105	0	0	0	0	0	0	0	0	0	0	0	0	0	0	0	0	0	0	0	0
5.1	1.38101049918027	1.717179843148503	-1.476436361415279	0	0.9399999999999999	0	0	0	0	0	0	0	0	0	0.669126435325097	0.01450445874249986	0.1243567323678444	0.6402000634169142	0.6402001109761368	0	0	0	0	0	0	0	0	0	0	0	0	0	0	0	0	0	0	0	0
5.12	1.353425479863069	1.72033875615803	-1.442150472604695	0	0.9399999999999999	0	0	0	0	0	0	0	0	0	0.6547125469134253	0.02631136968664495	0.1305926102800022	0.6178764412948213	0.6178764457587967	0	0	0	0	0	0	0	0	0	0	0	0	0	0	0	0	0	0	0	0
5.14	1.318512359352225	1.722698754847395	-1.401110911870861	0	0.9399999999999999	0	0	0	0	0	0	0	0	0	0.6367456401740342	0.03961344348622476	0.1345759226836175	0.5909157877765508	0.5909157667445396	0	0	0	0	0	0	0	0	0	0	0	0	0	0	0	0	0	0	0	0
5.159999999999999	1.276885390343688	1.724004333673356	-1.354187515425993	0	0.9399999999999999	0	0	0	0	0	0	0	0	0	0.6152789699823936	0.05420649808939015	0.1370701542263489	0.5614258072075433	0.5614260601492634	0	0	0	0	0	0	0	0	0	0	0	0	0	0	0	0	0	0	0	0
5.18	1.232984924988012	1.724168743357276	-1.305776446500683	0	0.9399999999999999	0	0	0	0	0	0	0	0	0	0.591873970391672	0.06916965981389045	0.1378096405039596	0.5321160931488708	0.5321161498954146	0	0	0	0	0	0	0	0	0	0	0	0	0	0	0	0	0	0	0	0
5.199999999999999	1.191663136131916	1.722771029697516	-1.260850725152447	0	0.9399999999999999	0	0	0	0	0	0	0	0	0	0.5673698437416261	0.08270900573883976	0.1359423805425506	0.5047869308387531	0.504786999111586	0	0	0	0	0	0	0	0	0	0	0	0	0	0	0	0	0	0	0	0
5.22	1.121883947168398	1.716095399490684	-1.186422869894525	0	0.9399999999999999	0	0	0	0	0	0	0	0	0	0.5132593266907169	0.1046589903722375	0.1250777203588974	0.4467788438337255	0.4467788460615613	0	0	0	0	0	0	0	0	0	0	0	0	0	0	0	0	0	0	0	0
5.239999999999999	1.121883947168398	1.716095399490684	-1.186422869894525	0	0.9399999999999999	0	0	0	0	0	0	0	0	0	0.5132593266907169	0.1046589903722375	0.1250777203588974	0.4467788438337255	0.4467788460615613	0	0	0	0	0	0	0	0	0	0	0	0	0	0	0	0	0	0	0	0
5.26	1.089071443600036	1.712990058906609	-1.152177593335821	0	0.9399999999999999	0	0	0	0	0	0	0	0	0	0.4869118848093499	0.1132618785175237	0.1189056409536434	0.4180874967073401	0.4180873863652698	0	0	0	0	0	0	0	0	0	0	0	0	0	0	0	0	0	0	0	0
5.279999999999999	1.058075335507177	1.71089382728642	-1.12025900699945	0	0.9399999999999999	0	0	0	0	0	0	0	0	0	0.4624977485052856	0.1204700871936159	0.1124199669435102	0.3923610056751113	0.3923610840715271	0	0	0	0	0	0	0	0	0	0	0	0	0	0	0	0	0	0	0	0
5.3	0.9874010831819241	1.70902345931677	-1.048580124950254	0	0.9399999999999999	0	0	0	0	0	0	0	0	0	0.4169707844629528	0.1327975745056505	0.1003257057187685	0.3393666457976957	0.3393666385370042	0	0	0	0	0	0	0	0	0	0	0	0	0	0	0	0	0	0	0	0
5.319999999999999	0.9418864041991669	1.707497821547925	-1.002243922444846	0	0.9399999999999999	0	0	0	0	0	0	0	0	0	0.3942084074655856	0.1389720998980136	0.09664208146109907	0.3124644250824375	0.3124642913301297	0	0	0	0	0	0	0	0	0	0	0	0	0	0	0	0	0	0	0	0
5.34	0.9418864041991669	1.707497821547925	-1.002243922444846	0	0.9399999999999999	0	0	0	0	0	0	0	0	0	0.3942084074655856	0.1389720998980136	0.09664208146109907	0.3124644250824375	0.3124642913301297	0	0	0	0	0	0	0	0	0	0	0	0	0	0	0	0	0	0	0	0
5.359999999999999	0.8978069381227818	1.705354265814749	-0.9570541191265625	0	0.9399999999999999	0	0	0	0	0	0	0	0	0	0.3727458860048123	0.14484814746959	0.09458050730656388	0.2863261138121074	0.2863261695040735	0	0	0	0	0	0	0	0	0	0	0	0	0	0	0	0	0	0	0	0
5.38	0.8595487125749502	1.703036557138415	-0.9172616738385383	0	0.9399999999999999	0	0	0	0	0	0	0	0	0	0.3537012779011971	0.1510600577356193	0.09450976831193127	0.2616979206005786	0.2616972387257616	0	0	0	0	0	0	0	0	0	0	0	0	0	0	0	0	0	0	0	0
5.399999999999999	0.8292322797850281	1.701333473511666	-0.8848101009892638	0	0.9399999999999999	0	0	0	0	0	0	0	0	0	0.337862265802342	0.1561123155443315	0.0968516572057066	0.2404823773056212	0.2404829285095367	0	0	0	0	0	0	0	0	0	0	0	0	0	0	0	0	0	0	0	0
5.42	0.7878287474223273	1.698425383457177	-0.8371515397830624	0	0.9399999999999999	0	0	0	0	0	0	0	0	0	0.3117965813394101	0.1633758825933425	0.1085798464675688	0.2045134757642907	0.2045129784408523	0	0	0	0	0	0	0	0	0	0	0	0	0	0	0	0	0	0	0	0
5.44	0.7878287474223273	1.698425383457177	-0.8371515397830624	0	0.9399999999999999	0	0	0	0	0	0	0	0	0	0.3117965813394101	0.1633758825933425	0.1085798464675688	0.2045134757642907	0.2045129784408523	0	0	0	0	0	0	0	0	0	0	0	0	0	0	0	0	0	0	0	0
5.46	0.7539739260847054	1.69614594567124	-0.7942048192738961	0	0.9399999999999999	0	0	0	0	0	0	0	0	0	0.2858431952346236	0.168799461411635	0.1308373745270279	0.1709247975561518	0.1709240603843892	0	0	0	0	0	0	0	0	0	0	0	0	0	0	0	0	0	0	0	0
5.48	0.7539739260847054	1.69614594567124	-0.7942048192738961	0	0.9399999999999999	0	0	0	0	0	0	0	0	0	0.2858431952346236	0.168799461411635	0.1308373745270279	0.1709247975561518	0.1709240603843892	0	0	0	0	0	0	0	0	0	0	0	0	0	0	0	0	0	0	0	0
5.5	0.7170406217813374	1.69442258259684	-0.7457187522906635	0	0.9399999999999999	0	0	0	0	0	0	0	0	0	0.2578241832871457	0.17315246501708	0.1548838710842338	0.1433682656426993	0.1433671243862965	0	0	0	0	0	0	0	0	0	0	0	0	0	0	0	0	0	0	0	0
5.52	0.7170401972644751	1.694421083312764	-0.7457191805745733	0	0.9399999999999999	0	0	0	0	0	0	0	0	0	0.2578248595358139	0.1731531475775703	0.1548837520395996	0.1433682672792938	0.1433674383430619	0	0	0	0	0	0	0	0	0	0	0	0	0	0	0	0	0	0	0	0
5.54	0.6616451470891725	1.692538930527733	-0.6771841159529473	0	0.9399999999999999	0	0	0	0	0	0	0	0	0	0.2294022784948041	0.1784364774499133	0.1749938518345001	0.1190058652482638	0.1190057634102639	0	0	0	0	0	0	0	0	0	0	0	0	0	0	0	0	0	0	0	0
5.56	0.6616571877792358	1.692567579416784	-0.6771752238867702	0	0.9399999999999999	0	0	0	0	0	0	0	0	0	0.229050790715453	0.1776740838590482	0.1748765497778774	0.1146066303256951	0.1146062510843811	0	0	0	0	0	0	0	0	0	0	0	0	0	0	0	0	0	0	0	0
5.58	0.626254016259948	1.690769803764846	-0.6344959519671333	0	0.9399999999999999	0	0	0	0	0	0	0	0	0	0.2155506245568687	0.1798921018581926	0.183850792853399	0.1033084560487247	0.1033084420965269	0	0	0	0	0	0	0	0	0	0	0	0	0	0	0	0	0	0	0	0
5.6	0.5579167345955742	1.684379469022078	-0.5509779302969919	0	0.9399999999999999	0	0	0	0	0	0	0	0	0	0.1927903142070755	0.1808195053351196	0.1974131772193081	0.09201019196697841	0.09201011520885519	0	0	0	0	0	0	0	0	0	0	0	0	0	0	0	0	0	0	0	0
5.62	0.5579167345955742	1.684379469022078	-0.5509779302969919	0	0.9399999999999999	0	0	0	0	0	0	0	0	0	0.1927903142070755	0.1808195053351196	0.1974131772193081	0.09201019196697841	0.09201011520885519	0	0	0	0	0	0	0	0	0	0	0	0	0	0	0	0	0	0	0	0
5.64	0.4884679068685486	1.674801310495079	-0.4658856664513397	0	0.9399999999999999	0	0	0	0	0	0	0	0	0	0.1754441665031337	0.1770328889917326	0.2043556033142394	0.09203310416878333	0.09203361795343644	0	0	0	0	0	0	0	0	0	0	0	0	0	0	0	0	0	0	0	0
5.659999999999999	0.4884679068685486	1.674801310495079	-0.4658856664513397	0	0.9399999999999999	0	0	0	0	0	0	0	0	0	0.1754441665031337	0.1770328889917326	0.2043556033142394	0.09203310416878333	0.09203361795343644	0	0	0	0	0	0	0	0	0	0	0	0	0	0	0	0	0	0	0	0
5.68	0.4446707263319518	1.669504757841716	-0.4139782468943985	0	0.9399999999999999	0	0	0	0	0	0	0	0	0	0.168418964559479	0.1743826122972675	0.2060710248450637	0.09568036466117641	0.09568052984142782	0	0	0	0	0	0	0	0	0	0	0	0	0	0	0	0	0	0	0	0
5.699999999999999	0.3317356037259611	1.659268232416714	-0.2839173413661555	0	0.9399999999999999	0	0	0	0	0	0	0	0	0	0.1577926634227241	0.1692146726683982	0.2082539874082646	0.1081703052434084	0.1081702855538416	0	0	0	0	0	0	0	0	0	0	0	0	0	0	0	0	0	0	0	0
5.72	0.2589415813695569	1.654309833923508	-0.2018739733698505	0	0.9399999999999999	0	0	0	0	0	0	0	0	0	0.1541066192182479	0.16669253617577	0.2102955296002269	0.1165098969790684	0.1165099138635325	0	0	0	0	0	0	0	0	0	0	0	0	0	0	0	0	0	0	0	0
5.739999999999999	0.1780018926390949	1.6498628641944	-0.1110829542844985	0	0.9399999999999999	0	0	0	0	0	0	0	0	0	0.1513269422955158	0.1644523383703614	0.2135072695399804	0.12610680635602	0.1261070166794286	0	0	0	0	0	0	0	0	0	0	0	0	0	0	0	0	0	0	0	0
5.76	0.09194533876970634	1.645697566603887	-0.01468061116109444	0	0.9399999999999999	0	0	0	0	0	0	0	0	0	0.1499507482025151	0.1623124297271649	0.2175589801464207	0.1381540795776174	0.1381540809733522	0	0	0	0	0	0	0	0	0	0	0	0	0	0	0	0	0	0	0	0
5.779999999999999	-0.006124758319361415	1.641233852539937	0.09410747381177197	0	0.9399999999999999	0	0	0	0	0	0	0	0	0	0.1498949163370701	0.1586612431674631	0.2228508076005517	0.1535692569141453	0.1535692600168363	0	0	0	0	0	0	0	0	0	0	0	0	0	0	0	0	0	0	0	0
5.8	-0.1146843649895698	1.636939410489735	0.2137662302439677	0	0.9399999999999999	0	0	0	0	0	0	0	0	0	0.1498457179841084	0.153956372967808	0.2294234934381173	0.1684416477754841	0.1684418389978359	0	0	0	0	0	0	0	0	0	0	0	0	0	0	0	0	0	0	0	0
5.819999999999999	-0.1146843649895698	1.636939410489735	0.2137662302439677	0	0.9399999999999999	0	0	0	0	0	0	0	0	0	0.1498457179841084	0.153956372967808	0.2294234934381173	0.1684416477754841	0.1684418389978359	0	0	0	0	0	0	0	0	0	0	0	0	0	0	0	0	0	0	0	0
5.84	-0.2280276205010484	1.633371741608707	0.3383137117384006	0	0.9399999999999999	0	0	0	0	0	0	0	0	0	0.1487115472200581	0.1480731342278946	0.2368737766042429	0.1808406974125317	0.1808406089913773	0	0	0	0	0	0	0	0	0	0	0	0	0	0	0	0	0	0	0	0
5.859999999999999	-0.4843189587020412	1.629632654582824	0.6168123567915412	0	0.9399999999999999	0	0	0	0	0	0	0	0	0	0.1398162432867028	0.1402301705133419	0.2555828067899386	0.1989537279780735	0.198953715723222	0	0	0	0	0	0	0	0	0	0	0	0	0	0	0	0	0	0	0	0
5.88	-0.4843189587020412	1.629632654582824	0.6168123567915412	0	0.9399999999999999	0	0	0	0	0	0	0	0	0	0.1398162432867028	0.1402301705133419	0.2555828067899386	0.1989537279780735	0.198953715723222	0	0	0	0	0	0	0	0	0	0	0	0	0	0	0	0	0	0	0	0
5.899999999999999	-0.7415041838591094	1.632013362386247	0.8958714149019549	0	0.9399999999999999	0	0	0	0	0	0	0	0	0	0.1263981656662665	0.1361208848844986	0.2759322758890111	0.2135409381751659	0.2135405982882209	0	0	0	0	0	0	0	0	0	0	0	0	0	0	0	0	0	0	0	0
5.92	-0.8460455789592397	1.63524069323338	1.011927299322542	0	0.9399999999999999	0	0	0	0	0	0	0	0	0	0.1192263930254889	0.1339844933220514	0.2861070389022614	0.2192951398803648	0.2192987592960225	0	0	0	0	0	0	0	0	0	0	0	0	0	0	0	0	0	0	0	0
5.94	-0.9420988362980567	1.639471431585668	1.119897165729255	0	0.9399999999999999	0	0	0	0	0	0	0	0	0	0.1109665360353942	0.1304252244162795	0.2965107890963731	0.2244890259416369	0.2244890708316995	0	0	0	0	0	0	0	0	0	0	0	0	0	0	0	0	0	0	0	0
5.96	-1.019323420288211	1.644498642706537	1.209707069347084	0	0.9399999999999999	0	0	0	0	0	0	0	0	0	0.1014984830154836	0.1261496662383814	0.3072017982458677	0.2286237267764674	0.228623495777655	0	0	0	0	0	0	0	0	0	0	0	0	0	0	0	0	0	0	0	0
5.98	-1.019323420288211	1.644498642706537	1.209707069347084	0	0.9399999999999999	0	0	0	0	0	0	0	0	0	0.1014984830154836	0.1261496662383814	0.3072017982458677	0.2286237267764674	0.228623495777655	0	0	0	0	0	0	0	0	0	0	0	0	0	0	0	0	0	0	0	0
6	-1.071224295483238	1.649700900703641	1.274666182957915	0	0.9399999999999999	0	0	0	0	0	0	0	0	0	0.09169055555391617	0.1214606806565124	0.3170844455481399	0.2319249252123635	0.2319246194635718	0	0	0	0	0	0	0	0	0	0	0	0	0	0	0	0	0	0	0	0
6.02	-1.115736316023237	1.658954411973542	1.345915014281456	0	0.9399999999999999	0	0	0	0	0	0	0	0	0	0.06806867416920616	0.1102061847122634	0.3338927685566085	0.2259205940730622	0.2259205424771766	0	0	0	0	0	0	0	0	0	0	0	0	0	0	0	0	0	0	0	0
6.04	-1.109111370939774	1.663141511155993	1.352500367561731	0	0.9399999999999999	0	0	0	0	0	0	0	0	0	0.05240982574268601	0.1048315516571074	0.3427416789446794	0.2126996682962419	0.2126955295064513	0	0	0	0	0	0	0	0	0	0	0	0	0	0	0	0	0	0	0	0
6.06	-1.102276916027662	1.666381721378388	1.35865058264894	0	0.9399999999999999	0	0	0	0	0	0	0	0	0	0.03473647014778881	0.09809002604425326	0.3533472403791036	0.192773510885167	0.1927735778160829	0	0	0	0	0	0	0	0	0	0	0	0	0	0	0	0	0	0	0	0
6.08	-1.095165734880139	1.668583344949603	1.364230006003075	0	0.9399999999999999	0	0	0	0	0	0	0	0	0	0.01456282318479145	0.09236399055424112	0.3649301097028929	0.1752991165459884	0.1752976648768247	0	0	0	0	0	0	0	0	0	0	0	0	0	0	0	0	0	0	0	0
6.1	-1.087750868191394	1.669889108243123	1.368941143041793	0	0.9399999999999999	0	0	0	0	0	0	0	0	0	-0.006282888397995181	0.07971237573048867	0.3797045427155807	0.1371163095458779	0.1371106992990201	0	0	0	0	0	0	0	0	0	0	0	0	0	0	0	0	0	0	0	0
6.12	-1.080701052761207	1.670831371098267	1.373332289416052	0	0.9399999999999999	0	0	0	0	0	0	0	0	0	-0.0302226655675085	0.06738830880089682	0.3941831968104063	0.1017985279751544	0.1017971484018184	0	0	0	0	0	0	0	0	0	0	0	0	0	0	0	0	0	0	0	0
6.14	-1.074012682023837	1.671496663746015	1.377162894739692	0	0.9399999999999999	0	0	0	0	0	0	0	0	0	-0.05540684750046431	0.0521094771252844	0.4093751963204581	0.06255775996292888	0.06255821712745931	0	0	0	0	0	0	0	0	0	0	0	0	0	0	0	0	0	0	0	0
6.16	-1.067857918756799	1.671578638084738	1.380567473282489	0	0.9399999999999999	0	0	0	0	0	0	0	0	0	-0.08180135607384773	0.03333270057335573	0.4235567839174068	0.01875702225287927	0.0187583554914445	0	0	0	0	0	0	0	0	0	0	0	0	0	0	0	0	0	0	0	0
6.18	-1.067857501869259	1.671578759764643	1.380567363652842	0	0.9399999999999999	0	0	0	0	0	0	0	0	0	-0.08180151212913635	0.03333281043342719	0.4235574576443895	0.01875824495597481	0.01875747735428991	0	0	0	0	0	0	0	0	0	0	0	0	0	0	0	0	0	0	0	0
6.199999999999999	-1.062386691097686	1.670461986469019	1.383801293906363	0	0.9399999999999999	0	0	0	0	0	0	0	0	0	-0.09709399507215363	0.01424286469873921	0.4308603160014361	0	4.336025139836033e-06	0	0	0	0	0	0	0	0	0	0	0	0	0	0	0	0	0	0	0	0
6.22	-1.014574463140575	1.662110939225287	1.350100603940398	0	0.9399999999999999	0	0	0	0	0	0	0	0	0	-0.1001163818253874	-0.01996660778408067	0.4355805405157639	0	7.499024200293443e-07	0	0	0	0	0	0	0	0	0	0	0	0	0	0	0	0	0	0	0	0
6.239999999999999	-1.014574463140575	1.662110939225287	1.350100603940398	0	0.9399999999999999	0	0	0	0	0	0	0	0	0	-0.1001163818253874	-0.01996660778408067	0.4355805405157639	0	7.499024200293443e-07	0	0	0	0	0	0	0	0	0	0	0	0	0	0	0	0	0	0	0	0
6.26	-1.010367670766805	1.655835534938839	1.351210521587683	0	0.9399999999999999	0	0	0	0	0	0	0	0	0	-0.09687044317291023	-0.04080607068074468	0.4345525311223667	0	-2.90688498418571e-05	0	0	0	0	0	0	0	0	0	0	0	0	0	0	0	0	0	0	0	0
6.279999999999999	-0.8939815682728114	1.651341205729132	1.238185051227712	0	0.9399999999999999	0	0	0	0	0	0	0	0	0	-0.09283099572074559	-0.0518002737199972	0.4303573445952119	0	-1.675758286522512e-07	0	0	0	0	0	0	0	0	0	0	0	0	0	0	0	0	0	0	0	0
6.3	-0.7239625406468879	1.648764525940435	1.073415633855745	0	0.9399999999999999	0	0	0	0	0	0	0	0	0	-0.084717409456832	-0.0795062298181009	0.4162276771956427	0	-1.275067480001422e-06	0	0	0	0	0	0	0	0	0	0	0	0	0	0	0	0	0	0	0	0
6.319999999999999	-0.6654529155205555	1.649648839704107	1.017488213859442	0	0.9399999999999999	0	0	0	0	0	0	0	0	0	-0.0801738627109233	-0.0973065646151902	0.4113859537065885	0	-6.346124050037488e-08	0	0	0	0	0	0	0	0	0	0	0	0	0	0	0	0	0	0	0	0
6.34	-0.661965193410414	1.652303857345109	1.01718016315557	0	0.9399999999999999	0	0	0	0	0	0	0	0	0	-0.07757809450276033	-0.1221134301588274	0.4122611408241212	0	1.115112845155631e-05	0	0	0	0	0	0	0	0	0	0	0	0	0	0	0	0	0	0	0	0
6.359999999999999	-0.6619587737979136	1.652296443673785	1.017159556191149	0	0.9399999999999999	0	0	0	0	0	0	0	0	0	-0.0775717823544966	-0.1221094890667955	0.4122337772906123	0	1.041166337734958e-05	0	0	0	0	0	0	0	0	0	0	0	0	0	0	0	0	0	0	0	0
6.38	-0.6588008712195119	1.656636019569221	1.017374230260847	0	0.9399999999999999	0	0	0	0	0	0	0	0	0	-0.07698324350000958	-0.1468875039821733	0.4184865369759129	0	2.086730039437576e-05	0	0	0	0	0	0	0	0	0	0	0	0	0	0	0	0	0	0	0	0
6.399999999999999	-0.6952539253003227	1.667898909286056	1.063974872852594	0	0.9399999999999999	0	0	0	0	0	0	0	0	0	-0.1110190575114803	-0.1880700833094547	0.4371642988292223	0	-2.074118375548546e-07	0	0	0	0	0	0	0	0	0	0	0	0	0	0	0	0	0	0	0	0
6.42	-0.7510713927241525	1.674478681829239	1.127362991262981	0	0.9399999999999999	0	0	0	0	0	0	0	0	0	-0.1005432110782708	-0.2103331806080117	0.4507116752616471	0	-6.355298530859076e-08	0	0	0	0	0	0	0	0	0	0	0	0	0	0	0	0	0	0	0	0
6.44	-0.8072491249215537	1.681795330486765	1.19278196764805	0	0.9399999999999999	0	0	0	0	0	0	0	0	0	-0.1091960025190249	-0.2283274115480884	0.4588901525233819	0	-7.968287007811917e-08	0	0	0	0	0	0	0	0	0	0	0	0	0	0	0	0	0	0	0	0
6.46	-0.8072491249215537	1.681795330486765	1.19278196764805	0	0.9399999999999999	0	0	0	0	0	0	0	0	0	-0.1091960025190249	-0.2283274115480884	0.4588901525233819	0	-7.968287007811917e-08	0	0	0	0	0	0	0	0	0	0	0	0	0	0	0	0	0	0	0	0
6.48	-0.8603949180049001	1.689515736345628	1.256143122950622	0	0.9399999999999999	0	0	0	0	0	0	0	0	0	-0.115708368547865	-0.2438028366637567	0.4619984935836425	0	3.504474562117593e-08	0	0	0	0	0	0	0	0	0	0	0	0	0	0	0	0	0	0	0	0
6.5	-0.9079553538265449	1.696782079694819	1.314434812467497	0	0.9399999999999999	0	0	0	0	0	0	0	0	0	-0.1195799880800456	-0.2555264553576065	0.4591086385220345	0	-1.043079276210191e-07	0	0	0	0	0	0	0	0	0	0	0	0	0	0	0	0	0	0	0	0
6.52	-0.9454040987764574	1.70299672605999	1.363111338011085	0	0.9399999999999999	0	0	0	0	0	0	0	0	0	-0.1189667569658716	-0.2627444259917308	0.4519698919058997	0	-2.101431769741308e-07	0	0	0	0	0	0	0	0	0	0	0	0	0	0	0	0	0	0	0	0
6.54	-0.978817003013765	1.708998742011745	1.408525260828706	0	0.9399999999999999	0	0	0	0	0	0	0	0	0	-0.1128714161149976	-0.2681313880583076	0.4448734951765025	0	-1.306257765498905e-06	0	0	0	0	0	0	0	0	0	0	0	0	0	0	0	0	0	0	0	0
6.56	-1.013177195085337	1.715898215830313	1.455765158243089	0	0.9399999999999999	0	0	0	0	0	0	0	0	0	-0.1007248584052479	-0.2741860344361288	0.4421347805764189	0	5.473613952019809e-08	0	0	0	0	0	0	0	0	0	0	0	0	0	0	0	0	0	0	0	0
6.58	-1.050138921805153	1.72269018935245	1.506001139017259	0	0.9399999999999999	0	0	0	0	0	0	0	0	0	-0.08097108266635748	-0.282865572724791	0.4435028956400545	0	-1.994815763408092e-07	0	0	0	0	0	0	0	0	0	0	0	0	0	0	0	0	0	0	0	0
6.6	-1.090451782378051	1.727880232607137	1.559886790383846	0	0.9399999999999999	0	0	0	0	0	0	0	0	0	-0.05169224935050088	-0.2937624444544567	0.4478502508629432	0	1.633297977093364e-06	0	0	0	0	0	0	0	0	0	0	0	0	0	0	0	0	0	0	0	0
6.62	-1.135924866987826	1.730406316868373	1.618959713421748	0	0.9399999999999999	0	0	0	0	0	0	0	0	0	-0.01524948255512378	-0.3076823013712833	0.4566698933304437	0	7.073256466339576e-08	0	0	0	0	0	0	0	0	0	0	0	0	0	0	0	0	0	0	0	0
6.64	-1.190341014105679	1.732126750751439	1.686944419960101	0	0.9399999999999999	0	0	0	0	0	0	0	0	0	0.02466328373469991	-0.3247065780991319	0.4683923631660797	0	1.108753877120594e-06	0	0	0	0	0	0	0	0	0	0	0	0	0	0	0	0	0	0	0	0
6.66	-1.250975423711192	1.734596513243867	1.761512514061234	0	0.9399999999999999	0	0	0	0	0	0	0	0	0	0.06697439124324724	-0.3427723129230424	0.483506817161343	0	1.182350546555809e-06	0	0	0	0	0	0	0	0	0	0	0	0	0	0	0	0	0	0	0	0
6.68	-1.308431429608051	1.737691538463155	1.833554501956102	0	0.9399999999999999	0	0	0	0	0	0	0	0	0	0.1102886177230495	-0.3593738023364951	0.5012634496207578	0	-2.575308680347133e-07	0	0	0	0	0	0	0	0	0	0	0	0	0	0	0	0	0	0	0	0
6.699999999999999	-1.358014925818358	1.741425888960449	1.897895939739356	0	0.9399999999999999	0	0	0	0	0	0	0	0	0	0.1526009814609053	-0.3735151690447616	0.5197988532544108	0	-5.131194895424845e-08	0	0	0	0	0	0	0	0	0	0	0	0	0	0	0	0	0	0	0	0
6.72	-1.398498384999817	1.745756280080919	1.952813471150131	0	0.9399999999999999	0	0	0	0	0	0	0	0	0	0.1923600799224443	-0.3855182775875481	0.5384775726406906	0	-3.194737653152467e-07	0	0	0	0	0	0	0	0	0	0	0	0	0	0	0	0	0	0	0	0
6.739999999999999	-1.424566140503861	1.75008084929399	1.992534064100617	0	0.9399999999999999	0	0	0	0	0	0	0	0	0	0.2286532617911596	-0.3944360639457188	0.5562336986059124	0	-3.903914498025422e-06	0	0	0	0	0	0	0	0	0	0	0	0	0	0	0	0	0	0	0	0
6.76	-1.433105868227503	1.756892193551049	2.025395677822722	0	0.9399999999999999	0	0	0	0	0	0	0	0	0	0.2822317735185541	-0.3996624569427538	0.5800755422873028	0	1.486535837522774e-06	0	0	0	0	0	0	0	0	0	0	0	0	0	0	0	0	0	0	0	0
6.779999999999999	-1.433105868227503	1.756892193551049	2.025395677822722	0	0.9399999999999999	0	0	0	0	0	0	0	0	0	0.2822317735185541	-0.3996624569427538	0.5800755422873028	0	1.486535837522774e-06	0	0	0	0	0	0	0	0	0	0	0	0	0	0	0	0	0	0	0	0
6.8	-1.392347858748943	1.760044863600934	2.002951479963095	0	0.9399999999999999	0	0	0	0	0	0	0	0	0	0.3134844691321466	-0.3883010771677255	0.593087804388621	0	2.437548529572179e-06	0	0	0	0	0	0	0	0	0	0	0	0	0	0	0	0	0	0	0	0
6.819999999999999	-1.392347858748943	1.760044863600934	2.002951479963095	0	0.9399999999999999	0	0	0	0	0	0	0	0	0	0.3134844691321466	-0.3883010771677255	0.593087804388621	0	2.437548529572179e-06	0	0	0	0	0	0	0	0	0	0	0	0	0	0	0	0	0	0	0	0
6.84	-1.360280618241868	1.759310087754375	1.977166909254747	0	0.9399999999999999	0	0	0	0	0	0	0	0	0	0.3152239082891497	-0.3738215533479767	0.5907150738562933	0	1.988137272285642e-06	0	0	0	0	0	0	0	0	0	0	0	0	0	0	0	0	0	0	0	0
6.859999999999999	-1.325834015843757	1.757485228235995	1.947068567076207	0	0.9399999999999999	0	0	0	0	0	0	0	0	0	0.3081961005042071	-0.3549453754469153	0.580330611377214	0	-4.471843004492933e-07	0	0	0	0	0	0	0	0	0	0	0	0	0	0	0	0	0	0	0	0
6.88	-1.258232871262437	1.749407402100538	1.88350217486549	0	0.9399999999999999	0	0	0	0	0	0	0	0	0	0.2983022124117663	-0.3282189184775164	0.561707992095023	0	-3.942607675074528e-06	0	0	0	0	0	0	0	0	0	0	0	0	0	0	0	0	0	0	0	0
6.899999999999999	-1.260167963862421	1.749560089195438	1.885227033750049	0	0.9399999999999999	0	0	0	0	0	0	0	0	0	0.2809389042634635	-0.3192788158473889	0.5412835162562257	0	-5.229458534379811e-06	0	0	0	0	0	0	0	0	0	0	0	0	0	0	0	0	0	0	0	0
6.92	-1.203251232121254	1.738880530912096	1.828341020980906	0	0.9399999999999999	0	0	0	0	0	0	0	0	0	0.2466774461685384	-0.3049029929568316	0.495395181984809	0	2.663675757072578e-06	0	0	0	0	0	0	0	0	0	0	0	0	0	0	0	0	0	0	0	0
6.94	-1.181559206986806	1.733834692251216	1.806338049791957	0	0.9399999999999999	0	0	0	0	0	0	0	0	0	0.2280246588347792	-0.3032208335864419	0.4797711808275181	0	5.05006201730572e-08	0	0	0	0	0	0	0	0	0	0	0	0	0	0	0	0	0	0	0	0
6.96	-1.164673991671165	1.730177447811439	1.789199652395184	0	0.9399999999999999	0	0	0	0	0	0	0	0	0	0.2080006155313232	-0.3055054217055999	0.4715246300787885	0	2.503426244652773e-07	0	0	0	0	0	0	0	0	0	0	0	0	0	0	0	0	0	0	0	0
6.98	-1.164066932479469	1.727864194166514	1.788680471251529	0	0.9399999999999999	0	0	0	0	0	0	0	0	0	0.1843497368424847	-0.3136198783168463	0.4684911833771238	0	2.598904521183173e-07	0	0	0	0	0	0	0	0	0	0	0	0	0	0	0	0	0	0	0	0
7	-1.164066932479469	1.727864194166514	1.788680471251529	0	0.9399999999999999	0	0	0	0	0	0	0	0	0	0.1843497368424847	-0.3136198783168463	0.4684911833771238	0	2.598904521183173e-07	0	0	0	0	0	0	0	0	0	0	0	0	0	0	0	0	0	0	0	0
7.02	-1.1641228765184	1.726081888848388	1.789191009751107	0	0.9399999999999999	0	0	0	0	0	0	0	0	0	0.1544031892444766	-0.325396157218781	0.4657007674169849	0	7.353393738933605e-07	0	0	0	0	0	0	0	0	0	0	0	0	0	0	0	0	0	0	0	0
7.04	-1.218036825893207	1.720485955267935	1.844436884198324	0	0.9399999999999999	0	0	0	0	0	0	0	0	0	0.08307715126181868	-0.3612794456281466	0.4609421591305526	0	-1.671937289820669e-07	0	0	0	0	0	0	0	0	0	0	0	0	0	0	0	0	0	0	0	0
7.06	-1.218036825893207	1.720485955267935	1.844436884198324	0	0.9399999999999999	0	0	0	0	0	0	0	0	0	0.08307715126181868	-0.3612794456281466	0.4609421591305526	0	-1.671937289820669e-07	0	0	0	0	0	0	0	0	0	0	0	0	0	0	0	0	0	0	0	0
7.08	-1.28221897996845	1.714370648793381	1.908995869690993	0	0.9399999999999999	0	0	0	0	0	0	0	0	0	-0.003631981023702628	-0.3969233262253801	0.4539359703397305	0	-5.855429625789525e-08	0	0	0	0	0	0	0	0	0	0	0	0	0	0	0	0	0	0	0	0
7.1	-1.308844086398689	1.712261322072794	1.934764720982163	0	0.9399999999999999	0	0	0	0	0	0	0	0	0	-0.05057939306877978	-0.4142077980410824	0.4483321217888843	0	2.148721720339928e-07	0	0	0	0	0	0	0	0	0	0	0	0	0	0	0	0	0	0	0	0
7.12	-1.308844086398689	1.712261322072794	1.934764720982163	0	0.9399999999999999	0	0	0	0	0	0	0	0	0	-0.05057939306877978	-0.4142077980410824	0.4483321217888843	0	2.148721720339928e-07	0	0	0	0	0	0	0	0	0	0	0	0	0	0	0	0	0	0	0	0
7.14	-1.350430681281481	1.710729585415178	1.972984378934484	0	0.9399999999999999	0	0	0	0	0	0	0	0	0	-0.1497194679238271	-0.4457268640545046	0.4271186197184539	0	-9.094074571706945e-08	0	0	0	0	0	0	0	0	0	0	0	0	0	0	0	0	0	0	0	0
7.16	-1.350430681281481	1.710729585415178	1.972984378934484	0	0.9399999999999999	0	0	0	0	0	0	0	0	0	-0.1497194679238271	-0.4457268640545046	0.4271186197184539	0	-9.094074571706945e-08	0	0	0	0	0	0	0	0	0	0	0	0	0	0	0	0	0	0	0	0
7.18	-1.371355498601983	1.710429168059818	1.991531443345598	0	0.9399999999999999	0	0	0	0	0	0	0	0	0	-0.1996679638219465	-0.4611167541484178	0.409748858328204	0	-6.680108479028349e-08	0	0	0	0	0	0	0	0	0	0	0	0	0	0	0	0	0	0	0	0
7.199999999999999	-1.397578448313822	1.70765931536833	2.014840929888234	0	0.9399999999999999	0	0	0	0	0	0	0	0	0	-0.2499533302194508	-0.4750695474600706	0.3876087518723628	0	-7.386472305684553e-07	0	0	0	0	0	0	0	0	0	0	0	0	0	0	0	0	0	0	0	0
7.22	-1.424855314637004	1.705291044345521	2.038359848789635	0	0.9399999999999999	0	0	0	0	0	0	0	0	0	-0.3106264586650031	-0.4840100636938711	0.3603312455951113	0	1.021896719607272e-07	0	0	0	0	0	0	0	0	0	0	0	0	0	0	0	0	0	0	0	0
7.239999999999999	-1.454273104618023	1.704112021349234	2.063741507700917	0	0.9399999999999999	0	0	0	0	0	0	0	0	0	-0.3796301471941863	-0.4844382119378424	0.3385099637644485	0	5.012635892041821e-07	0	0	0	0	0	0	0	0	0	0	0	0	0	0	0	0	0	0	0	0
7.26	-1.489939767256512	1.701791203041416	2.094965966294583	0	0.9399999999999999	0	0	0	0	0	0	0	0	0	-0.4425422155344718	-0.4846414440046992	0.3233064508951953	0	2.529559109552336e-07	0	0	0	0	0	0	0	0	0	0	0	0	0	0	0	0	0	0	0	0
7.279999999999999	-1.522685199801307	1.7003243653625	2.121956082382261	0	0.9399999999999999	0	0	0	0	0	0	0	0	0	-0.4937872262352465	-0.4864162940411015	0.3025895987031547	0	-5.535992068722213e-07	0	0	0	0	0	0	0	0	0	0	0	0	0	0	0	0	0	0	0	0
7.3	-1.551296008738694	1.697351891784205	2.1453490170595	0	0.9399999999999999	0	0	0	0	0	0	0	0	0	-0.52359878	-0.4816437412130014	0.2740804879647378	0	-6.294160772478021e-07	0	0	0	0	0	0	0	0	0	0	0	0	0	0	0	0	0	0	0	0
7.319999999999999	-1.653328264100962	1.665126621894203	2.246676460684999	0	0.9399999999999999	0	0	0	0	0	0	0	0	0	-0.52359878	-0.4590460364980327	0.1770162386352647	0	3.550014118302737e-07	0	0	0	0	0	0	0	0	0	0	0	0	0	0	0	0	0	0	0	0
7.34	-1.653328264100962	1.665126621894203	2.246676460684999	0	0.9399999999999999	0	0	0	0	0	0	0	0	0	-0.52359878	-0.4590460364980327	0.1770162386352647	0	3.550014118302737e-07	0	0	0	0	0	0	0	0	0	0	0	0	0	0	0	0	0	0	0	0
7.359999999999999	-1.657464346552182	1.642533792157705	2.241337795979258	0	0.9399999999999999	0	0	0	0	0	0	0	0	0	-0.52359878	-0.4267691315312276	0.1049664468594075	0	-5.865327405483797e-07	0	0	0	0	0	0	0	0	0	0	0	0	0	0	0	0	0	0	0	0
7.38	-1.657485277193011	1.642533822531971	2.24135745697219	0	0.9399999999999999	0	0	0	0	0	0	0	0	0	-0.52359878	-0.4267709939222861	0.1049655690462022	0	-1.243216452075235e-06	0	0	0	0	0	0	0	0	0	0	0	0	0	0	0	0	0	0	0	0
7.399999999999999	-1.555970729957206	1.636762432086886	2.123212538589199	0	0.9399999999999999	0	0	0	0	0	0	0	0	0	-0.52359878	-0.4019974135898162	0.06737397093859385	0	4.066681257682455e-08	0	0	0	0	0	0	0	0	0	0	0	0	0	0	0	0	0	0	0	0
7.42	-1.555970729957206	1.636762432086886	2.123212538589199	0	0.9399999999999999	0	0	0	0	0	0	0	0	0	-0.52359878	-0.4019974135898162	0.06737397093859385	0	4.066681257682455e-08	0	0	0	0	0	0	0	0	0	0	0	0	0	0	0	0	0	0	0	0
7.44	-1.482483145119482	1.639920471526014	2.040358006730242	0	0.9399999999999999	0	0	0	0	0	0	0	0	0	-0.52359878	-0.3925563206834201	0.05295470868510194	0	1.858517730442658e-07	0	0	0	0	0	0	0	0	0	0	0	0	0	0	0	0	0	0	0	0
7.46	-1.420627555170943	1.664812790578307	1.958734206715255	0	0.9399999999999999	0	0	0	0	0	0	0	0	0	-0.52359878	-0.389595692143768	0.01598538276554693	0	-5.421836832268056e-08	0	0	0	0	0	0	0	0	0	0	0	0	0	0	0	0	0	0	0	0
7.48	-1.424629295303955	1.684007666799354	1.953437084365574	0	0.9399999999999999	0	0	0	0	0	0	0	0	0	-0.52359878	-0.3949462330897858	-0.003835142115004974	0	-2.113237268069279e-06	0	0	0	0	0	0	0	0	0	0	0	0	0	0	0	0	0	0	0	0
7.5	-1.451317595029757	1.705548034794506	1.971814819234858	0	0.9399999999999999	0	0	0	0	0	0	0	0	0	-0.52359878	-0.4032125271395771	-0.02117591391411435	0	-9.885206547707954e-08	0	0	0	0	0	0	0	0	0	0	0	0	0	0	0	0	0	0	0	0
7.52	-1.451317595029757	1.705548034794506	1.971814819234858	0	0.9399999999999999	0	0	0	0	0	0	0	0	0	-0.52359878	-0.4032125271395771	-0.02117591391411435	0	-9.885206547707954e-08	0	0	0	0	0	0	0	0	0	0	0	0	0	0	0	0	0	0	0	0
7.54	-1.482254620988239	1.747862513215267	1.990975449677288	0	0.9399999999999999	0	0	0	0	0	0	0	0	0	-0.52359878	-0.4179069183998751	-0.03011715047699369	0	1.597769191421791e-07	0	0	0	0	0	0	0	0	0	0	0	0	0	0	0	0	0	0	0	0
7.56	-1.483987617059252	1.765269238281497	1.989436261052836	0	0.9399999999999999	0	0	0	0	0	0	0	0	0	-0.5231244327289836	-0.4235080431824	-0.01951447192267673	0	6.88098139327105e-06	0	0	0	0	0	0	0	0	0	0	0	0	0	0	0	0	0	0	0	0
7.58	-1.494837229494864	1.77099834209723	2.001046801646075	0	0.9399999999999999	0	0	0	0	0	0	0	0	0	-0.5067146309228411	-0.4294861460669813	0.003012384274946332	0	-1.032582828357661e-07	0	0	0	0	0	0	0	0	0	0	0	0	0	0	0	0	0	0	0	0
7.6	-1.494837229494864	1.77099834209723	2.001046801646075	0	0.9399999999999999	0	0	0	0	0	0	0	0	0	-0.5067146309228411	-0.4294861460669813	0.003012384274946332	0	-1.032582828357661e-07	0	0	0	0	0	0	0	0	0	0	0	0	0	0	0	0	0	0	0	0
7.62	-1.499971247670042	1.774666597181201	2.006960384030231	0	0.9399999999999999	0	0	0	0	0	0	0	0	0	-0.4908896863392118	-0.4343983140606343	0.0289342965900439	0	-1.939175244845083e-07	0	0	0	0	0	0	0	0	0	0	0	0	0	0	0	0	0	0	0	0
7.64	-1.499833239007203	1.776961652831848	2.007171913024317	0	0.9399999999999999	0	0	0	0	0	0	0	0	0	-0.476555402026073	-0.4407867692950972	0.05413984163824616	0	4.821819746856286e-07	0	0	0	0	0	0	0	0	0	0	0	0	0	0	0	0	0	0	0	0
7.66	-1.477909062532907	1.7769840155858	1.983155741913525	0	0.9399999999999999	0	0	0	0	0	0	0	0	0	-0.4437081218234251	-0.4518863122212682	0.09421851524485735	0	2.340914532038269e-10	0	0	0	0	0	0	0	0	0	0	0	0	0	0	0	0	0	0	0	0
7.68	-1.457313580462319	1.775421531984539	1.960321753464615	0	0.9399999999999999	0	0	0	0	0	0	0	0	0	-0.4269123582736641	-0.4502648158939225	0.111224458427649	0	4.602228386952915e-07	0	0	0	0	0	0	0	0	0	0	0	0	0	0	0	0	0	0	0	0
7.699999999999999	-1.457313580462319	1.775421531984539	1.960321753464615	0	0.9399999999999999	0	0	0	0	0	0	0	0	0	-0.4269123582736641	-0.4502648158939225	0.111224458427649	0	4.602228386952915e-07	0	0	0	0	0	0	0	0	0	0	0	0	0	0	0	0	0	0	0	0
7.72	-1.404360877778326	1.768911117461058	1.900996788132343	0	0.9399999999999999	0	0	0	0	0	0	0	0	0	-0.4022418234606754	-0.4411500334764484	0.1391945122636069	0	1.21787879277446e-06	0	0	0	0	0	0	0	0	0	0	0	0	0	0	0	0	0	0	0	0
7.739999999999999	-1.377937849918005	1.765020852897626	1.870439686544446	0	0.9399999999999999	0	0	0	0	0	0	0	0	0	-0.3941698530523345	-0.4334073879644681	0.1441388662323102	0	-5.562242679936509e-08	0	0	0	0	0	0	0	0	0	0	0	0	0	0	0	0	0	0	0	0
7.76	-1.377937849918005	1.765020852897626	1.870439686544446	0	0.9399999999999999	0	0	0	0	0	0	0	0	0	-0.3941698530523345	-0.4334073879644681	0.1441388662323102	0	-5.562242679936509e-08	0	0	0	0	0	0	0	0	0	0	0	0	0	0	0	0	0	0	0	0
7.779999999999999	-1.356417512414139	1.760345771994563	1.84444396483217	0	0.9399999999999999	0	0	0	0	0	0	0	0	0	-0.3902081641004947	-0.424337336361792	0.1440197046096047	0	2.6924729727932e-08	0	0	0	0	0	0	0	0	0	0	0	0	0	0	0	0	0	0	0	0
7.8	-1.34206491908944	1.754605791513044	1.825306552040504	0	0.9399999999999999	0	0	0	0	0	0	0	0	0	-0.3918838244458629	-0.4148985879965102	0.1413380916319313	0	6.45275551833009e-07	0	0	0	0	0	0	0	0	0	0	0	0	0	0	0	0	0	0	0	0
7.819999999999999	-1.347549248488634	1.744305183645035	1.820226162617143	0	0.9399999999999999	0	0	0	0	0	0	0	0	0	-0.3984466288764354	-0.4042096684208989	0.1362363715335828	0	1.188403641081931e-05	0	0	0	0	0	0	0	0	0	0	0	0	0	0	0	0	0	0	0	0
7.84	-1.346896114992864	1.744239352302545	1.819570433010039	0	0.9399999999999999	0	0	0	0	0	0	0	0	0	-0.415662809889847	-0.4054012851217373	0.1301330544413353	0	-1.096730041042092e-05	0	0	0	0	0	0	0	0	0	0	0	0	0	0	0	0	0	0	0	0
7.859999999999999	-1.349783282029507	1.741552325687919	1.816784812697022	0	0.9399999999999999	0	0	0	0	0	0	0	0	0	-0.4399944980158165	-0.4057008001260646	0.1207156310224382	0	-3.999619600521413e-08	0	0	0	0	0	0	0	0	0	0	0	0	0	0	0	0	0	0	0	0
7.88	-1.360770218423586	1.740497928110047	1.821966200423548	0	0.9399999999999999	0	0	0	0	0	0	0	0	0	-0.4725156617854201	-0.4082110140817952	0.1066812271495875	0	4.982260842062109e-09	0	0	0	0	0	0	0	0	0	0	0	0	0	0	0	0	0	0	0	0
7.899999999999999	-1.38822415237971	1.721772175907696	1.845247666613032	0	0.9399999999999999	0	0	0	0	0	0	0	0	0	-0.52359878	-0.4056420791725245	0.08041490561301481	0	-4.951799904131558e-07	0	0	0	0	0	0	0	0	0	0	0	0	0	0	0	0	0	0	0	0
7.92	-1.38822415237971	1.721772175907696	1.845247666613032	0	0.9399999999999999	0	0	0	0	0	0	0	0	0	-0.52359878	-0.4056420791725245	0.08041490561301481	0	-4.951799904131558e-07	0	0	0	0	0	0	0	0	0	0	0	0	0	0	0	0	0	0	0	0
7.94	-1.457885803732145	1.671881996515806	1.922259937417409	0	0.9399999999999999	0	0	0	0	0	0	0	0	0	-0.52359878	-0.4000179795673333	0.06791965311548952	0	-5.933612169645923e-07	0	0	0	0	0	0	0	0	0	0	0	0	0	0	0	0	0	0	0	0
7.96	-1.529470080050044	1.649237207223535	1.995255775180456	0	0.9399999999999999	0	0	0	0	0	0	0	0	0	-0.52359878	-0.3835513393590408	0.05606950865761991	0	-2.82830341469302e-07	0	0	0	0	0	0	0	0	0	0	0	0	0	0	0	0	0	0	0	0
7.98	-1.670092306338522	1.6264731953585	2.136385784015537	0	0.9399999999999999	0	0	0	0	0	0	0	0	0	-0.52359878	-0.364387716783291	0.04412063190735859	0	-3.945246705418539e-08	0	0	0	0	0	0	0	0	0	0	0	0	0	0	0	0	0	0	0	0
8	-1.670092306338522	1.6264731953585	2.136385784015537	0	0.9399999999999999	0	0	0	0	0	0	0	0	0	-0.52359878	-0.364387716783291	0.04412063190735859	0	-3.945246705418539e-08	0	0	0	0	0	0	0	0	0	0	0	0	0	0	0	0	0	0	0	0
8.02	-2.024920043109913	1.604107173899387	2.49127666965237	0	0.9399999999999999	0	0	0	0	0	0	0	0	0	-0.52359878	-0.3449370319790335	0.03247231221045153	0	4.100392025317089e-07	0	0	0	0	0	0	0	0	0	0	0	0	0	0	0	0	0	0	0	0
8.039999999999999	-0.6070033832158593	1.531821153663572	1.070593112983528	0	0.9399999999999999	0	0	0	0	0	0	0	0	0	-0.52359878	-0.3094195395585926	0.01773232990370733	0	2.088480881147981e-07	0	0	0	0	0	0	0	0	0	0	0	0	0	0	0	0	0	0	0	0
8.06	-0.8676136417673522	1.508443702745153	1.328653157035979	0	0.9399999999999999	0	0	0	0	0	0	0	0	0	-0.52359878	-0.2951930048229194	0.02340741157149531	0	-6.645128960292632e-07	0	0	0	0	0	0	0	0	0	0	0	0	0	0	0	0	0	0	0	0
8.08	-0.8013523111392898	1.515812232415062	1.250017908390971	0	0.9399999999999999	0	0	0	0	0	0	0	0	0	-0.52359878	-0.2777643335861172	0.0293825323479964	0.1044249935066535	0.1044251941130674	0	0	0	0	0	0	0	0	0	0	0	0	0	0	0	0	0	0	0	0
8.1	-0.5586721672300546	1.531084264407397	0.9906689814266852	0	0.9399999999999999	0	0	0	0	0	0	0	0	0	-0.52359878	-0.2491817421471493	0.03892778147689097	0.2465674028022343	0.2465672749119993	0	0	0	0	0	0	0	0	0	0	0	0	0	0	0	0	0	0	0	0
8.119999999999999	-0.07572193569634167	1.541333733686291	0.4911642451768911	0	0.9399999999999999	0	0	0	0	0	0	0	0	0	-0.52359878	-0.2163175676171865	0.03639299224209411	0.3746006126580568	0.3746006635224867	0	0	0	0	0	0	0	0	0	0	0	0	0	0	0	0	0	0	0	0
8.140000000000001	0.5021006475268391	1.542942028660822	-0.0994089069827411	0	0.9399999999999999	0	0	0	0	0	0	0	0	0	-0.52359878	-0.1984045110300798	0.01390640071331788	0.4834187458720691	0.4834174534195194	0	0	0	0	0	0	0	0	0	0	0	0	0	0	0	0	0	0	0	0
8.16	0.8894846581815558	1.540673522080349	-0.4961938833381855	0	0.9399999999999999	0	0	0	0	0	0	0	0	0	-0.52359878	-0.1969470870968655	-0.02233322324755974	0.569911236374211	0.5699112178285279	0	0	0	0	0	0	0	0	0	0	0	0	0	0	0	0	0	0	0	0
8.18	1.120240608740899	1.539886818787576	-0.7356638007440072	0	0.9399999999999999	0	0	0	0	0	0	0	0	0	-0.52359878	-0.1997586852917279	-0.06215113426696215	0.6290549457102336	0.629054755103472	0	0	0	0	0	0	0	0	0	0	0	0	0	0	0	0	0	0	0	0
8.199999999999999	1.115686778534165	1.543575102401171	-0.7408793737701205	0	0.9399999999999999	0	0	0	0	0	0	0	0	0	-0.52359878	-0.1988836383177938	-0.0762548761858324	0.6297584402607016	0.6297528370551824	0	0	0	0	0	0	0	0	0	0	0	0	0	0	0	0	0	0	0	0
8.219999999999999	1.110202923397901	1.557165832433106	-0.7461189845884609	0	0.9399999999999999	0	0	0	0	0	0	0	0	0	-0.52359878	-0.1890232774597598	-0.1197565967896763	0.6522988613107716	0.6522990662491347	0	0	0	0	0	0	0	0	0	0	0	0	0	0	0	0	0	0	0	0
8.24	1.103571880926992	1.576320376779702	-0.7531877653317125	0	0.9399999999999999	0	0	0	0	0	0	0	0	0	-0.52359878	-0.1631420928035233	-0.1517845955183015	0.6544059251865628	0.6544065442935287	0	0	0	0	0	0	0	0	0	0	0	0	0	0	0	0	0	0	0	0
8.26	1.095337253122949	1.580905647104113	-0.7620275005810496	0	0.9399999999999999	0	0	0	0	0	0	0	0	0	-0.52359878	-0.1423167792020362	-0.1608186127816311	0.6459515144131978	0.6459492886313146	0	0	0	0	0	0	0	0	0	0	0	0	0	0	0	0	0	0	0	0
8.279999999999999	1.683936181738255	1.614667284025759	-1.367743045883778	0	0.9399999999999999	0	0	0	0	0	0	0	0	0	-0.52359878	-0.0953080656679518	-0.1621952121211971	0.5859444578262888	0.5859440986817851	0	0	0	0	0	0	0	0	0	0	0	0	0	0	0	0	0	0	0	0
8.299999999999999	1.675543072534032	1.629859520314598	-1.37644793103296	0	0.9399999999999999	0	0	0	0	0	0	0	0	0	-0.52359878	-0.06502701827790255	-0.1288560045113917	0.4829708663155532	0.4829724136662699	0	0	0	0	0	0	0	0	0	0	0	0	0	0	0	0	0	0	0	0
8.32	1.710701576152007	1.647842505841588	-1.424707058601147	0	0.9399999999999999	0	0	0	0	0	0	0	0	0	-0.52359878	-0.0547674432793655	-0.1117599628398048	0.3997513780068876	0.3997522084581998	0	0	0	0	0	0	0	0	0	0	0	0	0	0	0	0	0	0	0	0
8.34	1.710701576152007	1.647842505841588	-1.424707058601147	0	0.9399999999999999	0	0	0	0	0	0	0	0	0	-0.52359878	-0.0547674432793655	-0.1117599628398048	0.3997513780068876	0.3997522084581998	0	0	0	0	0	0	0	0	0	0	0	0	0	0	0	0	0	0	0	0
8.359999999999999	1.783573935017827	1.66714627392686	-1.508025662863113	0	0.9399999999999999	0	0	0	0	0	0	0	0	0	-0.52359878	-0.05133341878706425	-0.09560045779181582	0.3007845226683389	0.3007843751247657	0	0	0	0	0	0	0	0	0	0	0	0	0	0	0	0	0	0	0	0
8.379999999999999	1.853834680350338	1.686775565216375	-1.582703468792788	0	0.9399999999999999	0	0	0	0	0	0	0	0	0	-0.52359878	-0.05450833184372698	-0.07538484776522536	0.1891831672314765	0.1891833877122321	0	0	0	0	0	0	0	0	0	0	0	0	0	0	0	0	0	0	0	0
8.4	1.910237843480643	1.705650135483533	-1.63922471797206	0	0.9399999999999999	0	0	0	0	0	0	0	0	0	-0.52359878	-0.0629350487784501	-0.05132353144301878	0.06915541637782803	0.06915515411069792	0	0	0	0	0	0	0	0	0	0	0	0	0	0	0	0	0	0	0	0
8.42	2.044093899555425	1.680451963349588	-1.7643705019172	0	0.9399999999999999	0	0	0	0	0	0	0	0	0	-0.52359878	-0.09794634665039183	-0.02216932135265459	0	7.379999104925338e-08	0	0	0	0	0	0	0	0	0	0	0	0	0	0	0	0	0	0	0	0
8.44	2.157920062802917	1.654904541481878	-1.871423406827323	0	0.9399999999999999	0	0	0	0	0	0	0	0	0	-0.52359878	-0.1189387167373008	-0.009795301209544229	0	-3.202690724095088e-07	0	0	0	0	0	0	0	0	0	0	0	0	0	0	0	0	0	0	0	0
8.459999999999999	2.157920062802917	1.654904541481878	-1.871423406827323	0	0.9399999999999999	0	0	0	0	0	0	0	0	0	-0.52359878	-0.1189387167373008	-0.009795301209544229	0	-3.202690724095088e-07	0	0	0	0	0	0	0	0	0	0	0	0	0	0	0	0	0	0	0	0
8.48	2.387413858732192	1.628639197661896	-2.086349351036864	0	0.9399999999999999	0	0	0	0	0	0	0	0	0	-0.52359878	-0.1457670777610814	0.01071308844180655	0	-1.804285369854569e-07	0	0	0	0	0	0	0	0	0	0	0	0	0	0	0	0	0	0	0	0
8.5	3.34036604452579	1.601430588576019	-3.032572712808463	0	0.9399999999999999	0	0	0	0	0	0	0	0	0	-0.52359878	-0.1832435004034398	0.03144952135579251	0	3.395155605281212e-08	0	0	0	0	0	0	0	0	0	0	0	0	0	0	0	0	0	0	0	0
8.52	3.34036604452579	1.601430588576019	-3.032572712808463	0	0.9399999999999999	0	0	0	0	0	0	0	0	0	-0.52359878	-0.1832435004034398	0.03144952135579251	0	3.395155605281212e-08	0	0	0	0	0	0	0	0	0	0	0	0	0	0	0	0	0	0	0	0
8.539999999999999	4.04935558062948	1.609285130381035	-3.737854595397161	0	0.9399999999999999	0	0	0	0	0	0	0	0	0	-0.52359878	-0.2015306398070248	0.03988373022805602	0	1.338594929988433e-06	0	0	0	0	0	0	0	0	0	0	0	0	0	0	0	0	0	0	0	0
8.56	4.405751301422574	1.627202574589747	-4.0930577721524	0	0.9399999999999999	0	0	0	0	0	0	0	0	0	-0.52359878	-0.216219660204122	0.04505162565124347	0	9.131513041970952e-07	0	0	0	0	0	0	0	0	0	0	0	0	0	0	0	0	0	0	0	0
8.58	4.582271622656583	1.647687099708077	-4.269972817354676	0	0.9399999999999999	0	0	0	0	0	0	0	0	0	-0.52359878	-0.2301592050179346	0.0484142339234696	0	-1.153168309745904e-07	0	0	0	0	0	0	0	0	0	0	0	0	0	0	0	0	0	0	0	0
8.6	4.692564078524931	1.668892465434009	-4.381863912598289	0	0.9399999999999999	0	0	0	0	0	0	0	0	0	-0.52359878	-0.2423340333438796	0.04913860138606319	0	-3.238299219411834e-07	0	0	0	0	0	0	0	0	0	0	0	0	0	0	0	0	0	0	0	0
8.619999999999999	4.770290942985968	1.689667147167743	-4.462789605404155	0	0.9399999999999999	0	0	0	0	0	0	0	0	0	-0.52359878	-0.2507357274067142	0.04391444259635493	0	-3.317703417269737e-07	0	0	0	0	0	0	0	0	0	0	0	0	0	0	0	0	0	0	0	0
8.640000000000001	4.82506947734446	1.709087338314803	-4.522259534777358	0	0.9399999999999999	0	0	0	0	0	0	0	0	0	-0.52359878	-0.2557311583820536	0.03300902089962301	0	-6.614924245798182e-08	0	0	0	0	0	0	0	0	0	0	0	0	0	0	0	0	0	0	0	0
8.66	4.880953409392337	1.739976862905641	-4.589523723544701	0	0.9399999999999999	0	0	0	0	0	0	0	0	0	-0.52359878	-0.2568732444383401	0.003296925172980688	0	4.128313993960757e-09	0	0	0	0	0	0	0	0	0	0	0	0	0	0	0	0	0	0	0	0
8.68	4.880953409392337	1.739976862905641	-4.589523723544701	0	0.9399999999999999	0	0	0	0	0	0	0	0	0	-0.52359878	-0.2568732444383401	0.003296925172980688	0	4.128313993960757e-09	0	0	0	0	0	0	0	0	0	0	0	0	0	0	0	0	0	0	0	0
8.699999999999999	4.894864603900102	1.747173470853585	-4.607919998405496	0	0.9399999999999999	0	0	0	0	0	0	0	0	0	-0.5197418687254665	-0.2564522703155369	-0.009981595729094388	0	1.595948380879816e-07	0	0	0	0	0	0	0	0	0	0	0	0	0	0	0	0	0	0	0	0
8.720000000000001	4.895792814377292	1.739550107043165	-4.610010708248551	0	0.9399999999999999	0	0	0	0	0	0	0	0	0	-0.4962338130009593	-0.2621148737711769	-0.01504592494416727	0	-5.482408907923987e-06	0	0	0	0	0	0	0	0	0	0	0	0	0	0	0	0	0	0	0	0
8.74	4.896357449609789	1.716735697919983	-4.611110007640783	0	0.9399999999999999	0	0	0	0	0	0	0	0	0	-0.4457692032336733	-0.2715769033076226	-0.0009098781497947769	0	5.943047473399151e-06	0	0	0	0	0	0	0	0	0	0	0	0	0	0	0	0	0	0	0	0
8.76	4.895861543152765	1.702019207748211	-4.610803483789842	0	0.9399999999999999	0	0	0	0	0	0	0	0	0	-0.4266816766851093	-0.2751600265600059	0.01314350278783308	0	-5.954882849404332e-06	0	0	0	0	0	0	0	0	0	0	0	0	0	0	0	0	0	0	0	0
8.779999999999999	4.895860283985701	1.702027032162382	-4.61079167863821	0	0.9399999999999999	0	0	0	0	0	0	0	0	0	-0.4266840743137617	-0.2751752136034777	0.01315396944851471	0	-5.446007776588293e-06	0	0	0	0	0	0	0	0	0	0	0	0	0	0	0	0	0	0	0	0
8.799999999999999	4.864900616565416	1.687487733574069	-4.579721199250557	0	0.9399999999999999	0	0	0	0	0	0	0	0	0	-0.4103349860337793	-0.2839284609752543	0.02140908687610488	0	-1.082226668766336e-06	0	0	0	0	0	0	0	0	0	0	0	0	0	0	0	0	0	0	0	0
8.82	4.786141182881546	1.665525574005503	-4.500240668604965	0	0.9399999999999999	0	0	0	0	0	0	0	0	0	-0.3816907969910842	-0.2901474657392387	0.0178675404893338	0	2.945942797503716e-07	0	0	0	0	0	0	0	0	0	0	0	0	0	0	0	0	0	0	0	0
8.84	4.786141182881546	1.665525574005503	-4.500240668604965	0	0.9399999999999999	0	0	0	0	0	0	0	0	0	-0.3816907969910842	-0.2901474657392387	0.0178675404893338	0	2.945942797503716e-07	0	0	0	0	0	0	0	0	0	0	0	0	0	0	0	0	0	0	0	0
8.859999999999999	4.730934235053894	1.656333331029076	-4.444469736488067	0	0.9399999999999999	0	0	0	0	0	0	0	0	0	-0.3672464488789572	-0.2779248473183015	0.00572662697550538	0	3.416722231329683e-07	0	0	0	0	0	0	0	0	0	0	0	0	0	0	0	0	0	0	0	0
8.879999999999999	4.552477442955536	1.63627806699644	-4.264965006363386	0	0.9399999999999999	0	0	0	0	0	0	0	0	0	-0.3450932931027463	-0.2576362473191196	-0.01141279812247886	0	-3.463005510648943e-07	0	0	0	0	0	0	0	0	0	0	0	0	0	0	0	0	0	0	0	0
8.9	4.415843965465366	1.627361742567456	-4.128626884944844	0	0.9399999999999999	0	0	0	0	0	0	0	0	0	-0.3599371457097797	-0.2041864600362423	-0.04569288744339273	0	-1.93019970384642e-09	0	0	0	0	0	0	0	0	0	0	0	0	0	0	0	0	0	0	0	0
8.92	4.262979079674083	1.621356154207103	-3.976395486014323	0	0.9399999999999999	0	0	0	0	0	0	0	0	0	-0.3695584209819702	-0.1923929466581586	-0.06808309016489533	0	-2.255297590152083e-07	0	0	0	0	0	0	0	0	0	0	0	0	0	0	0	0	0	0	0	0
8.94	4.262979079674083	1.621356154207103	-3.976395486014323	0	0.9399999999999999	0	0	0	0	0	0	0	0	0	-0.3695584209819702	-0.1923929466581586	-0.06808309016489533	0	-2.255297590152083e-07	0	0	0	0	0	0	0	0	0	0	0	0	0	0	0	0	0	0	0	0
8.959999999999999	4.125961442717935	1.619448069337163	-3.84010424548953	0	0.9399999999999999	0	0	0	0	0	0	0	0	0	-0.375369720578583	-0.1875713188824309	-0.09580231143353778	0	5.125538582519755e-07	0	0	0	0	0	0	0	0	0	0	0	0	0	0	0	0	0	0	0	0
8.98	4.010253012224459	1.621314392152721	-3.725513585715928	0	0.9399999999999999	0	0	0	0	0	0	0	0	0	-0.371443125875611	-0.1856441739411692	-0.1175941736061176	0	-3.870029379377432e-08	0	0	0	0	0	0	0	0	0	0	0	0	0	0	0	0	0	0	0	0
9	4.00916214052888	1.625263272648198	-3.725859527621515	0	0.9399999999999999	0	0	0	0	0	0	0	0	0	-0.3666182774416021	-0.1770429313239471	-0.1261747621385856	0	-3.028388354340916e-06	0	0	0	0	0	0	0	0	0	0	0	0	0	0	0	0	0	0	0	0
9.02	3.838644796667551	1.628587326685656	-3.557569279181044	0	0.9399999999999999	0	0	0	0	0	0	0	0	0	-0.3519414734950044	-0.1761844666343536	-0.1338331940327849	0	-1.986455411297905e-07	0	0	0	0	0	0	0	0	0	0	0	0	0	0	0	0	0	0	0	0
9.039999999999999	3.730374087007245	1.627025030076353	-3.451540296331763	0	0.9399999999999999	0	0	0	0	0	0	0	0	0	-0.3161769041384231	-0.1684556063317982	-0.132370591292778	0.02167708159624308	0.02167749105662224	0	0	0	0	0	0	0	0	0	0	0	0	0	0	0	0	0	0	0	0
9.06	3.730374681360343	1.62702400417874	-3.451539603170847	0	0.9399999999999999	0	0	0	0	0	0	0	0	0	-0.3161790425448639	-0.1684556265286525	-0.1323713735241112	0.02167772426177178	0.02167802320401522	0	0	0	0	0	0	0	0	0	0	0	0	0	0	0	0	0	0	0	0
9.08	3.727618584157766	1.624146947506711	-3.452972792827498	0	0.9399999999999999	0	0	0	0	0	0	0	0	0	-0.291354484626943	-0.1698141595549065	-0.1522698485583759	0.029120774626079	0.02912582439816088	0	0	0	0	0	0	0	0	0	0	0	0	0	0	0	0	0	0	0	0
9.1	3.543450238458113	1.613618823363668	-3.278747682005217	0	0.9399999999999999	0	0	0	0	0	0	0	0	0	-0.2479213527404407	-0.163667570980024	-0.2251682505198128	0	-4.67709242634731e-08	0	0	0	0	0	0	0	0	0	0	0	0	0	0	0	0	0	0	0	0
9.119999999999999	3.543450238458113	1.613618823363668	-3.278747682005217	0	0.9399999999999999	0	0	0	0	0	0	0	0	0	-0.2479213527404407	-0.163667570980024	-0.2251682505198128	0	-4.67709242634731e-08	0	0	0	0	0	0	0	0	0	0	0	0	0	0	0	0	0	0	0	0
9.140000000000001	3.403612400190518	1.604885379960883	-3.144736634693465	0	0.9399999999999999	0	0	0	0	0	0	0	0	0	-0.2128095391706672	-0.1588375019934732	-0.2554853317313085	0	-7.417884720479022e-09	0	0	0	0	0	0	0	0	0	0	0	0	0	0	0	0	0	0	0	0
9.16	3.124202686938064	1.598480399489139	-2.871342918607577	0	0.9399999999999999	0	0	0	0	0	0	0	0	0	-0.1689895205344283	-0.1639061457390166	-0.2803374614278862	0	8.44262174702327e-07	0	0	0	0	0	0	0	0	0	0	0	0	0	0	0	0	0	0	0	0
9.18	2.748528266434758	1.597061322256716	-2.501124269516818	0	0.9399999999999999	0	0	0	0	0	0	0	0	0	-0.1153405218385855	-0.182420061460304	-0.2954680898807023	0	-7.683374164188477e-07	0	0	0	0	0	0	0	0	0	0	0	0	0	0	0	0	0	0	0	0
9.199999999999999	2.400954378421747	1.600509279566499	-2.158139290895826	0	0.9399999999999999	0	0	0	0	0	0	0	0	0	-0.04856542093562484	-0.2070276779406197	-0.2993546495954765	0	6.448537857749677e-08	0	0	0	0	0	0	0	0	0	0	0	0	0	0	0	0	0	0	0	0
9.220000000000001	2.116477406287471	1.607135416684094	-1.877218698322995	0	0.9399999999999999	0	0	0	0	0	0	0	0	0	0.03307779228273582	-0.2268521458399509	-0.29635777760072	0	-5.638270543041641e-07	0	0	0	0	0	0	0	0	0	0	0	0	0	0	0	0	0	0	0	0
9.24	1.71889682527908	1.62503722024467	-1.485266365094438	0	0.9399999999999999	0	0	0	0	0	0	0	0	0	0.1986927343258614	-0.2440967378606494	-0.2581237708793165	0	2.614868907957617e-08	0	0	0	0	0	0	0	0	0	0	0	0	0	0	0	0	0	0	0	0
9.26	1.71889682527908	1.62503722024467	-1.485266365094438	0	0.9399999999999999	0	0	0	0	0	0	0	0	0	0.1986927343258614	-0.2440967378606494	-0.2581237708793165	0	2.614868907957617e-08	0	0	0	0	0	0	0	0	0	0	0	0	0	0	0	0	0	0	0	0
9.279999999999999	1.466682242215487	1.649860794629547	-1.242392054962975	0	0.9399999999999999	0	0	0	0	0	0	0	0	0	0.3218379608921202	-0.250284668432906	-0.1677779566142345	0	1.212283919435123e-07	0	0	0	0	0	0	0	0	0	0	0	0	0	0	0	0	0	0	0	0
9.299999999999999	1.3710388350436	1.667339307260056	-1.154657040143139	0	0.9399999999999999	0	0	0	0	0	0	0	0	0	0.3667945395410206	-0.2499086281386798	-0.115309850728992	0	6.351835538247228e-07	0	0	0	0	0	0	0	0	0	0	0	0	0	0	0	0	0	0	0	0
9.32	1.3710388350436	1.667339307260056	-1.154657040143139	0	0.9399999999999999	0	0	0	0	0	0	0	0	0	0.3667945395410206	-0.2499086281386798	-0.115309850728992	0	6.351835538247228e-07	0	0	0	0	0	0	0	0	0	0	0	0	0	0	0	0	0	0	0	0
9.34	1.2819585246932	1.686583371530061	-1.075936183976553	0	0.9399999999999999	0	0	0	0	0	0	0	0	0	0.3919232258743318	-0.2466442364391052	-0.0672156529419019	0	5.779442364164098e-07	0	0	0	0	0	0	0	0	0	0	0	0	0	0	0	0	0	0	0	0
9.359999999999999	1.131896941949962	1.728415611234084	-0.9535635660008235	0	0.9399999999999999	0	0	0	0	0	0	0	0	0	0.4263072772516278	-0.2392255896543232	-0.01726526963427023	0	-4.079157983892634e-07	0	0	0	0	0	0	0	0	0	0	0	0	0	0	0	0	0	0	0	0
9.379999999999999	1.131896941949962	1.728415611234084	-0.9535635660008235	0	0.9399999999999999	0	0	0	0	0	0	0	0	0	0.4263072772516278	-0.2392255896543232	-0.01726526963427023	0	-4.079157983892634e-07	0	0	0	0	0	0	0	0	0	0	0	0	0	0	0	0	0	0	0	0
9.4	1.089458655790019	1.751535227830659	-0.9277744204946672	0	0.9399999999999999	0	0	0	0	0	0	0	0	0	0.4430830789555256	-0.2286031399901726	-0.03692768349232249	0	-3.308602427253271e-08	0	0	0	0	0	0	0	0	0	0	0	0	0	0	0	0	0	0	0	0
9.42	1.067402395454977	1.774486602634642	-0.9235749275947219	0	0.9399999999999999	0	0	0	0	0	0	0	0	0	0.4508901487623808	-0.2142444026259727	-0.07936807142289264	0	1.939853575360129e-07	0	0	0	0	0	0	0	0	0	0	0	0	0	0	0	0	0	0	0	0
9.44	1.065678393513097	1.815767102698095	-0.9614327588516081	0	0.9399999999999999	0	0	0	0	0	0	0	0	0	0.486034345359882	-0.1725017388091404	-0.2002712218993242	0	-2.904162786475412e-08	0	0	0	0	0	0	0	0	0	0	0	0	0	0	0	0	0	0	0	0
9.459999999999999	1.065678393513097	1.815767102698095	-0.9614327588516081	0	0.9399999999999999	0	0	0	0	0	0	0	0	0	0.486034345359882	-0.1725017388091404	-0.2002712218993242	0	-2.904162786475412e-08	0	0	0	0	0	0	0	0	0	0	0	0	0	0	0	0	0	0	0	0
9.48	1.079118685835056	1.83168842671322	-0.9958135278371626	0	0.9399999999999999	0	0	0	0	0	0	0	0	0	0.5170988273917919	-0.1671492815122951	-0.2278356381595942	0	-6.554701844385159e-07	0	0	0	0	0	0	0	0	0	0	0	0	0	0	0	0	0	0	0	0
9.5	1.090196469491383	1.845740754183139	-1.026792501925152	0	0.9399999999999999	0	0	0	0	0	0	0	0	0	0.5361438384270751	-0.1689650441760483	-0.2222203555710145	0	1.440191906396464e-08	0	0	0	0	0	0	0	0	0	0	0	0	0	0	0	0	0	0	0	0
9.52	1.107369027227047	1.857727869631904	-1.064176026256364	0	0.9399999999999999	0	0	0	0	0	0	0	0	0	0.5398496230558932	-0.1689751304273061	-0.2206354217365156	0	8.66627514501773e-08	0	0	0	0	0	0	0	0	0	0	0	0	0	0	0	0	0	0	0	0
9.539999999999999	1.133702804747279	1.866470461200485	-1.111157406736413	0	0.9399999999999999	0	0	0	0	0	0	0	0	0	0.5436937482585089	-0.1677030883644505	-0.230471628446591	0	6.94987021041931e-08	0	0	0	0	0	0	0	0	0	0	0	0	0	0	0	0	0	0	0	0
9.56	1.161472057928662	1.874386161532273	-1.158493728502192	0	0.9399999999999999	0	0	0	0	0	0	0	0	0	0.548323873356713	-0.1632863084598551	-0.227268267589488	0	7.524822032712552e-08	0	0	0	0	0	0	0	0	0	0	0	0	0	0	0	0	0	0	0	0
9.58	1.188228265694496	1.881490425774483	-1.203514693486696	0	0.9399999999999999	0	0	0	0	0	0	0	0	0	0.5476828324664385	-0.1610311426363596	-0.2128951967803034	0	1.751458810529534e-07	0	0	0	0	0	0	0	0	0	0	0	0	0	0	0	0	0	0	0	0
9.6	1.215054894814805	1.886260831946351	-1.247371515168267	0	0.9399999999999999	0	0	0	0	0	0	0	0	0	0.5419671501288476	-0.1611428970471591	-0.196863555762529	0	-2.460639814769171e-06	0	0	0	0	0	0	0	0	0	0	0	0	0	0	0	0	0	0	0	0
9.619999999999999	1.268490182719356	1.892015046098192	-1.332671730379623	0	0.9399999999999999	0	0	0	0	0	0	0	0	0	0.533220737701574	-0.1574664731636611	-0.1758393161405441	0	-5.727871477693997e-07	0	0	0	0	0	0	0	0	0	0	0	0	0	0	0	0	0	0	0	0
9.640000000000001	1.268490182719356	1.892015046098192	-1.332671730379623	0	0.9399999999999999	0	0	0	0	0	0	0	0	0	0.533220737701574	-0.1574664731636611	-0.1758393161405441	0	-5.727871477693997e-07	0	0	0	0	0	0	0	0	0	0	0	0	0	0	0	0	0	0	0	0
9.66	1.290793971412821	1.896858735452576	-1.37071356138818	0	0.9399999999999999	0	0	0	0	0	0	0	0	0	0.5362423733331725	-0.1502340939173945	-0.1740539570031985	0	1.035764786543628e-07	0	0	0	0	0	0	0	0	0	0	0	0	0	0	0	0	0	0	0	0
9.68	1.308933341395232	1.908226279519293	-1.419057912961171	0	0.9399999999999999	0	0	0	0	0	0	0	0	0	0.5414686476150204	-0.1363993940759543	-0.1726514429849485	0	2.375451483062375e-07	0	0	0	0	0	0	0	0	0	0	0	0	0	0	0	0	0	0	0	0
9.699999999999999	1.30086979616615	1.910966873144918	-1.424281097996608	0	0.9399999999999999	0	0	0	0	0	0	0	0	0	0.5378363873895776	-0.1299583296009511	-0.169843392178097	0	1.37816969796201e-07	0	0	0	0	0	0	0	0	0	0	0	0	0	0	0	0	0	0	0	0
9.720000000000001	1.30086979616615	1.910966873144918	-1.424281097996608	0	0.9399999999999999	0	0	0	0	0	0	0	0	0	0.5378363873895776	-0.1299583296009511	-0.169843392178097	0	1.37816969796201e-07	0	0	0	0	0	0	0	0	0	0	0	0	0	0	0	0	0	0	0	0
9.74	1.283463880259794	1.911853518785096	-1.418684057155198	0	0.9399999999999999	0	0	0	0	0	0	0	0	0	0.5295112309022191	-0.1222510732141072	-0.1650889889078858	0	1.371938010567515e-06	0	0	0	0	0	0	0	0	0	0	0	0	0	0	0	0	0	0	0	0
9.76	1.260299612356579	1.912140887507863	-1.406178394906833	0	0.9399999999999999	0	0	0	0	0	0	0	0	0	0.5176501534055998	-0.1132738255308316	-0.1616008359457188	0	-1.799551750587761e-06	0	0	0	0	0	0	0	0	0	0	0	0	0	0	0	0	0	0	0	0
9.779999999999999	1.234234161746423	1.912295038600967	-1.389976862926206	0	0.9399999999999999	0	0	0	0	0	0	0	0	0	0.5035292124097063	-0.1034601066063312	-0.1631568970558145	0	-4.790351482421676e-07	0	0	0	0	0	0	0	0	0	0	0	0	0	0	0	0	0	0	0	0
9.799999999999999	1.177310670732149	1.911910688522497	-1.349522157814359	0	0.9399999999999999	0	0	0	0	0	0	0	0	0	0.4782828236064898	-0.0807206234842634	-0.1847069643435182	0	-1.882456065800768e-06	0	0	0	0	0	0	0	0	0	0	0	0	0	0	0	0	0	0	0	0
9.82	1.154472806141519	1.909939232417411	-1.334622340804542	0	0.9399999999999999	0	0	0	0	0	0	0	0	0	0.4716792955047706	-0.07063120917694657	-0.1992295645227031	0	-3.036121183472404e-08	0	0	0	0	0	0	0	0	0	0	0	0	0	0	0	0	0	0	0	0
9.84	1.154472806141519	1.909939232417411	-1.334622340804542	0	0.9399999999999999	0	0	0	0	0	0	0	0	0	0.4716792955047706	-0.07063120917694657	-0.1992295645227031	0	-3.036121183472404e-08	0	0	0	0	0	0	0	0	0	0	0	0	0	0	0	0	0	0	0	0
9.859999999999999	1.122149122864502	1.906998694267957	-1.318266864566823	0	0.9399999999999999	0	0	0	0	0	0	0	0	0	0.4713393992461568	-0.05530937376602257	-0.2214038713535801	0	3.998581630799457e-08	0	0	0	0	0	0	0	0	0	0	0	0	0	0	0	0	0	0	0	0
9.879999999999999	1.107007074203087	1.907443719492112	-1.310657012491863	0	0.9399999999999999	0	0	0	0	0	0	0	0	0	0.4739690409453423	-0.05072327073367774	-0.228182163577476	0	-4.846057503279621e-07	0	0	0	0	0	0	0	0	0	0	0	0	0	0	0	0	0	0	0	0
9.9	1.107432645754711	1.907426100649227	-1.311077488958201	0	0.9399999999999999	0	0	0	0	0	0	0	0	0	0.4736184124681767	-0.04701401194664361	-0.2267724432494781	0	9.771461413434345e-08	0	0	0	0	0	0	0	0	0	0	0	0	0	0	0	0	0	0	0	0
9.92	1.092847203931039	1.908342871380873	-1.303578890562762	0	0.9399999999999999	0	0	0	0	0	0	0	0	0	0.4749678693370248	-0.0389982534219635	-0.2282634528646005	0	1.85489131890173e-07	0	0	0	0	0	0	0	0	0	0	0	0	0	0	0	0	0	0	0	0
9.94	1.080592579513385	1.909104088205091	-1.297553901004783	0	0.9399999999999999	0	0	0	0	0	0	0	0	0	0.4746653306401366	-0.03201888260853833	-0.225808535519316	0	8.793008301958086e-08	0	0	0	0	0	0	0	0	0	0	0	0	0	0	0	0	0	0	0	0
9.959999999999999	1.059385769020725	1.911050178725149	-1.284852079654265	0	0.9399999999999999	0	0	0	0	0	0	0	0	0	0.4696363686706468	-0.01908301858110896	-0.2127410371104092	0	-8.559438831323012e-07	0	0	0	0	0	0	0	0	0	0	0	0	0	0	0	0	0	0	0	0
9.98	1.05136839154604	1.912471209817231	-1.279139570955618	0	0.9399999999999999	0	0	0	0	0	0	0	0	0	0.4655733957455568	-0.01305343321370217	-0.205417204392552	0	-3.663518245864252e-07	0	0	0	0	0	0	0	0	0	0	0	0	0	0	0	0	0	0	0	0
10	1.045371120220625	1.913904002418237	-1.27470938936341	0	0.9399999999999999	0	0	0	0	0	0	0	0	0	0.4609330024317503	-0.007388384201844024	-0.1995477494855692	0	-1.028592621318528e-07	0	0	0	0	0	0	0	0	0	0	0	0	0	0	0	0	0	0	0	0
10.02	1.039355855260003	1.915226810250013	-1.269633943045446	0	0.9399999999999999	0	0	0	0	0	0	0	0	0	0.4560408603675965	-0.001427516252196844	-0.1952715971739301	0	-1.164869516424195e-06	0	0	0	0	0	0	0	0	0	0	0	0	0	0	0	0	0	0	0	0
10.04	1.030426436222395	1.916486093528073	-1.26087910414056	0	0.9399999999999999	0	0	0	0	0	0	0	0	0	0.4508074129038708	0.005197313289125855	-0.1925996816517208	0	-2.096440710391692e-06	0	0	0	0	0	0	0	0	0	0	0	0	0	0	0	0	0	0	0	0
10.06	1.030427120109423	1.916486684910214	-1.260878280681496	0	0.9399999999999999	0	0	0	0	0	0	0	0	0	0.4508083375320236	0.005197507238716482	-0.1925993975185879	0	6.31242269849111e-07	0	0	0	0	0	0	0	0	0	0	0	0	0	0	0	0	0	0	0	0
10.08	1.019963869421821	1.917131778769633	-1.249976586333312	0	0.9399999999999999	0	0	0	0	0	0	0	0	0	0.4459000378016959	0.01288607667365226	-0.1908969000153471	0	2.539589626171673e-07	0	0	0	0	0	0	0	0	0	0	0	0	0	0	0	0	0	0	0	0
10.1	1.009872367375756	1.916917071268252	-1.239099340124161	0	0.9399999999999999	0	0	0	0	0	0	0	0	0	0.440961998399981	0.02108201337556163	-0.1897928486571709	0	-1.188687043689524e-06	0	0	0	0	0	0	0	0	0	0	0	0	0	0	0	0	0	0	0	0
10.12	0.989747460474512	1.914062375095504	-1.216027077478724	0	0.9399999999999999	0	0	0	0	0	0	0	0	0	0.4300498665880513	0.03695433985577039	-0.187239260570247	0	-2.117452631108546e-07	0	0	0	0	0	0	0	0	0	0	0	0	0	0	0	0	0	0	0	0
10.14	0.989747460474512	1.914062375095504	-1.216027077478724	0	0.9399999999999999	0	0	0	0	0	0	0	0	0	0.4300498665880513	0.03695433985577039	-0.187239260570247	0	-2.117452631108546e-07	0	0	0	0	0	0	0	0	0	0	0	0	0	0	0	0	0	0	0	0
10.16	0.9712393283410387	1.907377252981884	-1.192200734897259	0	0.9399999999999999	0	0	0	0	0	0	0	0	0	0.4183029278392356	0.0501545668222614	-0.1815146861209489	0	-1.868510628276321e-08	0	0	0	0	0	0	0	0	0	0	0	0	0	0	0	0	0	0	0	0
10.18	0.9712393283410387	1.907377252981884	-1.192200734897259	0	0.9399999999999999	0	0	0	0	0	0	0	0	0	0.4183029278392356	0.0501545668222614	-0.1815146861209489	0	-1.868510628276321e-08	0	0	0	0	0	0	0	0	0	0	0	0	0	0	0	0	0	0	0	0
10.2	0.9644497769154589	1.90318552898486	-1.181843145571631	0	0.9399999999999999	0	0	0	0	0	0	0	0	0	0.4115696558206156	0.05535371788098552	-0.1765015753485867	0	4.714781017438158e-10	0	0	0	0	0	0	0	0	0	0	0	0	0	0	0	0	0	0	0	0
10.22	0.9601346122449328	1.89934383730162	-1.173216866269834	0	0.9399999999999999	0	0	0	0	0	0	0	0	0	0.4047479367967516	0.06014229743432063	-0.1701219726855274	0	6.08950561410712e-09	0	0	0	0	0	0	0	0	0	0	0	0	0	0	0	0	0	0	0	0
10.24	0.9577379856909268	1.892484504121613	-1.160154587168653	0	0.9399999999999999	0	0	0	0	0	0	0	0	0	0.3915576146456788	0.06778777344983314	-0.1554182619506545	0	9.554682270936139e-08	0	0	0	0	0	0	0	0	0	0	0	0	0	0	0	0	0	0	0	0
10.26	0.9571645665327037	1.889133274816141	-1.153248998043842	0	0.9399999999999999	0	0	0	0	0	0	0	0	0	0.3860465180456657	0.07107326219280602	-0.1476938317655856	0	-1.002751120829156e-06	0	0	0	0	0	0	0	0	0	0	0	0	0	0	0	0	0	0	0	0
10.28	0.9560502278290751	1.885365569189986	-1.145200560909255	0	0.9399999999999999	0	0	0	0	0	0	0	0	0	0.3819678134887274	0.07255400049035125	-0.1407366699890158	0	-1.109609673258698e-07	0	0	0	0	0	0	0	0	0	0	0	0	0	0	0	0	0	0	0	0
10.3	0.9554299281427717	1.88126294482578	-1.137044102721751	0	0.9399999999999999	0	0	0	0	0	0	0	0	0	0.3762558453097028	0.07548731624973821	-0.1318967851505685	0	-2.805900229370471e-07	0	0	0	0	0	0	0	0	0	0	0	0	0	0	0	0	0	0	0	0
10.32	0.9556016184819801	1.881278973756829	-1.137188006009684	0	0.9399999999999999	0	0	0	0	0	0	0	0	0	0.3745347954604346	0.07631922356166621	-0.1307965577292154	0	2.061806271158167e-06	0	0	0	0	0	0	0	0	0	0	0	0	0	0	0	0	0	0	0	0
10.34	0.9529604444101312	1.87371608421535	-1.117157115837412	0	0.9399999999999999	0	0	0	0	0	0	0	0	0	0.363831911439339	0.08242151930610118	-0.1142169104841112	0	6.963059031469877e-07	0	0	0	0	0	0	0	0	0	0	0	0	0	0	0	0	0	0	0	0
10.36	0.9487363362643993	1.870135682413948	-1.103134326376831	0	0.9399999999999999	0	0	0	0	0	0	0	0	0	0.3594411374415785	0.08603700426546722	-0.1071637748300049	0	-9.919705316198493e-08	0	0	0	0	0	0	0	0	0	0	0	0	0	0	0	0	0	0	0	0
10.38	0.9430952957394657	1.866289501139124	-1.087177931835234	0	0.9399999999999999	0	0	0	0	0	0	0	0	0	0.3559558099744506	0.09014940700588141	-0.1007732335400768	0	7.068300203551624e-07	0	0	0	0	0	0	0	0	0	0	0	0	0	0	0	0	0	0	0	0
10.4	0.9430952957394657	1.866289501139124	-1.087177931835234	0	0.9399999999999999	0	0	0	0	0	0	0	0	0	0.3559558099744506	0.09014940700588141	-0.1007732335400768	0	7.068300203551624e-07	0	0	0	0	0	0	0	0	0	0	0	0	0	0	0	0	0	0	0	0
10.42	0.928632136042803	1.857433566091228	-1.05087915924775	0	0.9399999999999999	0	0	0	0	0	0	0	0	0	0.3491119638042357	0.09924422977100132	-0.08823101301145017	0	-1.178542912438221e-07	0	0	0	0	0	0	0	0	0	0	0	0	0	0	0	0	0	0	0	0
10.44	0.9212950401295484	1.852418747055366	-1.031883548537138	0	0.9399999999999999	0	0	0	0	0	0	0	0	0	0.3450421320746349	0.1044102056381644	-0.08191556551750297	0	1.784299587684625e-07	0	0	0	0	0	0	0	0	0	0	0	0	0	0	0	0	0	0	0	0
10.46	0.9212950401295484	1.852418747055366	-1.031883548537138	0	0.9399999999999999	0	0	0	0	0	0	0	0	0	0.3450421320746349	0.1044102056381644	-0.08191556551750297	0	1.784299587684625e-07	0	0	0	0	0	0	0	0	0	0	0	0	0	0	0	0	0	0	0	0
10.48	0.9170898052055583	1.840980329768661	-1.00180809161054	0	0.9399999999999999	0	0	0	0	0	0	0	0	0	0.3377650165967235	0.113125134985585	-0.06771593512224033	0	-2.632261691153615e-07	0	0	0	0	0	0	0	0	0	0	0	0	0	0	0	0	0	0	0	0
10.5	0.9174062536688821	1.836074465643596	-0.9882809700616001	0	0.9399999999999999	0	0	0	0	0	0	0	0	0	0.3388278610256312	0.116840520150512	-0.06325917447123959	0	-7.649726137282806e-07	0	0	0	0	0	0	0	0	0	0	0	0	0	0	0	0	0	0	0	0
10.52	0.9175710598025851	1.836117710204035	-0.9884189669050395	0	0.9399999999999999	0	0	0	0	0	0	0	0	0	0.3365461464113296	0.1173814917285178	-0.06081593303204907	0	-1.229229390770956e-06	0	0	0	0	0	0	0	0	0	0	0	0	0	0	0	0	0	0	0	0
10.54	0.9184526495441584	1.827215431552087	-0.9612577278279323	0	0.9399999999999999	0	0	0	0	0	0	0	0	0	0.3633231961922516	0.1162568155609328	-0.06048957899409235	0.05784868009239837	0.05784879533843151	0	0	0	0	0	0	0	0	0	0	0	0	0	0	0	0	0	0	0	0
10.56	0.9184526495441584	1.827215431552087	-0.9612577278279323	0	0.9399999999999999	0	0	0	0	0	0	0	0	0	0.3633231961922516	0.1162568155609328	-0.06048957899409235	0.05784868009239837	0.05784879533843151	0	0	0	0	0	0	0	0	0	0	0	0	0	0	0	0	0	0	0	0
10.58	0.9174330992862196	1.823350365993612	-0.9459075906461049	0	0.9399999999999999	0	0	0	0	0	0	0	0	0	0.3804731469686929	0.1138878779073339	-0.06146095418953087	0.09423710338871295	0.09423705865015426	0	0	0	0	0	0	0	0	0	0	0	0	0	0	0	0	0	0	0	0
10.6	0.9178205307125187	1.815939756992337	-0.9177265475383877	0	0.9399999999999999	0	0	0	0	0	0	0	0	0	0.4130251430571204	0.1086405495560881	-0.06269899558629635	0.1698278057074216	0.1698276740706627	0	0	0	0	0	0	0	0	0	0	0	0	0	0	0	0	0	0	0	0
10.62	0.9178205307125187	1.815939756992337	-0.9177265475383877	0	0.9399999999999999	0	0	0	0	0	0	0	0	0	0.4130251430571204	0.1086405495560881	-0.06269899558629635	0.1698278057074216	0.1698276740706627	0	0	0	0	0	0	0	0	0	0	0	0	0	0	0	0	0	0	0	0
10.64	0.9191364376107016	1.812378925097288	-0.9049889997007841	0	0.9399999999999999	0	0	0	0	0	0	0	0	0	0.4269925142126365	0.1064174102995391	-0.06319872140856948	0.2065433815929736	0.2065425046216239	0	0	0	0	0	0	0	0	0	0	0	0	0	0	0	0	0	0	0	0
10.66	0.9236132001432261	1.80910911637715	-0.8955253440258444	0	0.9399999999999999	0	0	0	0	0	0	0	0	0	0.4391360785059795	0.1046405197567405	-0.06260379424557444	0.2407389278090146	0.2407389000962707	0	0	0	0	0	0	0	0	0	0	0	0	0	0	0	0	0	0	0	0
10.68	0.9350378849341033	1.802244929810426	-0.8793644140494387	0	0.9399999999999999	0	0	0	0	0	0	0	0	0	0.4514209129457295	0.1013143816588058	-0.05732360013960452	0.2826924515053574	0.2826923396487748	0	0	0	0	0	0	0	0	0	0	0	0	0	0	0	0	0	0	0	0
10.7	0.9416427086022537	1.7991339239903	-0.8720091539196569	0	0.9399999999999999	0	0	0	0	0	0	0	0	0	0.4508726929997396	0.1051762802875573	-0.04258115723515261	0.3019239685967908	0.3019241920104976	0	0	0	0	0	0	0	0	0	0	0	0	0	0	0	0	0	0	0	0
10.72	0.9482350800937878	1.7956457622077	-0.864407393971773	0	0.9399999999999999	0	0	0	0	0	0	0	0	0	0.4517850945063613	0.104456395063936	-0.03744782124164417	0.3255073576440763	0.3255072654419777	0	0	0	0	0	0	0	0	0	0	0	0	0	0	0	0	0	0	0	0
10.74	0.9557851246141869	1.790919670635004	-0.8574868117737994	0	0.9399999999999999	0	0	0	0	0	0	0	0	0	0.4395710299508329	0.1016288351596422	-0.0390633342109256	0.3392755593414844	0.3392756051011945	0	0	0	0	0	0	0	0	0	0	0	0	0	0	0	0	0	0	0	0
10.76	0.9557851246141869	1.790919670635004	-0.8574868117737994	0	0.9399999999999999	0	0	0	0	0	0	0	0	0	0.4395710299508329	0.1016288351596422	-0.0390633342109256	0.3392755593414844	0.3392756051011945	0	0	0	0	0	0	0	0	0	0	0	0	0	0	0	0	0	0	0	0
10.78	0.972153012919573	1.77731104778917	-0.8443237322667984	0	0.9399999999999999	0	0	0	0	0	0	0	0	0	0.4074373834727287	0.1043767737615567	-0.01765761099419806	0.3225674659088206	0.3225718000877764	0	0	0	0	0	0	0	0	0	0	0	0	0	0	0	0	0	0	0	0
10.8	0.9800003513369241	1.769601043597941	-0.8370251332212071	0	0.9399999999999999	0	0	0	0	0	0	0	0	0	0.3891969435280485	0.105396694968593	-0.005084611434518788	0.3086872662052118	0.3086897226060767	0	0	0	0	0	0	0	0	0	0	0	0	0	0	0	0	0	0	0	0
10.82	0.9799971508443271	1.769598229034567	-0.8370218310422879	0	0.9399999999999999	0	0	0	0	0	0	0	0	0	0.389198371952405	0.1053984396453709	-0.005085347611842992	0.3086872818897466	0.3086894291618021	0	0	0	0	0	0	0	0	0	0	0	0	0	0	0	0	0	0	0	0
10.84	0.9808339656729965	1.752638155905654	-0.8076693260064318	0	0.9399999999999999	0	0	0	0	0	0	0	0	0	0.3533100149505828	0.104940708914219	0.02084372078617093	0.2781320722264276	0.2781320046413474	0	0	0	0	0	0	0	0	0	0	0	0	0	0	0	0	0	0	0	0
10.86	0.9808339656729965	1.752638155905654	-0.8076693260064318	0	0.9399999999999999	0	0	0	0	0	0	0	0	0	0.3533100149505828	0.104940708914219	0.02084372078617093	0.2781320722264276	0.2781320046413474	0	0	0	0	0	0	0	0	0	0	0	0	0	0	0	0	0	0	0	0
10.88	0.9722893421966468	1.744038214922604	-0.7842129052232903	0	0.9399999999999999	0	0	0	0	0	0	0	0	0	0.3376848252485809	0.102812776051965	0.03335548950322843	0.2642376728389778	0.2642375874482647	0	0	0	0	0	0	0	0	0	0	0	0	0	0	0	0	0	0	0	0
10.9	0.9282781447618399	1.727798104828861	-0.7109552905611466	0	0.9399999999999999	0	0	0	0	0	0	0	0	0	0.3132855877973122	0.1017247342876495	0.06038709055382839	0.2515409213691642	0.2515409003763285	0	0	0	0	0	0	0	0	0	0	0	0	0	0	0	0	0	0	0	0
10.92	0.8926267744541779	1.720852759122536	-0.6613344932841131	0	0.9399999999999999	0	0	0	0	0	0	0	0	0	0.2961307835589313	0.09406118392217018	0.06554021573333479	0.228621867173964	0.2286220961722664	0	0	0	0	0	0	0	0	0	0	0	0	0	0	0	0	0	0	0	0
10.94	0.8426016513533473	1.7151892449974	-0.5980654165546803	0	0.9399999999999999	0	0	0	0	0	0	0	0	0	0.2811212498735547	0.0922819857951397	0.07352690716112532	0.2149583109642116	0.2149581952196401	0	0	0	0	0	0	0	0	0	0	0	0	0	0	0	0	0	0	0	0
10.96	0.8426016513533473	1.7151892449974	-0.5980654165546803	0	0.9399999999999999	0	0	0	0	0	0	0	0	0	0.2811212498735547	0.0922819857951397	0.07352690716112532	0.2149583109642116	0.2149581952196401	0	0	0	0	0	0	0	0	0	0	0	0	0	0	0	0	0	0	0	0
10.98	0.7152004848063978	1.70604797241197	-0.4468123331355151	0	0.9399999999999999	0	0	0	0	0	0	0	0	0	0.2459135040193014	0.08820789198236585	0.08711179271431516	0.1802572120381879	0.1802571811736637	0	0	0	0	0	0	0	0	0	0	0	0	0	0	0	0	0	0	0	0
11	0.6491562729952395	1.702467597735886	-0.3700434366663731	0	0.9399999999999999	0	0	0	0	0	0	0	0	0	0.2354546744952301	0.09110215572737861	0.09809053327157732	0.1802670404458023	0.1802670688386433	0	0	0	0	0	0	0	0	0	0	0	0	0	0	0	0	0	0	0	0
11.02	0.5834907435503595	1.699855868479892	-0.2940679844470739	0	0.9399999999999999	0	0	0	0	0	0	0	0	0	0.2078782132131787	0.07987109151576241	0.09924300034930335	0.1388038946324457	0.1388047019455876	0	0	0	0	0	0	0	0	0	0	0	0	0	0	0	0	0	0	0	0
11.04	0.5157112007120326	1.697480853220372	-0.2161536897769531	0	0.9399999999999999	0	0	0	0	0	0	0	0	0	0.1861335454642592	0.07373161213658129	0.1058723622160307	0.1141846914757649	0.1141837593707053	0	0	0	0	0	0	0	0	0	0	0	0	0	0	0	0	0	0	0	0
11.06	0.5157112007120326	1.697480853220372	-0.2161536897769531	0	0.9399999999999999	0	0	0	0	0	0	0	0	0	0.1861335454642592	0.07373161213658129	0.1058723622160307	0.1141846914757649	0.1141837593707053	0	0	0	0	0	0	0	0	0	0	0	0	0	0	0	0	0	0	0	0
11.08	0.354710594306832	1.694367442093135	-0.03441578095633464	0	0.9399999999999999	0	0	0	0	0	0	0	0	0	0.1336553339620562	0.06366549146409405	0.123028848370796	0.07220258619913233	0.07220267000691481	0	0	0	0	0	0	0	0	0	0	0	0	0	0	0	0	0	0	0	0
11.1	0.2670993397337364	1.694794754933316	0.06424909212800684	0	0.9399999999999999	0	0	0	0	0	0	0	0	0	0.104626391615125	0.04529808412771705	0.1364241527451016	0.02840513947846017	0.02840557250516396	0	0	0	0	0	0	0	0	0	0	0	0	0	0	0	0	0	0	0	0
11.12	0.2670993397337364	1.694794754933316	0.06424909212800684	0	0.9399999999999999	0	0	0	0	0	0	0	0	0	0.104626391615125	0.04529808412771705	0.1364241527451016	0.02840513947846017	0.02840557250516396	0	0	0	0	0	0	0	0	0	0	0	0	0	0	0	0	0	0	0	0
11.14	0.08739068785884259	1.70155543308954	0.2677350582763508	0	0.9399999999999999	0	0	0	0	0	0	0	0	0	0.05858360495640516	0.01590496893255741	0.1573535795121651	0	7.932869386592863e-07	0	0	0	0	0	0	0	0	0	0	0	0	0	0	0	0	0	0	0	0
11.16	0.01554354932026481	1.70876603661993	0.3511172811797988	0	0.9399999999999999	0	0	0	0	0	0	0	0	0	0.04107817836601065	0.0008199506854053321	0.1632711895082661	0	-9.57429609450736e-08	0	0	0	0	0	0	0	0	0	0	0	0	0	0	0	0	0	0	0	0
11.18	-0.03301713100897619	1.71618816306005	0.41033765812802	0	0.9399999999999999	0	0	0	0	0	0	0	0	0	0.03192732147510721	0.00556252582844157	0.174257246533444	0	8.594090485810074e-08	0	0	0	0	0	0	0	0	0	0	0	0	0	0	0	0	0	0	0	0
11.2	-0.06626174840139401	1.723458769315911	0.4531313974971946	0	0.9399999999999999	0	0	0	0	0	0	0	0	0	0.01698782923971607	-0.02712219387069536	0.1746727610535122	0	-1.135270420304981e-08	0	0	0	0	0	0	0	0	0	0	0	0	0	0	0	0	0	0	0	0
11.22	-0.09324794855339158	1.730687182557003	0.4889349626626531	0	0.9399999999999999	0	0	0	0	0	0	0	0	0	0.008025421541270708	-0.03797373711056046	0.1812492409200411	0	-8.49006741485081e-07	0	0	0	0	0	0	0	0	0	0	0	0	0	0	0	0	0	0	0	0
11.24	-0.1230969505041962	1.737151246775312	0.5274591118525559	0	0.9399999999999999	0	0	0	0	0	0	0	0	0	-0.002795828825512903	-0.04752028826359578	0.1887558061736599	0	2.712179728127358e-07	0	0	0	0	0	0	0	0	0	0	0	0	0	0	0	0	0	0	0	0
11.26	-0.1560495746201599	1.742203669225212	0.5692560193722138	0	0.9399999999999999	0	0	0	0	0	0	0	0	0	-0.009722285723666717	-0.04615230631887766	0.1980778084050933	0	-1.501721989154735e-07	0	0	0	0	0	0	0	0	0	0	0	0	0	0	0	0	0	0	0	0
11.28	-0.1916515245436079	1.745548961608048	0.6143566853804102	0	0.9399999999999999	0	0	0	0	0	0	0	0	0	-0.02652805162292963	-0.07235296626565055	0.1999721199481021	0	-2.539246239807518e-07	0	0	0	0	0	0	0	0	0	0	0	0	0	0	0	0	0	0	0	0
11.3	-0.1916515245436079	1.745548961608048	0.6143566853804102	0	0.9399999999999999	0	0	0	0	0	0	0	0	0	-0.02652805162292963	-0.07235296626565055	0.1999721199481021	0	-2.539246239807518e-07	0	0	0	0	0	0	0	0	0	0	0	0	0	0	0	0	0	0	0	0
11.32	-0.2642858681527959	1.749222848733445	0.7091272088769432	0	0.9399999999999999	0	0	0	0	0	0	0	0	0	-0.04210361554546171	-0.1142847999997239	0.2012121664153504	0	2.390643004677507e-07	0	0	0	0	0	0	0	0	0	0	0	0	0	0	0	0	0	0	0	0
11.34	-0.3070578602279341	1.749268241569466	0.7639072448420312	0	0.9399999999999999	0	0	0	0	0	0	0	0	0	-0.04691229000116377	-0.1422359693362747	0.1988026504026645	0	2.603967780849964e-07	0	0	0	0	0	0	0	0	0	0	0	0	0	0	0	0	0	0	0	0
11.36	-0.3579335366901508	1.749701748944608	0.8273573926115609	0	0.9399999999999999	0	0	0	0	0	0	0	0	0	-0.05360617991855064	-0.1739133518069242	0.1964163634515901	0	-7.099913379303287e-08	0	0	0	0	0	0	0	0	0	0	0	0	0	0	0	0	0	0	0	0
11.38	-0.3579335366901508	1.749701748944608	0.8273573926115609	0	0.9399999999999999	0	0	0	0	0	0	0	0	0	-0.05360617991855064	-0.1739133518069242	0.1964163634515901	0	-7.099913379303287e-08	0	0	0	0	0	0	0	0	0	0	0	0	0	0	0	0	0	0	0	0
11.4	-0.4099992855742701	1.751835737897415	0.8927466106095892	0	0.9399999999999999	0	0	0	0	0	0	0	0	0	-0.06743345518475244	-0.2040391392307008	0.1946152130921224	0	8.344282841641267e-08	0	0	0	0	0	0	0	0	0	0	0	0	0	0	0	0	0	0	0	0
11.42	-0.4573335917903339	1.755700587191076	0.9536524110486737	0	0.9399999999999999	0	0	0	0	0	0	0	0	0	-0.08621314560790609	-0.2294123095969065	0.1917864277989123	0	-9.179893551553602e-07	0	0	0	0	0	0	0	0	0	0	0	0	0	0	0	0	0	0	0	0
11.44	-0.5501801719050624	1.77197276881166	1.073911952870613	0	0.9399999999999999	0	0	0	0	0	0	0	0	0	-0.1515480622042552	-0.2624553576765485	0.1682220017211873	0	-1.613602888984536e-08	0	0	0	0	0	0	0	0	0	0	0	0	0	0	0	0	0	0	0	0
11.46	-0.550774304763702	1.771981275174753	1.074511618715936	0	0.9399999999999999	0	0	0	0	0	0	0	0	0	-0.1341622939336259	-0.2638006471362387	0.1569685438156963	0	-3.847267756669637e-07	0	0	0	0	0	0	0	0	0	0	0	0	0	0	0	0	0	0	0	0
11.48	-0.6275324727602357	1.79757734053663	1.180134826143939	0	0.9399999999999999	0	0	0	0	0	0	0	0	0	-0.1939635636792763	-0.2899051646019365	0.1091758284473158	0	-3.056208797713507e-08	0	0	0	0	0	0	0	0	0	0	0	0	0	0	0	0	0	0	0	0
11.5	-0.6686022124622362	1.810693055399772	1.235491849352013	0	0.9399999999999999	0	0	0	0	0	0	0	0	0	-0.2275548095564615	-0.3033603287178599	0.08495753309168477	0	1.670742343606063e-07	0	0	0	0	0	0	0	0	0	0	0	0	0	0	0	0	0	0	0	0
11.52	-0.7109212991247048	1.823405146971782	1.29163651977663	0	0.9399999999999999	0	0	0	0	0	0	0	0	0	-0.2620934159155052	-0.3188123802145222	0.06414854638736649	0	-1.972510328790363e-06	0	0	0	0	0	0	0	0	0	0	0	0	0	0	0	0	0	0	0	0
11.54	-0.751775076277911	1.835392789547455	1.345365756656427	0	0.9399999999999999	0	0	0	0	0	0	0	0	0	-0.2955548568584156	-0.3369385852131671	0.0499832003495784	0	-4.957741223136939e-07	0	0	0	0	0	0	0	0	0	0	0	0	0	0	0	0	0	0	0	0
11.56	-0.751775076277911	1.835392789547455	1.345365756656427	0	0.9399999999999999	0	0	0	0	0	0	0	0	0	-0.2955548568584156	-0.3369385852131671	0.0499832003495784	0	-4.957741223136939e-07	0	0	0	0	0	0	0	0	0	0	0	0	0	0	0	0	0	0	0	0
11.58	-0.791116429099977	1.845943594142283	1.396629672943743	0	0.9399999999999999	0	0	0	0	0	0	0	0	0	-0.3272205283980701	-0.3585974723605665	0.04156008326258119	0	-6.949399069649215e-08	0	0	0	0	0	0	0	0	0	0	0	0	0	0	0	0	0	0	0	0
11.6	-0.8615938652539932	1.862177255532264	1.488683433306547	0	0.9399999999999999	0	0	0	0	0	0	0	0	0	-0.3879177434421005	-0.4057725516729188	0.03069697483967772	0	-2.308036877984843e-07	0	0	0	0	0	0	0	0	0	0	0	0	0	0	0	0	0	0	0	0
11.62	-0.8923783130421118	1.869028033254516	1.529072331665181	0	0.9399999999999999	0	0	0	0	0	0	0	0	0	-0.422128021366315	-0.4256701078100074	0.02200537592583171	0	1.71801812800526e-07	0	0	0	0	0	0	0	0	0	0	0	0	0	0	0	0	0	0	0	0
11.64	-0.91974355176123	1.875262044154908	1.56496674511997	0	0.9399999999999999	0	0	0	0	0	0	0	0	0	-0.4599944825862893	-0.4394897974501252	0.009162580009195944	0	-2.990372080700965e-08	0	0	0	0	0	0	0	0	0	0	0	0	0	0	0	0	0	0	0	0
11.66	-0.91974355176123	1.875262044154908	1.56496674511997	0	0.9399999999999999	0	0	0	0	0	0	0	0	0	-0.4599944825862893	-0.4394897974501252	0.009162580009195944	0	-2.990372080700965e-08	0	0	0	0	0	0	0	0	0	0	0	0	0	0	0	0	0	0	0	0
11.68	-0.9543300446739807	1.872167766562022	1.61989586393457	0	0.9399999999999999	0	0	0	0	0	0	0	0	0	-0.52359878	-0.444185661563104	-0.0119031093371647	0	4.033117440842106e-06	0	0	0	0	0	0	0	0	0	0	0	0	0	0	0	0	0	0	0	0
11.7	-0.9567056337821923	1.849386213241352	1.63949992285297	0	0.9399999999999999	0	0	0	0	0	0	0	0	0	-0.52359878	-0.4354631385469885	-0.008666793002288968	0	2.028276946251504e-06	0	0	0	0	0	0	0	0	0	0	0	0	0	0	0	0	0	0	0	0
11.72	-0.962019036457662	1.825389001754107	1.661059625493439	0	0.9399999999999999	0	0	0	0	0	0	0	0	0	-0.52359878	-0.4224276830117411	-0.006732006073507644	0	-5.465319050885147e-07	0	0	0	0	0	0	0	0	0	0	0	0	0	0	0	0	0	0	0	0
11.74	-0.981787102350961	1.826235342638166	1.687463984604177	0	0.9399999999999999	0	0	0	0	0	0	0	0	0	-0.52359878	-0.4305502269788878	-0.003171013714028992	0	-1.71380153165523e-07	0	0	0	0	0	0	0	0	0	0	0	0	0	0	0	0	0	0	0	0
11.76	-0.9965857987594849	1.777250483587355	1.72290660861729	0	0.9399999999999999	0	0	0	0	0	0	0	0	0	-0.52359878	-0.389594592073954	-0.01041229908678406	0	5.391116628066572e-08	0	0	0	0	0	0	0	0	0	0	0	0	0	0	0	0	0	0	0	0
11.78	-1.027484048287852	1.753964869929447	1.763803256568851	0	0.9399999999999999	0	0	0	0	0	0	0	0	0	-0.52359878	-0.3693152689239589	-0.01563500110756915	0	-4.183448927284277e-07	0	0	0	0	0	0	0	0	0	0	0	0	0	0	0	0	0	0	0	0
11.8	-1.073078494844652	1.732569123493873	1.817117769163774	0	0.9399999999999999	0	0	0	0	0	0	0	0	0	-0.52359878	-0.3483140587731782	-0.02168344545574834	0	-4.862191223555745e-07	0	0	0	0	0	0	0	0	0	0	0	0	0	0	0	0	0	0	0	0
11.82	-1.130125080863092	1.714316334290758	1.880290622227792	0	0.9399999999999999	0	0	0	0	0	0	0	0	0	-0.52359878	-0.3272410234447852	-0.02826550894097804	0	-2.853482672173363e-08	0	0	0	0	0	0	0	0	0	0	0	0	0	0	0	0	0	0	0	0
11.84	-1.130125080863092	1.714316334290758	1.880290622227792	0	0.9399999999999999	0	0	0	0	0	0	0	0	0	-0.52359878	-0.3272410234447852	-0.02826550894097804	0	-2.853482672173363e-08	0	0	0	0	0	0	0	0	0	0	0	0	0	0	0	0	0	0	0	0
11.86	-1.239603590224655	1.6902136370329	1.998741040622197	0	0.9399999999999999	0	0	0	0	0	0	0	0	0	-0.52359878	-0.2858318046929621	-0.04452569269689702	0	4.332356129936097e-07	0	0	0	0	0	0	0	0	0	0	0	0	0	0	0	0	0	0	0	0
11.88	-1.239603590224655	1.6902136370329	1.998741040622197	0	0.9399999999999999	0	0	0	0	0	0	0	0	0	-0.52359878	-0.2858318046929621	-0.04452569269689702	0	4.332356129936097e-07	0	0	0	0	0	0	0	0	0	0	0	0	0	0	0	0	0	0	0	0
11.9	-1.309687857146851	1.678999626469561	2.072902655380152	0	0.9399999999999999	0	0	0	0	0	0	0	0	0	-0.52359878	-0.2569275891970695	-0.06444480572750995	0	1.696136889630577e-06	0	0	0	0	0	0	0	0	0	0	0	0	0	0	0	0	0	0	0	0
11.92	-1.309687857146851	1.678999626469561	2.072902655380152	0	0.9399999999999999	0	0	0	0	0	0	0	0	0	-0.52359878	-0.2569275891970695	-0.06444480572750995	0	1.696136889630577e-06	0	0	0	0	0	0	0	0	0	0	0	0	0	0	0	0	0	0	0	0
11.94	-1.309463513036291	1.678611216012692	2.07408167930007	0	0.9399999999999999	0	0	0	0	0	0	0	0	0	-0.52359878	-0.2483613244854007	-0.06951123274780815	0	1.226990211462981e-07	0	0	0	0	0	0	0	0	0	0	0	0	0	0	0	0	0	0	0	0
11.96	-1.307542419061098	1.682810585244676	2.075806431082078	0	0.9399999999999999	0	0	0	0	0	0	0	0	0	-0.52359878	-0.2477772189451956	-0.07164852994208441	0	9.708486435834387e-07	0	0	0	0	0	0	0	0	0	0	0	0	0	0	0	0	0	0	0	0
11.98	-1.284679305065148	1.689144940206223	2.051594954263418	0	0.9399999999999999	0	0	0	0	0	0	0	0	0	-0.52359878	-0.2481175246725265	-0.07589108319193429	0	1.462456891326897e-06	0	0	0	0	0	0	0	0	0	0	0	0	0	0	0	0	0	0	0	0
12	-1.247573884088629	1.699369294977314	2.015010661753746	0	0.9399999999999999	0	0	0	0	0	0	0	0	0	-0.52359878	-0.2546142613666961	-0.07624160975379761	0	-1.960389421223649e-06	0	0	0	0	0	0	0	0	0	0	0	0	0	0	0	0	0	0	0	0
12.02	-1.168239702151483	1.728817262535004	1.933482140247918	0	0.9399999999999999	0	0	0	0	0	0	0	0	0	-0.52359878	-0.2802431816344489	-0.07426913219061089	0	-6.198057197701745e-07	0	0	0	0	0	0	0	0	0	0	0	0	0	0	0	0	0	0	0	0
12.04	-1.168239702151483	1.728817262535004	1.933482140247918	0	0.9399999999999999	0	0	0	0	0	0	0	0	0	-0.52359878	-0.2802431816344489	-0.07426913219061089	0	-6.198057197701745e-07	0	0	0	0	0	0	0	0	0	0	0	0	0	0	0	0	0	0	0	0
12.06	-1.133587392276258	1.747253355307043	1.895028198687697	0	0.9399999999999999	0	0	0	0	0	0	0	0	0	-0.52359878	-0.2962115000358052	-0.07437597964730018	0	6.110932878612443e-07	0	0	0	0	0	0	0	0	0	0	0	0	0	0	0	0	0	0	0	0
12.08	-1.100946966762274	1.768516039079232	1.856222710141765	0	0.9399999999999999	0	0	0	0	0	0	0	0	0	-0.52359878	-0.3111376951913324	-0.07575654024820849	0	2.518552499898607e-06	0	0	0	0	0	0	0	0	0	0	0	0	0	0	0	0	0	0	0	0
12.1	-1.059524332509725	1.820842802905203	1.792494095961777	0	0.9399999999999999	0	0	0	0	0	0	0	0	0	-0.52359878	-0.3351009786094696	-0.08707713622546033	0	5.761969937885518e-07	0	0	0	0	0	0	0	0	0	0	0	0	0	0	0	0	0	0	0	0
12.12	-1.059524332509725	1.820842802905203	1.792494095961777	0	0.9399999999999999	0	0	0	0	0	0	0	0	0	-0.52359878	-0.3351009786094696	-0.08707713622546033	0	5.761969937885518e-07	0	0	0	0	0	0	0	0	0	0	0	0	0	0	0	0	0	0	0	0
12.14	-1.04703488704779	1.796806087426526	1.771830182559595	0	0.9399999999999999	0	0	0	0	0	0	0	0	0	-0.4443136794510336	-0.3378421770133303	-0.07430519929029769	0	1.415388274271538e-06	0	0	0	0	0	0	0	0	0	0	0	0	0	0	0	0	0	0	0	0
12.16	-1.038624228119523	1.781999644820623	1.758267616372479	0	0.9399999999999999	0	0	0	0	0	0	0	0	0	-0.3002895171505711	-0.3521664363915305	-0.03426777341166115	0	-2.87518763773854e-06	0	0	0	0	0	0	0	0	0	0	0	0	0	0	0	0	0	0	0	0
12.18	-1.029331942169192	1.766981821682254	1.742195898245781	0	0.9399999999999999	0	0	0	0	0	0	0	0	0	-0.2179348196450736	-0.3555640086056303	-0.01517636101469346	0	2.746557981506466e-07	0	0	0	0	0	0	0	0	0	0	0	0	0	0	0	0	0	0	0	0
12.2	-1.018673814258931	1.751759478978284	1.723171818942542	0	0.9399999999999999	0	0	0	0	0	0	0	0	0	-0.1342087784487629	-0.3594573689042821	0.005008994893118985	0	3.60912394674949e-07	0	0	0	0	0	0	0	0	0	0	0	0	0	0	0	0	0	0	0	0
12.22	-1.002241778590498	1.737535444601327	1.697625861551548	0	0.9399999999999999	0	0	0	0	0	0	0	0	0	-0.04831579300739747	-0.3625262329999003	0.02779066593999945	0	3.440649686974586e-07	0	0	0	0	0	0	0	0	0	0	0	0	0	0	0	0	0	0	0	0
12.24	-1.002241778590498	1.737535444601327	1.697625861551548	0	0.9399999999999999	0	0	0	0	0	0	0	0	0	-0.04831579300739747	-0.3625262329999003	0.02779066593999945	0	3.440649686974586e-07	0	0	0	0	0	0	0	0	0	0	0	0	0	0	0	0	0	0	0	0
12.26	-0.9820022565517055	1.725150478103825	1.667622924213184	0	0.9399999999999999	0	0	0	0	0	0	0	0	0	0.03515405583605181	-0.3668077812686761	0.05085914210070468	0	7.432155198060552e-07	0	0	0	0	0	0	0	0	0	0	0	0	0	0	0	0	0	0	0	0
12.28	-0.960582466208493	1.714976535177225	1.63631241767235	0	0.9399999999999999	0	0	0	0	0	0	0	0	0	0.1155133972616285	-0.3719799647371825	0.07473050414312947	0	1.839802535149078e-06	0	0	0	0	0	0	0	0	0	0	0	0	0	0	0	0	0	0	0	0
12.3	-0.9121657578056609	1.698996044336865	1.569382322754562	0	0.9399999999999999	0	0	0	0	0	0	0	0	0	0.1964022726286626	-0.3748603758858001	0.08981699921551033	0	7.026549915135899e-07	0	0	0	0	0	0	0	0	0	0	0	0	0	0	0	0	0	0	0	0
12.32	-0.8863923159642703	1.692062395391126	1.535084438306987	0	0.9399999999999999	0	0	0	0	0	0	0	0	0	0.3428140477802081	-0.3813399702671318	0.1551694554594689	0	3.609362294444549e-07	0	0	0	0	0	0	0	0	0	0	0	0	0	0	0	0	0	0	0	0
12.34	-0.8863923159642703	1.692062395391126	1.535084438306987	0	0.9399999999999999	0	0	0	0	0	0	0	0	0	0.3428140477802081	-0.3813399702671318	0.1551694554594689	0	3.609362294444549e-07	0	0	0	0	0	0	0	0	0	0	0	0	0	0	0	0	0	0	0	0
12.36	-0.8867285761402891	1.685462615719338	1.527652339851655	0	0.9399999999999999	0	0	0	0	0	0	0	0	0	0.4177946545078786	-0.3857237404962568	0.1869113325767337	0	-8.496003556743724e-06	0	0	0	0	0	0	0	0	0	0	0	0	0	0	0	0	0	0	0	0
12.38	-0.8285805213680953	1.679310801273868	1.462744955889616	0	0.9399999999999999	0	0	0	0	0	0	0	0	0	0.4912534742605928	-0.3834363683501786	0.2153580084566602	0	2.539237316530438e-06	0	0	0	0	0	0	0	0	0	0	0	0	0	0	0	0	0	0	0	0
12.4	-0.7924181667102532	1.674018639835625	1.420818528818768	0	0.9399999999999999	0	0	0	0	0	0	0	0	0	0.5631951535797812	-0.3814109716164146	0.2442967876102128	0	1.515382412703569e-06	0	0	0	0	0	0	0	0	0	0	0	0	0	0	0	0	0	0	0	0
12.42	-0.7557947190188221	1.669930904913067	1.379476879959596	0	0.9399999999999999	0	0	0	0	0	0	0	0	0	0.6316958951868604	-0.377125417225309	0.2723199132777986	0	2.326528213826285e-07	0	0	0	0	0	0	0	0	0	0	0	0	0	0	0	0	0	0	0	0
12.44	-0.6725152290048263	1.666623874242382	1.290414162748935	0	0.9399999999999999	0	0	0	0	0	0	0	0	0	0.7562492285578626	-0.3653928858998087	0.3259795340920549	0	5.086425304007918e-07	0	0	0	0	0	0	0	0	0	0	0	0	0	0	0	0	0	0	0	0
12.46	-0.6276583004528284	1.666175289498802	1.244132742925195	0	0.9399999999999999	0	0	0	0	0	0	0	0	0	0.8136197266475622	-0.3606966018118155	0.3527377643030236	0	-8.330184730154828e-07	0	0	0	0	0	0	0	0	0	0	0	0	0	0	0	0	0	0	0	0
12.48	-0.5776580053917145	1.665406240143315	1.193005084472821	0	0.9399999999999999	0	0	0	0	0	0	0	0	0	0.8681250795295121	-0.3571677719332259	0.3770785463731108	0	1.483873963609639e-06	0	0	0	0	0	0	0	0	0	0	0	0	0	0	0	0	0	0	0	0
12.5	-0.5776580053917145	1.665406240143315	1.193005084472821	0	0.9399999999999999	0	0	0	0	0	0	0	0	0	0.8681250795295121	-0.3571677719332259	0.3770785463731108	0	1.483873963609639e-06	0	0	0	0	0	0	0	0	0	0	0	0	0	0	0	0	0	0	0	0
12.52	-0.5249497187194214	1.664576649594943	1.138514449659972	0	0.9399999999999999	0	0	0	0	0	0	0	0	0	0.9184176499518791	-0.3549832838350341	0.396624004895285	0	-1.097563492849055e-06	0	0	0	0	0	0	0	0	0	0	0	0	0	0	0	0	0	0	0	0
12.54	-0.3936053298416136	1.666219773479712	1.002461625915085	0	0.9399999999999999	0	0	0	0	0	0	0	0	0	1.000848881615191	-0.3537332044034954	0.4200103138674076	0	-5.117772660769955e-07	0	0	0	0	0	0	0	0	0	0	0	0	0	0	0	0	0	0	0	0
12.56	-0.3936053298416136	1.666219773479712	1.002461625915085	0	0.9399999999999999	0	0	0	0	0	0	0	0	0	1.000848881615191	-0.3537332044034954	0.4200103138674076	0	-5.117772660769955e-07	0	0	0	0	0	0	0	0	0	0	0	0	0	0	0	0	0	0	0	0
12.58	-0.2759656704997924	1.668854284297079	0.8805269729179952	0	0.9399999999999999	0	0	0	0	0	0	0	0	0	1.060132479609264	-0.3557187704934162	0.431904956338969	0	-1.520896456912081e-06	0	0	0	0	0	0	0	0	0	0	0	0	0	0	0	0	0	0	0	0
12.6	-0.2146017984590065	1.666314193688133	0.816804671000581	0	0.9399999999999999	0	0	0	0	0	0	0	0	0	1.08827660204325	-0.3561009074011111	0.432484120418221	0	2.034532403023064e-06	0	0	0	0	0	0	0	0	0	0	0	0	0	0	0	0	0	0	0	0
12.62	-0.2146017984590065	1.666314193688133	0.816804671000581	0	0.9399999999999999	0	0	0	0	0	0	0	0	0	1.08827660204325	-0.3561009074011111	0.432484120418221	0	2.034532403023064e-06	0	0	0	0	0	0	0	0	0	0	0	0	0	0	0	0	0	0	0	0
12.64	-0.07948519701797373	1.655908945234083	0.6789459843600375	0	0.9399999999999999	0	0	0	0	0	0	0	0	0	1.141531130588011	-0.3512633812310136	0.4126957131047165	0	-1.510571872274478e-07	0	0	0	0	0	0	0	0	0	0	0	0	0	0	0	0	0	0	0	0
12.66	-0.07948519701797373	1.655908945234083	0.6789459843600375	0	0.9399999999999999	0	0	0	0	0	0	0	0	0	1.141531130588011	-0.3512633812310136	0.4126957131047165	0	-1.510571872274478e-07	0	0	0	0	0	0	0	0	0	0	0	0	0	0	0	0	0	0	0	0
12.68	0.0307922888771187	1.64939116497056	0.568793489706905	0	0.9399999999999999	0	0	0	0	0	0	0	0	0	1.166111665576963	-0.3462176150566331	0.3885456752024465	0	1.116210324378458e-06	0	0	0	0	0	0	0	0	0	0	0	0	0	0	0	0	0	0	0	0
12.7	0.1702856475294442	1.642870439441563	0.4299040849708975	0	0.9399999999999999	0	0	0	0	0	0	0	0	0	1.188876972986593	-0.3396138724080912	0.3571639691855522	0	2.255943124228701e-06	0	0	0	0	0	0	0	0	0	0	0	0	0	0	0	0	0	0	0	0
12.72	0.3417089465877861	1.637504603861105	0.2593774319488554	0	0.9399999999999999	0	0	0	0	0	0	0	0	0	1.209490748139369	-0.329854037724206	0.3197244745084257	0	-7.85246767696979e-07	0	0	0	0	0	0	0	0	0	0	0	0	0	0	0	0	0	0	0	0
12.74	0.7928345349034391	1.632798450854546	-0.1899158815183002	0	0.9399999999999999	0	0	0	0	0	0	0	0	0	1.247979423173249	-0.3094072846951304	0.2361190883505414	0	3.470109416612229e-07	0	0	0	0	0	0	0	0	0	0	0	0	0	0	0	0	0	0	0	0
12.76	0.7928345349034391	1.632798450854546	-0.1899158815183002	0	0.9399999999999999	0	0	0	0	0	0	0	0	0	1.247979423173249	-0.3094072846951304	0.2361190883505414	0	3.470109416612229e-07	0	0	0	0	0	0	0	0	0	0	0	0	0	0	0	0	0	0	0	0
12.78	1.244593092266538	1.640641841178681	-0.6425965171376504	0	0.9399999999999999	0	0	0	0	0	0	0	0	0	1.285455591214848	-0.2986875583829456	0.1699131203947456	0	3.264063142902332e-06	0	0	0	0	0	0	0	0	0	0	0	0	0	0	0	0	0	0	0	0
12.8	1.412252335976595	1.647967184467455	-0.8117010756410823	0	0.9399999999999999	0	0	0	0	0	0	0	0	0	1.301865799641226	-0.2945572785456551	0.156842525854253	0	3.96492072958909e-07	0	0	0	0	0	0	0	0	0	0	0	0	0	0	0	0	0	0	0	0
12.82	1.412252335976595	1.647967184467455	-0.8117010756410823	0	0.9399999999999999	0	0	0	0	0	0	0	0	0	1.301865799641226	-0.2945572785456551	0.156842525854253	0	3.96492072958909e-07	0	0	0	0	0	0	0	0	0	0	0	0	0	0	0	0	0	0	0	0
12.84	1.647540403139668	1.665763082667598	-1.05259387219192	0	0.9399999999999999	0	0	0	0	0	0	0	0	0	1.322615007215332	-0.2867322638215221	0.1559423173619239	0	2.73351424828003e-06	0	0	0	0	0	0	0	0	0	0	0	0	0	0	0	0	0	0	0	0
12.86	1.647537969679473	1.665763600727885	-1.052596228244857	0	0.9399999999999999	0	0	0	0	0	0	0	0	0	1.322614898081046	-0.2867394721227879	0.1559393969645635	0	2.523606271160624e-06	0	0	0	0	0	0	0	0	0	0	0	0	0	0	0	0	0	0	0	0
12.88	1.727980843642621	1.673982347380108	-1.137687747477524	0	0.9399999999999999	0	0	0	0	0	0	0	0	0	1.326534495935523	-0.2846154422373918	0.1672196519676473	0	4.928463489840301e-07	0	0	0	0	0	0	0	0	0	0	0	0	0	0	0	0	0	0	0	0
12.9	1.790137454624186	1.68158149798243	-1.205501421331023	0	0.9399999999999999	0	0	0	0	0	0	0	0	0	1.327097513766568	-0.2835859188338005	0.1862737156566253	0	-1.383055340518731e-07	0	0	0	0	0	0	0	0	0	0	0	0	0	0	0	0	0	0	0	0
12.92	1.841282927046517	1.688172181763911	-1.263185815355381	0	0.9399999999999999	0	0	0	0	0	0	0	0	0	1.324008412739964	-0.2836128260579051	0.2128563995813183	0	1.426154308646084e-07	0	0	0	0	0	0	0	0	0	0	0	0	0	0	0	0	0	0	0	0
12.94	1.930645471646583	1.697449976199986	-1.366961880240872	0	0.9399999999999999	0	0	0	0	0	0	0	0	0	1.304882956137811	-0.2851205793718428	0.2784657550537156	0	-2.058288005260977e-07	0	0	0	0	0	0	0	0	0	0	0	0	0	0	0	0	0	0	0	0
12.96	1.930645471646583	1.697449976199986	-1.366961880240872	0	0.9399999999999999	0	0	0	0	0	0	0	0	0	1.304882956137811	-0.2851205793718428	0.2784657550537156	0	-2.058288005260977e-07	0	0	0	0	0	0	0	0	0	0	0	0	0	0	0	0	0	0	0	0
12.98	1.96901915581845	1.700444576848609	-1.412726771300359	0	0.9399999999999999	0	0	0	0	0	0	0	0	0	1.288827843441267	-0.2851443632434543	0.3145427600945371	0	-1.518591402373353e-06	0	0	0	0	0	0	0	0	0	0	0	0	0	0	0	0	0	0	0	0
13	2.002192337704754	1.70234795855958	-1.453085159216249	0	0.9399999999999999	0	0	0	0	0	0	0	0	0	1.268240839195793	-0.28470857817603	0.3521502257698105	0	-4.424449069110731e-07	0	0	0	0	0	0	0	0	0	0	0	0	0	0	0	0	0	0	0	0
13.02	2.033196258936075	1.7027450820172	-1.491002944646454	0	0.9399999999999999	0	0	0	0	0	0	0	0	0	1.242813512713047	-0.2839503456377211	0.3907715132940226	0	2.866529552739189e-07	0	0	0	0	0	0	0	0	0	0	0	0	0	0	0	0	0	0	0	0
13.04	2.079786846539029	1.701118058704886	-1.550243257479788	0	0.9399999999999999	0	0	0	0	0	0	0	0	0	1.17872522831352	-0.2830823518260473	0.4647233419188591	0	3.907823114760143e-07	0	0	0	0	0	0	0	0	0	0	0	0	0	0	0	0	0	0	0	0
13.06	2.089492903043022	1.699215934167672	-1.565522158346619	0	0.9399999999999999	0	0	0	0	0	0	0	0	0	1.140365333944023	-0.2830591909376221	0.4961034570676835	0	-6.553541791067783e-09	0	0	0	0	0	0	0	0	0	0	0	0	0	0	0	0	0	0	0	0
13.08	2.089492903043022	1.699215934167672	-1.565522158346619	0	0.9399999999999999	0	0	0	0	0	0	0	0	0	1.140365333944023	-0.2830591909376221	0.4961034570676835	0	-6.553541791067783e-09	0	0	0	0	0	0	0	0	0	0	0	0	0	0	0	0	0	0	0	0
13.1	2.084203787662575	1.692053464922436	-1.57024225708083	0	0.9399999999999999	0	0	0	0	0	0	0	0	0	1.049023987765026	-0.2849653177106649	0.5350237021722408	0	7.520321279409788e-06	0	0	0	0	0	0	0	0	0	0	0	0	0	0	0	0	0	0	0	0
13.12	2.08422073186899	1.692056351222768	-1.570257124888505	0	0.9399999999999999	0	0	0	0	0	0	0	0	0	1.049023139583934	-0.2849643374375317	0.5350272526235965	0	7.354419832715218e-06	0	0	0	0	0	0	0	0	0	0	0	0	0	0	0	0	0	0	0	0
13.14	2.08270027006714	1.686074577585403	-1.573317093845215	0	0.9399999999999999	0	0	0	0	0	0	0	0	0	0.9960275201113586	-0.2870773526786046	0.5412808581470119	0	-2.943900837155081e-06	0	0	0	0	0	0	0	0	0	0	0	0	0	0	0	0	0	0	0	0
13.16	2.079678127964766	1.669898379519196	-1.579440993766843	0	0.9399999999999999	0	0	0	0	0	0	0	0	0	0.8795414219486043	-0.291105349744095	0.5308604427283299	0	1.935118955153211e-05	0	0	0	0	0	0	0	0	0	0	0	0	0	0	0	0	0	0	0	0
13.18	2.028514855209205	1.661437542499676	-1.533120281246514	0	0.9399999999999999	0	0	0	0	0	0	0	0	0	0.8177389822217104	-0.2894811805924247	0.5121884602642257	0	-3.037823753593396e-07	0	0	0	0	0	0	0	0	0	0	0	0	0	0	0	0	0	0	0	0
13.2	1.993439761686262	1.653421237056651	-1.50347203394804	0	0.9399999999999999	0	0	0	0	0	0	0	0	0	0.7547748613425453	-0.2889235872930201	0.4882551430869857	0	2.312924215597966e-08	0	0	0	0	0	0	0	0	0	0	0	0	0	0	0	0	0	0	0	0
13.22	1.993439761686262	1.653421237056651	-1.50347203394804	0	0.9399999999999999	0	0	0	0	0	0	0	0	0	0.7547748613425453	-0.2889235872930201	0.4882551430869857	0	2.312924215597966e-08	0	0	0	0	0	0	0	0	0	0	0	0	0	0	0	0	0	0	0	0
13.24	1.907541249042968	1.635782895052462	-1.429162601014697	0	0.9399999999999999	0	0	0	0	0	0	0	0	0	0.620118405978029	-0.2845510056288671	0.419639816061108	0	1.468863443304696e-06	0	0	0	0	0	0	0	0	0	0	0	0	0	0	0	0	0	0	0	0
13.26	1.905703441104611	1.625405890113127	-1.433326159184005	0	0.9399999999999999	0	0	0	0	0	0	0	0	0	0.550202854578006	-0.2837178381643994	0.3818151697948414	0	-4.177590504692681e-07	0	0	0	0	0	0	0	0	0	0	0	0	0	0	0	0	0	0	0	0
13.28	1.905668193565853	1.62541094985204	-1.433302004365496	0	0.9399999999999999	0	0	0	0	0	0	0	0	0	0.5502051172882643	-0.2837183045251598	0.3818083708740191	0	-3.54193145436043e-06	0	0	0	0	0	0	0	0	0	0	0	0	0	0	0	0	0	0	0	0
13.3	1.478292743223435	1.596572486882858	-1.020377173205859	0	0.9399999999999999	0	0	0	0	0	0	0	0	0	0.3955343586564912	-0.2743079435351489	0.3012137828209625	0	1.810292963063405e-07	0	0	0	0	0	0	0	0	0	0	0	0	0	0	0	0	0	0	0	0
13.32	1.478292743223435	1.596572486882858	-1.020377173205859	0	0.9399999999999999	0	0	0	0	0	0	0	0	0	0.3955343586564912	-0.2743079435351489	0.3012137828209625	0	1.810292963063405e-07	0	0	0	0	0	0	0	0	0	0	0	0	0	0	0	0	0	0	0	0
13.34	1.475174806068583	1.579749270720717	-1.023776799636764	0	0.9399999999999999	0	0	0	0	0	0	0	0	0	0.3203399871410249	-0.281448447705138	0.2704373539108966	0	1.569635312478041e-05	0	0	0	0	0	0	0	0	0	0	0	0	0	0	0	0	0	0	0	0
13.36	2.708890679249123	1.543990424435244	-2.263151337708882	0	0.9399999999999999	0	0	0	0	0	0	0	0	0	0.2283205201782065	-0.2683069030182414	0.2365754769160353	0	-2.565186753866531e-07	0	0	0	0	0	0	0	0	0	0	0	0	0	0	0	0	0	0	0	0
13.38	2.260027078457054	1.502612409164876	-1.822195626040211	0	0.9399999999999999	0	0	0	0	0	0	0	0	0	0.05177508576151446	-0.2621260025087849	0.1832252372300867	0	-1.73448596649671e-06	0	0	0	0	0	0	0	0	0	0	0	0	0	0	0	0	0	0	0	0
13.4	2.185176889576238	1.480083059373367	-1.749611554707609	0	0.9399999999999999	0	0	0	0	0	0	0	0	0	-0.03966991420699755	-0.2573894597819166	0.1580509825849633	0	-9.042532026663026e-08	0	0	0	0	0	0	0	0	0	0	0	0	0	0	0	0	0	0	0	0
13.42	2.141046306099788	1.457173744768639	-1.706484446072128	0	0.9399999999999999	0	0	0	0	0	0	0	0	0	-0.1326549860277698	-0.2505552734055387	0.1312965984963353	0	-2.793987734397235e-08	0	0	0	0	0	0	0	0	0	0	0	0	0	0	0	0	0	0	0	0
13.44	2.112384312625246	1.433836256406981	-1.67787044609761	0	0.9399999999999999	0	0	0	0	0	0	0	0	0	-0.2262042313858629	-0.2417511172843906	0.1031171915844022	0	-4.999381029399843e-08	0	0	0	0	0	0	0	0	0	0	0	0	0	0	0	0	0	0	0	0
13.46	2.112384312625246	1.433836256406981	-1.67787044609761	0	0.9399999999999999	0	0	0	0	0	0	0	0	0	-0.2262042313858629	-0.2417511172843906	0.1031171915844022	0	-4.999381029399843e-08	0	0	0	0	0	0	0	0	0	0	0	0	0	0	0	0	0	0	0	0
13.48	2.080925764233172	1.384687770492651	-1.643132759903112	0	0.9399999999999999	0	0	0	0	0	0	0	0	0	-0.4159614325103111	-0.2213534550811594	0.04594049162757234	0	8.550102568916303e-09	0	0	0	0	0	0	0	0	0	0	0	0	0	0	0	0	0	0	0	0
13.5	2.073231711494207	1.361298164212132	-1.632538342979239	0	0.9399999999999999	0	0	0	0	0	0	0	0	0	-0.5086739022450878	-0.2090306048977006	0.01809589930415717	0	5.777976780189397e-07	0	0	0	0	0	0	0	0	0	0	0	0	0	0	0	0	0	0	0	0
13.52	2.073231711494207	1.361298164212132	-1.632538342979239	0	0.9399999999999999	0	0	0	0	0	0	0	0	0	-0.5086739022450878	-0.2090306048977006	0.01809589930415717	0	5.777976780189397e-07	0	0	0	0	0	0	0	0	0	0	0	0	0	0	0	0	0	0	0	0
13.54	2.100698144781675	1.378578204553157	-1.64146915831336	0	0.9399999999999999	0	0	0	0	0	0	0	0	0	-0.52359878	-0.2004003741574938	0.01387295185297765	0	2.759123028020216e-06	0	0	0	0	0	0	0	0	0	0	0	0	0	0	0	0	0	0	0	0
13.56	2.144929923550364	1.421704272511479	-1.678801329408659	0	0.9399999999999999	0	0	0	0	0	0	0	0	0	-0.52359878	-0.1858494381021366	-0.0008798758797180699	0	3.230095621850164e-08	0	0	0	0	0	0	0	0	0	0	0	0	0	0	0	0	0	0	0	0
13.58	2.193370551738319	1.456059476075765	-1.716324075296363	0	0.9399999999999999	0	0	0	0	0	0	0	0	0	-0.52359878	-0.1745176202393644	-0.008818439717757769	0	1.59084599856117e-07	0	0	0	0	0	0	0	0	0	0	0	0	0	0	0	0	0	0	0	0
13.6	2.249328776007823	1.488719770727913	-1.762552730570262	0	0.9399999999999999	0	0	0	0	0	0	0	0	0	-0.52359878	-0.1653771515169542	-0.01621681640469357	0	3.902685318167318e-08	0	0	0	0	0	0	0	0	0	0	0	0	0	0	0	0	0	0	0	0
13.62	2.331704803641256	1.519321433692154	-1.835922387437344	0	0.9399999999999999	0	0	0	0	0	0	0	0	0	-0.52359878	-0.1589299108555084	-0.02147062948582371	0	-1.27841893798348e-06	0	0	0	0	0	0	0	0	0	0	0	0	0	0	0	0	0	0	0	0
13.64	2.336728051267036	1.548495539478223	-1.831697858532133	0	0.9399999999999999	0	0	0	0	0	0	0	0	0	-0.52359878	-0.159485200849775	-0.02751782534433884	0	-3.467493811964192e-08	0	0	0	0	0	0	0	0	0	0	0	0	0	0	0	0	0	0	0	0
13.66	2.157894486896786	1.597905977446392	-1.634842618134814	0	0.9399999999999999	0	0	0	0	0	0	0	0	0	-0.52359878	-0.1586416360842042	-0.03161735796799486	0	3.481219404023666e-07	0	0	0	0	0	0	0	0	0	0	0	0	0	0	0	0	0	0	0	0
13.68	2.160806048729459	1.589870979256394	-1.632872930262506	0	0.9399999999999999	0	0	0	0	0	0	0	0	0	-0.52359878	-0.1621694558880882	-0.02577003187085641	0	3.321294070179266e-07	0	0	0	0	0	0	0	0	0	0	0	0	0	0	0	0	0	0	0	0
13.7	2.262807379309466	1.619724180442434	-1.735112506741598	0	0.9399999999999999	0	0	0	0	0	0	0	0	0	-0.52359878	-0.1568300452814556	-0.03742818423981216	0	3.038468665321619e-07	0	0	0	0	0	0	0	0	0	0	0	0	0	0	0	0	0	0	0	0
13.72	2.263349945322723	1.639701130285529	-1.736088926722993	0	0.9399999999999999	0	0	0	0	0	0	0	0	0	-0.52359878	-0.1497098719782273	-0.04692723025951819	0	-7.834436103933827e-06	0	0	0	0	0	0	0	0	0	0	0	0	0	0	0	0	0	0	0	0
13.74	2.366669518794802	1.67275152197777	-1.850689021260485	0	0.9399999999999999	0	0	0	0	0	0	0	0	0	-0.52359878	-0.1334581486672588	-0.08039920744795274	0	-1.760631962974346e-06	0	0	0	0	0	0	0	0	0	0	0	0	0	0	0	0	0	0	0	0
13.76	2.366669518794802	1.67275152197777	-1.850689021260485	0	0.9399999999999999	0	0	0	0	0	0	0	0	0	-0.52359878	-0.1334581486672588	-0.08039920744795274	0	-1.760631962974346e-06	0	0	0	0	0	0	0	0	0	0	0	0	0	0	0	0	0	0	0	0
13.78	2.386633536885758	1.684459759209349	-1.881057438853668	0	0.9399999999999999	0	0	0	0	0	0	0	0	0	-0.52359878	-0.1212011023603672	-0.1004658177274235	0	6.625316962512509e-07	0	0	0	0	0	0	0	0	0	0	0	0	0	0	0	0	0	0	0	0
13.8	2.404259469824016	1.699351681315866	-1.923637582748099	0	0.9399999999999999	0	0	0	0	0	0	0	0	0	-0.52359878	-0.09627669860080261	-0.1413260780748171	0	-1.976273661030193e-06	0	0	0	0	0	0	0	0	0	0	0	0	0	0	0	0	0	0	0	0
13.82	2.404259469824016	1.699351681315866	-1.923637582748099	0	0.9399999999999999	0	0	0	0	0	0	0	0	0	-0.52359878	-0.09627669860080261	-0.1413260780748171	0	-1.976273661030193e-06	0	0	0	0	0	0	0	0	0	0	0	0	0	0	0	0	0	0	0	0
13.84	2.397608814298576	1.703313360703785	-1.930660624028474	0	0.9399999999999999	0	0	0	0	0	0	0	0	0	-0.52359878	-0.08420959450157262	-0.1601624154952446	0	-2.642711247979896e-06	0	0	0	0	0	0	0	0	0	0	0	0	0	0	0	0	0	0	0	0
13.86	2.385759114209906	1.702411011851734	-1.943622599193444	0	0.9399999999999999	0	0	0	0	0	0	0	0	0	-0.52359878	-0.06524010677210344	-0.190642397944854	0	-8.972327563091799e-06	0	0	0	0	0	0	0	0	0	0	0	0	0	0	0	0	0	0	0	0
13.88	2.374386847697449	1.695497476694794	-1.927856113091948	0	0.9399999999999999	0	0	0	0	0	0	0	0	0	-0.52359878	-0.08389872718153502	-0.2017883501426227	0	-1.713288186941108e-06	0	0	0	0	0	0	0	0	0	0	0	0	0	0	0	0	0	0	0	0
13.9	2.374386847697449	1.695497476694794	-1.927856113091948	0	0.9399999999999999	0	0	0	0	0	0	0	0	0	-0.52359878	-0.08389872718153502	-0.2017883501426227	0	-1.713288186941108e-06	0	0	0	0	0	0	0	0	0	0	0	0	0	0	0	0	0	0	0	0
13.92	2.373233704797911	1.687719392718339	-1.926346235330576	0	0.9399999999999999	0	0	0	0	0	0	0	0	0	-0.52359878	-0.09580773137116658	-0.2081913430653593	0	-6.433573692883896e-06	0	0	0	0	0	0	0	0	0	0	0	0	0	0	0	0	0	0	0	0
13.94	2.345938201673252	1.664194935302062	-1.891558492549667	0	0.9399999999999999	0	0	0	0	0	0	0	0	0	-0.52359878	-0.1297420133188804	-0.2102100777471095	0	-4.789201182015679e-06	0	0	0	0	0	0	0	0	0	0	0	0	0	0	0	0	0	0	0	0
13.96	2.348639567326781	1.646371817632349	-1.887717028918065	0	0.9399999999999999	0	0	0	0	0	0	0	0	0	-0.52359878	-0.1531488386277277	-0.2078127274307847	0	3.585954429494477e-06	0	0	0	0	0	0	0	0	0	0	0	0	0	0	0	0	0	0	0	0
13.98	2.351322318969746	1.626068989675934	-1.884033602214002	0	0.9399999999999999	0	0	0	0	0	0	0	0	0	-0.52359878	-0.178915009038919	-0.203108709355837	0	-5.225739292355695e-06	0	0	0	0	0	0	0	0	0	0	0	0	0	0	0	0	0	0	0	0
14	2.353124878525941	1.60196268690924	-1.881900513295685	0	0.9399999999999999	0	0	0	0	0	0	0	0	0	-0.52359878	-0.2034034761968062	-0.1954768986455434	0	-1.025209171153888e-06	0	0	0	0	0	0	0	0	0	0	0	0	0	0	0	0	0	0	0	0
14.02	2.352968200195436	1.574832091180786	-1.882019401537611	0	0.9399999999999999	0	0	0	0	0	0	0	0	0	-0.52359878	-0.2240748570747798	-0.1865780403315694	0	1.00752367737497e-06	0	0	0	0	0	0	0	0	0	0	0	0	0	0	0	0	0	0	0	0
14.04	2.352968200195436	1.574832091180786	-1.882019401537611	0	0.9399999999999999	0	0	0	0	0	0	0	0	0	-0.52359878	-0.2240748570747798	-0.1865780403315694	0	1.00752367737497e-06	0	0	0	0	0	0	0	0	0	0	0	0	0	0	0	0	0	0	0	0
14.06	2.121594114924838	1.515006630986656	-1.661511191640374	0	0.9399999999999999	0	0	0	0	0	0	0	0	0	-0.52359878	-0.2656469729273858	-0.1782573916921325	0	5.491630818000421e-07	0	0	0	0	0	0	0	0	0	0	0	0	0	0	0	0	0	0	0	0
14.08	2.121594114924838	1.515006630986656	-1.661511191640374	0	0.9399999999999999	0	0	0	0	0	0	0	0	0	-0.52359878	-0.2656469729273858	-0.1782573916921325	0	5.491630818000421e-07	0	0	0	0	0	0	0	0	0	0	0	0	0	0	0	0	0	0	0	0
14.1	2.109929575520912	1.447792981407186	-1.675471721991703	0	0.9399999999999999	0	0	0	0	0	0	0	0	0	-0.52359878	-0.3012288133100753	-0.1813691398926561	0	-2.557430913783608e-07	0	0	0	0	0	0	0	0	0	0	0	0	0	0	0	0	0	0	0	0
14.12	2.094749758394626	1.411589265957974	-1.677735194659534	0	0.9399999999999999	0	0	0	0	0	0	0	0	0	-0.52359878	-0.3167744785940625	-0.1870136071991313	0	1.438186498314522e-07	0	0	0	0	0	0	0	0	0	0	0	0	0	0	0	0	0	0	0	0
14.14	2.094749758394626	1.411589265957974	-1.677735194659534	0	0.9399999999999999	0	0	0	0	0	0	0	0	0	-0.52359878	-0.3167744785940625	-0.1870136071991313	0	1.438186498314522e-07	0	0	0	0	0	0	0	0	0	0	0	0	0	0	0	0	0	0	0	0
14.16	2.106966446184898	1.382021541280701	-1.720210970843755	0	0.9399999999999999	0	0	0	0	0	0	0	0	0	-0.52359878	-0.3212660867153889	-0.2035929526529124	0	5.4544174306985e-07	0	0	0	0	0	0	0	0	0	0	0	0	0	0	0	0	0	0	0	0
14.18	2.045438661264119	1.33512917675133	-1.671665092250488	0	0.9399999999999999	0	0	0	0	0	0	0	0	0	-0.52359878	-0.3458368584303144	-0.2053705473101269	0	1.260884638432681e-07	0	0	0	0	0	0	0	0	0	0	0	0	0	0	0	0	0	0	0	0
14.2	2.018946925650054	1.296293143456248	-1.671009175680314	0	0.9399999999999999	0	0	0	0	0	0	0	0	0	-0.52359878	-0.3590012698096532	-0.217631495461425	0	-7.429745993196882e-07	0	0	0	0	0	0	0	0	0	0	0	0	0	0	0	0	0	0	0	0
14.22	2.054504085105796	1.303321357657101	-1.730763741956185	0	0.9399999999999999	0	0	0	0	0	0	0	0	0	-0.372398639792452	-0.3782970573414338	-0.1875440060302516	0	-1.591431675201016e-06	0	0	0	0	0	0	0	0	0	0	0	0	0	0	0	0	0	0	0	0
14.24	2.09270900277937	1.318127199120656	-1.775881784649512	0	0.9399999999999999	0	0	0	0	0	0	0	0	0	-0.2721499860966477	-0.383912016725628	-0.1578364564607309	0	4.905787638226275e-07	0	0	0	0	0	0	0	0	0	0	0	0	0	0	0	0	0	0	0	0
14.26	2.09270900277937	1.318127199120656	-1.775881784649512	0	0.9399999999999999	0	0	0	0	0	0	0	0	0	-0.2721499860966477	-0.383912016725628	-0.1578364564607309	0	4.905787638226275e-07	0	0	0	0	0	0	0	0	0	0	0	0	0	0	0	0	0	0	0	0
14.28	2.134069497732062	1.330924385092015	-1.823743948237736	0	0.9399999999999999	0	0	0	0	0	0	0	0	0	-0.1730566649372633	-0.3874928687965408	-0.125803028503869	0	-2.814412266987113e-07	0	0	0	0	0	0	0	0	0	0	0	0	0	0	0	0	0	0	0	0
14.3	2.216240942056006	1.35313005610541	-1.918143379369821	0	0.9399999999999999	0	0	0	0	0	0	0	0	0	0.02174486779580589	-0.3858781071820414	-0.05641982892294817	0	-6.932013949874686e-07	0	0	0	0	0	0	0	0	0	0	0	0	0	0	0	0	0	0	0	0
14.32	2.262089934422332	1.364396186187665	-1.970024991024621	0	0.9399999999999999	0	0	0	0	0	0	0	0	0	0.1171844209658773	-0.3825974664870342	-0.02308506175167319	0	4.959223737010438e-07	0	0	0	0	0	0	0	0	0	0	0	0	0	0	0	0	0	0	0	0
14.34	2.262089934422332	1.364396186187665	-1.970024991024621	0	0.9399999999999999	0	0	0	0	0	0	0	0	0	0.1171844209658773	-0.3825974664870342	-0.02308506175167319	0	4.959223737010438e-07	0	0	0	0	0	0	0	0	0	0	0	0	0	0	0	0	0	0	0	0
14.36	2.313593565966706	1.375712998839269	-2.027431533726811	0	0.9399999999999999	0	0	0	0	0	0	0	0	0	0.211565778354865	-0.3802799482590888	0.009363020225031672	0	-1.148401968223457e-06	0	0	0	0	0	0	0	0	0	0	0	0	0	0	0	0	0	0	0	0
14.38	2.372642342368301	1.386877243430419	-2.09233397517378	0	0.9399999999999999	0	0	0	0	0	0	0	0	0	0.3051753570244493	-0.3792119250112425	0.04306956793039075	0	5.075264348333455e-07	0	0	0	0	0	0	0	0	0	0	0	0	0	0	0	0	0	0	0	0
14.4	2.524864076745692	1.408167033063727	-2.257640399178038	0	0.9399999999999999	0	0	0	0	0	0	0	0	0	0.4865422192550394	-0.3758199888524832	0.1045035720292305	0	1.481002721997711e-07	0	0	0	0	0	0	0	0	0	0	0	0	0	0	0	0	0	0	0	0
14.42	2.61879017820632	1.418290199817546	-2.358840205798894	0	0.9399999999999999	0	0	0	0	0	0	0	0	0	0.5718143370207798	-0.3720687579386467	0.126491657215283	0	1.058123093780712e-06	0	0	0	0	0	0	0	0	0	0	0	0	0	0	0	0	0	0	0	0
14.44	2.61879017820632	1.418290199817546	-2.358840205798894	0	0.9399999999999999	0	0	0	0	0	0	0	0	0	0.5718143370207798	-0.3720687579386467	0.126491657215283	0	1.058123093780712e-06	0	0	0	0	0	0	0	0	0	0	0	0	0	0	0	0	0	0	0	0
14.46	2.843201860038378	1.433789807391926	-2.600155494494906	0	0.9399999999999999	0	0	0	0	0	0	0	0	0	0.7278205397045641	-0.3668469268640419	0.153566966425215	0	-7.292899648324618e-09	0	0	0	0	0	0	0	0	0	0	0	0	0	0	0	0	0	0	0	0
14.48	2.95787983144265	1.437121924844485	-2.724747584538829	0	0.9399999999999999	0	0	0	0	0	0	0	0	0	0.78627194509623	-0.3551065616897685	0.1512896582505016	0	2.420784170058376e-06	0	0	0	0	0	0	0	0	0	0	0	0	0	0	0	0	0	0	0	0
14.5	3.070252047577839	1.438488260996983	-2.847601713006853	0	0.9399999999999999	0	0	0	0	0	0	0	0	0	0.8614025905391132	-0.3675387964884173	0.1710858628654996	0	1.421987250965731e-06	0	0	0	0	0	0	0	0	0	0	0	0	0	0	0	0	0	0	0	0
14.52	3.070252047577839	1.438488260996983	-2.847601713006853	0	0.9399999999999999	0	0	0	0	0	0	0	0	0	0.8614025905391132	-0.3675387964884173	0.1710858628654996	0	1.421987250965731e-06	0	0	0	0	0	0	0	0	0	0	0	0	0	0	0	0	0	0	0	0
14.54	3.30973317556633	1.439149539151378	-3.107911238627983	0	0.9399999999999999	0	0	0	0	0	0	0	0	0	0.9802371585709407	-0.3737706898361032	0.1719587796454014	0	5.229970987117746e-07	0	0	0	0	0	0	0	0	0	0	0	0	0	0	0	0	0	0	0	0
14.56	3.30973317556633	1.439149539151378	-3.107911238627983	0	0.9399999999999999	0	0	0	0	0	0	0	0	0	0.9802371585709407	-0.3737706898361032	0.1719587796454014	0	5.229970987117746e-07	0	0	0	0	0	0	0	0	0	0	0	0	0	0	0	0	0	0	0	0
14.58	3.582486469463806	1.436017293512879	-3.40150234631909	0	0.9399999999999999	0	0	0	0	0	0	0	0	0	1.08820934195889	-0.390312321287706	0.1608316254344351	0	-1.080851142164566e-07	0	0	0	0	0	0	0	0	0	0	0	0	0	0	0	0	0	0	0	0
14.6	3.582486469463806	1.436017293512879	-3.40150234631909	0	0.9399999999999999	0	0	0	0	0	0	0	0	0	1.08820934195889	-0.390312321287706	0.1608316254344351	0	-1.080851142164566e-07	0	0	0	0	0	0	0	0	0	0	0	0	0	0	0	0	0	0	0	0
14.62	3.825518295814548	1.427712653335152	-3.661845019775213	0	0.9399999999999999	0	0	0	0	0	0	0	0	0	1.153457194067173	-0.4099554819772834	0.1513618478129734	0	-1.191594690688486e-06	0	0	0	0	0	0	0	0	0	0	0	0	0	0	0	0	0	0	0	0
14.64	3.823861069994478	1.427721979304703	-3.660118177829753	0	0.9399999999999999	0	0	0	0	0	0	0	0	0	1.182305169948115	-0.4099538239563474	0.1408096189035519	0	2.132439282045206e-06	0	0	0	0	0	0	0	0	0	0	0	0	0	0	0	0	0	0	0	0
14.66	3.934633236904161	1.420943020313992	-3.776592493462155	0	0.9399999999999999	0	0	0	0	0	0	0	0	0	1.225418551380909	-0.4171157936478165	0.1267470150143515	0	-3.584977560140048e-07	0	0	0	0	0	0	0	0	0	0	0	0	0	0	0	0	0	0	0	0
14.68	4.112499960504479	1.402303115706707	-3.963249688008285	0	0.9399999999999999	0	0	0	0	0	0	0	0	0	1.304674583447599	-0.4227766804527001	0.1013258701033186	0	2.102371114406186e-08	0	0	0	0	0	0	0	0	0	0	0	0	0	0	0	0	0	0	0	0
14.7	4.185690304937609	1.390494889650695	-4.038506544361979	0	0.9399999999999999	0	0	0	0	0	0	0	0	0	1.342159951354241	-0.420811859932973	0.09238166051674859	0	6.844835014502853e-07	0	0	0	0	0	0	0	0	0	0	0	0	0	0	0	0	0	0	0	0
14.72	4.250234281306334	1.377606332570152	-4.104164808278058	0	0.9399999999999999	0	0	0	0	0	0	0	0	0	1.378036556834748	-0.4166662780900144	0.08722399188302883	0	4.011076153427896e-08	0	0	0	0	0	0	0	0	0	0	0	0	0	0	0	0	0	0	0	0
14.74	4.307163795015509	1.36476684942138	-4.161426163879646	0	0.9399999999999999	0	0	0	0	0	0	0	0	0	1.410804096444243	-0.4106294106753349	0.08713153940484931	0	5.948470320729619e-08	0	0	0	0	0	0	0	0	0	0	0	0	0	0	0	0	0	0	0	0
14.76	4.360845321578714	1.352098594991815	-4.214932407632547	0	0.9399999999999999	0	0	0	0	0	0	0	0	0	1.440818054769365	-0.4028831525620742	0.09427066373927841	0	-4.172782720558836e-07	0	0	0	0	0	0	0	0	0	0	0	0	0	0	0	0	0	0	0	0
14.78	4.409937790811742	1.340191495020051	-4.263439581232568	0	0.9399999999999999	0	0	0	0	0	0	0	0	0	1.466765074617893	-0.3934938233447216	0.1070693265410983	0	-1.202169513862202e-07	0	0	0	0	0	0	0	0	0	0	0	0	0	0	0	0	0	0	0	0
14.8	4.409937790811742	1.340191495020051	-4.263439581232568	0	0.9399999999999999	0	0	0	0	0	0	0	0	0	1.466765074617893	-0.3934938233447216	0.1070693265410983	0	-1.202169513862202e-07	0	0	0	0	0	0	0	0	0	0	0	0	0	0	0	0	0	0	0	0
14.82	4.499586485448645	1.319982543304405	-4.35060740960944	0	0.9399999999999999	0	0	0	0	0	0	0	0	0	1.502618469365326	-0.3837325249219934	0.1304532718892568	0	4.202462835614115e-07	0	0	0	0	0	0	0	0	0	0	0	0	0	0	0	0	0	0	0	0
14.84	4.49833064403394	1.32000931160272	-4.3493588472166	0	0.9399999999999999	0	0	0	0	0	0	0	0	0	1.502306904991936	-0.3729090792551664	0.1441484467233965	0	-4.900618235850535e-06	0	0	0	0	0	0	0	0	0	0	0	0	0	0	0	0	0	0	0	0
14.86	4.539572501437005	1.312332780089714	-4.388475746893772	0	0.9399999999999999	0	0	0	0	0	0	0	0	0	1.508829452448942	-0.3614193936296963	0.1705923705210733	0	8.940571168420215e-07	0	0	0	0	0	0	0	0	0	0	0	0	0	0	0	0	0	0	0	0
14.88	4.576975800678346	1.307289542199217	-4.423239389074083	0	0.9399999999999999	0	0	0	0	0	0	0	0	0	1.508684325329235	-0.3492293254098069	0.1990514738110519	0	-4.702487248382548e-07	0	0	0	0	0	0	0	0	0	0	0	0	0	0	0	0	0	0	0	0
14.9	4.640842610689226	1.302552945644258	-4.481148658851378	0	0.9399999999999999	0	0	0	0	0	0	0	0	0	1.487826471907506	-0.3237857851101964	0.2499400019085834	0	6.003030875345666e-08	0	0	0	0	0	0	0	0	0	0	0	0	0	0	0	0	0	0	0	0
14.92	4.662491834416161	1.301826808157404	-4.499565905765706	0	0.9399999999999999	0	0	0	0	0	0	0	0	0	1.474098008291166	-0.3265737917853063	0.2636926794420518	0	-3.435188733836754e-08	0	0	0	0	0	0	0	0	0	0	0	0	0	0	0	0	0	0	0	0
14.94	4.678104702185826	1.302090701627028	-4.511836832731265	0	0.9399999999999999	0	0	0	0	0	0	0	0	0	1.441474008126793	-0.2987013137564513	0.2836705197012086	0	-5.718357489921143e-08	0	0	0	0	0	0	0	0	0	0	0	0	0	0	0	0	0	0	0	0
14.96	4.678104702185826	1.302090701627028	-4.511836832731265	0	0.9399999999999999	0	0	0	0	0	0	0	0	0	1.441474008126793	-0.2987013137564513	0.2836705197012086	0	-5.718357489921143e-08	0	0	0	0	0	0	0	0	0	0	0	0	0	0	0	0	0	0	0	0
14.98	4.696746806199418	1.308330638856352	-4.522915126568827	0	0.9399999999999999	0	0	0	0	0	0	0	0	0	1.371100352628745	-0.2723484035990689	0.2973516139854337	0	8.892520898588205e-08	0	0	0	0	0	0	0	0	0	0	0	0	0	0	0	0	0	0	0	0
15	4.696746806199418	1.308330638856352	-4.522915126568827	0	0.9399999999999999	0	0	0	0	0	0	0	0	0	1.371100352628745	-0.2723484035990689	0.2973516139854337	0	8.892520898588205e-08	0	0	0	0	0	0	0	0	0	0	0	0	0	0	0	0	0	0	0	0
15.02	4.707806017390197	1.318992715569853	-4.524925213429472	0	0.9399999999999999	0	0	0	0	0	0	0	0	0	1.282018217183867	-0.2483645633700972	0.2963115504340733	0	1.657795952506404e-06	0	0	0	0	0	0	0	0	0	0	0	0	0	0	0	0	0	0	0	0
15.04	4.707796554304062	1.318990803717603	-4.524910507324434	0	0.9399999999999999	0	0	0	0	0	0	0	0	0	1.282017239741501	-0.2483622410062754	0.296309401601323	0	1.643407717410577e-06	0	0	0	0	0	0	0	0	0	0	0	0	0	0	0	0	0	0	0	0
15.06	4.706529711287812	1.327138546785151	-4.519210226148577	0	0.9399999999999999	0	0	0	0	0	0	0	0	0	1.229328542081947	-0.2375639731201481	0.2886245838471364	0	-1.206725889729274e-06	0	0	0	0	0	0	0	0	0	0	0	0	0	0	0	0	0	0	0	0
15.08	4.682838171387965	1.345865059037026	-4.487975165081076	0	0.9399999999999999	0	0	0	0	0	0	0	0	0	1.110352580971169	-0.2195035433712383	0.2639496749959869	0	3.887421939880676e-07	0	0	0	0	0	0	0	0	0	0	0	0	0	0	0	0	0	0	0	0
15.1	4.682838171387965	1.345865059037026	-4.487975165081076	0	0.9399999999999999	0	0	0	0	0	0	0	0	0	1.110352580971169	-0.2195035433712383	0.2639496749959869	0	3.887421939880676e-07	0	0	0	0	0	0	0	0	0	0	0	0	0	0	0	0	0	0	0	0
15.12	4.61915935082886	1.367905673796525	-4.420804718891595	0	0.9399999999999999	0	0	0	0	0	0	0	0	0	1.029336236721541	-0.2064882170238148	0.2421442726436176	0	7.064267815800168e-07	0	0	0	0	0	0	0	0	0	0	0	0	0	0	0	0	0	0	0	0
15.14	4.570950584164142	1.380211935559368	-4.373250681949229	0	0.9399999999999999	0	0	0	0	0	0	0	0	0	0.9102181487732041	-0.2003903329543496	0.2133532933108574	0	-5.832108790202423e-07	0	0	0	0	0	0	0	0	0	0	0	0	0	0	0	0	0	0	0	0
15.16	4.506777991246754	1.394432640673975	-4.311301450199608	0	0.9399999999999999	0	0	0	0	0	0	0	0	0	0.8064880968154101	-0.1787396294304856	0.1656776803695671	0	5.20345491262176e-08	0	0	0	0	0	0	0	0	0	0	0	0	0	0	0	0	0	0	0	0
15.18	4.421091239918442	1.410468311778792	-4.229241291730349	0	0.9399999999999999	0	0	0	0	0	0	0	0	0	0.7361785148411069	-0.1806940665060758	0.1543524941758782	0	1.755340732285971e-06	0	0	0	0	0	0	0	0	0	0	0	0	0	0	0	0	0	0	0	0
15.2	4.313322996746027	1.427135334120157	-4.12633253079176	0	0.9399999999999999	0	0	0	0	0	0	0	0	0	0.618591635275016	-0.1614388324264268	0.106380311533374	0	7.678673705785886e-07	0	0	0	0	0	0	0	0	0	0	0	0	0	0	0	0	0	0	0	0
15.22	4.181566895617665	1.442697742313026	-4.000314398634457	0	0.9399999999999999	0	0	0	0	0	0	0	0	0	0.54224854224639	-0.1676520458788537	0.09349011389892582	0	-4.23760696040348e-07	0	0	0	0	0	0	0	0	0	0	0	0	0	0	0	0	0	0	0	0
15.24	4.020700237616816	1.457231585899172	-3.845482289672873	0	0.9399999999999999	0	0	0	0	0	0	0	0	0	0.4109483189732923	-0.1431584371910802	0.04782055224376009	0	9.964453650184166e-08	0	0	0	0	0	0	0	0	0	0	0	0	0	0	0	0	0	0	0	0
15.26	4.020700237616816	1.457231585899172	-3.845482289672873	0	0.9399999999999999	0	0	0	0	0	0	0	0	0	0.4109483189732923	-0.1431584371910802	0.04782055224376009	0	9.964453650184166e-08	0	0	0	0	0	0	0	0	0	0	0	0	0	0	0	0	0	0	0	0
15.28	3.818408457047163	1.470621185025238	-3.649051852916897	0	0.9399999999999999	0	0	0	0	0	0	0	0	0	0.2998826783091088	-0.1312517473178317	0.02071735713097454	0	-5.026669485544807e-08	0	0	0	0	0	0	0	0	0	0	0	0	0	0	0	0	0	0	0	0
15.3	3.227043709735597	1.484748770468377	-3.067132470541796	0	0.9399999999999999	0	0	0	0	0	0	0	0	0	0.06422137907695784	-0.1096509529143871	-0.02631910008160502	0	1.033752043176101e-06	0	0	0	0	0	0	0	0	0	0	0	0	0	0	0	0	0	0	0	0
15.32	2.898477190543519	1.481166750839734	-2.741641536669211	0	0.9399999999999999	0	0	0	0	0	0	0	0	0	-0.05753120680542083	-0.103597592151321	-0.04483609426532704	0	-1.743377288985656e-06	0	0	0	0	0	0	0	0	0	0	0	0	0	0	0	0	0	0	0	0
15.34	2.898477190543519	1.481166750839734	-2.741641536669211	0	0.9399999999999999	0	0	0	0	0	0	0	0	0	-0.05753120680542083	-0.103597592151321	-0.04483609426532704	0	-1.743377288985656e-06	0	0	0	0	0	0	0	0	0	0	0	0	0	0	0	0	0	0	0	0
15.36	2.607584271807347	1.47105999770791	-2.452370553883854	0	0.9399999999999999	0	0	0	0	0	0	0	0	0	-0.1808671203282909	-0.1013373111770773	-0.06051127305051585	0	-5.858923921707289e-07	0	0	0	0	0	0	0	0	0	0	0	0	0	0	0	0	0	0	0	0
15.38	2.165690684740973	1.435436223047352	-2.006441738406531	0	0.9399999999999999	0	0	0	0	0	0	0	0	0	-0.4255679798770282	-0.1059483652041733	-0.08300113916268806	0	2.992903202427997e-07	0	0	0	0	0	0	0	0	0	0	0	0	0	0	0	0	0	0	0	0
15.4	2.165690684740973	1.435436223047352	-2.006441738406531	0	0.9399999999999999	0	0	0	0	0	0	0	0	0	-0.4255679798770282	-0.1059483652041733	-0.08300113916268806	0	2.992903202427997e-07	0	0	0	0	0	0	0	0	0	0	0	0	0	0	0	0	0	0	0	0
15.42	2.084576817391441	1.466423118723923	-1.907028154787333	0	0.9399999999999999	0	0	0	0	0	0	0	0	0	-0.52359878	-0.1141960180081817	-0.08593361054344562	0	-1.601624306496392e-06	0	0	0	0	0	0	0	0	0	0	0	0	0	0	0	0	0	0	0	0
15.44	2.09271481347643	1.506863003823054	-1.901264781405484	0	0.9399999999999999	0	0	0	0	0	0	0	0	0	-0.52359878	-0.1229667079508024	-0.08284832218489162	0	-1.495510547055318e-05	0	0	0	0	0	0	0	0	0	0	0	0	0	0	0	0	0	0	0	0
15.46	2.100325227054515	1.542834804997396	-1.895236224305654	0	0.9399999999999999	0	0	0	0	0	0	0	0	0	-0.52359878	-0.1297394222943802	-0.07980086518561941	0	-1.28794549678821e-05	0	0	0	0	0	0	0	0	0	0	0	0	0	0	0	0	0	0	0	0
15.48	2.100355504031498	1.542838960240571	-1.895260832649392	0	0.9399999999999999	0	0	0	0	0	0	0	0	0	-0.52359878	-0.1297423240611267	-0.07981016939522825	0	-9.382599144481418e-06	0	0	0	0	0	0	0	0	0	0	0	0	0	0	0	0	0	0	0	0
15.5	2.106550032487115	1.60920307500127	-1.886723297470638	0	0.9399999999999999	0	0	0	0	0	0	0	0	0	-0.52359878	-0.1282009405501067	-0.07165786205355934	0	6.094870371766851e-06	0	0	0	0	0	0	0	0	0	0	0	0	0	0	0	0	0	0	0	0
15.52	2.106516553730863	1.609208713946827	-1.886704890307105	0	0.9399999999999999	0	0	0	0	0	0	0	0	0	-0.52359878	-0.1281959797284672	-0.07166385246217237	0	5.966689675659005e-06	0	0	0	0	0	0	0	0	0	0	0	0	0	0	0	0	0	0	0	0
15.54	1.971074919288534	1.639133554396506	-1.752564862201434	0	0.9399999999999999	0	0	0	0	0	0	0	0	0	-0.52359878	-0.1135519501160195	-0.06396652887755491	0	2.071574752240117e-07	0	0	0	0	0	0	0	0	0	0	0	0	0	0	0	0	0	0	0	0
15.56	1.969786552147165	1.663981618336231	-1.756443382774075	0	0.9399999999999999	0	0	0	0	0	0	0	0	0	-0.52359878	-0.09975008509256045	-0.05864019783377866	0	-1.621429942805926e-05	0	0	0	0	0	0	0	0	0	0	0	0	0	0	0	0	0	0	0	0
15.58	2.02306910505005	1.68466421988668	-1.817046836728345	0	0.9399999999999999	0	0	0	0	0	0	0	0	0	-0.52359878	-0.08963234031074543	-0.06125649293747434	0	6.709209287123762e-08	0	0	0	0	0	0	0	0	0	0	0	0	0	0	0	0	0	0	0	0
15.6	2.053943727665345	1.707208148285372	-1.860995206492564	0	0.9399999999999999	0	0	0	0	0	0	0	0	0	-0.52359878	-0.07548288559744717	-0.06754260473163988	0	-2.603452625735962e-07	0	0	0	0	0	0	0	0	0	0	0	0	0	0	0	0	0	0	0	0
15.62	2.05261653766561	1.709714552409961	-1.862482692000308	0	0.9399999999999999	0	0	0	0	0	0	0	0	0	-0.52359878	-0.06923085491700605	-0.07549718233301617	0	9.435789460603734e-07	0	0	0	0	0	0	0	0	0	0	0	0	0	0	0	0	0	0	0	0
15.64	2.080782618170697	1.72332612400971	-1.904133502620356	0	0.9399999999999999	0	0	0	0	0	0	0	0	0	-0.52359878	-0.05275810738843645	-0.1000406890306449	0	7.165478793759695e-08	0	0	0	0	0	0	0	0	0	0	0	0	0	0	0	0	0	0	0	0
15.66	2.097241485452901	1.720981517364354	-1.921100784367399	0	0.9399999999999999	0	0	0	0	0	0	0	0	0	-0.52359878	-0.05333252796319003	-0.1013045276435158	0	-2.436443901008147e-07	0	0	0	0	0	0	0	0	0	0	0	0	0	0	0	0	0	0	0	0
15.68	2.082977883913113	1.725388171377693	-1.904905159276287	0	0.9399999999999999	0	0	0	0	0	0	0	0	0	-0.52359878	-0.05608080890544279	-0.1324186744242143	0	3.460231958874432e-06	0	0	0	0	0	0	0	0	0	0	0	0	0	0	0	0	0	0	0	0
15.7	2.077314162385836	1.719188010304463	-1.894277067222783	0	0.9399999999999999	0	0	0	0	0	0	0	0	0	-0.52359878	-0.06387119993314544	-0.1447627639891483	0	2.130596227565258e-06	0	0	0	0	0	0	0	0	0	0	0	0	0	0	0	0	0	0	0	0
15.72	2.064068006272578	1.709831941754663	-1.876489367298713	0	0.9399999999999999	0	0	0	0	0	0	0	0	0	-0.52359878	-0.0713064634555467	-0.1517594238426401	0	2.095539773035191e-07	0	0	0	0	0	0	0	0	0	0	0	0	0	0	0	0	0	0	0	0
15.74	2.027024694478812	1.709004260438004	-1.841742712522804	0	0.9399999999999999	0	0	0	0	0	0	0	0	0	-0.52359878	-0.06616130003475081	-0.1508318096838099	0	-6.602593458504665e-08	0	0	0	0	0	0	0	0	0	0	0	0	0	0	0	0	0	0	0	0
15.76	2.030344783776185	1.678248056230716	-1.8373944812339	0	0.9399999999999999	0	0	0	0	0	0	0	0	0	-0.52359878	-0.08490514130381738	-0.1519602716122689	0	3.503504995613499e-06	0	0	0	0	0	0	0	0	0	0	0	0	0	0	0	0	0	0	0	0
15.78	2.030747124103891	1.653881371971298	-1.837555398938352	0	0.9399999999999999	0	0	0	0	0	0	0	0	0	-0.52359878	-0.09183794986432013	-0.1508519086520096	0	-2.93166332430642e-07	0	0	0	0	0	0	0	0	0	0	0	0	0	0	0	0	0	0	0	0
15.8	2.030747124103891	1.653881371971298	-1.837555398938352	0	0.9399999999999999	0	0	0	0	0	0	0	0	0	-0.52359878	-0.09183794986432013	-0.1508519086520096	0	-2.93166332430642e-07	0	0	0	0	0	0	0	0	0	0	0	0	0	0	0	0	0	0	0	0
15.82	2.110261114561977	1.623420173418996	-1.919953618026017	0	0.9399999999999999	0	0	0	0	0	0	0	0	0	-0.52359878	-0.0995238441937	-0.1491860586299304	0	-4.297088937376228e-07	0	0	0	0	0	0	0	0	0	0	0	0	0	0	0	0	0	0	0	0
15.84	2.10722220885537	1.585521311980427	-1.924474865369264	0	0.9399999999999999	0	0	0	0	0	0	0	0	0	-0.52359878	-0.09784362406087233	-0.1424654479450169	0	9.768219933326351e-07	0	0	0	0	0	0	0	0	0	0	0	0	0	0	0	0	0	0	0	0
15.86	1.421117200225276	1.540952534892299	-1.247482059194999	0	0.9399999999999999	0	0	0	0	0	0	0	0	0	-0.52359878	-0.109587094941076	-0.1440178414373794	0	8.307733909452498e-07	0	0	0	0	0	0	0	0	0	0	0	0	0	0	0	0	0	0	0	0
15.88	1.66430322156513	1.497887341950981	-1.503114888825066	0	0.9399999999999999	0	0	0	0	0	0	0	0	0	-0.52359878	-0.1150534369457193	-0.144219170920762	0	9.680300586687802e-07	0	0	0	0	0	0	0	0	0	0	0	0	0	0	0	0	0	0	0	0
15.9	1.718750092210769	1.451413566953772	-1.571868363578342	0	0.9399999999999999	0	0	0	0	0	0	0	0	0	-0.52359878	-0.1223837380200579	-0.1456210690546786	0	-4.416743029997457e-06	0	0	0	0	0	0	0	0	0	0	0	0	0	0	0	0	0	0	0	0
15.92	1.735252934730553	1.353503415221321	-1.622745033859802	0	0.9399999999999999	0	0	0	0	0	0	0	0	0	-0.52359878	-0.1434586825869457	-0.1482897959829328	0	-1.048538178775066e-06	0	0	0	0	0	0	0	0	0	0	0	0	0	0	0	0	0	0	0	0
15.94	1.735252934730553	1.353503415221321	-1.622745033859802	0	0.9399999999999999	0	0	0	0	0	0	0	0	0	-0.52359878	-0.1434586825869457	-0.1482897959829328	0	-1.048538178775066e-06	0	0	0	0	0	0	0	0	0	0	0	0	0	0	0	0	0	0	0	0
15.96	1.757441592077761	1.356958624229721	-1.65672198663907	0	0.9399999999999999	0	0	0	0	0	0	0	0	0	-0.4416555887276859	-0.1602323877526603	-0.1401784711101035	0	1.540872280329288e-06	0	0	0	0	0	0	0	0	0	0	0	0	0	0	0	0	0	0	0	0
15.98	1.800389178771052	1.38204793180624	-1.707686075150073	0	0.9399999999999999	0	0	0	0	0	0	0	0	0	-0.3251551634136653	-0.1802051250228445	-0.1274732567438686	0	8.518148301677242e-08	0	0	0	0	0	0	0	0	0	0	0	0	0	0	0	0	0	0	0	0
16	1.855389949855164	1.405410029174035	-1.768998067060884	0	0.9399999999999999	0	0	0	0	0	0	0	0	0	-0.2105031326107079	-0.2018896454545031	-0.1131436043178245	0	1.223741487315793e-06	0	0	0	0	0	0	0	0	0	0	0	0	0	0	0	0	0	0	0	0
16.02	1.918239966506895	1.425580785926896	-1.836539121655194	0	0.9399999999999999	0	0	0	0	0	0	0	0	0	-0.09923632389798079	-0.2232544598260218	-0.09578146702699283	0	3.445382699854769e-06	0	0	0	0	0	0	0	0	0	0	0	0	0	0	0	0	0	0	0	0
16.04	2.077321268718094	1.457607905168199	-2.000098361699168	0	0.9399999999999999	0	0	0	0	0	0	0	0	0	0.1134164435296423	-0.261806617066572	-0.05307630460006682	0	-1.198790133320089e-06	0	0	0	0	0	0	0	0	0	0	0	0	0	0	0	0	0	0	0	0
16.06	2.077321268718094	1.457607905168199	-2.000098361699168	0	0.9399999999999999	0	0	0	0	0	0	0	0	0	0.1134164435296423	-0.261806617066572	-0.05307630460006682	0	-1.198790133320089e-06	0	0	0	0	0	0	0	0	0	0	0	0	0	0	0	0	0	0	0	0
16.08	2.29955483440682	1.481331635599496	-2.221561351705904	0	0.9399999999999999	0	0	0	0	0	0	0	0	0	0.3135346246833917	-0.293222696802138	-0.006998363287009503	0	-8.617328596788406e-07	0	0	0	0	0	0	0	0	0	0	0	0	0	0	0	0	0	0	0	0
16.1	2.29955483440682	1.481331635599496	-2.221561351705904	0	0.9399999999999999	0	0	0	0	0	0	0	0	0	0.3135346246833917	-0.293222696802138	-0.006998363287009503	0	-8.617328596788406e-07	0	0	0	0	0	0	0	0	0	0	0	0	0	0	0	0	0	0	0	0
16.12	2.448749694910103	1.49115280680777	-2.369987619265142	0	0.9399999999999999	0	0	0	0	0	0	0	0	0	0.4100631467638099	-0.3051907899013173	0.01353308510650954	0	6.807137603453354e-07	0	0	0	0	0	0	0	0	0	0	0	0	0	0	0	0	0	0	0	0
16.14	2.686734360223899	1.498843571841385	-2.607670483537238	0	0.9399999999999999	0	0	0	0	0	0	0	0	0	0.506834697110267	-0.315940203637788	0.03107326602023516	0	-8.557839631152667e-07	0	0	0	0	0	0	0	0	0	0	0	0	0	0	0	0	0	0	0	0
16.16	2.96365688889282	1.499898624310409	-2.884830167095431	0	0.9399999999999999	0	0	0	0	0	0	0	0	0	0.599188614384887	-0.3245839417497141	0.04810276556674697	0	-2.844221142100975e-06	0	0	0	0	0	0	0	0	0	0	0	0	0	0	0	0	0	0	0	0
16.18	3.417682794634983	1.484555961217161	-3.340685871157501	0	0.9399999999999999	0	0	0	0	0	0	0	0	0	0.7664767489730725	-0.337741400689069	0.07748163132525472	0	-8.518791512034638e-07	0	0	0	0	0	0	0	0	0	0	0	0	0	0	0	0	0	0	0	0
16.2	3.417682794634983	1.484555961217161	-3.340685871157501	0	0.9399999999999999	0	0	0	0	0	0	0	0	0	0.7664767489730725	-0.337741400689069	0.07748163132525472	0	-8.518791512034638e-07	0	0	0	0	0	0	0	0	0	0	0	0	0	0	0	0	0	0	0	0
16.22	3.552692444074838	1.47135909712523	-3.477220212908286	0	0.9399999999999999	0	0	0	0	0	0	0	0	0	0.8386960585994471	-0.3418131469856135	0.08831664505665034	0	2.014599701516434e-06	0	0	0	0	0	0	0	0	0	0	0	0	0	0	0	0	0	0	0	0
16.24	3.739179464605714	1.44518254312583	-3.667441581058729	0	0.9399999999999999	0	0	0	0	0	0	0	0	0	0.9156695031371859	-0.3442510411002802	0.08630037055626921	0	1.503210251184314e-06	0	0	0	0	0	0	0	0	0	0	0	0	0	0	0	0	0	0	0	0
16.26	3.735928132544236	1.445087388528432	-3.664183457431318	0	0.9399999999999999	0	0	0	0	0	0	0	0	0	0.9632543878101091	-0.3498339683714043	0.09748787352954766	0	4.811506432422628e-06	0	0	0	0	0	0	0	0	0	0	0	0	0	0	0	0	0	0	0	0
16.28	3.83654788227072	1.431775498676644	-3.766192250837268	0	0.9399999999999999	0	0	0	0	0	0	0	0	0	1.024210971221467	-0.3514244327540472	0.09922733818945631	0	1.613711351493613e-06	0	0	0	0	0	0	0	0	0	0	0	0	0	0	0	0	0	0	0	0
16.3	3.939992177760254	1.417403074455146	-3.871438698312428	0	0.9399999999999999	0	0	0	0	0	0	0	0	0	1.083918296147094	-0.3509218102038093	0.09007849560289428	0	-1.436227662592778e-07	0	0	0	0	0	0	0	0	0	0	0	0	0	0	0	0	0	0	0	0
16.32	4.112937177097389	1.388409592221094	-4.049910035444491	0	0.9399999999999999	0	0	0	0	0	0	0	0	0	1.186048405313529	-0.3558683423257032	0.03480321384303821	0	-3.081172012329608e-07	0	0	0	0	0	0	0	0	0	0	0	0	0	0	0	0	0	0	0	0
16.34	4.168921062819549	1.375118148885794	-4.108817878624693	0	0.9399999999999999	0	0	0	0	0	0	0	0	0	1.224564010422671	-0.3627937113044569	-0.008278705168821971	0	-1.024224090480187e-07	0	0	0	0	0	0	0	0	0	0	0	0	0	0	0	0	0	0	0	0
16.36	4.168921062819549	1.375118148885794	-4.108817878624693	0	0.9399999999999999	0	0	0	0	0	0	0	0	0	1.224564010422671	-0.3627937113044569	-0.008278705168821971	0	-1.024224090480187e-07	0	0	0	0	0	0	0	0	0	0	0	0	0	0	0	0	0	0	0	0
16.38	4.255422682318279	1.350932477612979	-4.197825246871606	0	0.9399999999999999	0	0	0	0	0	0	0	0	0	1.288102615628545	-0.3763977722826944	-0.100882595323047	0	9.441047416228938e-07	0	0	0	0	0	0	0	0	0	0	0	0	0	0	0	0	0	0	0	0
16.4	4.296660174515451	1.33823509130303	-4.236884249560033	0	0.9399999999999999	0	0	0	0	0	0	0	0	0	1.317711340650529	-0.3724538479418859	-0.1214919670803333	0	-1.396279929387046e-07	0	0	0	0	0	0	0	0	0	0	0	0	0	0	0	0	0	0	0	0
16.42	4.298351363204403	1.338124479605992	-4.238523786802786	0	0.9399999999999999	0	0	0	0	0	0	0	0	0	1.317758953489784	-0.3825459367901428	-0.1432762608525998	0	-1.355754582632321e-05	0	0	0	0	0	0	0	0	0	0	0	0	0	0	0	0	0	0	0	0
16.44	4.339524960010813	1.323052877078559	-4.275315211907286	0	0.9399999999999999	0	0	0	0	0	0	0	0	0	1.346530341525522	-0.3870644608454568	-0.1793817684293666	0	6.849256629347552e-08	0	0	0	0	0	0	0	0	0	0	0	0	0	0	0	0	0	0	0	0
16.46	4.380909686932492	1.305645751171184	-4.310377563144631	0	0.9399999999999999	0	0	0	0	0	0	0	0	0	1.37572091975242	-0.3898179049861412	-0.2038732199570359	0	-1.436934769872595e-08	0	0	0	0	0	0	0	0	0	0	0	0	0	0	0	0	0	0	0	0
16.48	4.442575116780425	1.272812684187892	-4.353753394629039	0	0.9399999999999999	0	0	0	0	0	0	0	0	0	1.425823798323536	-0.3870311974048941	-0.2123883258716104	0	9.39394599215593e-08	0	0	0	0	0	0	0	0	0	0	0	0	0	0	0	0	0	0	0	0
16.5	4.442575116780425	1.272812684187892	-4.353753394629039	0	0.9399999999999999	0	0	0	0	0	0	0	0	0	1.425823798323536	-0.3870311974048941	-0.2123883258716104	0	9.39394599215593e-08	0	0	0	0	0	0	0	0	0	0	0	0	0	0	0	0	0	0	0	0
16.52	4.474732604316854	1.255103824339507	-4.361474821982063	0	0.9399999999999999	0	0	0	0	0	0	0	0	0	1.449009129046123	-0.3715462706107891	-0.1765242701639856	0	7.646165422334719e-08	0	0	0	0	0	0	0	0	0	0	0	0	0	0	0	0	0	0	0	0
16.54	4.489164213603834	1.251171195468303	-4.362851303510096	0	0.9399999999999999	0	0	0	0	0	0	0	0	0	1.455901472951016	-0.359640355382217	-0.171899426475187	0	5.43112932545524e-09	0	0	0	0	0	0	0	0	0	0	0	0	0	0	0	0	0	0	0	0
16.56	4.503916336165439	1.249022614573155	-4.364788216658729	0	0.9399999999999999	0	0	0	0	0	0	0	0	0	1.43914119333406	-0.3439843598193372	-0.1194747727373525	0	-4.237956027672264e-07	0	0	0	0	0	0	0	0	0	0	0	0	0	0	0	0	0	0	0	0
16.58	4.519074919145114	1.248128072224755	-4.367666919568863	0	0.9399999999999999	0	0	0	0	0	0	0	0	0	1.422058239206688	-0.3260148234941601	-0.093355983972818	0	1.957815360376835e-07	0	0	0	0	0	0	0	0	0	0	0	0	0	0	0	0	0	0	0	0
16.6	4.534879261105856	1.248753481887692	-4.372122955868907	0	0.9399999999999999	0	0	0	0	0	0	0	0	0	1.425276453318194	-0.316312465127923	-0.08660038254855207	0	-5.357800886445626e-08	0	0	0	0	0	0	0	0	0	0	0	0	0	0	0	0	0	0	0	0
16.62	4.535299842282416	1.248756505491507	-4.372550119000435	0	0.9399999999999999	0	0	0	0	0	0	0	0	0	1.398689511172266	-0.3075401528321283	-0.06999320548863963	0	-1.604339426348151e-07	0	0	0	0	0	0	0	0	0	0	0	0	0	0	0	0	0	0	0	0
16.64	4.566393600006678	1.255135937889325	-4.385119045447117	0	0.9399999999999999	0	0	0	0	0	0	0	0	0	1.333645551811941	-0.2662128432625905	-0.04687341837279007	0	-4.373602664764013e-07	0	0	0	0	0	0	0	0	0	0	0	0	0	0	0	0	0	0	0	0
16.66	4.566393600006678	1.255135937889325	-4.385119045447117	0	0.9399999999999999	0	0	0	0	0	0	0	0	0	1.333645551811941	-0.2662128432625905	-0.04687341837279007	0	-4.373602664764013e-07	0	0	0	0	0	0	0	0	0	0	0	0	0	0	0	0	0	0	0	0
16.68	4.574775029151223	1.261545625084682	-4.386304892165243	0	0.9399999999999999	0	0	0	0	0	0	0	0	0	1.290065823493304	-0.243063254966032	-0.04719654466862301	0	4.451529033397504e-06	0	0	0	0	0	0	0	0	0	0	0	0	0	0	0	0	0	0	0	0
16.7	4.554939187288844	1.281125915929285	-4.356514416086416	0	0.9399999999999999	0	0	0	0	0	0	0	0	0	1.176735429043532	-0.1979690574681607	-0.06791541144667819	0	-1.076870240809467e-06	0	0	0	0	0	0	0	0	0	0	0	0	0	0	0	0	0	0	0	0
16.72	4.554939187288844	1.281125915929285	-4.356514416086416	0	0.9399999999999999	0	0	0	0	0	0	0	0	0	1.176735429043532	-0.1979690574681607	-0.06791541144667819	0	-1.076870240809467e-06	0	0	0	0	0	0	0	0	0	0	0	0	0	0	0	0	0	0	0	0
16.74	4.526168361014826	1.29320243238806	-4.324880700625696	0	0.9399999999999999	0	0	0	0	0	0	0	0	0	1.107747428231004	-0.17549224872783	-0.08371800170206292	0	3.403371350723685e-07	0	0	0	0	0	0	0	0	0	0	0	0	0	0	0	0	0	0	0	0
16.76	4.428664874146633	1.321096891930626	-4.225005865039877	0	0.9399999999999999	0	0	0	0	0	0	0	0	0	0.9450736359121888	-0.1306982630543437	-0.1167710051658908	0	1.995963218110069e-06	0	0	0	0	0	0	0	0	0	0	0	0	0	0	0	0	0	0	0	0
16.78	4.428664874146633	1.321096891930626	-4.225005865039877	0	0.9399999999999999	0	0	0	0	0	0	0	0	0	0.9450736359121888	-0.1306982630543437	-0.1167710051658908	0	1.995963218110069e-06	0	0	0	0	0	0	0	0	0	0	0	0	0	0	0	0	0	0	0	0
16.8	4.293092984533809	1.358380115777317	-4.090305391977249	0	0.9399999999999999	0	0	0	0	0	0	0	0	0	0.7485417276899957	-0.08643103611335376	-0.1316273154331378	0	6.777198650660451e-08	0	0	0	0	0	0	0	0	0	0	0	0	0	0	0	0	0	0	0	0
16.82	4.204488532296925	1.381005951519316	-4.001654291071381	0	0.9399999999999999	0	0	0	0	0	0	0	0	0	0.6362147441325008	-0.06659042979739384	-0.1273793305631582	0	8.970118764480461e-08	0	0	0	0	0	0	0	0	0	0	0	0	0	0	0	0	0	0	0	0
16.84	4.094790753046711	1.405262902642135	-3.891554763457177	0	0.9399999999999999	0	0	0	0	0	0	0	0	0	0.5153849525760161	-0.05081777237540933	-0.1159203220899977	0	8.476690910809553e-08	0	0	0	0	0	0	0	0	0	0	0	0	0	0	0	0	0	0	0	0
16.86	4.094790753046711	1.405262902642135	-3.891554763457177	0	0.9399999999999999	0	0	0	0	0	0	0	0	0	0.5153849525760161	-0.05081777237540933	-0.1159203220899977	0	8.476690910809553e-08	0	0	0	0	0	0	0	0	0	0	0	0	0	0	0	0	0	0	0	0
16.88	3.735391435820907	1.454607574322767	-3.529517280722653	0	0.9399999999999999	0	0	0	0	0	0	0	0	0	0.3515987440257055	-0.04623913593373029	-0.09498247942752831	0	-5.684012796873037e-07	0	0	0	0	0	0	0	0	0	0	0	0	0	0	0	0	0	0	0	0
16.9	3.421932555759334	1.472250105615831	-3.212667727227917	0	0.9399999999999999	0	0	0	0	0	0	0	0	0	0.1105196180211831	-0.02783218443393864	-0.07082290147235562	0	-7.451618795601706e-07	0	0	0	0	0	0	0	0	0	0	0	0	0	0	0	0	0	0	0	0
16.92	3.421932555759334	1.472250105615831	-3.212667727227917	0	0.9399999999999999	0	0	0	0	0	0	0	0	0	0.1105196180211831	-0.02783218443393864	-0.07082290147235562	0	-7.451618795601706e-07	0	0	0	0	0	0	0	0	0	0	0	0	0	0	0	0	0	0	0	0
16.94	2.630208750919733	1.465743916610035	-2.406514897862754	0	0.9399999999999999	0	0	0	0	0	0	0	0	0	-0.1699702937525221	-0.0226610936481522	-0.05124728939280639	0	-2.642097167338507e-06	0	0	0	0	0	0	0	0	0	0	0	0	0	0	0	0	0	0	0	0
16.96	2.368162583965955	1.44464790853434	-2.134358108920064	0	0.9399999999999999	0	0	0	0	0	0	0	0	0	-0.2993486470975055	-0.02432570633409794	-0.0415122976886942	0	-2.398604388269209e-07	0	0	0	0	0	0	0	0	0	0	0	0	0	0	0	0	0	0	0	0
16.98	2.18950411342414	1.419260914105703	-1.943799427007543	0	0.9399999999999999	0	0	0	0	0	0	0	0	0	-0.4210896149993569	-0.02901156186774027	-0.03147718620591775	0	-2.758340883073069e-07	0	0	0	0	0	0	0	0	0	0	0	0	0	0	0	0	0	0	0	0
17	2.18950411342414	1.419260914105703	-1.943799427007543	0	0.9399999999999999	0	0	0	0	0	0	0	0	0	-0.4210896149993569	-0.02901156186774027	-0.03147718620591775	0	-2.758340883073069e-07	0	0	0	0	0	0	0	0	0	0	0	0	0	0	0	0	0	0	0	0
17.02	2.068073554535168	1.439257980853402	-1.786265637822397	0	0.9399999999999999	0	0	0	0	0	0	0	0	0	-0.52359878	-0.0504456494367833	0.006234812750957986	0	-1.538704560284987e-06	0	0	0	0	0	0	0	0	0	0	0	0	0	0	0	0	0	0	0	0
17.04	2.040812803418912	1.475826349604282	-1.737089795679275	0	0.9399999999999999	0	0	0	0	0	0	0	0	0	-0.52359878	-0.06543812927838512	0.03416546242952754	0	1.359571997276846e-06	0	0	0	0	0	0	0	0	0	0	0	0	0	0	0	0	0	0	0	0
17.06	1.970098745736416	1.510649184375511	-1.647104137608017	0	0.9399999999999999	0	0	0	0	0	0	0	0	0	-0.52359878	-0.07828886579342789	0.06239624996444858	0	1.272455165281968e-07	0	0	0	0	0	0	0	0	0	0	0	0	0	0	0	0	0	0	0	0
17.08	1.970098745736416	1.510649184375511	-1.647104137608017	0	0.9399999999999999	0	0	0	0	0	0	0	0	0	-0.52359878	-0.07828886579342789	0.06239624996444858	0	1.272455165281968e-07	0	0	0	0	0	0	0	0	0	0	0	0	0	0	0	0	0	0	0	0
17.1	1.733087118418032	1.542200766657627	-1.392937837153898	0	0.9399999999999999	0	0	0	0	0	0	0	0	0	-0.52359878	-0.08994321914269765	0.08968787287821783	0	2.714755827525934e-07	0	0	0	0	0	0	0	0	0	0	0	0	0	0	0	0	0	0	0	0
17.12	1.739601117806922	1.571479546890056	-1.386054981027396	0	0.9399999999999999	0	0	0	0	0	0	0	0	0	-0.52359878	-0.0917504789822312	0.1193068574650423	0	-3.869726102743759e-06	0	0	0	0	0	0	0	0	0	0	0	0	0	0	0	0	0	0	0	0
17.14	2.457604969419269	1.603478180328327	-2.091867034017393	0	0.9399999999999999	0	0	0	0	0	0	0	0	0	-0.52359878	-0.1142954151838824	0.1331276837945513	0	2.037626943158996e-06	0	0	0	0	0	0	0	0	0	0	0	0	0	0	0	0	0	0	0	0
17.16	2.302068080789755	1.624371117530516	-1.928014786477215	0	0.9399999999999999	0	0	0	0	0	0	0	0	0	-0.52359878	-0.1237215334322762	0.150570274040299	0	1.556607161786839e-06	0	0	0	0	0	0	0	0	0	0	0	0	0	0	0	0	0	0	0	0
17.18	2.233498055095809	1.641115575065007	-1.855439626537618	0	0.9399999999999999	0	0	0	0	0	0	0	0	0	-0.52359878	-0.1250835619045123	0.1679375997895611	0	-2.514777012089942e-07	0	0	0	0	0	0	0	0	0	0	0	0	0	0	0	0	0	0	0	0
17.2	2.190875417010533	1.655755325198918	-1.809659192404047	0	0.9399999999999999	0	0	0	0	0	0	0	0	0	-0.52359878	-0.1289614380003664	0.1758226295245283	0	-1.359278628865285e-06	0	0	0	0	0	0	0	0	0	0	0	0	0	0	0	0	0	0	0	0
17.22	2.190875417010533	1.655755325198918	-1.809659192404047	0	0.9399999999999999	0	0	0	0	0	0	0	0	0	-0.52359878	-0.1289614380003664	0.1758226295245283	0	-1.359278628865285e-06	0	0	0	0	0	0	0	0	0	0	0	0	0	0	0	0	0	0	0	0
17.24	2.192249899792714	1.662491074273561	-1.806086530039096	0	0.9399999999999999	0	0	0	0	0	0	0	0	0	-0.52359878	-0.1413731966056934	0.162323429240257	0	-1.568970155370045e-07	0	0	0	0	0	0	0	0	0	0	0	0	0	0	0	0	0	0	0	0
17.26	2.193639995994833	1.670082611922392	-1.802235780661315	0	0.9399999999999999	0	0	0	0	0	0	0	0	0	-0.52359878	-0.1537783632210714	0.1428438550358225	0	-8.564705812091385e-07	0	0	0	0	0	0	0	0	0	0	0	0	0	0	0	0	0	0	0	0
17.28	2.240676050587846	1.67167146744982	-1.84305020570131	0	0.9399999999999999	0	0	0	0	0	0	0	0	0	-0.52359878	-0.1737577412205231	0.1005012133039467	0	-1.584083389053845e-06	0	0	0	0	0	0	0	0	0	0	0	0	0	0	0	0	0	0	0	0
17.3	2.294545620705636	1.664462217270385	-1.895878635124538	0	0.9399999999999999	0	0	0	0	0	0	0	0	0	-0.52359878	-0.1809364011480925	0.08259436194536095	0	2.99474537436242e-08	0	0	0	0	0	0	0	0	0	0	0	0	0	0	0	0	0	0	0	0
17.32	2.294545620705636	1.664462217270385	-1.895878635124538	0	0.9399999999999999	0	0	0	0	0	0	0	0	0	-0.52359878	-0.1809364011480925	0.08259436194536095	0	2.99474537436242e-08	0	0	0	0	0	0	0	0	0	0	0	0	0	0	0	0	0	0	0	0
17.34	2.447972311498907	1.63807404278779	-2.054097599306771	0	0.9399999999999999	0	0	0	0	0	0	0	0	0	-0.52359878	-0.182100368050948	0.05555927179235975	0	2.40810676042819e-06	0	0	0	0	0	0	0	0	0	0	0	0	0	0	0	0	0	0	0	0
17.36	2.447972311498907	1.63807404278779	-2.054097599306771	0	0.9399999999999999	0	0	0	0	0	0	0	0	0	-0.52359878	-0.182100368050948	0.05555927179235975	0	2.40810676042819e-06	0	0	0	0	0	0	0	0	0	0	0	0	0	0	0	0	0	0	0	0
17.38	2.622227008064821	1.618333503070422	-2.23507581160448	0	0.9399999999999999	0	0	0	0	0	0	0	0	0	-0.52359878	-0.1754522547390461	0.04617052127123045	0	6.497976678905326e-07	0	0	0	0	0	0	0	0	0	0	0	0	0	0	0	0	0	0	0	0
17.4	3.281643095350367	1.598094886864812	-2.904049848471494	0	0.9399999999999999	0	0	0	0	0	0	0	0	0	-0.52359878	-0.1652105794970931	0.03972741395681197	0	1.124303139454358e-06	0	0	0	0	0	0	0	0	0	0	0	0	0	0	0	0	0	0	0	0
17.42	4.470235267524609	1.609895094191626	-4.104928518837072	0	0.9399999999999999	0	0	0	0	0	0	0	0	0	-0.52359878	-0.1522023335624439	0.03613280680593488	0	-1.834015493544891e-06	0	0	0	0	0	0	0	0	0	0	0	0	0	0	0	0	0	0	0	0
17.44	4.848808243716089	1.647054952929988	-4.497289235167008	0	0.9399999999999999	0	0	0	0	0	0	0	0	0	-0.52359878	-0.1392991862536493	0.03290857083574335	0	-4.109945658094232e-07	0	0	0	0	0	0	0	0	0	0	0	0	0	0	0	0	0	0	0	0
17.46	5.035343623034807	1.739776713989629	-4.712288759903394	0	0.9399999999999999	0	0	0	0	0	0	0	0	0	-0.52359878	-0.121209309272196	0.01702390442883869	0	1.200128284281951e-07	0	0	0	0	0	0	0	0	0	0	0	0	0	0	0	0	0	0	0	0
17.48	5.063687868453603	1.786874051054502	-4.757340248079633	0	0.9399999999999999	0	0	0	0	0	0	0	0	0	-0.52359878	-0.1150905435176997	0.004860308225235407	0	1.400351854024775e-06	0	0	0	0	0	0	0	0	0	0	0	0	0	0	0	0	0	0	0	0
17.5	5.063687868453603	1.786874051054502	-4.757340248079633	0	0.9399999999999999	0	0	0	0	0	0	0	0	0	-0.52359878	-0.1150905435176997	0.004860308225235407	0	1.400351854024775e-06	0	0	0	0	0	0	0	0	0	0	0	0	0	0	0	0	0	0	0	0
17.52	5.136040493778822	1.792828616476169	-4.856422497966761	0	0.9399999999999999	0	0	0	0	0	0	0	0	0	-0.3984271455233652	-0.1044356535392355	-0.0145597565174319	0	7.161838193154731e-08	0	0	0	0	0	0	0	0	0	0	0	0	0	0	0	0	0	0	0	0
17.54	5.136040493778822	1.792828616476169	-4.856422497966761	0	0.9399999999999999	0	0	0	0	0	0	0	0	0	-0.3984271455233652	-0.1044356535392355	-0.0145597565174319	0	7.161838193154731e-08	0	0	0	0	0	0	0	0	0	0	0	0	0	0	0	0	0	0	0	0
17.56	5.294570683325381	1.749237236583773	-5.03997832879315	0	0.9399999999999999	0	0	0	0	0	0	0	0	0	-0.2072442713485211	-0.09239004637459797	-0.03805726916575397	0	3.597802556442486e-07	0	0	0	0	0	0	0	0	0	0	0	0	0	0	0	0	0	0	0	0
17.58	5.294570683325381	1.749237236583773	-5.03997832879315	0	0.9399999999999999	0	0	0	0	0	0	0	0	0	-0.2072442713485211	-0.09239004637459797	-0.03805726916575397	0	3.597802556442486e-07	0	0	0	0	0	0	0	0	0	0	0	0	0	0	0	0	0	0	0	0
17.6	5.500519243550906	1.726084332175499	-5.271676439231839	0	0.9399999999999999	0	0	0	0	0	0	0	0	0	-0.04500741464313793	-0.0886918099569118	-0.06623713215406521	0	-1.969133322685233e-07	0	0	0	0	0	0	0	0	0	0	0	0	0	0	0	0	0	0	0	0
17.62	5.500519243550906	1.726084332175499	-5.271676439231839	0	0.9399999999999999	0	0	0	0	0	0	0	0	0	-0.04500741464313793	-0.0886918099569118	-0.06623713215406521	0	-1.969133322685233e-07	0	0	0	0	0	0	0	0	0	0	0	0	0	0	0	0	0	0	0	0
17.64	5.741569331120364	1.712067447524177	-5.537047094527587	0	0.9399999999999999	0	0	0	0	0	0	0	0	0	0.1030423818972954	-0.07980961845932881	-0.0858791952479717	0	6.570710749489737e-07	0	0	0	0	0	0	0	0	0	0	0	0	0	0	0	0	0	0	0	0
17.66	5.741569331120364	1.712067447524177	-5.537047094527587	0	0.9399999999999999	0	0	0	0	0	0	0	0	0	0.1030423818972954	-0.07980961845932881	-0.0858791952479717	0	6.570710749489737e-07	0	0	0	0	0	0	0	0	0	0	0	0	0	0	0	0	0	0	0	0
17.68	5.87503357786263	1.706694148941227	-5.682820760215054	0	0.9399999999999999	0	0	0	0	0	0	0	0	0	0.1731603294452025	-0.07373836880936478	-0.08984415054851815	0	-1.20422163819117e-06	0	0	0	0	0	0	0	0	0	0	0	0	0	0	0	0	0	0	0	0
17.7	6.138596633652785	1.701789702950512	-5.974110226135562	0	0.9399999999999999	0	0	0	0	0	0	0	0	0	0.3016092025444392	-0.06422191354671276	-0.08506014774600339	0	8.462562535746774e-07	0	0	0	0	0	0	0	0	0	0	0	0	0	0	0	0	0	0	0	0
17.72	6.138596633652785	1.701789702950512	-5.974110226135562	0	0.9399999999999999	0	0	0	0	0	0	0	0	0	0.3016092025444392	-0.06422191354671276	-0.08506014774600339	0	8.462562535746774e-07	0	0	0	0	0	0	0	0	0	0	0	0	0	0	0	0	0	0	0	0
17.74	6.262538344751876	1.702237020778195	-6.113226724651578	0	0.9399999999999999	0	0	0	0	0	0	0	0	0	0.3567385211716892	-0.06244741430540873	-0.07832525663226013	0	6.6032755682813e-07	0	0	0	0	0	0	0	0	0	0	0	0	0	0	0	0	0	0	0	0
17.76	6.459294483927238	1.708821130658861	-6.343099941880681	0	0.9399999999999999	0	0	0	0	0	0	0	0	0	0.4517306512085767	-0.0507873191928593	-0.07506949707640501	0	-2.256761449609005e-07	0	0	0	0	0	0	0	0	0	0	0	0	0	0	0	0	0	0	0	0
17.78	6.459675263519506	1.708896995870858	-6.343426641312372	0	0.9399999999999999	0	0	0	0	0	0	0	0	0	0.4458257351690365	-0.06105877453120626	-0.06827129852080822	0	-3.460813984843504e-09	0	0	0	0	0	0	0	0	0	0	0	0	0	0	0	0	0	0	0	0
17.8	6.59463208260808	1.718119632121383	-6.51169644010399	0	0.9399999999999999	0	0	0	0	0	0	0	0	0	0.5213502456877085	-0.05401372253773645	-0.07126436271001328	0	-1.672218642333076e-07	0	0	0	0	0	0	0	0	0	0	0	0	0	0	0	0	0	0	0	0
17.82	6.651450531461411	1.721548074172831	-6.584436443187826	0	0.9399999999999999	0	0	0	0	0	0	0	0	0	0.549832846599343	-0.0616644774522698	-0.08073306981538397	0	2.900727267628704e-07	0	0	0	0	0	0	0	0	0	0	0	0	0	0	0	0	0	0	0	0
17.84	6.712659835559126	1.724387628470831	-6.660944670483781	0	0.9399999999999999	0	0	0	0	0	0	0	0	0	0.5803156043243944	-0.06421604543157497	-0.0988799492292787	0	-6.978021197990412e-07	0	0	0	0	0	0	0	0	0	0	0	0	0	0	0	0	0	0	0	0
17.86	6.779662370109964	1.726616531644527	-6.742952280125761	0	0.9399999999999999	0	0	0	0	0	0	0	0	0	0.6087984011255433	-0.06999777429855829	-0.1209937223692836	0	1.994900658354451e-08	0	0	0	0	0	0	0	0	0	0	0	0	0	0	0	0	0	0	0	0
17.88	6.84678263233159	1.727419725806604	-6.825183874896824	0	0.9399999999999999	0	0	0	0	0	0	0	0	0	0.6344141932066741	-0.08069563097531827	-0.1416729762709855	0	-1.36792787737299e-06	0	0	0	0	0	0	0	0	0	0	0	0	0	0	0	0	0	0	0	0
17.9	6.84678263233159	1.727419725806604	-6.825183874896824	0	0.9399999999999999	0	0	0	0	0	0	0	0	0	0.6344141932066741	-0.08069563097531827	-0.1416729762709855	0	-1.36792787737299e-06	0	0	0	0	0	0	0	0	0	0	0	0	0	0	0	0	0	0	0	0
17.92	6.97299946885184	1.728128028965803	-6.980511765983221	0	0.9399999999999999	0	0	0	0	0	0	0	0	0	0.6770044172314449	-0.1096815689434003	-0.1769075391059084	0	7.202860218000862e-08	0	0	0	0	0	0	0	0	0	0	0	0	0	0	0	0	0	0	0	0
17.94	7.025970895645816	1.729033719233932	-7.046021114432094	0	0.9399999999999999	0	0	0	0	0	0	0	0	0	0.6932623523628058	-0.124696770830887	-0.1896207996275127	0	3.470622985852348e-08	0	0	0	0	0	0	0	0	0	0	0	0	0	0	0	0	0	0	0	0
17.96	7.025970895645816	1.729033719233932	-7.046021114432094	0	0.9399999999999999	0	0	0	0	0	0	0	0	0	0.6932623523628058	-0.124696770830887	-0.1896207996275127	0	3.470622985852348e-08	0	0	0	0	0	0	0	0	0	0	0	0	0	0	0	0	0	0	0	0
17.98	7.125048771425052	1.730884600706584	-7.165120213526722	0	0.9399999999999999	0	0	0	0	0	0	0	0	0	0.7166460684236353	-0.1549099634909594	-0.1974736872393147	0	-7.968200204773496e-08	0	0	0	0	0	0	0	0	0	0	0	0	0	0	0	0	0	0	0	0
18	7.125048771425052	1.730884600706584	-7.165120213526722	0	0.9399999999999999	0	0	0	0	0	0	0	0	0	0.7166460684236353	-0.1549099634909594	-0.1974736872393147	0	-7.968200204773496e-08	0	0	0	0	0	0	0	0	0	0	0	0	0	0	0	0	0	0	0	0
18.02	7.172202227342102	1.732192899615937	-7.219900531550873	0	0.9399999999999999	0	0	0	0	0	0	0	0	0	0.72525620455951	-0.1670152443427398	-0.1939325981770039	0	1.644387511549208e-07	0	0	0	0	0	0	0	0	0	0	0	0	0	0	0	0	0	0	0	0
18.04	7.259920233532785	1.736404843788515	-7.317471448900085	0	0.9399999999999999	0	0	0	0	0	0	0	0	0	0.7397160358515977	-0.1870564838353354	-0.1711070528286947	0	-2.580709590030014e-09	0	0	0	0	0	0	0	0	0	0	0	0	0	0	0	0	0	0	0	0
18.06	7.303163505381278	1.738921293153999	-7.363021260694268	0	0.9399999999999999	0	0	0	0	0	0	0	0	0	0.7486224904288944	-0.1952530851877429	-0.1643939839405887	0	-1.816773825233476e-07	0	0	0	0	0	0	0	0	0	0	0	0	0	0	0	0	0	0	0	0
18.08	7.343345672474577	1.741444336369547	-7.403872816980211	0	0.9399999999999999	0	0	0	0	0	0	0	0	0	0.752003587542782	-0.2046350229948086	-0.1355769773015291	0	-4.266963808274772e-08	0	0	0	0	0	0	0	0	0	0	0	0	0	0	0	0	0	0	0	0
18.1	7.343345672474577	1.741444336369547	-7.403872816980211	0	0.9399999999999999	0	0	0	0	0	0	0	0	0	0.752003587542782	-0.2046350229948086	-0.1355769773015291	0	-4.266963808274772e-08	0	0	0	0	0	0	0	0	0	0	0	0	0	0	0	0	0	0	0	0
18.12	7.377626695555625	1.743458330017396	-7.437386194499396	0	0.9399999999999999	0	0	0	0	0	0	0	0	0	0.7561424434186734	-0.2088942158095342	-0.1181538024024156	0	-7.909853270029824e-07	0	0	0	0	0	0	0	0	0	0	0	0	0	0	0	0	0	0	0	0
18.14	7.414334834992403	1.744644308734716	-7.467808204704937	0	0.9399999999999999	0	0	0	0	0	0	0	0	0	0.7594354862021095	-0.2093367476045621	-0.0968381057981843	0	8.506602989658178e-07	0	0	0	0	0	0	0	0	0	0	0	0	0	0	0	0	0	0	0	0
18.16	7.413887581726008	1.744623243072913	-7.467366998275928	0	0.9399999999999999	0	0	0	0	0	0	0	0	0	0.7563260423307324	-0.2091510241583645	-0.08489035154044125	0	-3.611544223980821e-07	0	0	0	0	0	0	0	0	0	0	0	0	0	0	0	0	0	0	0	0
18.18	7.411245297044617	1.743478415563219	-7.449912570802315	0	0.9399999999999999	0	0	0	0	0	0	0	0	0	0.7527361884488265	-0.1988002102296677	-0.0627610755486699	0	5.347377471611702e-07	0	0	0	0	0	0	0	0	0	0	0	0	0	0	0	0	0	0	0	0
18.2	7.405847559745258	1.741811792658582	-7.434172445085329	0	0.9399999999999999	0	0	0	0	0	0	0	0	0	0.7381119013060842	-0.1961723517221059	-0.03048662288229098	0	5.488650489870562e-08	0	0	0	0	0	0	0	0	0	0	0	0	0	0	0	0	0	0	0	0
18.22	7.405847559745258	1.741811792658582	-7.434172445085329	0	0.9399999999999999	0	0	0	0	0	0	0	0	0	0.7381119013060842	-0.1961723517221059	-0.03048662288229098	0	5.488650489870562e-08	0	0	0	0	0	0	0	0	0	0	0	0	0	0	0	0	0	0	0	0
18.24	7.402058656646967	1.734246140119159	-7.407016604073461	0	0.9399999999999999	0	0	0	0	0	0	0	0	0	0.7180886445434947	-0.1933996047928352	0.01694051022663749	0	3.396840000652815e-07	0	0	0	0	0	0	0	0	0	0	0	0	0	0	0	0	0	0	0	0
18.26	7.402058656646967	1.734246140119159	-7.407016604073461	0	0.9399999999999999	0	0	0	0	0	0	0	0	0	0.7180886445434947	-0.1933996047928352	0.01694051022663749	0	3.396840000652815e-07	0	0	0	0	0	0	0	0	0	0	0	0	0	0	0	0	0	0	0	0
18.28	7.402616580462396	1.729438367079648	-7.395273948909214	0	0.9399999999999999	0	0	0	0	0	0	0	0	0	0.7074312761189349	-0.1927509008435732	0.04152622637818953	0	8.48026384413578e-08	0	0	0	0	0	0	0	0	0	0	0	0	0	0	0	0	0	0	0	0
18.3	7.387416706466092	1.718995550660547	-7.355092162509386	0	0.9399999999999999	0	0	0	0	0	0	0	0	0	0.6785740664236434	-0.1906907931381749	0.0888927423100036	0	2.770013429022435e-07	0	0	0	0	0	0	0	0	0	0	0	0	0	0	0	0	0	0	0	0
18.32	7.376821612192499	1.714009423580723	-7.332506848087791	0	0.9399999999999999	0	0	0	0	0	0	0	0	0	0.662650188320952	-0.1915294030786332	0.1127601443127893	0	-3.879550926896561e-07	0	0	0	0	0	0	0	0	0	0	0	0	0	0	0	0	0	0	0	0
18.34	7.367502446514163	1.709220423106644	-7.311932230726914	0	0.9399999999999999	0	0	0	0	0	0	0	0	0	0.6467363027617725	-0.1947456675137031	0.1356931087606141	0	-4.008240739697822e-07	0	0	0	0	0	0	0	0	0	0	0	0	0	0	0	0	0	0	0	0
18.36	7.36114462784966	1.70524128621822	-7.29528000261778	0	0.9399999999999999	0	0	0	0	0	0	0	0	0	0.6309138353984453	-0.1997738695435931	0.1569788755409088	0	2.166135030856912e-07	0	0	0	0	0	0	0	0	0	0	0	0	0	0	0	0	0	0	0	0
18.38	7.365194653243139	1.702146214937793	-7.29000772693846	0	0.9399999999999999	0	0	0	0	0	0	0	0	0	0.6157976670269002	-0.2060568436048156	0.1761522124916335	0	1.115489756045456e-06	0	0	0	0	0	0	0	0	0	0	0	0	0	0	0	0	0	0	0	0
18.4	7.369108709948182	1.699352660167699	-7.285484982991393	0	0.9399999999999999	0	0	0	0	0	0	0	0	0	0.599175130070649	-0.2118697828940939	0.1923955102795885	0	-6.117433012229653e-06	0	0	0	0	0	0	0	0	0	0	0	0	0	0	0	0	0	0	0	0
18.42	7.369089498502126	1.69935596420361	-7.285478602028986	0	0.9399999999999999	0	0	0	0	0	0	0	0	0	0.5991737016582331	-0.2118662887735189	0.1924006223719481	0	-5.907240111219398e-06	0	0	0	0	0	0	0	0	0	0	0	0	0	0	0	0	0	0	0	0
18.44	7.389742750946541	1.694812921366952	-7.292686176253328	0	0.9399999999999999	0	0	0	0	0	0	0	0	0	0.560720096034183	-0.2264582605205263	0.2157954242314918	0	5.374386179203614e-08	0	0	0	0	0	0	0	0	0	0	0	0	0	0	0	0	0	0	0	0
18.46	7.408213872060759	1.692959157412184	-7.306010803015301	0	0.9399999999999999	0	0	0	0	0	0	0	0	0	0.5402562271865879	-0.2361469165254009	0.2237120415663084	0	9.564796882483679e-09	0	0	0	0	0	0	0	0	0	0	0	0	0	0	0	0	0	0	0	0
18.48	7.434007082323058	1.691469469479315	-7.327551430973857	0	0.9399999999999999	0	0	0	0	0	0	0	0	0	0.5418499511253418	-0.2370058150003477	0.2291210425844661	0	-9.399103095040563e-07	0	0	0	0	0	0	0	0	0	0	0	0	0	0	0	0	0	0	0	0
18.5	7.434429290038503	1.691340251153499	-7.327791615719005	0	0.9399999999999999	0	0	0	0	0	0	0	0	0	0.5202357297293829	-0.2467752317289857	0.2291388232649863	0	-4.350883118212095e-06	0	0	0	0	0	0	0	0	0	0	0	0	0	0	0	0	0	0	0	0
18.52	7.501106854547465	1.689316288111062	-7.388219383598297	0	0.9399999999999999	0	0	0	0	0	0	0	0	0	0.4789012401192107	-0.2685785281199012	0.2279515325900891	0	5.772052898963161e-08	0	0	0	0	0	0	0	0	0	0	0	0	0	0	0	0	0	0	0	0
18.54	7.501106854547465	1.689316288111062	-7.388219383598297	0	0.9399999999999999	0	0	0	0	0	0	0	0	0	0.4789012401192107	-0.2685785281199012	0.2279515325900891	0	5.772052898963161e-08	0	0	0	0	0	0	0	0	0	0	0	0	0	0	0	0	0	0	0	0
18.56	7.538058932504063	1.688949451321519	-7.422994899247188	0	0.9399999999999999	0	0	0	0	0	0	0	0	0	0.456848449284415	-0.2802884264902367	0.2222791748794613	0	7.651438258345091e-08	0	0	0	0	0	0	0	0	0	0	0	0	0	0	0	0	0	0	0	0
18.58	7.612780772446129	1.687910535090336	-7.494898466214361	0	0.9399999999999999	0	0	0	0	0	0	0	0	0	0.4061143898323292	-0.3016663121677515	0.1974180630779138	0	-6.029818268899243e-08	0	0	0	0	0	0	0	0	0	0	0	0	0	0	0	0	0	0	0	0
18.6	7.612780772446129	1.687910535090336	-7.494898466214361	0	0.9399999999999999	0	0	0	0	0	0	0	0	0	0.4061143898323292	-0.3016663121677515	0.1974180630779138	0	-6.029818268899243e-08	0	0	0	0	0	0	0	0	0	0	0	0	0	0	0	0	0	0	0	0
18.62	7.671380988214659	1.68659877770595	-7.5528627356439	0	0.9399999999999999	0	0	0	0	0	0	0	0	0	0.3505251090921698	-0.3169088139883962	0.1558977341651322	0	-6.285533074705466e-07	0	0	0	0	0	0	0	0	0	0	0	0	0	0	0	0	0	0	0	0
18.64	7.696176269893879	1.686518222161905	-7.578358262688004	0	0.9399999999999999	0	0	0	0	0	0	0	0	0	0.3221082627014658	-0.3212813055012098	0.1291527339602483	0	1.508080142380175e-07	0	0	0	0	0	0	0	0	0	0	0	0	0	0	0	0	0	0	0	0
18.66	7.696176269893879	1.686518222161905	-7.578358262688004	0	0.9399999999999999	0	0	0	0	0	0	0	0	0	0.3221082627014658	-0.3212813055012098	0.1291527339602483	0	1.508080142380175e-07	0	0	0	0	0	0	0	0	0	0	0	0	0	0	0	0	0	0	0	0
18.68	7.716140501510882	1.686962191226276	-7.599732577441661	0	0.9399999999999999	0	0	0	0	0	0	0	0	0	0.2927895726308339	-0.3247371322338358	0.1005223702327569	0	1.031687450746333e-07	0	0	0	0	0	0	0	0	0	0	0	0	0	0	0	0	0	0	0	0
18.7	7.743516171790603	1.689218470972428	-7.631577553817076	0	0.9399999999999999	0	0	0	0	0	0	0	0	0	0.234192895721028	-0.3233173831676069	0.02967455374183579	0	1.088313168274294e-08	0	0	0	0	0	0	0	0	0	0	0	0	0	0	0	0	0	0	0	0
18.72	7.743516171790603	1.689218470972428	-7.631577553817076	0	0.9399999999999999	0	0	0	0	0	0	0	0	0	0.234192895721028	-0.3233173831676069	0.02967455374183579	0	1.088313168274294e-08	0	0	0	0	0	0	0	0	0	0	0	0	0	0	0	0	0	0	0	0
18.74	7.768217154078053	1.692002995880209	-7.662399736450115	0	0.9399999999999999	0	0	0	0	0	0	0	0	0	0.1941123090982846	-0.3162575515098666	-0.05641207015101544	0.02932549663628329	0.02932548832664245	0	0	0	0	0	0	0	0	0	0	0	0	0	0	0	0	0	0	0	0
18.76	7.768036960885401	1.69419876190749	-7.665422901793809	0	0.9399999999999999	0	0	0	0	0	0	0	0	0	0.1979228391250679	-0.313635988906282	-0.1001121028979466	0.08556239665778315	0.08556619924633473	0	0	0	0	0	0	0	0	0	0	0	0	0	0	0	0	0	0	0	0
18.78	7.785754213434085	1.697122030901979	-7.686466722126694	0	0.9399999999999999	0	0	0	0	0	0	0	0	0	0.2045639320424177	-0.3165981573847031	-0.1427594219126666	0.145495932642682	0.1454958797193903	0	0	0	0	0	0	0	0	0	0	0	0	0	0	0	0	0	0	0	0
18.8	7.785754213434085	1.697122030901979	-7.686466722126694	0	0.9399999999999999	0	0	0	0	0	0	0	0	0	0.2045639320424177	-0.3165981573847031	-0.1427594219126666	0.145495932642682	0.1454958797193903	0	0	0	0	0	0	0	0	0	0	0	0	0	0	0	0	0	0	0	0
18.82	7.790864504972666	1.70294389888009	-7.698564755644188	0	0.9399999999999999	0	0	0	0	0	0	0	0	0	0.2229274368322232	-0.3276545782321788	-0.2176756153042053	0.2780182879013946	0.2780178889002695	0	0	0	0	0	0	0	0	0	0	0	0	0	0	0	0	0	0	0	0
18.84	7.790864504972666	1.70294389888009	-7.698564755644188	0	0.9399999999999999	0	0	0	0	0	0	0	0	0	0.2229274368322232	-0.3276545782321788	-0.2176756153042053	0.2780182879013946	0.2780178889002695	0	0	0	0	0	0	0	0	0	0	0	0	0	0	0	0	0	0	0	0
18.86	7.779744660286437	1.704981781355449	-7.690882960693407	0	0.9399999999999999	0	0	0	0	0	0	0	0	0	0.235233186528965	-0.3355767632030732	-0.2475436315694784	0.3538649565173416	0.3538649508318071	0	0	0	0	0	0	0	0	0	0	0	0	0	0	0	0	0	0	0	0
18.88	7.737779261765348	1.709389478800499	-7.655388655772829	0	0.9399999999999999	0	0	0	0	0	0	0	0	0	0.268519066722443	-0.3578182851611111	-0.2908466283122674	0.5211517780050614	0.5211522408427892	0	0	0	0	0	0	0	0	0	0	0	0	0	0	0	0	0	0	0	0
18.9	7.708000648100015	1.712999689779993	-7.628734969162327	0	0.9399999999999999	0	0	0	0	0	0	0	0	0	0.2830628272948116	-0.3601280942635586	-0.2904028936247968	0.5360952807970091	0.5360947231552812	0	0	0	0	0	0	0	0	0	0	0	0	0	0	0	0	0	0	0	0
18.92	7.671033556206398	1.717051648958533	-7.595016441469332	0	0.9399999999999999	0	0	0	0	0	0	0	0	0	0.2788473878146014	-0.3590285480367963	-0.3311556237585696	0.5502517096149094	0.5502516768318748	0	0	0	0	0	0	0	0	0	0	0	0	0	0	0	0	0	0	0	0
18.94	7.671033556206398	1.717051648958533	-7.595016441469332	0	0.9399999999999999	0	0	0	0	0	0	0	0	0	0.2788473878146014	-0.3590285480367963	-0.3311556237585696	0.5502517096149094	0.5502516768318748	0	0	0	0	0	0	0	0	0	0	0	0	0	0	0	0	0	0	0	0
18.96	7.583276520301987	1.717962588562883	-7.512744209315269	0	0.9399999999999999	0	0	0	0	0	0	0	0	0	0.2477707849875453	-0.3353841187210176	-0.3476746434954708	0.4211721558039084	0.4211719537749158	0	0	0	0	0	0	0	0	0	0	0	0	0	0	0	0	0	0	0	0
18.98	7.583276520301987	1.717962588562883	-7.512744209315269	0	0.9399999999999999	0	0	0	0	0	0	0	0	0	0.2477707849875453	-0.3353841187210176	-0.3476746434954708	0.4211721558039084	0.4211719537749158	0	0	0	0	0	0	0	0	0	0	0	0	0	0	0	0	0	0	0	0
19	7.558258963790176	1.718637125300275	-7.489475412482436	0	0.9399999999999999	0	0	0	0	0	0	0	0	0	0.2494282046298667	-0.3234839761834068	-0.3144718977984281	0.4589791106174085	0.4589786260779705	0	0	0	0	0	0	0	0	0	0	0	0	0	0	0	0	0	0	0	0
19.02	7.579318608375065	1.721851320623044	-7.514186325287929	0	0.9399999999999999	0	0	0	0	0	0	0	0	0	0.2792861337925341	-0.3183858628241545	-0.3066772353633423	0.5128539185412833	0.5128539142988344	0	0	0	0	0	0	0	0	0	0	0	0	0	0	0	0	0	0	0	0
19.04	7.579318608375065	1.721851320623044	-7.514186325287929	0	0.9399999999999999	0	0	0	0	0	0	0	0	0	0.2792861337925341	-0.3183858628241545	-0.3066772353633423	0.5128539185412833	0.5128539142988344	0	0	0	0	0	0	0	0	0	0	0	0	0	0	0	0	0	0	0	0
19.06	7.598879570141217	1.720594063956738	-7.535736761837786	0	0.9399999999999999	0	0	0	0	0	0	0	0	0	0.3110621092112133	-0.3160809815589827	-0.3139137954497238	0.5437359773970064	0.5437360968525389	0	0	0	0	0	0	0	0	0	0	0	0	0	0	0	0	0	0	0	0
19.08	7.598879570141217	1.720594063956738	-7.535736761837786	0	0.9399999999999999	0	0	0	0	0	0	0	0	0	0.3110621092112133	-0.3160809815589827	-0.3139137954497238	0.5437359773970064	0.5437360968525389	0	0	0	0	0	0	0	0	0	0	0	0	0	0	0	0	0	0	0	0
19.1	7.574349721082216	1.717449995944174	-7.511120002280109	0	0.9399999999999999	0	0	0	0	0	0	0	0	0	0.3364721757811301	-0.3131474686105427	-0.2886528422990504	0.5964482779837863	0.5964489025300507	0	0	0	0	0	0	0	0	0	0	0	0	0	0	0	0	0	0	0	0
19.12	7.574349721082216	1.717449995944174	-7.511120002280109	0	0.9399999999999999	0	0	0	0	0	0	0	0	0	0.3364721757811301	-0.3131474686105427	-0.2886528422990504	0.5964482779837863	0.5964489025300507	0	0	0	0	0	0	0	0	0	0	0	0	0	0	0	0	0	0	0	0
19.14	7.545571633915385	1.71808194948337	-7.481403814833118	0	0.9399999999999999	0	0	0	0	0	0	0	0	0	0.3577615214090563	-0.3059126141714578	-0.2511571795444545	0.6113566637198825	0.6113569415564368	0	0	0	0	0	0	0	0	0	0	0	0	0	0	0	0	0	0	0	0
19.16	7.545571633915385	1.71808194948337	-7.481403814833118	0	0.9399999999999999	0	0	0	0	0	0	0	0	0	0.3577615214090563	-0.3059126141714578	-0.2511571795444545	0.6113566637198825	0.6113569415564368	0	0	0	0	0	0	0	0	0	0	0	0	0	0	0	0	0	0	0	0
19.18	7.534815221686007	1.718684177455602	-7.470076518012565	0	0.9399999999999999	0	0	0	0	0	0	0	0	0	0.3618979023211225	-0.3020437894971627	-0.2255491529473707	0.61544392993927	0.6154438995261087	0	0	0	0	0	0	0	0	0	0	0	0	0	0	0	0	0	0	0	0
19.2	7.506446079701559	1.71695027808407	-7.440732436556071	0	0.9399999999999999	0	0	0	0	0	0	0	0	0	0.3414199497690916	-0.2796500288034762	-0.2054249487383681	0.5921198205183029	0.5921186095049328	0	0	0	0	0	0	0	0	0	0	0	0	0	0	0	0	0	0	0	0
19.22	7.492577399486329	1.716112120717144	-7.426468148608109	0	0.9399999999999999	0	0	0	0	0	0	0	0	0	0.3397226029308539	-0.2779851125654061	-0.2054589765055412	0.5918922588646854	0.5918905222718165	0	0	0	0	0	0	0	0	0	0	0	0	0	0	0	0	0	0	0	0
19.24	7.493735108446289	1.71611070850722	-7.427649321458174	0	0.9399999999999999	0	0	0	0	0	0	0	0	0	0.3262059048334046	-0.265473191639403	-0.207856047455735	0.5739188832551299	0.5739182123287885	0	0	0	0	0	0	0	0	0	0	0	0	0	0	0	0	0	0	0	0
19.26	7.47564395253447	1.715856583105224	-7.409901390333227	0	0.9399999999999999	0	0	0	0	0	0	0	0	0	0.3015664497516783	-0.2435719227215888	-0.2305536785958892	0.5427506076113441	0.5427506263873804	0	0	0	0	0	0	0	0	0	0	0	0	0	0	0	0	0	0	0	0
19.28	7.47564395253447	1.715856583105224	-7.409901390333227	0	0.9399999999999999	0	0	0	0	0	0	0	0	0	0.3015664497516783	-0.2435719227215888	-0.2305536785958892	0.5427506076113441	0.5427506263873804	0	0	0	0	0	0	0	0	0	0	0	0	0	0	0	0	0	0	0	0
19.3	7.451140000133944	1.717513680439968	-7.386282669854221	0	0.9399999999999999	0	0	0	0	0	0	0	0	0	0.2867193496560383	-0.225322429515153	-0.2686232394021609	0.5168680928103185	0.516868084865885	0	0	0	0	0	0	0	0	0	0	0	0	0	0	0	0	0	0	0	0
19.32	7.436194747124445	1.71818061257112	-7.371810286956466	0	0.9399999999999999	0	0	0	0	0	0	0	0	0	0.2817425953322455	-0.216888089512266	-0.2896414602215681	0.5055466495623155	0.5055466601071184	0	0	0	0	0	0	0	0	0	0	0	0	0	0	0	0	0	0	0	0
19.34	7.418245855502911	1.718671786419081	-7.354340912242059	0	0.9399999999999999	0	0	0	0	0	0	0	0	0	0.2783829684556982	-0.208734566399467	-0.3099546463411959	0.4953382323819863	0.4953382448147494	0	0	0	0	0	0	0	0	0	0	0	0	0	0	0	0	0	0	0	0
19.36	7.418245855502911	1.718671786419081	-7.354340912242059	0	0.9399999999999999	0	0	0	0	0	0	0	0	0	0.2783829684556982	-0.208734566399467	-0.3099546463411959	0.4953382323819863	0.4953382448147494	0	0	0	0	0	0	0	0	0	0	0	0	0	0	0	0	0	0	0	0
19.38	7.398060783904442	1.718881631130499	-7.334512981377755	0	0.9399999999999999	0	0	0	0	0	0	0	0	0	0.276710350796306	-0.2006425482891118	-0.3277573518838152	0.4865233816258715	0.4865233885843021	0	0	0	0	0	0	0	0	0	0	0	0	0	0	0	0	0	0	0	0
19.4	7.379411154054355	1.718774615738488	-7.316123380176099	0	0.9399999999999999	0	0	0	0	0	0	0	0	0	0.2769220009171677	-0.1933986571393706	-0.3423276204119429	0.4799843830328479	0.4799843831107344	0	0	0	0	0	0	0	0	0	0	0	0	0	0	0	0	0	0	0	0
19.42	7.364397961002402	1.71805283484312	-7.30126780127365	0	0.9399999999999999	0	0	0	0	0	0	0	0	0	0.2781957444143551	-0.1873550442992506	-0.3538421510110145	0.4753286454694959	0.4753286795829025	0	0	0	0	0	0	0	0	0	0	0	0	0	0	0	0	0	0	0	0
19.44	7.352445671908693	1.717133638237593	-7.289244257983096	0	0.9399999999999999	0	0	0	0	0	0	0	0	0	0.2803577636220585	-0.1817810543204475	-0.3623491221327952	0.4717492856325727	0.4717493106636031	0	0	0	0	0	0	0	0	0	0	0	0	0	0	0	0	0	0	0	0
19.46	7.336167757934031	1.714946581194843	-7.272403573659246	0	0.9399999999999999	0	0	0	0	0	0	0	0	0	0.2881894440677529	-0.1703982407310748	-0.3705256970007502	0.4671721705341356	0.4671725791930656	0	0	0	0	0	0	0	0	0	0	0	0	0	0	0	0	0	0	0	0
19.48	7.336127131854587	1.713998225232356	-7.272013988899382	0	0.9399999999999999	0	0	0	0	0	0	0	0	0	0.28751149248214	-0.1708090220508033	-0.3700118080630779	0.4672225345846991	0.4672321939925939	0	0	0	0	0	0	0	0	0	0	0	0	0	0	0	0	0	0	0	0
19.5	7.320934907342914	1.713696358000103	-7.256667878795001	0	0.9399999999999999	0	0	0	0	0	0	0	0	0	0.3010945547469909	-0.1606486141816973	-0.3685314923900057	0.4663774647452982	0.4663774587292835	0	0	0	0	0	0	0	0	0	0	0	0	0	0	0	0	0	0	0	0
19.52	7.308723432827875	1.714121963962142	-7.244520600427058	0	0.9399999999999999	0	0	0	0	0	0	0	0	0	0.30940697799489	-0.1570583790906256	-0.3645237199525244	0.4689183322444983	0.4689182232386158	0	0	0	0	0	0	0	0	0	0	0	0	0	0	0	0	0	0	0	0
19.54	7.293340889586592	1.715008547553166	-7.229699510996446	0	0.9399999999999999	0	0	0	0	0	0	0	0	0	0.3179264240965319	-0.1546710938677387	-0.3593818614334288	0.4737241786656735	0.4737241766062919	0	0	0	0	0	0	0	0	0	0	0	0	0	0	0	0	0	0	0	0
19.56	7.273219536858522	1.716200706743415	-7.210767616776542	0	0.9399999999999999	0	0	0	0	0	0	0	0	0	0.3252517074029467	-0.1529267317936735	-0.3540915191108878	0.4795401358612498	0.4795401504586821	0	0	0	0	0	0	0	0	0	0	0	0	0	0	0	0	0	0	0	0
19.58	7.249317909194546	1.718476964091693	-7.18944470930777	0	0.9399999999999999	0	0	0	0	0	0	0	0	0	0.3304846652563584	-0.1508091342974267	-0.3502624156221513	0.4838981833946111	0.4838981835214533	0	0	0	0	0	0	0	0	0	0	0	0	0	0	0	0	0	0	0	0
19.6	7.226232129862904	1.721808137176009	-7.169774173562753	0	0.9399999999999999	0	0	0	0	0	0	0	0	0	0.3342107307748146	-0.1476290606644489	-0.3481465821067095	0.4861813112254221	0.4861813244138037	0	0	0	0	0	0	0	0	0	0	0	0	0	0	0	0	0	0	0	0
19.62	7.208376636701952	1.725362425732542	-7.156199302477744	0	0.9399999999999999	0	0	0	0	0	0	0	0	0	0.3365469556365073	-0.1440425445626042	-0.3478726763758183	0.4865031818653809	0.4865030977701509	0	0	0	0	0	0	0	0	0	0	0	0	0	0	0	0	0	0	0	0
19.64	7.208376636701952	1.725362425732542	-7.156199302477744	0	0.9399999999999999	0	0	0	0	0	0	0	0	0	0.3365469556365073	-0.1440425445626042	-0.3478726763758183	0.4865031818653809	0.4865030977701509	0	0	0	0	0	0	0	0	0	0	0	0	0	0	0	0	0	0	0	0
19.66	7.183966130530505	1.734282119915609	-7.142083904750134	0	0.9399999999999999	0	0	0	0	0	0	0	0	0	0.3406858604484901	-0.1335969525320223	-0.3530856219146496	0.4840660758363053	0.4840660872181079	0	0	0	0	0	0	0	0	0	0	0	0	0	0	0	0	0	0	0	0
19.68	7.180760804431911	1.737215197038839	-7.14465474547034	0	0.9399999999999999	0	0	0	0	0	0	0	0	0	0.3416627508589526	-0.1333034759058507	-0.3593230952224782	0.4840190613209891	0.4840238330530711	0	0	0	0	0	0	0	0	0	0	0	0	0	0	0	0	0	0	0	0
19.7	7.17034745737631	1.73981452805156	-7.14015940782661	0	0.9399999999999999	0	0	0	0	0	0	0	0	0	0.3416294429532786	-0.123579504369691	-0.3618469436875359	0.4805053154590746	0.4805049052849464	0	0	0	0	0	0	0	0	0	0	0	0	0	0	0	0	0	0	0	0
19.72	7.17034745737631	1.73981452805156	-7.14015940782661	0	0.9399999999999999	0	0	0	0	0	0	0	0	0	0.3416294429532786	-0.123579504369691	-0.3618469436875359	0.4805053154590746	0.4805049052849464	0	0	0	0	0	0	0	0	0	0	0	0	0	0	0	0	0	0	0	0
19.74	7.172549096631041	1.744040167250966	-7.154105800746707	0	0.9399999999999999	0	0	0	0	0	0	0	0	0	0.3439168140040098	-0.1133168050770021	-0.3728694381298286	0.4787062791107583	0.4787062786310868	0	0	0	0	0	0	0	0	0	0	0	0	0	0	0	0	0	0	0	0
19.76	7.172549096631041	1.744040167250966	-7.154105800746707	0	0.9399999999999999	0	0	0	0	0	0	0	0	0	0.3439168140040098	-0.1133168050770021	-0.3728694381298286	0.4787062791107583	0.4787062786310868	0	0	0	0	0	0	0	0	0	0	0	0	0	0	0	0	0	0	0	0
19.78	7.187502114720995	1.746076848019497	-7.180218094469487	0	0.9399999999999999	0	0	0	0	0	0	0	0	0	0.3456646770222569	-0.1062412654383919	-0.3852533845710833	0.4788574784807982	0.4788574497907363	0	0	0	0	0	0	0	0	0	0	0	0	0	0	0	0	0	0	0	0
19.8	7.197936432980912	1.747275759807664	-7.195610708386077	0	0.9399999999999999	0	0	0	0	0	0	0	0	0	0.3459324543586622	-0.1033524082336608	-0.3916626626057984	0.4776463330417384	0.4776463523095317	0	0	0	0	0	0	0	0	0	0	0	0	0	0	0	0	0	0	0	0
19.82	7.208016062060859	1.74823939138632	-7.210181698426735	0	0.9399999999999999	0	0	0	0	0	0	0	0	0	0.3452923897113288	-0.1005131887060004	-0.3974132983777855	0.4744508765266706	0.4744505590279891	0	0	0	0	0	0	0	0	0	0	0	0	0	0	0	0	0	0	0	0
19.84	7.215877396144091	1.74747602580519	-7.22195438291118	0	0.9399999999999999	0	0	0	0	0	0	0	0	0	0.3416473931523896	-0.09809287025789834	-0.4017383892654227	0.4686276290961187	0.4686276201298131	0	0	0	0	0	0	0	0	0	0	0	0	0	0	0	0	0	0	0	0
19.86	7.227409965106116	1.748399335654944	-7.236704520828559	0	0.9399999999999999	0	0	0	0	0	0	0	0	0	0.3388937010949879	-0.09432937756530783	-0.4050269326412534	0.4609206520997174	0.4609206140672252	0	0	0	0	0	0	0	0	0	0	0	0	0	0	0	0	0	0	0	0
19.88	7.238567286257891	1.748858938757409	-7.250943864306602	0	0.9399999999999999	0	0	0	0	0	0	0	0	0	0.3345657035966217	-0.09045781196462975	-0.4078076655341303	0.451635736932229	0.451635807365038	0	0	0	0	0	0	0	0	0	0	0	0	0	0	0	0	0	0	0	0
19.9	7.246676896074177	1.748856907132672	-7.261360255385075	0	0.9399999999999999	0	0	0	0	0	0	0	0	0	0.3283121338784543	-0.08562297699449903	-0.4097006062180415	0.4398729807529407	0.4398724402247051	0	0	0	0	0	0	0	0	0	0	0	0	0	0	0	0	0	0	0	0
19.92	7.253822146036602	1.747782427110026	-7.270607016643053	0	0.9399999999999999	0	0	0	0	0	0	0	0	0	0.3203621323974269	-0.08088310670443652	-0.4112754280564398	0.4258754380020031	0.4258753776090919	0	0	0	0	0	0	0	0	0	0	0	0	0	0	0	0	0	0	0	0
19.94	7.261015539734717	1.746993963405342	-7.279464767564574	0	0.9399999999999999	0	0	0	0	0	0	0	0	0	0.3202338683436969	-0.08281278095095351	-0.4124903043205569	0.4257472000154615	0.4257487387753688	0	0	0	0	0	0	0	0	0	0	0	0	0	0	0	0	0	0	0	0
19.96	7.261830092420821	1.747003646135527	-7.280276852009097	0	0.9399999999999999	0	0	0	0	0	0	0	0	0	0.3121625395694421	-0.07575579953599719	-0.4124050273373473	0.4095008521373348	0.4095080914943933	0	0	0	0	0	0	0	0	0	0	0	0	0	0	0	0	0	0	0	0
19.98	7.271418570351657	1.745627360630235	-7.292000956848693	0	0.9399999999999999	0	0	0	0	0	0	0	0	0	0.2968727856773449	-0.06451119046431725	-0.4133541293656888	0.3757368310187609	0.3757368430667037	0	0	0	0	0	0	0	0	0	0	0	0	0	0	0	0	0	0	0	0
20	7.272320375689374	1.744061712169216	-7.293490609223399	0	0.9399999999999999	0	0	0	0	0	0	0	0	0	0.289499730581365	-0.05972392547365734	-0.4131781385385185	0.3608481973189199	0.3608487768716948	0	0	0	0	0	0	0	0	0	0	0	0	0	0	0	0	0	0	0	0
20.02	7.272323641811679	1.744062383468874	-7.293494578385888	0	0.9399999999999999	0	0	0	0	0	0	0	0	0	0.2895008181128983	-0.05972495192772666	-0.4131797050001136	0.3608480132924597	0.3608485695789079	0	0	0	0	0	0	0	0	0	0	0	0	0	0	0	0	0	0	0	0
20.04	7.27386734446725	1.74225883532641	-7.295557193441313	0	0.9399999999999999	0	0	0	0	0	0	0	0	0	0.2769443546379943	-0.05125436624498208	-0.4135524285775713	0.3322438121897162	0.3322477530882337	0	0	0	0	0	0	0	0	0	0	0	0	0	0	0	0	0	0	0	0
20.06	7.273874134159417	1.742260558038003	-7.295563237882004	0	0.9399999999999999	0	0	0	0	0	0	0	0	0	0.2769467532960494	-0.0512555979441464	-0.4135540941128089	0.3322435881479149	0.3322473568774005	0	0	0	0	0	0	0	0	0	0	0	0	0	0	0	0	0	0	0	0
20.08	7.274911204099486	1.740129885244212	-7.296608294321716	0	0.9399999999999999	0	0	0	0	0	0	0	0	0	0.2648390535758587	-0.04323741191606016	-0.4151309370686326	0.3024088536794497	0.3024073078496985	0	0	0	0	0	0	0	0	0	0	0	0	0	0	0	0	0	0	0	0
20.1	7.26686078151012	1.738261040303696	-7.288456697026767	0	0.9399999999999999	0	0	0	0	0	0	0	0	0	0.2579876946679929	-0.03808983588312748	-0.4160115943908388	0.2872127269423951	0.2872129147209722	0	0	0	0	0	0	0	0	0	0	0	0	0	0	0	0	0	0	0	0
20.12	7.256738045626842	1.736546856940617	-7.277912868768442	0	0.9399999999999999	0	0	0	0	0	0	0	0	0	0.2514426023257716	-0.03253011168210972	-0.4164943027051778	0.2727064374553741	0.2727084893447757	0	0	0	0	0	0	0	0	0	0	0	0	0	0	0	0	0	0	0	0
20.14	7.256738893161528	1.736550244351686	-7.277911958775021	0	0.9399999999999999	0	0	0	0	0	0	0	0	0	0.2514439055174936	-0.03252813145421688	-0.4164932702699846	0.2727068333182894	0.2727086851144161	0	0	0	0	0	0	0	0	0	0	0	0	0	0	0	0	0	0	0	0
20.16	7.240752902514674	1.733840837548537	-7.261457673743404	0	0.9399999999999999	0	0	0	0	0	0	0	0	0	0.2405238359422881	-0.02144046087594231	-0.4181674810015868	0.2459642266561584	0.2459658252456234	0	0	0	0	0	0	0	0	0	0	0	0	0	0	0	0	0	0	0	0
20.18	7.240752939856488	1.733840709228356	-7.261457597718699	0	0.9399999999999999	0	0	0	0	0	0	0	0	0	0.2405236867002761	-0.02144060350599323	-0.4181675559310943	0.2459650731797357	0.2459649920776372	0	0	0	0	0	0	0	0	0	0	0	0	0	0	0	0	0	0	0	0
20.2	7.240370076826238	1.732525338126075	-7.260862301557603	0	0.9399999999999999	0	0	0	0	0	0	0	0	0	0.2363953324060764	-0.01755787708390229	-0.4189574130620121	0.2342777169318046	0.2342821475558503	0	0	0	0	0	0	0	0	0	0	0	0	0	0	0	0	0	0	0	0
20.22	7.229335838114562	1.731895698942486	-7.249612828774661	0	0.9399999999999999	0	0	0	0	0	0	0	0	0	0.2322744389689377	-0.01245939078517882	-0.419611440121933	0.2241902729392197	0.2241902917926581	0	0	0	0	0	0	0	0	0	0	0	0	0	0	0	0	0	0	0	0
20.24	7.229831967073219	1.730594467191996	-7.249879932489014	0	0.9399999999999999	0	0	0	0	0	0	0	0	0	0.2261990132126871	-0.006671446985380768	-0.4195290115166314	0.2070233858756927	0.2070254141792606	0	0	0	0	0	0	0	0	0	0	0	0	0	0	0	0	0	0	0	0
20.26	7.229667488107779	1.729806753215975	-7.249658802586427	0	0.9399999999999999	0	0	0	0	0	0	0	0	0	0.2255557535347093	-0.007092272975778044	-0.4193610037185455	0.2070739194118242	0.207083090921028	0	0	0	0	0	0	0	0	0	0	0	0	0	0	0	0	0	0	0	0
20.28	7.223106432681877	1.729681182113656	-7.243079774898651	0	0.9399999999999999	0	0	0	0	0	0	0	0	0	0.2189647075099977	-0.0004186608382678673	-0.4180802989494614	0.191555086826824	0.1915549416537051	0	0	0	0	0	0	0	0	0	0	0	0	0	0	0	0	0	0	0	0
20.3	7.223167977703907	1.729542903091312	-7.243095469047875	0	0.9399999999999999	0	0	0	0	0	0	0	0	0	0.2154794950829085	0.002400531178582645	-0.4171635844449976	0.1841658997281744	0.1841646516824534	0	0	0	0	0	0	0	0	0	0	0	0	0	0	0	0	0	0	0	0
20.32	7.215790249432692	1.729562322486335	-7.23549835694333	0	0.9399999999999999	0	0	0	0	0	0	0	0	0	0.2110423141874334	0.006481968529559432	-0.4160642151790212	0.1760832620094296	0.1760832601957809	0	0	0	0	0	0	0	0	0	0	0	0	0	0	0	0	0	0	0	0
20.34	7.215790249432692	1.729562322486335	-7.23549835694333	0	0.9399999999999999	0	0	0	0	0	0	0	0	0	0.2110423141874334	0.006481968529559432	-0.4160642151790212	0.1760832620094296	0.1760832601957809	0	0	0	0	0	0	0	0	0	0	0	0	0	0	0	0	0	0	0	0
20.36	7.211026245856995	1.729547533606002	-7.230224382925322	0	0.9399999999999999	0	0	0	0	0	0	0	0	0	0.2065870755023988	0.01026171572532906	-0.4145292197303212	0.1675619641823965	0.1675620533859867	0	0	0	0	0	0	0	0	0	0	0	0	0	0	0	0	0	0	0	0
20.38	7.205511300273486	1.728262380613993	-7.2231391135564	0	0.9399999999999999	0	0	0	0	0	0	0	0	0	0.1968771047624852	0.01695589004444193	-0.4112612249979294	0.15070046226053	0.1507003189599317	0	0	0	0	0	0	0	0	0	0	0	0	0	0	0	0	0	0	0	0
20.4	7.205511300273486	1.728262380613993	-7.2231391135564	0	0.9399999999999999	0	0	0	0	0	0	0	0	0	0.1968771047624852	0.01695589004444193	-0.4112612249979294	0.15070046226053	0.1507003189599317	0	0	0	0	0	0	0	0	0	0	0	0	0	0	0	0	0	0	0	0
20.42	7.205920151044923	1.727522245963497	-7.222364513077251	0	0.9399999999999999	0	0	0	0	0	0	0	0	0	0.1925775475297453	0.01978999238306024	-0.4096566682593189	0.1431465092208569	0.1431494959423052	0	0	0	0	0	0	0	0	0	0	0	0	0	0	0	0	0	0	0	0
20.44	7.207814561502101	1.726307049825667	-7.220592425856377	0	0.9399999999999999	0	0	0	0	0	0	0	0	0	0.1844237846201609	0.02528368873400465	-0.4062792621190754	0.1289363561677316	0.1289257872255186	0	0	0	0	0	0	0	0	0	0	0	0	0	0	0	0	0	0	0	0
20.46	7.207794873128323	1.726322160869943	-7.22056630131711	0	0.9399999999999999	0	0	0	0	0	0	0	0	0	0.1844220935317962	0.02528734433055142	-0.4062692110795041	0.1289391594746867	0.1289272612214563	0	0	0	0	0	0	0	0	0	0	0	0	0	0	0	0	0	0	0	0
20.48	7.208754102495713	1.725324618902954	-7.219126773198672	0	0.9399999999999999	0	0	0	0	0	0	0	0	0	0.1800348182060035	0.02783561749464722	-0.4042910054030261	0.1217959968749452	0.1217901141960509	0	0	0	0	0	0	0	0	0	0	0	0	0	0	0	0	0	0	0	0
20.5	7.205792190163271	1.72500806583471	-7.213254312942234	0	0.9399999999999999	0	0	0	0	0	0	0	0	0	0.1757614728764353	0.03128913013096451	-0.4022546803727873	0.1146901102541891	0.1146900637030319	0	0	0	0	0	0	0	0	0	0	0	0	0	0	0	0	0	0	0	0
20.52	7.209551629621493	1.724370458325984	-7.210883546102601	0	0.9399999999999999	0	0	0	0	0	0	0	0	0	0.168351124549493	0.0368869891394373	-0.3986240030740826	0.1004904732182365	0.1004904520820818	0	0	0	0	0	0	0	0	0	0	0	0	0	0	0	0	0	0	0	0
20.54	7.209551629621493	1.724370458325984	-7.210883546102601	0	0.9399999999999999	0	0	0	0	0	0	0	0	0	0.168351124549493	0.0368869891394373	-0.3986240030740826	0.1004904732182365	0.1004904520820818	0	0	0	0	0	0	0	0	0	0	0	0	0	0	0	0	0	0	0	0
20.56	7.206505184230973	1.723980762050308	-7.204747669591948	0	0.9399999999999999	0	0	0	0	0	0	0	0	0	0.1641255791553651	0.04004770083575705	-0.397133457158027	0.09293740790383448	0.0929373308764065	0	0	0	0	0	0	0	0	0	0	0	0	0	0	0	0	0	0	0	0
20.58	7.199241138704902	1.723827533885518	-7.194312456748782	0	0.9399999999999999	0	0	0	0	0	0	0	0	0	0.1594658607120262	0.04406851193740004	-0.3956163230820035	0.0844464914786261	0.08444654295908217	0	0	0	0	0	0	0	0	0	0	0	0	0	0	0	0	0	0	0	0
20.6	7.190009948780574	1.723619690910872	-7.182015672697763	0	0.9399999999999999	0	0	0	0	0	0	0	0	0	0.1548516241276396	0.04807543601569891	-0.3944053466432992	0.07587612708768143	0.0758761088054179	0	0	0	0	0	0	0	0	0	0	0	0	0	0	0	0	0	0	0	0
20.62	7.180971818154499	1.723401382776213	-7.170057776963894	0	0.9399999999999999	0	0	0	0	0	0	0	0	0	0.1508050795356123	0.05152772815141488	-0.3934316215180289	0.06800159463072256	0.06800169718242055	0	0	0	0	0	0	0	0	0	0	0	0	0	0	0	0	0	0	0	0
20.64	7.172009930998762	1.72434525775955	-7.158454926821104	0	0.9399999999999999	0	0	0	0	0	0	0	0	0	0.1485562866056741	0.05515842693886354	-0.3927646189868874	0.06157844516582756	0.06157843605833645	0	0	0	0	0	0	0	0	0	0	0	0	0	0	0	0	0	0	0	0
20.66	7.162463615729167	1.724765298145836	-7.146542736599606	0	0.9399999999999999	0	0	0	0	0	0	0	0	0	0.1463336995296484	0.05797663559691942	-0.3921469558243532	0.05606656430838859	0.05606623456386882	0	0	0	0	0	0	0	0	0	0	0	0	0	0	0	0	0	0	0	0
20.68	7.153643263859975	1.724960627026895	-7.135428544074596	0	0.9399999999999999	0	0	0	0	0	0	0	0	0	0.144478738008825	0.06024947416973715	-0.3915660009108223	0.05121414790733939	0.0512141877420119	0	0	0	0	0	0	0	0	0	0	0	0	0	0	0	0	0	0	0	0
20.7	7.136234940378436	1.724763573395538	-7.113780423615178	0	0.9399999999999999	0	0	0	0	0	0	0	0	0	0.141906610865752	0.06278836990542666	-0.3894110791209272	0.04359345188372645	0.04359373578208788	0	0	0	0	0	0	0	0	0	0	0	0	0	0	0	0	0	0	0	0
20.72	7.136234940378436	1.724763573395538	-7.113780423615178	0	0.9399999999999999	0	0	0	0	0	0	0	0	0	0.141906610865752	0.06278836990542666	-0.3894110791209272	0.04359345188372645	0.04359373578208788	0	0	0	0	0	0	0	0	0	0	0	0	0	0	0	0	0	0	0	0
20.74	7.126971378826859	1.725053652945889	-7.102519768697628	0	0.9399999999999999	0	0	0	0	0	0	0	0	0	0.1414999987786299	0.06363929457609972	-0.3876498555456095	0.04178342961425437	0.04178473326106451	0	0	0	0	0	0	0	0	0	0	0	0	0	0	0	0	0	0	0	0
20.76	7.118491970999659	1.725424307038651	-7.092213519981439	0	0.9399999999999999	0	0	0	0	0	0	0	0	0	0.1411219814489647	0.0643156938592658	-0.3855580511418805	0.0401256755181584	0.04012573944859069	0	0	0	0	0	0	0	0	0	0	0	0	0	0	0	0	0	0	0	0
20.78	7.109889333866611	1.725895395073652	-7.081957686732113	0	0.9399999999999999	0	0	0	0	0	0	0	0	0	0.1403263233706691	0.06533841611489809	-0.3828757361910511	0.03713502364775567	0.03713548645274867	0	0	0	0	0	0	0	0	0	0	0	0	0	0	0	0	0	0	0	0
20.8	7.094727897260287	1.728015674348585	-7.063651576498991	0	0.9399999999999999	0	0	0	0	0	0	0	0	0	0.1388073582888318	0.06822930907151557	-0.3752185406395313	0.03174181082304903	0.03174181711669311	0	0	0	0	0	0	0	0	0	0	0	0	0	0	0	0	0	0	0	0
20.82	7.089437042861447	1.728618168709085	-7.056892699286983	0	0.9399999999999999	0	0	0	0	0	0	0	0	0	0.1372973505144688	0.06929328222452052	-0.3708884229691798	0.02918202331354437	0.02918193423520286	0	0	0	0	0	0	0	0	0	0	0	0	0	0	0	0	0	0	0	0
20.84	7.089437042861447	1.728618168709085	-7.056892699286983	0	0.9399999999999999	0	0	0	0	0	0	0	0	0	0.1372973505144688	0.06929328222452052	-0.3708884229691798	0.02918202331354437	0.02918193423520286	0	0	0	0	0	0	0	0	0	0	0	0	0	0	0	0	0	0	0	0
20.86	7.085257848105616	1.72876224074672	-7.051262692110897	0	0.9399999999999999	0	0	0	0	0	0	0	0	0	0.134812261099403	0.07021314422034984	-0.3662259880705978	0.02552721561067925	0.02552710648945927	0	0	0	0	0	0	0	0	0	0	0	0	0	0	0	0	0	0	0	0
20.88	7.08095998588429	1.728992303040457	-7.045511696484912	0	0.9399999999999999	0	0	0	0	0	0	0	0	0	0.1313558810646477	0.07156008366388716	-0.3612494204485674	0.02032577373264766	0.02032560225930497	0	0	0	0	0	0	0	0	0	0	0	0	0	0	0	0	0	0	0	0
20.9	7.065864938842371	1.729891949839449	-7.027636508778905	0	0.9399999999999999	0	0	0	0	0	0	0	0	0	0.1210011437796264	0.07619594094113372	-0.3514089626988995	0.006813743324947044	0.00681414701011846	0	0	0	0	0	0	0	0	0	0	0	0	0	0	0	0	0	0	0	0
20.92	7.049550198948919	1.730976314556575	-7.009763360262253	0	0.9399999999999999	0	0	0	0	0	0	0	0	0	0.1147440953871798	0.08008945290478557	-0.3471336629680521	0	2.411975369553087e-07	0	0	0	0	0	0	0	0	0	0	0	0	0	0	0	0	0	0	0	0
20.94	7.025936140184819	1.732423317751056	-6.984450245104834	0	0.9399999999999999	0	0	0	0	0	0	0	0	0	0.1107522427812536	0.08315404366196218	-0.3446872222876701	0	1.183540992200319e-07	0	0	0	0	0	0	0	0	0	0	0	0	0	0	0	0	0	0	0	0
20.96	6.999778283530898	1.733668510729301	-6.956690501051559	0	0.9399999999999999	0	0	0	0	0	0	0	0	0	0.1065028241562636	0.0861092211073519	-0.3427800507882643	0	-1.809749637356827e-06	0	0	0	0	0	0	0	0	0	0	0	0	0	0	0	0	0	0	0	0
20.98	6.999778696186733	1.733664904928548	-6.956689923902885	0	0.9399999999999999	0	0	0	0	0	0	0	0	0	0.1065004257386937	0.08610616917304124	-0.3427801740590125	0	-1.644284701060906e-06	0	0	0	0	0	0	0	0	0	0	0	0	0	0	0	0	0	0	0	0
21	6.958107712894352	1.734638909564299	-6.912294018550888	0	0.9399999999999999	0	0	0	0	0	0	0	0	0	0.09907765865038555	0.08863541428934481	-0.3402029672504831	0	-6.983465021860837e-07	0	0	0	0	0	0	0	0	0	0	0	0	0	0	0	0	0	0	0	0
21.02	6.943243355936327	1.733839805687344	-6.89553296870923	0	0.9399999999999999	0	0	0	0	0	0	0	0	0	0.09540953076882597	0.08809010626392692	-0.3383173643227934	0	-4.855128081729509e-07	0	0	0	0	0	0	0	0	0	0	0	0	0	0	0	0	0	0	0	0
21.04	6.943243025281683	1.733839392495221	-6.895533235626107	0	0.9399999999999999	0	0	0	0	0	0	0	0	0	0.09541000831958851	0.08809011802751723	-0.338317230197447	0	3.225484882292994e-07	0	0	0	0	0	0	0	0	0	0	0	0	0	0	0	0	0	0	0	0
21.06	6.922303167054092	1.730002814168007	-6.869793036147271	0	0.9399999999999999	0	0	0	0	0	0	0	0	0	0.08741405962441247	0.08394196197501259	-0.334378655947392	0	6.112754838513415e-09	0	0	0	0	0	0	0	0	0	0	0	0	0	0	0	0	0	0	0	0
21.08	6.922303167054092	1.730002814168007	-6.869793036147271	0	0.9399999999999999	0	0	0	0	0	0	0	0	0	0.08741405962441247	0.08394196197501259	-0.334378655947392	0	6.112754838513415e-09	0	0	0	0	0	0	0	0	0	0	0	0	0	0	0	0	0	0	0	0
21.1	6.912943893727709	1.727395927634089	-6.853282486750638	0	0.9399999999999999	0	0	0	0	0	0	0	0	0	0.08241225223028376	0.0781317560026402	-0.3289466210520001	0	-2.048237367411604e-07	0	0	0	0	0	0	0	0	0	0	0	0	0	0	0	0	0	0	0	0
21.12	6.912943893727709	1.727395927634089	-6.853282486750638	0	0.9399999999999999	0	0	0	0	0	0	0	0	0	0.08241225223028376	0.0781317560026402	-0.3289466210520001	0	-2.048237367411604e-07	0	0	0	0	0	0	0	0	0	0	0	0	0	0	0	0	0	0	0	0
21.14	6.909228286915503	1.726079288899675	-6.84554397181974	0	0.9399999999999999	0	0	0	0	0	0	0	0	0	0.08002836857976257	0.07493733888508536	-0.3254951660085291	0	1.029797988926494e-07	0	0	0	0	0	0	0	0	0	0	0	0	0	0	0	0	0	0	0	0
21.16	6.902078730428063	1.724005014758872	-6.834378905311532	0	0.9399999999999999	0	0	0	0	0	0	0	0	0	0.07651364682398908	0.07150570709593491	-0.3217947794333161	0	6.119302920830307e-07	0	0	0	0	0	0	0	0	0	0	0	0	0	0	0	0	0	0	0	0
21.18	6.891354058807646	1.721815610998099	-6.819262082641813	0	0.9399999999999999	0	0	0	0	0	0	0	0	0	0.07217583479033339	0.06839097959896853	-0.3178846654982119	0	5.386838160419537e-08	0	0	0	0	0	0	0	0	0	0	0	0	0	0	0	0	0	0	0	0
21.2	6.872365636284975	1.718082691287288	-6.790413710878703	0	0.9399999999999999	0	0	0	0	0	0	0	0	0	0.06336233091436368	0.06285692459224787	-0.3099273470183698	0	3.604892150521371e-09	0	0	0	0	0	0	0	0	0	0	0	0	0	0	0	0	0	0	0	0
21.22	6.872365636284975	1.718082691287288	-6.790413710878703	0	0.9399999999999999	0	0	0	0	0	0	0	0	0	0.06336233091436368	0.06285692459224787	-0.3099273470183698	0	3.604892150521371e-09	0	0	0	0	0	0	0	0	0	0	0	0	0	0	0	0	0	0	0	0
21.24	6.861178949492995	1.716703964106907	-6.768315212879433	0	0.9399999999999999	0	0	0	0	0	0	0	0	0	0.05681954713042416	0.05907846136659566	-0.3025851660661636	0	-6.731527450212294e-08	0	0	0	0	0	0	0	0	0	0	0	0	0	0	0	0	0	0	0	0
21.26	6.861178949492995	1.716703964106907	-6.768315212879433	0	0.9399999999999999	0	0	0	0	0	0	0	0	0	0.05681954713042416	0.05907846136659566	-0.3025851660661636	0	-6.731527450212294e-08	0	0	0	0	0	0	0	0	0	0	0	0	0	0	0	0	0	0	0	0
21.28	6.857520372675491	1.716281127279118	-6.759110738712716	0	0.9399999999999999	0	0	0	0	0	0	0	0	0	0.05440684544585787	0.05696132835752656	-0.2989638301170386	0	1.9845978348202e-07	0	0	0	0	0	0	0	0	0	0	0	0	0	0	0	0	0	0	0	0
21.3	6.863125312246183	1.714720104100467	-6.753560705315818	0	0.9399999999999999	0	0	0	0	0	0	0	0	0	0.05042981841850255	0.05312807726983414	-0.2901157904844719	0	2.631250003629666e-06	0	0	0	0	0	0	0	0	0	0	0	0	0	0	0	0	0	0	0	0
21.32	6.862914731825366	1.714738911236351	-6.753371208254269	0	0.9399999999999999	0	0	0	0	0	0	0	0	0	0.05132193543781371	0.05101833172413231	-0.2910946674395818	0	-2.275192161082946e-06	0	0	0	0	0	0	0	0	0	0	0	0	0	0	0	0	0	0	0	0
21.34	6.86906207128054	1.7121535247175	-6.747793005935854	0	0.9399999999999999	0	0	0	0	0	0	0	0	0	0.04741091835285696	0.04357126288269848	-0.2814055945557129	0	1.589035430635991e-06	0	0	0	0	0	0	0	0	0	0	0	0	0	0	0	0	0	0	0	0
21.36	6.86906567532746	1.712154851943236	-6.747796739201796	0	0.9399999999999999	0	0	0	0	0	0	0	0	0	0.0474143795618269	0.04356867225199853	-0.2814041927807328	0	1.427922025611625e-06	0	0	0	0	0	0	0	0	0	0	0	0	0	0	0	0	0	0	0	0
21.38	6.884753896577445	1.70889175031323	-6.751085262250654	0	0.9399999999999999	0	0	0	0	0	0	0	0	0	0.0454772222966901	0.03748461933419372	-0.2699468945052065	0	5.0392077661456e-08	0	0	0	0	0	0	0	0	0	0	0	0	0	0	0	0	0	0	0	0
21.4	6.888082243727645	1.707404000950679	-6.74798549791546	0	0.9399999999999999	0	0	0	0	0	0	0	0	0	0.0402753531120672	0.03031875219388293	-0.2643493640566294	0	7.252550498416644e-07	0	0	0	0	0	0	0	0	0	0	0	0	0	0	0	0	0	0	0	0
21.42	6.89133062508843	1.70560209189431	-6.744829192401334	0	0.9399999999999999	0	0	0	0	0	0	0	0	0	0.0366017308790097	0.0254699451118902	-0.2575646275191936	0	1.033137218815577e-06	0	0	0	0	0	0	0	0	0	0	0	0	0	0	0	0	0	0	0	0
21.44	6.894582294003925	1.703811989304391	-6.741653811995076	0	0.9399999999999999	0	0	0	0	0	0	0	0	0	0.03224959615617675	0.02040105099649674	-0.2505096697322974	0	2.833635681821574e-06	0	0	0	0	0	0	0	0	0	0	0	0	0	0	0	0	0	0	0	0
21.46	6.897725569066639	1.702466388070011	-6.738389073292879	0	0.9399999999999999	0	0	0	0	0	0	0	0	0	0.0319369516377906	0.01927029632686316	-0.244073563825994	0	-9.528325808359391e-06	0	0	0	0	0	0	0	0	0	0	0	0	0	0	0	0	0	0	0	0
21.48	6.897757916422957	1.702313037625205	-6.738458311686943	0	0.9399999999999999	0	0	0	0	0	0	0	0	0	0.02741995141412339	0.01525863753038474	-0.2436243817699686	0	2.357231676591034e-06	0	0	0	0	0	0	0	0	0	0	0	0	0	0	0	0	0	0	0	0
21.5	6.904286634902653	1.699650269574035	-6.732383075474428	0	0.9399999999999999	0	0	0	0	0	0	0	0	0	0.01658860872041174	0.003968454876240892	-0.2306943031147353	0	3.450885142964366e-06	0	0	0	0	0	0	0	0	0	0	0	0	0	0	0	0	0	0	0	0
21.52	6.907980073694499	1.698469172893801	-6.729743563583746	0	0.9399999999999999	0	0	0	0	0	0	0	0	0	0.007098208893889148	0.002782558701288659	-0.2221770638254324	0	1.299679890054501e-07	0	0	0	0	0	0	0	0	0	0	0	0	0	0	0	0	0	0	0	0
21.54	6.907632257985092	1.698406746870555	-6.729537338670881	0	0.9399999999999999	0	0	0	0	0	0	0	0	0	0.008729566105884514	-0.002574370052306141	-0.2262240484941485	0	5.802423770850012e-06	0	0	0	0	0	0	0	0	0	0	0	0	0	0	0	0	0	0	0	0
21.56	6.911379421130651	1.697623277592167	-6.726582461949187	0	0.9399999999999999	0	0	0	0	0	0	0	0	0	0.0001764128936692021	-0.008122119367836529	-0.2214195345748199	0	-1.271479065064033e-05	0	0	0	0	0	0	0	0	0	0	0	0	0	0	0	0	0	0	0	0
21.58	6.915022647685516	1.696754752203178	-6.723553439237609	0	0.9399999999999999	0	0	0	0	0	0	0	0	0	-0.007606000209849039	-0.01474790758763414	-0.2165423927086134	0	-1.926427233113781e-06	0	0	0	0	0	0	0	0	0	0	0	0	0	0	0	0	0	0	0	0
21.6	6.918112575126902	1.695261574052835	-6.720166377346539	0	0.9399999999999999	0	0	0	0	0	0	0	0	0	-0.01529340310135678	-0.02310024353854271	-0.2126822534750432	0	-4.041384963536965e-06	0	0	0	0	0	0	0	0	0	0	0	0	0	0	0	0	0	0	0	0
21.62	6.920701698106641	1.693706517148172	-6.716245859204184	0	0.9399999999999999	0	0	0	0	0	0	0	0	0	-0.02385765121214848	-0.03173751992640668	-0.2091064235655441	0	-6.366286641230713e-06	0	0	0	0	0	0	0	0	0	0	0	0	0	0	0	0	0	0	0	0
21.64	6.904070697270336	1.692935261839911	-6.692630665083271	0	0.9399999999999999	0	0	0	0	0	0	0	0	0	-0.03439645129189096	-0.03891312252634448	-0.2049882717782117	0	-1.144496024016343e-07	0	0	0	0	0	0	0	0	0	0	0	0	0	0	0	0	0	0	0	0
21.66	6.907571895203708	1.692334844562699	-6.689183055029723	0	0.9399999999999999	0	0	0	0	0	0	0	0	0	-0.04190255706755507	-0.04696924600693576	-0.2020736006001679	0	-1.595731597493574e-05	0	0	0	0	0	0	0	0	0	0	0	0	0	0	0	0	0	0	0	0
21.68	6.864340106981235	1.690641299751103	-6.63300803055578	0	0.9399999999999999	0	0	0	0	0	0	0	0	0	-0.053919570027975	-0.05397194454504695	-0.1939901711080975	0	-4.845219692301223e-07	0	0	0	0	0	0	0	0	0	0	0	0	0	0	0	0	0	0	0	0
21.7	6.864548421212802	1.690648198978548	-6.633207849215318	0	0.9399999999999999	0	0	0	0	0	0	0	0	0	-0.0605122890864817	-0.06105690880869557	-0.1992691186326196	0	-2.263068783194928e-07	0	0	0	0	0	0	0	0	0	0	0	0	0	0	0	0	0	0	0	0
21.72	6.835138764101844	1.69026986615247	-6.59711495007211	0	0.9399999999999999	0	0	0	0	0	0	0	0	0	-0.06942468418704092	-0.06838751961631345	-0.1970193574739559	0	2.686944530443411e-07	0	0	0	0	0	0	0	0	0	0	0	0	0	0	0	0	0	0	0	0
21.74	6.797282665999839	1.690239553094903	-6.552611253119081	0	0.9399999999999999	0	0	0	0	0	0	0	0	0	-0.07925913106309825	-0.07660631229872929	-0.1936030646773593	0	-4.537226185845815e-07	0	0	0	0	0	0	0	0	0	0	0	0	0	0	0	0	0	0	0	0
21.76	6.713059861524226	1.69132743469819	-6.456397958749397	0	0.9399999999999999	0	0	0	0	0	0	0	0	0	-0.1137401764866343	-0.08641944740333657	-0.1902018338187417	0	-2.191387842370797e-07	0	0	0	0	0	0	0	0	0	0	0	0	0	0	0	0	0	0	0	0
21.78	6.712356921638126	1.691438075932242	-6.455554784267582	0	0.9399999999999999	0	0	0	0	0	0	0	0	0	-0.1020905523671347	-0.09688144179943189	-0.1887821627058872	0	2.110691922295491e-05	0	0	0	0	0	0	0	0	0	0	0	0	0	0	0	0	0	0	0	0
21.8	6.673494250909475	1.692483789934158	-6.411355043502687	0	0.9399999999999999	0	0	0	0	0	0	0	0	0	-0.1151771926718394	-0.1105798323156607	-0.1875595824822268	0	3.805006220881089e-08	0	0	0	0	0	0	0	0	0	0	0	0	0	0	0	0	0	0	0	0
21.82	6.633889539612804	1.693790494053389	-6.366952653719756	0	0.9399999999999999	0	0	0	0	0	0	0	0	0	-0.1302814648611693	-0.1267921790846665	-0.1858595374894831	0	-2.546870464017e-07	0	0	0	0	0	0	0	0	0	0	0	0	0	0	0	0	0	0	0	0
21.84	6.531583505677807	1.696406345137066	-6.257066739742517	0	0.9399999999999999	0	0	0	0	0	0	0	0	0	-0.1709015655741719	-0.1637564459802792	-0.1848988236013837	0	3.081003598373696e-07	0	0	0	0	0	0	0	0	0	0	0	0	0	0	0	0	0	0	0	0
21.86	6.531583505677807	1.696406345137066	-6.257066739742517	0	0.9399999999999999	0	0	0	0	0	0	0	0	0	-0.1709015655741719	-0.1637564459802792	-0.1848988236013837	0	3.081003598373696e-07	0	0	0	0	0	0	0	0	0	0	0	0	0	0	0	0	0	0	0	0
21.88	6.459115206639823	1.697091451380095	-6.181128098895908	0	0.9399999999999999	0	0	0	0	0	0	0	0	0	-0.1957230528222236	-0.1814542200009701	-0.1858469525035188	0	-4.141321026273937e-07	0	0	0	0	0	0	0	0	0	0	0	0	0	0	0	0	0	0	0	0
21.9	6.285228106554724	1.699361285365746	-5.999718476317581	0	0.9399999999999999	0	0	0	0	0	0	0	0	0	-0.2598184279300633	-0.2062114438809685	-0.1940780958838639	0	4.840662170333341e-07	0	0	0	0	0	0	0	0	0	0	0	0	0	0	0	0	0	0	0	0
21.92	6.205213096927862	1.70320340151216	-5.91570303162744	0	0.9399999999999999	0	0	0	0	0	0	0	0	0	-0.2670551506890569	-0.2302175948725084	-0.1981160515146483	0	-9.657166886813629e-07	0	0	0	0	0	0	0	0	0	0	0	0	0	0	0	0	0	0	0	0
21.94	6.205213096927862	1.70320340151216	-5.91570303162744	0	0.9399999999999999	0	0	0	0	0	0	0	0	0	-0.2670551506890569	-0.2302175948725084	-0.1981160515146483	0	-9.657166886813629e-07	0	0	0	0	0	0	0	0	0	0	0	0	0	0	0	0	0	0	0	0
21.96	6.125069883897425	1.708392543871046	-5.831712498770587	0	0.9399999999999999	0	0	0	0	0	0	0	0	0	-0.2888964760309275	-0.2420156452184034	-0.2061576237957946	0	6.477459484747357e-07	0	0	0	0	0	0	0	0	0	0	0	0	0	0	0	0	0	0	0	0
21.98	6.000678205481095	1.721800112298492	-5.700455324154131	0	0.9399999999999999	0	0	0	0	0	0	0	0	0	-0.3313860150067257	-0.2522558514891626	-0.2171207479670969	0	1.233355896343603e-07	0	0	0	0	0	0	0	0	0	0	0	0	0	0	0	0	0	0	0	0
22	5.955620511616486	1.728842142030228	-5.653041745055994	0	0.9399999999999999	0	0	0	0	0	0	0	0	0	-0.3402389587555023	-0.2514812733198428	-0.2136760577724635	0	-5.721970019688026e-08	0	0	0	0	0	0	0	0	0	0	0	0	0	0	0	0	0	0	0	0
22.02	5.912095533987322	1.73532627051654	-5.608023773264346	0	0.9399999999999999	0	0	0	0	0	0	0	0	0	-0.3749501738544543	-0.2554103442336232	-0.2177534947873863	0	9.12643319905112e-08	0	0	0	0	0	0	0	0	0	0	0	0	0	0	0	0	0	0	0	0
22.04	5.86488779419553	1.740885490648174	-5.559893822466741	0	0.9399999999999999	0	0	0	0	0	0	0	0	0	-0.3983133174450975	-0.2609538709386241	-0.213810711972251	0	9.417831993811197e-08	0	0	0	0	0	0	0	0	0	0	0	0	0	0	0	0	0	0	0	0
22.06	5.86488779419553	1.740885490648174	-5.559893822466741	0	0.9399999999999999	0	0	0	0	0	0	0	0	0	-0.3983133174450975	-0.2609538709386241	-0.213810711972251	0	9.417831993811197e-08	0	0	0	0	0	0	0	0	0	0	0	0	0	0	0	0	0	0	0	0
22.08	5.816923425761388	1.744518632184383	-5.511360322062242	0	0.9399999999999999	0	0	0	0	0	0	0	0	0	-0.4207951842178076	-0.269376102908028	-0.2064809852191001	0	1.625238182814461e-07	0	0	0	0	0	0	0	0	0	0	0	0	0	0	0	0	0	0	0	0
22.1	5.726899472534371	1.741650752016117	-5.421754681864392	0	0.9399999999999999	0	0	0	0	0	0	0	0	0	-0.4576674092444604	-0.2990919419844347	-0.186047503288	0	-2.420524607933917e-07	0	0	0	0	0	0	0	0	0	0	0	0	0	0	0	0	0	0	0	0
22.12	5.726899472534371	1.741650752016117	-5.421754681864392	0	0.9399999999999999	0	0	0	0	0	0	0	0	0	-0.4576674092444604	-0.2990919419844347	-0.186047503288	0	-2.420524607933917e-07	0	0	0	0	0	0	0	0	0	0	0	0	0	0	0	0	0	0	0	0
22.14	5.682028429880736	1.736172876660581	-5.37750219061037	0	0.9399999999999999	0	0	0	0	0	0	0	0	0	-0.4726165859049803	-0.3191107631024342	-0.1739692415976636	0	1.181819662291876e-07	0	0	0	0	0	0	0	0	0	0	0	0	0	0	0	0	0	0	0	0
22.16	5.564302611416291	1.726528486977381	-5.260545282689866	0	0.9399999999999999	0	0	0	0	0	0	0	0	0	-0.5103493852387705	-0.3567576064005908	-0.153098561350531	0	8.859791972492745e-07	0	0	0	0	0	0	0	0	0	0	0	0	0	0	0	0	0	0	0	0
22.18	5.522405239676214	1.718999992886648	-5.215916038427848	0	0.9399999999999999	0	0	0	0	0	0	0	0	0	-0.52359878	-0.370986257691471	-0.1451791388904595	0	1.673715079332953e-06	0	0	0	0	0	0	0	0	0	0	0	0	0	0	0	0	0	0	0	0
22.2	5.51632675293653	1.704446001474268	-5.203428016615775	0	0.9399999999999999	0	0	0	0	0	0	0	0	0	-0.52359878	-0.3815861279645956	-0.1391780421362511	0	1.533254220160064e-07	0	0	0	0	0	0	0	0	0	0	0	0	0	0	0	0	0	0	0	0
22.22	5.51632675293653	1.704446001474268	-5.203428016615775	0	0.9399999999999999	0	0	0	0	0	0	0	0	0	-0.52359878	-0.3815861279645956	-0.1391780421362511	0	1.533254220160064e-07	0	0	0	0	0	0	0	0	0	0	0	0	0	0	0	0	0	0	0	0
22.24	5.523725643252314	1.674752684564822	-5.196886156350849	0	0.9399999999999999	0	0	0	0	0	0	0	0	0	-0.52359878	-0.3850955019440738	-0.1497633120695797	0	5.713175725111247e-06	0	0	0	0	0	0	0	0	0	0	0	0	0	0	0	0	0	0	0	0
22.26	5.526101173052461	1.661298377584317	-5.192718429245664	0	0.9399999999999999	0	0	0	0	0	0	0	0	0	-0.52359878	-0.376504558222731	-0.1651071328953901	0	-7.445901927520002e-06	0	0	0	0	0	0	0	0	0	0	0	0	0	0	0	0	0	0	0	0
22.28	5.526079834468955	1.661292553191233	-5.192690161342559	0	0.9399999999999999	0	0	0	0	0	0	0	0	0	-0.52359878	-0.3765195809269994	-0.1651033006301553	0	-7.286633704738804e-06	0	0	0	0	0	0	0	0	0	0	0	0	0	0	0	0	0	0	0	0
22.3	5.404218570661614	1.6345891535969	-5.058755235970181	0	0.9399999999999999	0	0	0	0	0	0	0	0	0	-0.52359878	-0.3454578537218669	-0.2058429225235598	0	7.271869686728687e-07	0	0	0	0	0	0	0	0	0	0	0	0	0	0	0	0	0	0	0	0
22.32	5.408332315527105	1.618675346931999	-5.054542494333607	0	0.9399999999999999	0	0	0	0	0	0	0	0	0	-0.52359878	-0.3417099613667662	-0.2027954455338512	0	3.730436480206861e-06	0	0	0	0	0	0	0	0	0	0	0	0	0	0	0	0	0	0	0	0
22.34	5.328522452122982	1.62160546385277	-4.97846833740211	0	0.9399999999999999	0	0	0	0	0	0	0	0	0	-0.52359878	-0.3220580316810471	-0.2255683433694462	0	-6.443270301282102e-09	0	0	0	0	0	0	0	0	0	0	0	0	0	0	0	0	0	0	0	0
22.36	5.034065482310318	1.598207056349817	-4.675806545827207	0	0.9399999999999999	0	0	0	0	0	0	0	0	0	-0.52359878	-0.27320358604942	-0.2615683243037443	0	1.650275010371549e-07	0	0	0	0	0	0	0	0	0	0	0	0	0	0	0	0	0	0	0	0
22.38	5.034065482310318	1.598207056349817	-4.675806545827207	0	0.9399999999999999	0	0	0	0	0	0	0	0	0	-0.52359878	-0.27320358604942	-0.2615683243037443	0	1.650275010371549e-07	0	0	0	0	0	0	0	0	0	0	0	0	0	0	0	0	0	0	0	0
22.4	5.036842947419132	1.579420659340745	-4.671603969099746	0	0.9399999999999999	0	0	0	0	0	0	0	0	0	-0.52359878	-0.2141622861190835	-0.2942249037122185	0	-6.560973503347126e-06	0	0	0	0	0	0	0	0	0	0	0	0	0	0	0	0	0	0	0	0
22.42	5.03682475254113	1.579420688433242	-4.67158664571292	0	0.9399999999999999	0	0	0	0	0	0	0	0	0	-0.52359878	-0.2141634691933827	-0.2942241553648037	0	-7.02799298281248e-06	0	0	0	0	0	0	0	0	0	0	0	0	0	0	0	0	0	0	0	0
22.44	5.03877579725062	1.571331593245707	-4.669404119375522	0	0.9399999999999999	0	0	0	0	0	0	0	0	0	-0.52359878	-0.1891203236487222	-0.3073536307912285	0	1.684460028468654e-07	0	0	0	0	0	0	0	0	0	0	0	0	0	0	0	0	0	0	0	0
22.46	5.041322531948338	1.5652460354892	-4.667351106947936	0	0.9399999999999999	0	0	0	0	0	0	0	0	0	-0.52359878	-0.1667348091359236	-0.3193025605844397	0	3.256830673438443e-06	0	0	0	0	0	0	0	0	0	0	0	0	0	0	0	0	0	0	0	0
22.48	5.044635429050269	1.560720664179956	-4.665296651234629	0	0.9399999999999999	0	0	0	0	0	0	0	0	0	-0.52359878	-0.1481078271458879	-0.3305721527494492	0	9.158467239094968e-06	0	0	0	0	0	0	0	0	0	0	0	0	0	0	0	0	0	0	0	0
22.5	6.136776416129401	1.535071477721316	-5.742447618659154	0	0.9399999999999999	0	0	0	0	0	0	0	0	0	-0.52359878	-0.1527091432088148	-0.3630545683817891	0	-1.623338236484147e-06	0	0	0	0	0	0	0	0	0	0	0	0	0	0	0	0	0	0	0	0
22.52	6.140939626152076	1.531559787316444	-5.738518646289241	0	0.9399999999999999	0	0	0	0	0	0	0	0	0	-0.52359878	-0.1500530434900138	-0.3711517156346744	0	2.827170435514656e-06	0	0	0	0	0	0	0	0	0	0	0	0	0	0	0	0	0	0	0	0
22.54	6.140939626152076	1.531559787316444	-5.738518646289241	0	0.9399999999999999	0	0	0	0	0	0	0	0	0	-0.52359878	-0.1500530434900138	-0.3711517156346744	0	2.827170435514656e-06	0	0	0	0	0	0	0	0	0	0	0	0	0	0	0	0	0	0	0	0
22.56	6.209910799192294	1.527553251000546	-5.798281352532081	0	0.9399999999999999	0	0	0	0	0	0	0	0	0	-0.52359878	-0.1503198186367593	-0.3780803810279643	0	-9.150556831205597e-07	0	0	0	0	0	0	0	0	0	0	0	0	0	0	0	0	0	0	0	0
22.58	6.320887720250245	1.522499844869815	-5.889255129897855	0	0.9399999999999999	0	0	0	0	0	0	0	0	0	-0.52359878	-0.1605918377403348	-0.376228664531054	0	6.449516203445747e-07	0	0	0	0	0	0	0	0	0	0	0	0	0	0	0	0	0	0	0	0
22.6	6.396725172047693	1.520622581722179	-5.957799429221001	0	0.9399999999999999	0	0	0	0	0	0	0	0	0	-0.52359878	-0.1594445874923014	-0.4008594843262867	0	2.036458088070007e-07	0	0	0	0	0	0	0	0	0	0	0	0	0	0	0	0	0	0	0	0
22.62	6.396725172047693	1.520622581722179	-5.957799429221001	0	0.9399999999999999	0	0	0	0	0	0	0	0	0	-0.52359878	-0.1594445874923014	-0.4008594843262867	0	2.036458088070007e-07	0	0	0	0	0	0	0	0	0	0	0	0	0	0	0	0	0	0	0	0
22.64	6.504689326227589	1.52040227171737	-6.057639905485486	0	0.9399999999999999	0	0	0	0	0	0	0	0	0	-0.52359878	-0.165809701920945	-0.4105707412768638	0	1.06801471358922e-06	0	0	0	0	0	0	0	0	0	0	0	0	0	0	0	0	0	0	0	0
22.66	6.63086251732287	1.520777238099606	-6.176554218666686	0	0.9399999999999999	0	0	0	0	0	0	0	0	0	-0.52359878	-0.1724895816141829	-0.4213937903297299	0	-7.192840101060323e-07	0	0	0	0	0	0	0	0	0	0	0	0	0	0	0	0	0	0	0	0
22.68	6.906124210739885	1.522141283208623	-6.439892570858675	0	0.9399999999999999	0	0	0	0	0	0	0	0	0	-0.52359878	-0.1864751770538219	-0.4426515255987084	0	2.811320194158949e-06	0	0	0	0	0	0	0	0	0	0	0	0	0	0	0	0	0	0	0	0
22.7	7.064640436406204	1.522082303798659	-6.593187814705879	0	0.9399999999999999	0	0	0	0	0	0	0	0	0	-0.52359878	-0.1945503066522405	-0.4506493925539715	0	8.067356799950824e-06	0	0	0	0	0	0	0	0	0	0	0	0	0	0	0	0	0	0	0	0
22.72	7.064640436406204	1.522082303798659	-6.593187814705879	0	0.9399999999999999	0	0	0	0	0	0	0	0	0	-0.52359878	-0.1945503066522405	-0.4506493925539715	0	8.067356799950824e-06	0	0	0	0	0	0	0	0	0	0	0	0	0	0	0	0	0	0	0	0
22.74	7.234947777704393	1.52035846219101	-6.75858017229979	0	0.9399999999999999	0	0	0	0	0	0	0	0	0	-0.52359878	-0.2037116335044832	-0.4558541662670661	0	5.772032357221514e-06	0	0	0	0	0	0	0	0	0	0	0	0	0	0	0	0	0	0	0	0
22.76	7.401201030855018	1.51688607058873	-6.920193021995976	0	0.9399999999999999	0	0	0	0	0	0	0	0	0	-0.52359878	-0.2137112908189787	-0.4585529818594911	0	-3.750638177956496e-06	0	0	0	0	0	0	0	0	0	0	0	0	0	0	0	0	0	0	0	0
22.78	7.560109149462687	1.511901090557313	-7.074519317008295	0	0.9399999999999999	0	0	0	0	0	0	0	0	0	-0.52359878	-0.2249413169244059	-0.458496388891781	0	1.289619946074634e-07	0	0	0	0	0	0	0	0	0	0	0	0	0	0	0	0	0	0	0	0
22.8	7.694615502122187	1.505771718569157	-7.204833877430045	0	0.9399999999999999	0	0	0	0	0	0	0	0	0	-0.52359878	-0.2364861645052817	-0.4564116739904918	0	-3.660709411042707e-07	0	0	0	0	0	0	0	0	0	0	0	0	0	0	0	0	0	0	0	0
22.82	7.896204759838142	1.48978794436659	-7.400331383562895	0	0.9399999999999999	0	0	0	0	0	0	0	0	0	-0.52359878	-0.2556347465305592	-0.4534684225909702	0	4.245251731702795e-07	0	0	0	0	0	0	0	0	0	0	0	0	0	0	0	0	0	0	0	0
22.84	7.896204759838142	1.48978794436659	-7.400331383562895	0	0.9399999999999999	0	0	0	0	0	0	0	0	0	-0.52359878	-0.2556347465305592	-0.4534684225909702	0	4.245251731702795e-07	0	0	0	0	0	0	0	0	0	0	0	0	0	0	0	0	0	0	0	0
22.86	7.968822904761117	1.480338798699947	-7.471102198539927	0	0.9399999999999999	0	0	0	0	0	0	0	0	0	-0.52359878	-0.2647967152570463	-0.4529935354348033	0	3.319364290877002e-07	0	0	0	0	0	0	0	0	0	0	0	0	0	0	0	0	0	0	0	0
22.88	8.051109166361671	1.472734488990149	-7.551401656792095	0	0.9399999999999999	0	0	0	0	0	0	0	0	0	-0.52359878	-0.2717818648844396	-0.4503991941278251	0	-1.113074343152712e-06	0	0	0	0	0	0	0	0	0	0	0	0	0	0	0	0	0	0	0	0
22.9	8.122007488498474	1.448755948295936	-7.625641740668497	0	0.9399999999999999	0	0	0	0	0	0	0	0	0	-0.52359878	-0.2961183462770234	-0.4472587644668001	0	2.694271914692756e-07	0	0	0	0	0	0	0	0	0	0	0	0	0	0	0	0	0	0	0	0
22.92	8.122007488498474	1.448755948295936	-7.625641740668497	0	0.9399999999999999	0	0	0	0	0	0	0	0	0	-0.52359878	-0.2961183462770234	-0.4472587644668001	0	2.694271914692756e-07	0	0	0	0	0	0	0	0	0	0	0	0	0	0	0	0	0	0	0	0
22.94	8.165316421972879	1.437002107588908	-7.670540698711155	0	0.9399999999999999	0	0	0	0	0	0	0	0	0	-0.52359878	-0.3116953068066061	-0.4421357936595162	0	-3.000469341717697e-07	0	0	0	0	0	0	0	0	0	0	0	0	0	0	0	0	0	0	0	0
22.96	8.229087361524575	1.412853238846491	-7.738461913900993	0	0.9399999999999999	0	0	0	0	0	0	0	0	0	-0.5183529061074712	-0.3319273282971178	-0.4380151341925976	0	9.804641278368941e-07	0	0	0	0	0	0	0	0	0	0	0	0	0	0	0	0	0	0	0	0
22.98	8.26088439577615	1.418030389802363	-7.767652688264636	0	0.9399999999999999	0	0	0	0	0	0	0	0	0	-0.4928009399342579	-0.3629019062192575	-0.4164622231703263	0	5.623752238904141e-07	0	0	0	0	0	0	0	0	0	0	0	0	0	0	0	0	0	0	0	0
23	8.290324133542978	1.423735008796532	-7.794842053028188	0	0.9399999999999999	0	0	0	0	0	0	0	0	0	-0.461343672224381	-0.3771014531337818	-0.4031344001912907	0	3.615135945645843e-07	0	0	0	0	0	0	0	0	0	0	0	0	0	0	0	0	0	0	0	0
23.02	8.320619761623618	1.429699858574729	-7.823005892500903	0	0.9399999999999999	0	0	0	0	0	0	0	0	0	-0.4287748626528202	-0.3901369611923088	-0.3916669640733449	0	7.512075781971764e-07	0	0	0	0	0	0	0	0	0	0	0	0	0	0	0	0	0	0	0	0
23.04	8.354141767858296	1.436064005477438	-7.854671019790585	0	0.9399999999999999	0	0	0	0	0	0	0	0	0	-0.3948224016979533	-0.4011706102230427	-0.3812706517958998	0	9.25341328999904e-09	0	0	0	0	0	0	0	0	0	0	0	0	0	0	0	0	0	0	0	0
23.06	8.38933608102993	1.441999170863529	-7.888392960804188	0	0.9399999999999999	0	0	0	0	0	0	0	0	0	-0.3604303209783316	-0.4117096557655723	-0.3710630331740367	0	1.054457254973265e-07	0	0	0	0	0	0	0	0	0	0	0	0	0	0	0	0	0	0	0	0
23.08	8.419008050510261	1.445792501215665	-7.916257809287753	0	0.9399999999999999	0	0	0	0	0	0	0	0	0	-0.3280310196592442	-0.4243821246107791	-0.3598445913399183	0	-1.920157769436062e-08	0	0	0	0	0	0	0	0	0	0	0	0	0	0	0	0	0	0	0	0
23.1	8.449102545330041	1.448909951903851	-7.944384908435913	0	0.9399999999999999	0	0	0	0	0	0	0	0	0	-0.2971218876488173	-0.4382994252624328	-0.3469926349710012	0	-6.773118072265572e-08	0	0	0	0	0	0	0	0	0	0	0	0	0	0	0	0	0	0	0	0
23.12	8.481669760024362	1.452878337547095	-7.97515279860642	0	0.9399999999999999	0	0	0	0	0	0	0	0	0	-0.2655336784080028	-0.4514366615039189	-0.3344001153176466	0	-5.311972545159694e-08	0	0	0	0	0	0	0	0	0	0	0	0	0	0	0	0	0	0	0	0
23.14	8.512208580744007	1.457363161828791	-8.004094946763397	0	0.9399999999999999	0	0	0	0	0	0	0	0	0	-0.2335815809319414	-0.4613767470734174	-0.3215357200242215	0	-2.871347847802602e-08	0	0	0	0	0	0	0	0	0	0	0	0	0	0	0	0	0	0	0	0
23.16	8.512208580744007	1.457363161828791	-8.004094946763397	0	0.9399999999999999	0	0	0	0	0	0	0	0	0	-0.2335815809319414	-0.4613767470734174	-0.3215357200242215	0	-2.871347847802602e-08	0	0	0	0	0	0	0	0	0	0	0	0	0	0	0	0	0	0	0	0
23.18	8.602469237470682	1.469510184827008	-8.092542672644122	0	0.9399999999999999	0	0	0	0	0	0	0	0	0	-0.1658126429119631	-0.464891106471958	-0.2932509728221183	0	7.636536461934113e-07	0	0	0	0	0	0	0	0	0	0	0	0	0	0	0	0	0	0	0	0
23.2	8.672521002838264	1.476627536723659	-8.162882480057263	0	0.9399999999999999	0	0	0	0	0	0	0	0	0	-0.119397927769806	-0.4587717478427124	-0.2826240029244668	0	-1.091993050532217e-07	0	0	0	0	0	0	0	0	0	0	0	0	0	0	0	0	0	0	0	0
23.22	8.762317022719047	1.483587967805639	-8.253846069062762	0	0.9399999999999999	0	0	0	0	0	0	0	0	0	-0.09699404513553797	-0.4580244224739111	-0.2670105168459555	0	2.155106238974109e-06	0	0	0	0	0	0	0	0	0	0	0	0	0	0	0	0	0	0	0	0
23.24	8.762317022719047	1.483587967805639	-8.253846069062762	0	0.9399999999999999	0	0	0	0	0	0	0	0	0	-0.09699404513553797	-0.4580244224739111	-0.2670105168459555	0	2.155106238974109e-06	0	0	0	0	0	0	0	0	0	0	0	0	0	0	0	0	0	0	0	0
23.26	8.982787141108719	1.495624340996319	-8.478772908685182	0	0.9399999999999999	0	0	0	0	0	0	0	0	0	-0.03171992652630524	-0.4475165681564011	-0.2495235819969021	0	2.732640165603823e-07	0	0	0	0	0	0	0	0	0	0	0	0	0	0	0	0	0	0	0	0
23.28	8.982787141108719	1.495624340996319	-8.478772908685182	0	0.9399999999999999	0	0	0	0	0	0	0	0	0	-0.03171992652630524	-0.4475165681564011	-0.2495235819969021	0	2.732640165603823e-07	0	0	0	0	0	0	0	0	0	0	0	0	0	0	0	0	0	0	0	0
23.3	9.103330514387046	1.500244702113837	-8.602112123875157	0	0.9399999999999999	0	0	0	0	0	0	0	0	0	-0.002126559669855953	-0.4408018321049073	-0.2430441306625181	0	-5.623618475439926e-09	0	0	0	0	0	0	0	0	0	0	0	0	0	0	0	0	0	0	0	0
23.32	9.313413749048104	1.507687278113547	-8.817974047304109	0	0.9399999999999999	0	0	0	0	0	0	0	0	0	0.05133356529576413	-0.4272330213155553	-0.2333476853430442	0	-3.001293504276337e-07	0	0	0	0	0	0	0	0	0	0	0	0	0	0	0	0	0	0	0	0
23.34	9.313413749048104	1.507687278113547	-8.817974047304109	0	0.9399999999999999	0	0	0	0	0	0	0	0	0	0.05133356529576413	-0.4272330213155553	-0.2333476853430442	0	-3.001293504276337e-07	0	0	0	0	0	0	0	0	0	0	0	0	0	0	0	0	0	0	0	0
23.36	9.56927086762059	1.51565769411951	-9.079626872708218	0	0.9399999999999999	0	0	0	0	0	0	0	0	0	0.1027658230629658	-0.4063101647835572	-0.2372779876314022	0	-4.692820151046179e-07	0	0	0	0	0	0	0	0	0	0	0	0	0	0	0	0	0	0	0	0
23.38	9.56927086762059	1.51565769411951	-9.079626872708218	0	0.9399999999999999	0	0	0	0	0	0	0	0	0	0.1027658230629658	-0.4063101647835572	-0.2372779876314022	0	-4.692820151046179e-07	0	0	0	0	0	0	0	0	0	0	0	0	0	0	0	0	0	0	0	0
23.4	9.970845868635086	1.52049539548035	-9.490600176272167	0	0.9399999999999999	0	0	0	0	0	0	0	0	0	0.1500460391672429	-0.3808379503636895	-0.2397616234518154	0	8.380854378240996e-07	0	0	0	0	0	0	0	0	0	0	0	0	0	0	0	0	0	0	0	0
23.42	9.970847072501986	1.520494382815252	-9.490598924420224	0	0.9399999999999999	0	0	0	0	0	0	0	0	0	0.1500471362536333	-0.3808372627960107	-0.2397623638443857	0	4.866158233636173e-07	0	0	0	0	0	0	0	0	0	0	0	0	0	0	0	0	0	0	0	0
23.44	10.14661700095731	1.519025687731645	-9.672812543309192	0	0.9399999999999999	0	0	0	0	0	0	0	0	0	0.1714695997583338	-0.3663957980701001	-0.2394263202495233	0	-2.571143596156041e-07	0	0	0	0	0	0	0	0	0	0	0	0	0	0	0	0	0	0	0	0
23.46	10.34080919639141	1.513174633012724	-9.882470746727037	0	0.9399999999999999	0	0	0	0	0	0	0	0	0	0.2069738368852776	-0.3345300665630697	-0.2478297946718952	0	-4.0951006787668e-07	0	0	0	0	0	0	0	0	0	0	0	0	0	0	0	0	0	0	0	0
23.48	10.34080919639141	1.513174633012724	-9.882470746727037	0	0.9399999999999999	0	0	0	0	0	0	0	0	0	0.2069738368852776	-0.3345300665630697	-0.2478297946718952	0	-4.0951006787668e-07	0	0	0	0	0	0	0	0	0	0	0	0	0	0	0	0	0	0	0	0
23.5	10.41887493749981	1.509826240433393	-9.968742413916047	0	0.9399999999999999	0	0	0	0	0	0	0	0	0	0.2232535078325073	-0.3197766879884661	-0.2581297427899141	0	3.955168012695486e-07	0	0	0	0	0	0	0	0	0	0	0	0	0	0	0	0	0	0	0	0
23.52	10.50903582500507	1.506042637205155	-10.06694612827466	0	0.9399999999999999	0	0	0	0	0	0	0	0	0	0.2389210295842746	-0.3097016192235766	-0.2706910405207776	0	-6.246464100546309e-09	0	0	0	0	0	0	0	0	0	0	0	0	0	0	0	0	0	0	0	0
23.54	10.61098233188522	1.501728025862125	-10.17673318562978	0	0.9399999999999999	0	0	0	0	0	0	0	0	0	0.2581522880058275	-0.3077948486154873	-0.2791249393691597	0	4.048805860042439e-07	0	0	0	0	0	0	0	0	0	0	0	0	0	0	0	0	0	0	0	0
23.56	10.71598757368771	1.496305246069497	-10.28951435721004	0	0.9399999999999999	0	0	0	0	0	0	0	0	0	0.2901067384115174	-0.3100336092378819	-0.2907893677536541	0	7.935128399437064e-08	0	0	0	0	0	0	0	0	0	0	0	0	0	0	0	0	0	0	0	0
23.58	10.88573885937509	1.481283715059106	-10.47419831626399	0	0.9399999999999999	0	0	0	0	0	0	0	0	0	0.3403641124863051	-0.3122258286688021	-0.2988762608195372	0	4.469490683769966e-07	0	0	0	0	0	0	0	0	0	0	0	0	0	0	0	0	0	0	0	0
23.6	10.94218198224541	1.474024964280412	-10.53741371903413	0	0.9399999999999999	0	0	0	0	0	0	0	0	0	0.3633267527488678	-0.320880777026315	-0.285832564023246	0	1.006053174673878e-07	0	0	0	0	0	0	0	0	0	0	0	0	0	0	0	0	0	0	0	0
23.62	10.98676055735567	1.468524063639325	-10.58809505069999	0	0.9399999999999999	0	0	0	0	0	0	0	0	0	0.3424495761584588	-0.3225166821328119	-0.2753224572630865	0	1.983242908281769e-07	0	0	0	0	0	0	0	0	0	0	0	0	0	0	0	0	0	0	0	0
23.64	11.02411657243637	1.464049759669668	-10.63087127873378	0	0.9399999999999999	0	0	0	0	0	0	0	0	0	0.3438444029048726	-0.3125016896519927	-0.2967496257558851	0	8.899780280113687e-08	0	0	0	0	0	0	0	0	0	0	0	0	0	0	0	0	0	0	0	0
23.66	11.02411657243637	1.464049759669668	-10.63087127873378	0	0.9399999999999999	0	0	0	0	0	0	0	0	0	0.3438444029048726	-0.3125016896519927	-0.2967496257558851	0	8.899780280113687e-08	0	0	0	0	0	0	0	0	0	0	0	0	0	0	0	0	0	0	0	0
23.68	11.06234173669912	1.458809619974248	-10.67442506253581	0	0.9399999999999999	0	0	0	0	0	0	0	0	0	0.355662470369672	-0.2996602665810317	-0.3178644393225725	0	-2.493414432982759e-08	0	0	0	0	0	0	0	0	0	0	0	0	0	0	0	0	0	0	0	0
23.7	11.09949915484438	1.452795531060172	-10.71717673859292	0	0.9399999999999999	0	0	0	0	0	0	0	0	0	0.3682101093178203	-0.2931200820228961	-0.3224517445969162	0	-6.016103726772063e-08	0	0	0	0	0	0	0	0	0	0	0	0	0	0	0	0	0	0	0	0
23.72	11.15059752939664	1.44195354517165	-10.77891115108003	0	0.9399999999999999	0	0	0	0	0	0	0	0	0	0.3898497376080964	-0.3003940243712693	-0.3129895699047811	0.02668010377764515	0.02668010373930118	0	0	0	0	0	0	0	0	0	0	0	0	0	0	0	0	0	0	0	0
23.74	11.16767844709192	1.437358999125959	-10.80112792871516	0	0.9399999999999999	0	0	0	0	0	0	0	0	0	0.437327615119235	-0.3115683012728467	-0.2746731308713448	0.1572971403401073	0.157297141135263	0	0	0	0	0	0	0	0	0	0	0	0	0	0	0	0	0	0	0	0
23.76	11.18524166713011	1.434891516190139	-10.82395915155926	0	0.9399999999999999	0	0	0	0	0	0	0	0	0	0.4547008778679733	-0.3125848992681768	-0.2678518981411177	0.2066456360137488	0.2066456244672515	0	0	0	0	0	0	0	0	0	0	0	0	0	0	0	0	0	0	0	0
23.78	11.18524166713011	1.434891516190139	-10.82395915155926	0	0.9399999999999999	0	0	0	0	0	0	0	0	0	0.4547008778679733	-0.3125848992681768	-0.2678518981411177	0.2066456360137488	0.2066456244672515	0	0	0	0	0	0	0	0	0	0	0	0	0	0	0	0	0	0	0	0
23.8	11.21583767933287	1.433487754113827	-10.86033453855501	0	0.9399999999999999	0	0	0	0	0	0	0	0	0	0.466336594383973	-0.3113435842528962	-0.264875609927518	0.2370719402198376	0.237071851394905	0	0	0	0	0	0	0	0	0	0	0	0	0	0	0	0	0	0	0	0
23.82	11.30269544861447	1.430473162970802	-10.95998305320793	0	0.9399999999999999	0	0	0	0	0	0	0	0	0	0.4769229561635493	-0.3200309092872695	-0.2331615100238913	0.2563312703099626	0.2563312102285024	0	0	0	0	0	0	0	0	0	0	0	0	0	0	0	0	0	0	0	0
23.84	11.34868897957028	1.428615086960776	-11.01259550684628	0	0.9399999999999999	0	0	0	0	0	0	0	0	0	0.4860621604234976	-0.3078177084615862	-0.2095409385611025	0.3023034992759782	0.3023034404658957	0	0	0	0	0	0	0	0	0	0	0	0	0	0	0	0	0	0	0	0
23.86	11.34868897957028	1.428615086960776	-11.01259550684628	0	0.9399999999999999	0	0	0	0	0	0	0	0	0	0.4860621604234976	-0.3078177084615862	-0.2095409385611025	0.3023034992759782	0.3023034404658957	0	0	0	0	0	0	0	0	0	0	0	0	0	0	0	0	0	0	0	0
23.88	11.38914983989933	1.426026120214028	-11.05969883186903	0	0.9399999999999999	0	0	0	0	0	0	0	0	0	0.4891369815007701	-0.3026931918482956	-0.1950118607531916	0.3206877384471519	0.3206874513583332	0	0	0	0	0	0	0	0	0	0	0	0	0	0	0	0	0	0	0	0
23.9	11.4245465669673	1.423466725820251	-11.10164825797515	0	0.9399999999999999	0	0	0	0	0	0	0	0	0	0.4906591592539345	-0.2973319245100354	-0.1810823727678126	0.3322417811359757	0.3322417714737085	0	0	0	0	0	0	0	0	0	0	0	0	0	0	0	0	0	0	0	0
23.92	11.45397984051953	1.421402179631067	-11.1374210341623	0	0.9399999999999999	0	0	0	0	0	0	0	0	0	0.4910080636574763	-0.2919468692924441	-0.166893784330351	0.3403956882102014	0.3403956913675998	0	0	0	0	0	0	0	0	0	0	0	0	0	0	0	0	0	0	0	0
23.94	11.47701836910031	1.419891132378251	-11.17238781459709	0	0.9399999999999999	0	0	0	0	0	0	0	0	0	0.4931614175212123	-0.2818603410465363	-0.1403915441577118	0.3690562475441295	0.3690562498407592	0	0	0	0	0	0	0	0	0	0	0	0	0	0	0	0	0	0	0	0
23.96	11.46919560646252	1.420124405183694	-11.17030873933293	0	0.9399999999999999	0	0	0	0	0	0	0	0	0	0.4955353353134741	-0.2770622196754108	-0.1321207265064606	0.3889909956056289	0.3889909679974643	0	0	0	0	0	0	0	0	0	0	0	0	0	0	0	0	0	0	0	0
23.98	11.45250322958677	1.420465078003304	-11.15942811218714	0	0.9399999999999999	0	0	0	0	0	0	0	0	0	0.4978246794654009	-0.2731783708911474	-0.1281800266886647	0.4093565048429992	0.4093564524382549	0	0	0	0	0	0	0	0	0	0	0	0	0	0	0	0	0	0	0	0
24	11.42780982624554	1.420640579670032	-11.14066230174243	0	0.9399999999999999	0	0	0	0	0	0	0	0	0	0.4991805826997018	-0.2698633296985246	-0.1285375994988844	0.4272933351227883	0.4272928926045259	0	0	0	0	0	0	0	0	0	0	0	0	0	0	0	0	0	0	0	0
24.02	11.42780982624554	1.420640579670032	-11.14066230174243	0	0.9399999999999999	0	0	0	0	0	0	0	0	0	0.4991805826997018	-0.2698633296985246	-0.1285375994988844	0.4272933351227883	0.4272928926045259	0	0	0	0	0	0	0	0	0	0	0	0	0	0	0	0	0	0	0	0
24.04	11.37059224976795	1.419440551997628	-11.09604580278567	0	0.9399999999999999	0	0	0	0	0	0	0	0	0	0.4970082592891713	-0.2609482084631081	-0.138524445456528	0.4423224983984356	0.4423225331061204	0	0	0	0	0	0	0	0	0	0	0	0	0	0	0	0	0	0	0	0
24.06	11.37059224976795	1.419440551997628	-11.09604580278567	0	0.9399999999999999	0	0	0	0	0	0	0	0	0	0.4970082592891713	-0.2609482084631081	-0.138524445456528	0.4423224983984356	0.4423225331061204	0	0	0	0	0	0	0	0	0	0	0	0	0	0	0	0	0	0	0	0
24.08	11.31761380046533	1.417127935022749	-11.05741371236598	0	0.9399999999999999	0	0	0	0	0	0	0	0	0	0.4888597568332749	-0.24588829884036	-0.1559352708312628	0.4405202158783149	0.4405207828568517	0	0	0	0	0	0	0	0	0	0	0	0	0	0	0	0	0	0	0	0
24.1	11.31761412327854	1.417128059649214	-11.05741333516714	0	0.9399999999999999	0	0	0	0	0	0	0	0	0	0.4888595524386445	-0.2458886127693291	-0.1559355999455024	0.4405203477195503	0.4405205587160426	0	0	0	0	0	0	0	0	0	0	0	0	0	0	0	0	0	0	0	0
24.12	11.26763499691011	1.41457532799214	-11.02296048572697	0	0.9399999999999999	0	0	0	0	0	0	0	0	0	0.4786124371393978	-0.2285257471008171	-0.1796029487342447	0.444297030962874	0.4442964619078154	0	0	0	0	0	0	0	0	0	0	0	0	0	0	0	0	0	0	0	0
24.14	11.26763587236865	1.414576008435753	-11.02295974050372	0	0.9399999999999999	0	0	0	0	0	0	0	0	0	0.478612607185161	-0.2285252024512897	-0.1796037109177427	0.4442969287818333	0.4442965247952548	0	0	0	0	0	0	0	0	0	0	0	0	0	0	0	0	0	0	0	0
24.16	11.22800299537934	1.410487010088917	-10.99989016784013	0	0.9399999999999999	0	0	0	0	0	0	0	0	0	0.4733810222595203	-0.216024729350984	-0.2041070144881413	0.4487505029911285	0.4487523110792673	0	0	0	0	0	0	0	0	0	0	0	0	0	0	0	0	0	0	0	0
24.18	11.2113873039707	1.408481551545725	-10.99158296088528	0	0.9399999999999999	0	0	0	0	0	0	0	0	0	0.4733917959564103	-0.2120833292159442	-0.2143752219241171	0.4534505496204429	0.4534502972907514	0	0	0	0	0	0	0	0	0	0	0	0	0	0	0	0	0	0	0	0
24.2	11.20054046670034	1.407506411476816	-10.98888567177762	0	0.9399999999999999	0	0	0	0	0	0	0	0	0	0.4733823212959664	-0.2095277239579723	-0.2235337371693143	0.4590078721088385	0.4590079237486393	0	0	0	0	0	0	0	0	0	0	0	0	0	0	0	0	0	0	0	0
24.22	11.20054030859088	1.407506695318186	-10.98888607413267	0	0.9399999999999999	0	0	0	0	0	0	0	0	0	0.4733823259865677	-0.2095269795954263	-0.2235343163681172	0.4590081776740585	0.4590077295394369	0	0	0	0	0	0	0	0	0	0	0	0	0	0	0	0	0	0	0	0
24.24	11.18256657664829	1.406864889981763	-10.9844075634884	0	0.9399999999999999	0	0	0	0	0	0	0	0	0	0.4714842822789662	-0.2029936705883002	-0.2396111056660516	0.465412895099395	0.4654123446998511	0	0	0	0	0	0	0	0	0	0	0	0	0	0	0	0	0	0	0	0
24.26	11.16164673775774	1.406627953498681	-10.96886286077171	0	0.9399999999999999	0	0	0	0	0	0	0	0	0	0.4683641937924045	-0.1961507666185088	-0.2468474693146648	0.4628447789422775	0.4628445059460984	0	0	0	0	0	0	0	0	0	0	0	0	0	0	0	0	0	0	0	0
24.28	11.16164673775774	1.406627953498681	-10.96886286077171	0	0.9399999999999999	0	0	0	0	0	0	0	0	0	0.4683641937924045	-0.1961507666185088	-0.2468474693146648	0.4628447789422775	0.4628445059460984	0	0	0	0	0	0	0	0	0	0	0	0	0	0	0	0	0	0	0	0
24.3	11.12569774937233	1.406244799157032	-10.94412362766463	0	0.9399999999999999	0	0	0	0	0	0	0	0	0	0.4563044107489164	-0.1808747481708756	-0.2572485761837744	0.4456523013165862	0.4456523371518037	0	0	0	0	0	0	0	0	0	0	0	0	0	0	0	0	0	0	0	0
24.32	11.12569774937233	1.406244799157032	-10.94412362766463	0	0.9399999999999999	0	0	0	0	0	0	0	0	0	0.4563044107489164	-0.1808747481708756	-0.2572485761837744	0.4456523013165862	0.4456523371518037	0	0	0	0	0	0	0	0	0	0	0	0	0	0	0	0	0	0	0	0
24.34	11.12204911680776	1.405245805458458	-10.94689718565652	0	0.9399999999999999	0	0	0	0	0	0	0	0	0	0.4483189310783841	-0.1742924365859734	-0.2596946558130214	0.4324645903307568	0.4324692401712471	0	0	0	0	0	0	0	0	0	0	0	0	0	0	0	0	0	0	0	0
24.36	11.10703956549895	1.404388199114266	-10.93838750379072	0	0.9399999999999999	0	0	0	0	0	0	0	0	0	0.4394922626254299	-0.1663282151153211	-0.2614299464871525	0.4189455360207031	0.4189454621611672	0	0	0	0	0	0	0	0	0	0	0	0	0	0	0	0	0	0	0	0
24.38	11.10407322259585	1.404855460252054	-10.94222774611869	0	0.9399999999999999	0	0	0	0	0	0	0	0	0	0.428394432583206	-0.160520548651176	-0.2616675480352391	0.4042118397529385	0.4042151720658841	0	0	0	0	0	0	0	0	0	0	0	0	0	0	0	0	0	0	0	0
24.4	11.09868818621416	1.404375436957464	-10.95040234652039	0	0.9399999999999999	0	0	0	0	0	0	0	0	0	0.4171204119466433	-0.1577398223035233	-0.2684333141241638	0.3897128654307485	0.389718618895481	0	0	0	0	0	0	0	0	0	0	0	0	0	0	0	0	0	0	0	0
24.42	11.11018692854146	1.40351143957551	-10.968753827467	0	0.9399999999999999	0	0	0	0	0	0	0	0	0	0.3979190144991217	-0.1493171661180778	-0.2646660355164076	0.360974137913374	0.3609740383161646	0	0	0	0	0	0	0	0	0	0	0	0	0	0	0	0	0	0	0	0
24.44	11.11570794430699	1.403563163845666	-10.98045920279893	0	0.9399999999999999	0	0	0	0	0	0	0	0	0	0.3875312527970595	-0.1461147001536171	-0.2676572487673833	0.3464052633155767	0.3464049162170024	0	0	0	0	0	0	0	0	0	0	0	0	0	0	0	0	0	0	0	0
24.46	11.11570794430699	1.403563163845666	-10.98045920279893	0	0.9399999999999999	0	0	0	0	0	0	0	0	0	0.3875312527970595	-0.1461147001536171	-0.2676572487673833	0.3464052633155767	0.3464049162170024	0	0	0	0	0	0	0	0	0	0	0	0	0	0	0	0	0	0	0	0
24.48	11.11132015272197	1.406215408200232	-10.9868740430619	0	0.9399999999999999	0	0	0	0	0	0	0	0	0	0.3647575591074415	-0.1353240402977446	-0.2780978829140883	0.3153109783954144	0.3153095433437944	0	0	0	0	0	0	0	0	0	0	0	0	0	0	0	0	0	0	0	0
24.5	11.10825780650574	1.407486042877761	-10.98858935103725	0	0.9399999999999999	0	0	0	0	0	0	0	0	0	0.3540327838743619	-0.128770844068685	-0.2848979656318467	0.2993019861442529	0.2992993098978129	0	0	0	0	0	0	0	0	0	0	0	0	0	0	0	0	0	0	0	0
24.52	11.10824782442545	1.407475482976849	-10.98857997511469	0	0.9399999999999999	0	0	0	0	0	0	0	0	0	0.3540391961834309	-0.1287700214554011	-0.284895297775388	0.2992997190714153	0.2992971991073635	0	0	0	0	0	0	0	0	0	0	0	0	0	0	0	0	0	0	0	0
24.54	11.07413185452594	1.410431767281903	-10.96287905767981	0	0.9399999999999999	0	0	0	0	0	0	0	0	0	0.3346561212962457	-0.1104704452746884	-0.2997141003632018	0.2678091035617715	0.2678099842795174	0	0	0	0	0	0	0	0	0	0	0	0	0	0	0	0	0	0	0	0
24.56	11.05795563541651	1.412317277258382	-10.95048868428998	0	0.9399999999999999	0	0	0	0	0	0	0	0	0	0.3259403919322736	-0.1019033991963479	-0.3065476922134796	0.2540939021061438	0.2540936598243917	0	0	0	0	0	0	0	0	0	0	0	0	0	0	0	0	0	0	0	0
24.58	11.05795563541651	1.412317277258382	-10.95048868428998	0	0.9399999999999999	0	0	0	0	0	0	0	0	0	0.3259403919322736	-0.1019033991963479	-0.3065476922134796	0.2540939021061438	0.2540936598243917	0	0	0	0	0	0	0	0	0	0	0	0	0	0	0	0	0	0	0	0
24.6	11.04140806057107	1.413668537040063	-10.93756983538319	0	0.9399999999999999	0	0	0	0	0	0	0	0	0	0.3186075679915996	-0.09383769945584025	-0.3128975584092658	0.2414489417896757	0.2414489811325655	0	0	0	0	0	0	0	0	0	0	0	0	0	0	0	0	0	0	0	0
24.62	11.01237136084081	1.412901902512145	-10.9145522448403	0	0.9399999999999999	0	0	0	0	0	0	0	0	0	0.3096814175801623	-0.07973167177529217	-0.3222881257026712	0.2191177725036312	0.2191178044047686	0	0	0	0	0	0	0	0	0	0	0	0	0	0	0	0	0	0	0	0
24.64	11.01237136084081	1.412901902512145	-10.9145522448403	0	0.9399999999999999	0	0	0	0	0	0	0	0	0	0.3096814175801623	-0.07973167177529217	-0.3222881257026712	0.2191177725036312	0.2191178044047686	0	0	0	0	0	0	0	0	0	0	0	0	0	0	0	0	0	0	0	0
24.66	11.01067785888458	1.411700922062165	-10.91519199002807	0	0.9399999999999999	0	0	0	0	0	0	0	0	0	0.3071972553326139	-0.07527921684349931	-0.3244885347159653	0.2097564261951839	0.2097497804934232	0	0	0	0	0	0	0	0	0	0	0	0	0	0	0	0	0	0	0	0
24.68	11.00922080131913	1.411068827654292	-10.91550981507203	0	0.9399999999999999	0	0	0	0	0	0	0	0	0	0.3045342762524578	-0.07127821844515861	-0.3254591416305285	0.2014125776687777	0.2014086096202677	0	0	0	0	0	0	0	0	0	0	0	0	0	0	0	0	0	0	0	0
24.7	11.00826098494874	1.410949111350319	-10.91575934444468	0	0.9399999999999999	0	0	0	0	0	0	0	0	0	0.3014055314941879	-0.06748566507911789	-0.3254539271709534	0.1937901872615719	0.1937890464540957	0	0	0	0	0	0	0	0	0	0	0	0	0	0	0	0	0	0	0	0
24.72	11.00863825738147	1.412760085240802	-10.91772892505707	0	0.9399999999999999	0	0	0	0	0	0	0	0	0	0.2923587210553953	-0.06045754642594434	-0.3235883446008894	0.1787318263013583	0.1787365902423979	0	0	0	0	0	0	0	0	0	0	0	0	0	0	0	0	0	0	0	0
24.74	11.01701940323427	1.413847576474853	-10.92677151551632	0	0.9399999999999999	0	0	0	0	0	0	0	0	0	0.2869363262115674	-0.05802135423910992	-0.3219628381213068	0.17048282475385	0.1704823401556213	0	0	0	0	0	0	0	0	0	0	0	0	0	0	0	0	0	0	0	0
24.76	11.01732214230276	1.414539441022453	-10.92776197507012	0	0.9399999999999999	0	0	0	0	0	0	0	0	0	0.2812292292814841	-0.05410477321706058	-0.3206837185305292	0.1618066605318969	0.161809018834812	0	0	0	0	0	0	0	0	0	0	0	0	0	0	0	0	0	0	0	0
24.78	11.01732521943811	1.414540266412158	-10.92776557425408	0	0.9399999999999999	0	0	0	0	0	0	0	0	0	0.2812291881950043	-0.05410468188725506	-0.3206816193567426	0.1618070271737834	0.1618092537857314	0	0	0	0	0	0	0	0	0	0	0	0	0	0	0	0	0	0	0	0
24.8	11.01758486994326	1.415868699804353	-10.92929975180303	0	0.9399999999999999	0	0	0	0	0	0	0	0	0	0.2685557803712373	-0.04558850585175124	-0.3184995776379556	0.1425937894045555	0.1425947561309449	0	0	0	0	0	0	0	0	0	0	0	0	0	0	0	0	0	0	0	0
24.82	11.01758589990038	1.415868698970923	-10.92930107918869	0	0.9399999999999999	0	0	0	0	0	0	0	0	0	0.2685561531267256	-0.04558773178661733	-0.3185000852582649	0.1425937170390951	0.1425946354006415	0	0	0	0	0	0	0	0	0	0	0	0	0	0	0	0	0	0	0	0
24.84	11.01751528408186	1.416581502309795	-10.93002684019197	0	0.9399999999999999	0	0	0	0	0	0	0	0	0	0.2619544714637652	-0.04105605610590279	-0.3179097641653846	0.1326312493793596	0.1326317006314892	0	0	0	0	0	0	0	0	0	0	0	0	0	0	0	0	0	0	0	0
24.86	11.01706445813906	1.417064392924476	-10.93022582097851	0	0.9399999999999999	0	0	0	0	0	0	0	0	0	0.2556473633921606	-0.03632021216064452	-0.3175165777362228	0.1229613569343806	0.122958856891754	0	0	0	0	0	0	0	0	0	0	0	0	0	0	0	0	0	0	0	0
24.88	11.00464029401668	1.418026615575388	-10.91842908874671	0	0.9399999999999999	0	0	0	0	0	0	0	0	0	0.2434761616315151	-0.02515605290535862	-0.3176859850357495	0.1048050462532366	0.1048040228613328	0	0	0	0	0	0	0	0	0	0	0	0	0	0	0	0	0	0	0	0
24.9	11.00464080786669	1.418023818291966	-10.91842850656442	0	0.9399999999999999	0	0	0	0	0	0	0	0	0	0.243478504496157	-0.02515538679742296	-0.3176848333265918	0.1048042999822309	0.1048033251145027	0	0	0	0	0	0	0	0	0	0	0	0	0	0	0	0	0	0	0	0
24.92	11.00496999353061	1.419042652828754	-10.91849835218543	0	0.9399999999999999	0	0	0	0	0	0	0	0	0	0.2374016561097147	-0.02073950635287084	-0.3175972754497356	0.09659292011566255	0.09659239014368483	0	0	0	0	0	0	0	0	0	0	0	0	0	0	0	0	0	0	0	0
24.94	11.00569516155457	1.420692916309832	-10.91869309939782	0	0.9399999999999999	0	0	0	0	0	0	0	0	0	0.2310074462378826	-0.01663763503388747	-0.3174995861796254	0.08891066729841818	0.08890752213569	0	0	0	0	0	0	0	0	0	0	0	0	0	0	0	0	0	0	0	0
24.96	11.01151006817838	1.421462091380394	-10.92361055691819	0	0.9399999999999999	0	0	0	0	0	0	0	0	0	0.2258543102073556	-0.01340476199140574	-0.31713102935818	0.08142452252079539	0.08142380199741159	0	0	0	0	0	0	0	0	0	0	0	0	0	0	0	0	0	0	0	0
24.98	11.02282012924468	1.421744966005813	-10.93400961830124	0	0.9399999999999999	0	0	0	0	0	0	0	0	0	0.2214451613782979	-0.01109247750203477	-0.3166824915181293	0.07422096324565113	0.07421977421274516	0	0	0	0	0	0	0	0	0	0	0	0	0	0	0	0	0	0	0	0
25	11.04193537367643	1.421641224904262	-10.95001625511538	0	0.9399999999999999	0	0	0	0	0	0	0	0	0	0.2138401669052162	-0.006590477799694626	-0.3144021450568118	0.06245001342083831	0.06244967371080106	0	0	0	0	0	0	0	0	0	0	0	0	0	0	0	0	0	0	0	0
25.02	11.0517454323578	1.421386561820715	-10.95794597256026	0	0.9399999999999999	0	0	0	0	0	0	0	0	0	0.2098761198708566	-0.003713973460904095	-0.3130114107547385	0.05349140217963284	0.0534909536347272	0	0	0	0	0	0	0	0	0	0	0	0	0	0	0	0	0	0	0	0
25.04	11.0517454323578	1.421386561820715	-10.95794597256026	0	0.9399999999999999	0	0	0	0	0	0	0	0	0	0.2098761198708566	-0.003713973460904095	-0.3130114107547385	0.05349140217963284	0.0534909536347272	0	0	0	0	0	0	0	0	0	0	0	0	0	0	0	0	0	0	0	0
25.06	11.05513019349576	1.421772224694449	-10.95652212709736	0	0.9399999999999999	0	0	0	0	0	0	0	0	0	0.2006458039127373	0.003289905534710027	-0.3089130677856592	0.03850638350189122	0.03850587381318401	0	0	0	0	0	0	0	0	0	0	0	0	0	0	0	0	0	0	0	0
25.08	11.05611775615581	1.423130852152651	-10.9548587084292	0	0.9399999999999999	0	0	0	0	0	0	0	0	0	0.1945765922527966	0.006808485122469142	-0.3063730635507761	0.03031462737014742	0.03031337241235224	0	0	0	0	0	0	0	0	0	0	0	0	0	0	0	0	0	0	0	0
25.1	11.03940044487961	1.424848238940535	-10.93479817608036	0	0.9399999999999999	0	0	0	0	0	0	0	0	0	0.1879723574950323	0.01283977242593728	-0.3033764526066766	0.02206265897419343	0.02206075035319545	0	0	0	0	0	0	0	0	0	0	0	0	0	0	0	0	0	0	0	0
25.12	11.03124087214902	1.426334732028527	-10.92372425810999	0	0.9399999999999999	0	0	0	0	0	0	0	0	0	0.1817752075792306	0.01736756361905148	-0.3006660171356369	0.01402996122592989	0.01402952760687083	0	0	0	0	0	0	0	0	0	0	0	0	0	0	0	0	0	0	0	0
25.14	11.02375872094004	1.426982335454418	-10.91321944461519	0	0.9399999999999999	0	0	0	0	0	0	0	0	0	0.1766330187445141	0.02164216161761178	-0.2980401392540691	0.00638055947407719	0.006380597701598507	0	0	0	0	0	0	0	0	0	0	0	0	0	0	0	0	0	0	0	0
25.16	11.01803801847251	1.427184652090445	-10.90452628433158	0	0.9399999999999999	0	0	0	0	0	0	0	0	0	0.1725757430743246	0.02536691263978756	-0.295719001455937	0	2.104508194199555e-08	0	0	0	0	0	0	0	0	0	0	0	0	0	0	0	0	0	0	0	0
25.18	11.01951902874723	1.428283887529723	-10.90263826582337	0	0.9399999999999999	0	0	0	0	0	0	0	0	0	0.1708004112915686	0.02636901576493608	-0.2938146635316449	0	-5.837680121600492e-06	0	0	0	0	0	0	0	0	0	0	0	0	0	0	0	0	0	0	0	0
25.2	11.01950787765755	1.428289958348016	-10.90262914303892	0	0.9399999999999999	0	0	0	0	0	0	0	0	0	0.1707957754112996	0.02637148040422513	-0.2938211968908804	0	-5.583052211583964e-06	0	0	0	0	0	0	0	0	0	0	0	0	0	0	0	0	0	0	0	0
25.22	11.02230328122634	1.430370678325621	-10.8985497354208	0	0.9399999999999999	0	0	0	0	0	0	0	0	0	0.1670484509545686	0.02858774161080081	-0.2901668264302464	0	-5.12921805963408e-06	0	0	0	0	0	0	0	0	0	0	0	0	0	0	0	0	0	0	0	0
25.24	11.02229433382996	1.430370438691455	-10.89853082181783	0	0.9399999999999999	0	0	0	0	0	0	0	0	0	0.1670647627633399	0.02858409321939265	-0.2901541869516128	0	-4.62056008957047e-06	0	0	0	0	0	0	0	0	0	0	0	0	0	0	0	0	0	0	0	0
25.26	11.02411327611167	1.431076940074245	-10.89637301312866	0	0.9399999999999999	0	0	0	0	0	0	0	0	0	0.1657288509881691	0.0296515224651941	-0.2879776853876096	0	-1.49304116106416e-05	0	0	0	0	0	0	0	0	0	0	0	0	0	0	0	0	0	0	0	0
25.28	11.02814292185128	1.433995875026879	-10.89208744927608	0	0.9399999999999999	0	0	0	0	0	0	0	0	0	0.1613893738663972	0.0318907637676142	-0.2832004068589031	0	-2.8250729106978e-06	0	0	0	0	0	0	0	0	0	0	0	0	0	0	0	0	0	0	0	0
25.3	11.03037498032566	1.434890943806751	-10.88978351032298	0	0.9399999999999999	0	0	0	0	0	0	0	0	0	0.1597668175695531	0.03314608816543244	-0.2803215249035711	0	-5.906432701604294e-06	0	0	0	0	0	0	0	0	0	0	0	0	0	0	0	0	0	0	0	0
25.32	11.03036030945336	1.434902136614105	-10.88977802206501	0	0.9399999999999999	0	0	0	0	0	0	0	0	0	0.1597506508342425	0.03314480713608765	-0.2803307714627591	0	-8.889650371525067e-06	0	0	0	0	0	0	0	0	0	0	0	0	0	0	0	0	0	0	0	0
25.34	11.03482999369637	1.437335385056708	-10.8847039847688	0	0.9399999999999999	0	0	0	0	0	0	0	0	0	0.1558285135407909	0.03542593269530488	-0.2739851144452765	0	5.715657539117235e-06	0	0	0	0	0	0	0	0	0	0	0	0	0	0	0	0	0	0	0	0
25.36	11.03707847597745	1.437429764321205	-10.88217720929227	0	0.9399999999999999	0	0	0	0	0	0	0	0	0	0.155008568064571	0.03655177532740646	-0.2705818384462487	0	4.157778485977451e-06	0	0	0	0	0	0	0	0	0	0	0	0	0	0	0	0	0	0	0	0
25.38	11.03706978060447	1.437433674351228	-10.88216975217666	0	0.9399999999999999	0	0	0	0	0	0	0	0	0	0.155002908729028	0.0365521024780242	-0.2705836577577277	0	4.078817767276429e-06	0	0	0	0	0	0	0	0	0	0	0	0	0	0	0	0	0	0	0	0
25.4	11.04176521143667	1.437100283439193	-10.87772887356833	0	0.9399999999999999	0	0	0	0	0	0	0	0	0	0.1534196771313463	0.03853101370115897	-0.264035584535332	0	1.165111069934193e-05	0	0	0	0	0	0	0	0	0	0	0	0	0	0	0	0	0	0	0	0
25.42	11.04438713947304	1.43746401682312	-10.8753606368541	0	0.9399999999999999	0	0	0	0	0	0	0	0	0	0.1520604828175983	0.03934004869401191	-0.2605297297504114	0	-2.330999786378172e-06	0	0	0	0	0	0	0	0	0	0	0	0	0	0	0	0	0	0	0	0
25.44	11.04438886869265	1.437468148099021	-10.87536510315787	0	0.9399999999999999	0	0	0	0	0	0	0	0	0	0.1520524835050793	0.03934013884934104	-0.2605326564759304	0	-2.175712606032552e-06	0	0	0	0	0	0	0	0	0	0	0	0	0	0	0	0	0	0	0	0
25.46	11.04953893160346	1.436935756931883	-10.8706334210697	0	0.9399999999999999	0	0	0	0	0	0	0	0	0	0.1508282016724851	0.04090167196939747	-0.2537540380479819	0	6.550968827982358e-06	0	0	0	0	0	0	0	0	0	0	0	0	0	0	0	0	0	0	0	0
25.48	11.04955036693948	1.436946657615562	-10.87064713641123	0	0.9399999999999999	0	0	0	0	0	0	0	0	0	0.1508091658995373	0.04089969412185717	-0.2537548335745304	0	8.983978917815415e-06	0	0	0	0	0	0	0	0	0	0	0	0	0	0	0	0	0	0	0	0
25.5	11.0554311136608	1.437116755595486	-10.86568934503198	0	0.9399999999999999	0	0	0	0	0	0	0	0	0	0.1488384032490664	0.04233910468412133	-0.2461050593836899	0	8.494629280657378e-06	0	0	0	0	0	0	0	0	0	0	0	0	0	0	0	0	0	0	0	0
25.52	11.05879333497092	1.43840573900302	-10.86312900352956	0	0.9399999999999999	0	0	0	0	0	0	0	0	0	0.1466565049977469	0.04300070537168985	-0.2419546394840076	0	-1.621626611348819e-05	0	0	0	0	0	0	0	0	0	0	0	0	0	0	0	0	0	0	0	0
25.54	11.05882484157264	1.438418483254993	-10.86316650849527	0	0.9399999999999999	0	0	0	0	0	0	0	0	0	0.1466217239596656	0.04299171084419783	-0.2419686003307664	0	-1.835994774553372e-05	0	0	0	0	0	0	0	0	0	0	0	0	0	0	0	0	0	0	0	0
25.56	11.06193970103202	1.440149621413901	-10.86042414416255	0	0.9399999999999999	0	0	0	0	0	0	0	0	0	0.1440777633970355	0.04355915280471985	-0.2379487491581859	0	2.894450944677415e-06	0	0	0	0	0	0	0	0	0	0	0	0	0	0	0	0	0	0	0	0
25.58	11.06425968684734	1.441453462082919	-10.85734705999894	0	0.9399999999999999	0	0	0	0	0	0	0	0	0	0.1419997483961106	0.04432498007154455	-0.2344748541423926	0	8.099470200606737e-06	0	0	0	0	0	0	0	0	0	0	0	0	0	0	0	0	0	0	0	0
25.6	11.02980644936122	1.439902560981843	-10.81378557874489	0	0.9399999999999999	0	0	0	0	0	0	0	0	0	0.1413668348854726	0.0511759554363146	-0.2296975653598574	0	6.112034911053542e-07	0	0	0	0	0	0	0	0	0	0	0	0	0	0	0	0	0	0	0	0
25.62	11.0094586987018	1.436430858907453	-10.79090715644303	0	0.9399999999999999	0	0	0	0	0	0	0	0	0	0.143695877437339	0.05530481181244778	-0.2293618937677639	0	3.808893463486666e-07	0	0	0	0	0	0	0	0	0	0	0	0	0	0	0	0	0	0	0	0
25.64	11.01091038170973	1.431833345543689	-10.78928718585908	0	0.9399999999999999	0	0	0	0	0	0	0	0	0	0.1477132107155326	0.05692356524724045	-0.2281833021073978	0	-1.549733223259563e-06	0	0	0	0	0	0	0	0	0	0	0	0	0	0	0	0	0	0	0	0
25.66	11.0127483862996	1.429863536029084	-10.78760777472754	0	0.9399999999999999	0	0	0	0	0	0	0	0	0	0.1490468259812442	0.05812705201249904	-0.2262656285490257	0	1.884238249366272e-07	0	0	0	0	0	0	0	0	0	0	0	0	0	0	0	0	0	0	0	0
25.68	11.0252122559978	1.43017544625303	-10.79665378777927	0	0.9399999999999999	0	0	0	0	0	0	0	0	0	0.1483956608082672	0.05741350907606304	-0.2241045862840448	0	9.650383249163823e-08	0	0	0	0	0	0	0	0	0	0	0	0	0	0	0	0	0	0	0	0
25.7	11.0252122559978	1.43017544625303	-10.79665378777927	0	0.9399999999999999	0	0	0	0	0	0	0	0	0	0.1483956608082672	0.05741350907606304	-0.2241045862840448	0	9.650383249163823e-08	0	0	0	0	0	0	0	0	0	0	0	0	0	0	0	0	0	0	0	0
25.72	11.07965233763055	1.431089727618206	-10.84494007811042	0	0.9399999999999999	0	0	0	0	0	0	0	0	0	0.1480815074198987	0.0511828749623283	-0.2186251244111182	0	2.629066520114776e-09	0	0	0	0	0	0	0	0	0	0	0	0	0	0	0	0	0	0	0	0
25.74	11.12856155066339	1.43289085019829	-10.88092675932317	0	0.9399999999999999	0	0	0	0	0	0	0	0	0	0.145843616100838	0.04685235779017591	-0.2070107168505562	0	-8.868546807722301e-07	0	0	0	0	0	0	0	0	0	0	0	0	0	0	0	0	0	0	0	0
25.76	11.12856155066339	1.43289085019829	-10.88092675932317	0	0.9399999999999999	0	0	0	0	0	0	0	0	0	0.145843616100838	0.04685235779017591	-0.2070107168505562	0	-8.868546807722301e-07	0	0	0	0	0	0	0	0	0	0	0	0	0	0	0	0	0	0	0	0
25.78	11.14000899181084	1.434167101255073	-10.88785622642968	0	0.9399999999999999	0	0	0	0	0	0	0	0	0	0.1441110868469272	0.04605333926381889	-0.2029872369522829	0	-4.556454271878957e-08	0	0	0	0	0	0	0	0	0	0	0	0	0	0	0	0	0	0	0	0
25.8	11.16799349024673	1.436167839993039	-10.90865402605791	0	0.9399999999999999	0	0	0	0	0	0	0	0	0	0.1412236165919959	0.04331809378815536	-0.1966482002145127	0	-1.248632937411084e-07	0	0	0	0	0	0	0	0	0	0	0	0	0	0	0	0	0	0	0	0
25.82	11.16799349024673	1.436167839993039	-10.90865402605791	0	0.9399999999999999	0	0	0	0	0	0	0	0	0	0.1412236165919959	0.04331809378815536	-0.1966482002145127	0	-1.248632937411084e-07	0	0	0	0	0	0	0	0	0	0	0	0	0	0	0	0	0	0	0	0
25.84	11.18722780299638	1.437970022922653	-10.92443042603931	0	0.9399999999999999	0	0	0	0	0	0	0	0	0	0.139140697077019	0.04111119340804358	-0.1935756238724649	0	-2.674676331102901e-06	0	0	0	0	0	0	0	0	0	0	0	0	0	0	0	0	0	0	0	0
25.86	11.23442424200099	1.440588170788655	-10.9649178226995	0	0.9399999999999999	0	0	0	0	0	0	0	0	0	0.1362205574996212	0.03548657156478133	-0.1871026295815951	0	5.581006989192205e-08	0	0	0	0	0	0	0	0	0	0	0	0	0	0	0	0	0	0	0	0
25.88	11.25886217090065	1.442138570381967	-10.98580140411754	0	0.9399999999999999	0	0	0	0	0	0	0	0	0	0.1337017734334234	0.03221285380455673	-0.1854297363544073	0	-2.721996335131647e-08	0	0	0	0	0	0	0	0	0	0	0	0	0	0	0	0	0	0	0	0
25.9	11.25886217090065	1.442138570381967	-10.98580140411754	0	0.9399999999999999	0	0	0	0	0	0	0	0	0	0.1337017734334234	0.03221285380455673	-0.1854297363544073	0	-2.721996335131647e-08	0	0	0	0	0	0	0	0	0	0	0	0	0	0	0	0	0	0	0	0
25.92	11.29531592894324	1.446437114994112	-11.01458270035491	0	0.9399999999999999	0	0	0	0	0	0	0	0	0	0.1288951034453139	0.02828093889972579	-0.1787127766885434	0	-3.680656692434201e-07	0	0	0	0	0	0	0	0	0	0	0	0	0	0	0	0	0	0	0	0
25.94	11.30865143128814	1.449200206052832	-11.02426619556138	0	0.9399999999999999	0	0	0	0	0	0	0	0	0	0.1257316513098352	0.02655922675083719	-0.1768964274504255	0	-6.018027714241426e-07	0	0	0	0	0	0	0	0	0	0	0	0	0	0	0	0	0	0	0	0
25.96	11.30865143128814	1.449200206052832	-11.02426619556138	0	0.9399999999999999	0	0	0	0	0	0	0	0	0	0.1257316513098352	0.02655922675083719	-0.1768964274504255	0	-6.018027714241426e-07	0	0	0	0	0	0	0	0	0	0	0	0	0	0	0	0	0	0	0	0
25.98	11.33385682570395	1.452740939653259	-11.04027308851463	0	0.9399999999999999	0	0	0	0	0	0	0	0	0	0.1217526277096622	0.02444528529619077	-0.1684001962221907	0	-9.32599002706908e-08	0	0	0	0	0	0	0	0	0	0	0	0	0	0	0	0	0	0	0	0
26	11.33392073233793	1.452734282242185	-11.04016620296311	0	0.9399999999999999	0	0	0	0	0	0	0	0	0	0.121703463858843	0.02405267670371703	-0.1689931553286523	0	-1.281100873618804e-05	0	0	0	0	0	0	0	0	0	0	0	0	0	0	0	0	0	0	0	0
26.02	11.33700770245731	1.452581696152627	-11.03751631197585	0	0.9399999999999999	0	0	0	0	0	0	0	0	0	0.1216376721009918	0.02408882438897301	-0.1642051391618125	0	-5.955482252604321e-06	0	0	0	0	0	0	0	0	0	0	0	0	0	0	0	0	0	0	0	0
26.04	11.35654513695425	1.450630857905032	-11.05120385909244	0	0.9399999999999999	0	0	0	0	0	0	0	0	0	0.1233428745091591	0.02197660589660748	-0.1591240599700184	0	3.771284732975055e-07	0	0	0	0	0	0	0	0	0	0	0	0	0	0	0	0	0	0	0	0
26.06	11.33870289203143	1.442846369268469	-11.02218639258636	0	0.9399999999999999	0	0	0	0	0	0	0	0	0	0.1310515157017146	0.02425049234588949	-0.1494025209324054	0	-2.322130828808623e-08	0	0	0	0	0	0	0	0	0	0	0	0	0	0	0	0	0	0	0	0
26.08	11.33870289203143	1.442846369268469	-11.02218639258636	0	0.9399999999999999	0	0	0	0	0	0	0	0	0	0.1310515157017146	0.02425049234588949	-0.1494025209324054	0	-2.322130828808623e-08	0	0	0	0	0	0	0	0	0	0	0	0	0	0	0	0	0	0	0	0
26.1	11.32465686811894	1.438377999752061	-11.00322345992098	0	0.9399999999999999	0	0	0	0	0	0	0	0	0	0.13525908023466	0.02605913683997859	-0.145095363401879	0	8.385567907627321e-08	0	0	0	0	0	0	0	0	0	0	0	0	0	0	0	0	0	0	0	0
26.12	11.29761376833341	1.428572461136679	-10.96885376484046	0	0.9399999999999999	0	0	0	0	0	0	0	0	0	0.1445167663371334	0.03014047506733277	-0.1387930326053838	0	-1.581482990049801e-08	0	0	0	0	0	0	0	0	0	0	0	0	0	0	0	0	0	0	0	0
26.14	11.28978411691281	1.425842065208728	-10.95836442726487	0	0.9399999999999999	0	0	0	0	0	0	0	0	0	0.1467273733763418	0.03157476136911311	-0.1365491633993733	0	-3.48204783107771e-07	0	0	0	0	0	0	0	0	0	0	0	0	0	0	0	0	0	0	0	0
26.16	11.29062739288171	1.425782164016225	-10.95720794052935	0	0.9399999999999999	0	0	0	0	0	0	0	0	0	0.1463666460490589	0.03112220229390237	-0.1351229032039205	0	-1.336494251511145e-06	0	0	0	0	0	0	0	0	0	0	0	0	0	0	0	0	0	0	0	0
26.18	11.29062334957129	1.425782102868461	-10.9572048057771	0	0.9399999999999999	0	0	0	0	0	0	0	0	0	0.1463646303231959	0.03112211938583711	-0.1351232069307637	0	-1.284043417139648e-06	0	0	0	0	0	0	0	0	0	0	0	0	0	0	0	0	0	0	0	0
26.2	11.29126918137479	1.426275863445154	-10.95646614308456	0	0.9399999999999999	0	0	0	0	0	0	0	0	0	0.1453491586183635	0.03089259176293326	-0.1342887020167616	0	1.344377787420641e-06	0	0	0	0	0	0	0	0	0	0	0	0	0	0	0	0	0	0	0	0
26.22	11.30801365431961	1.42652614086224	-10.96796145261837	0	0.9399999999999999	0	0	0	0	0	0	0	0	0	0.1438771570026334	0.028768650604748	-0.1299691522222415	0	-2.643435972887599e-07	0	0	0	0	0	0	0	0	0	0	0	0	0	0	0	0	0	0	0	0
26.24	11.3098302831337	1.425886745537628	-10.96632413393281	0	0.9399999999999999	0	0	0	0	0	0	0	0	0	0.1438250040309559	0.02890001386645208	-0.1272060059664382	0	-3.249175236149349e-06	0	0	0	0	0	0	0	0	0	0	0	0	0	0	0	0	0	0	0	0
26.26	11.3098366770189	1.425886754545537	-10.96633119191725	0	0.9399999999999999	0	0	0	0	0	0	0	0	0	0.1438251900926998	0.02890234629216293	-0.1272066023656414	0	-3.089528545656323e-06	0	0	0	0	0	0	0	0	0	0	0	0	0	0	0	0	0	0	0	0
26.28	11.31194121409779	1.424729550788638	-10.96445471913859	0	0.9399999999999999	0	0	0	0	0	0	0	0	0	0.1443093741044466	0.02912367848639056	-0.1239597632668353	0	3.649180190195342e-06	0	0	0	0	0	0	0	0	0	0	0	0	0	0	0	0	0	0	0	0
26.3	11.31408346847707	1.422770392415046	-10.96281029346447	0	0.9399999999999999	0	0	0	0	0	0	0	0	0	0.1456062919343885	0.02933112478632599	-0.1209895512443498	0	1.291317018975964e-05	0	0	0	0	0	0	0	0	0	0	0	0	0	0	0	0	0	0	0	0
26.32	11.34081623954267	1.418016294885418	-10.98128823438018	0	0.9399999999999999	0	0	0	0	0	0	0	0	0	0.1492825569571924	0.02647488325489811	-0.11477981762046	0	-3.120011921779207e-07	0	0	0	0	0	0	0	0	0	0	0	0	0	0	0	0	0	0	0	0
26.34	11.3408160769119	1.418016142603332	-10.98128838484742	0	0.9399999999999999	0	0	0	0	0	0	0	0	0	0.1492822640870368	0.02647482432621049	-0.1147801835635623	0	2.549781675035992e-07	0	0	0	0	0	0	0	0	0	0	0	0	0	0	0	0	0	0	0	0
26.36	11.35721114958452	1.414274672401417	-10.99285977179581	0	0.9399999999999999	0	0	0	0	0	0	0	0	0	0.15263420463462	0.02458072574973154	-0.1112050759653063	0	6.012099423514904e-08	0	0	0	0	0	0	0	0	0	0	0	0	0	0	0	0	0	0	0	0
26.38	11.37855462376793	1.406458395304732	-11.00426783516382	0	0.9399999999999999	0	0	0	0	0	0	0	0	0	0.1600091271834481	0.02236121076897661	-0.1039409209489934	0	1.571976028411604e-08	0	0	0	0	0	0	0	0	0	0	0	0	0	0	0	0	0	0	0	0
26.4	11.37855462376793	1.406458395304732	-11.00426783516382	0	0.9399999999999999	0	0	0	0	0	0	0	0	0	0.1600091271834481	0.02236121076897661	-0.1039409209489934	0	1.571976028411604e-08	0	0	0	0	0	0	0	0	0	0	0	0	0	0	0	0	0	0	0	0
26.42	11.39772652903643	1.406954973031308	-11.01744836415921	0	0.9399999999999999	0	0	0	0	0	0	0	0	0	0.1593397187875064	0.01989885861673577	-0.09897310582097878	0	-2.006918782363696e-07	0	0	0	0	0	0	0	0	0	0	0	0	0	0	0	0	0	0	0	0
26.44	11.43395624965709	1.404731704292195	-11.04769306305195	0	0.9399999999999999	0	0	0	0	0	0	0	0	0	0.1614640324697453	0.01453381518187543	-0.09356392821938751	0	-4.553772814922964e-07	0	0	0	0	0	0	0	0	0	0	0	0	0	0	0	0	0	0	0	0
26.46	11.48113697239605	1.395560460066428	-11.08105129759375	0	0.9399999999999999	0	0	0	0	0	0	0	0	0	0.1703011457732566	0.007319666790990447	-0.08007846848100988	0	5.653526181956845e-08	0	0	0	0	0	0	0	0	0	0	0	0	0	0	0	0	0	0	0	0
26.48	11.48113697239605	1.395560460066428	-11.08105129759375	0	0.9399999999999999	0	0	0	0	0	0	0	0	0	0.1703011457732566	0.007319666790990447	-0.08007846848100988	0	5.653526181956845e-08	0	0	0	0	0	0	0	0	0	0	0	0	0	0	0	0	0	0	0	0
26.5	11.48759679402722	1.385781099082801	-11.07406750869954	0	0.9399999999999999	0	0	0	0	0	0	0	0	0	0.1799518896954408	0.007067502699415825	-0.06681222618715354	0	1.202663885250274e-07	0	0	0	0	0	0	0	0	0	0	0	0	0	0	0	0	0	0	0	0
26.52	11.48025739652684	1.379804454927674	-11.0603180207425	0	0.9399999999999999	0	0	0	0	0	0	0	0	0	0.1855983398687105	0.007797294636875436	-0.06115968067745289	0	-1.455952625099627e-07	0	0	0	0	0	0	0	0	0	0	0	0	0	0	0	0	0	0	0	0
26.54	11.47281273656703	1.373920014408592	-11.04680037859138	0	0.9399999999999999	0	0	0	0	0	0	0	0	0	0.1914164183037885	0.009147859086583986	-0.05561547337495001	0	4.256848464804278e-07	0	0	0	0	0	0	0	0	0	0	0	0	0	0	0	0	0	0	0	0
26.56	11.47281316244722	1.373920176807252	-11.0468005512925	0	0.9399999999999999	0	0	0	0	0	0	0	0	0	0.191416803910244	0.009148607293490261	-0.0556157969376616	0	2.824261274717472e-07	0	0	0	0	0	0	0	0	0	0	0	0	0	0	0	0	0	0	0	0
26.58	11.47750702819665	1.364785030165268	-11.04173149351795	0	0.9399999999999999	0	0	0	0	0	0	0	0	0	0.2004589830269035	0.00788710765772749	-0.0458174619470646	0	5.091868368547435e-07	0	0	0	0	0	0	0	0	0	0	0	0	0	0	0	0	0	0	0	0
26.6	11.49406038876252	1.362314421673007	-11.05476412717745	0	0.9399999999999999	0	0	0	0	0	0	0	0	0	0.2026470887308452	0.004264411697830371	-0.04202367787449968	0	4.634338176804668e-07	0	0	0	0	0	0	0	0	0	0	0	0	0	0	0	0	0	0	0	0
26.62	11.51931559642071	1.357821822745369	-11.07550189848313	0	0.9399999999999999	0	0	0	0	0	0	0	0	0	0.2066619274668069	-0.001048486684883971	-0.03704927139941037	0	9.481119157798113e-08	0	0	0	0	0	0	0	0	0	0	0	0	0	0	0	0	0	0	0	0
26.64	11.51931559642071	1.357821822745369	-11.07550189848313	0	0.9399999999999999	0	0	0	0	0	0	0	0	0	0.2066619274668069	-0.001048486684883971	-0.03704927139941037	0	9.481119157798113e-08	0	0	0	0	0	0	0	0	0	0	0	0	0	0	0	0	0	0	0	0
26.66	11.56531890652206	1.351661227915047	-11.10985564011886	0	0.9399999999999999	0	0	0	0	0	0	0	0	0	0.2123752850385495	-0.01050486003997777	-0.02396643296638057	0	-4.780341231556124e-08	0	0	0	0	0	0	0	0	0	0	0	0	0	0	0	0	0	0	0	0
26.68	11.56531970634489	1.351661434666449	-11.10985497263911	0	0.9399999999999999	0	0	0	0	0	0	0	0	0	0.2123759713992883	-0.01050239741744769	-0.02396721244050975	0	-8.713477302765554e-08	0	0	0	0	0	0	0	0	0	0	0	0	0	0	0	0	0	0	0	0
26.7	11.61359248580752	1.349088800961511	-11.14979133043625	0	0.9399999999999999	0	0	0	0	0	0	0	0	0	0.2138928913871012	-0.0212152914405689	-0.01303605547935983	0	9.696423504355012e-07	0	0	0	0	0	0	0	0	0	0	0	0	0	0	0	0	0	0	0	0
26.72	11.61359192170101	1.349088911663702	-11.14979199404744	0	0.9399999999999999	0	0	0	0	0	0	0	0	0	0.2138920648397398	-0.02121462583663946	-0.01303530805326099	0	3.235069117483716e-07	0	0	0	0	0	0	0	0	0	0	0	0	0	0	0	0	0	0	0	0
26.74	11.63690459761122	1.347003915719161	-11.170829954277	0	0.9399999999999999	0	0	0	0	0	0	0	0	0	0.2151050788781957	-0.02680611819027915	-0.009115595131780445	0	7.646364811203184e-08	0	0	0	0	0	0	0	0	0	0	0	0	0	0	0	0	0	0	0	0
26.76	11.68718677156493	1.344436375786343	-11.21605882361261	0	0.9399999999999999	0	0	0	0	0	0	0	0	0	0.2153989083332434	-0.03850631313325626	-0.0007285892837829477	0	-2.261515926687497e-07	0	0	0	0	0	0	0	0	0	0	0	0	0	0	0	0	0	0	0	0
26.78	11.68718677156493	1.344436375786343	-11.21605882361261	0	0.9399999999999999	0	0	0	0	0	0	0	0	0	0.2153989083332434	-0.03850631313325626	-0.0007285892837829477	0	-2.261515926687497e-07	0	0	0	0	0	0	0	0	0	0	0	0	0	0	0	0	0	0	0	0
26.8	11.72338286290911	1.339635760129998	-11.2446448491994	0	0.9399999999999999	0	0	0	0	0	0	0	0	0	0.2184968338304735	-0.04696942436971962	0.009332972514999238	0	-1.462853489842939e-07	0	0	0	0	0	0	0	0	0	0	0	0	0	0	0	0	0	0	0	0
26.82	11.72338286290911	1.339635760129998	-11.2446448491994	0	0.9399999999999999	0	0	0	0	0	0	0	0	0	0.2184968338304735	-0.04696942436971962	0.009332972514999238	0	-1.462853489842939e-07	0	0	0	0	0	0	0	0	0	0	0	0	0	0	0	0	0	0	0	0
26.84	11.73834147922348	1.335250112284011	-11.25027923464256	0	0.9399999999999999	0	0	0	0	0	0	0	0	0	0.2223848667762523	-0.05003747891506592	0.01982684431585743	0	-1.738354430535009e-08	0	0	0	0	0	0	0	0	0	0	0	0	0	0	0	0	0	0	0	0
26.86	11.74033429976361	1.333776131969122	-11.24839119173851	0	0.9399999999999999	0	0	0	0	0	0	0	0	0	0.2238440749180771	-0.04997267871433226	0.02378732195234994	0	1.694248148204647e-06	0	0	0	0	0	0	0	0	0	0	0	0	0	0	0	0	0	0	0	0
26.88	11.74028938414178	1.333783006657948	-11.24843294909813	0	0.9399999999999999	0	0	0	0	0	0	0	0	0	0.2238898571339893	-0.05003410040261684	0.02384053355727713	0	-2.534249175914339e-06	0	0	0	0	0	0	0	0	0	0	0	0	0	0	0	0	0	0	0	0
26.9	11.74187687860796	1.330366261111128	-11.24716896084887	0	0.9399999999999999	0	0	0	0	0	0	0	0	0	0.2274358255638504	-0.05072391215031023	0.02693698832663268	0	1.932386212274755e-05	0	0	0	0	0	0	0	0	0	0	0	0	0	0	0	0	0	0	0	0
26.92	11.74475496762743	1.327038958368566	-11.24532587556196	0	0.9399999999999999	0	0	0	0	0	0	0	0	0	0.2308681939426203	-0.05130291739330122	0.03093488592410656	0	4.417781076505517e-06	0	0	0	0	0	0	0	0	0	0	0	0	0	0	0	0	0	0	0	0
26.94	11.74476290300726	1.327048556599584	-11.24532968293129	0	0.9399999999999999	0	0	0	0	0	0	0	0	0	0.2308697689782575	-0.05130496172427494	0.03093713977521567	0	3.367928444388907e-06	0	0	0	0	0	0	0	0	0	0	0	0	0	0	0	0	0	0	0	0
26.96	11.75662470918401	1.332733461156234	-11.25076907671508	0	0.9399999999999999	0	0	0	0	0	0	0	0	0	0.2249781892372968	-0.05134054929888746	0.036362380768107	0	2.386367076212972e-07	0	0	0	0	0	0	0	0	0	0	0	0	0	0	0	0	0	0	0	0
26.98	11.75663069910557	1.332724405219108	-11.25077932597787	0	0.9399999999999999	0	0	0	0	0	0	0	0	0	0.2250403342589092	-0.0513861415845857	0.03498893378141626	0	-4.256693253862184e-07	0	0	0	0	0	0	0	0	0	0	0	0	0	0	0	0	0	0	0	0
27	11.76043287338999	1.337144278319935	-11.25160156837643	0	0.9399999999999999	0	0	0	0	0	0	0	0	0	0.2207587647452908	-0.05038616885543202	0.03626017507346121	0	-3.891200003633529e-07	0	0	0	0	0	0	0	0	0	0	0	0	0	0	0	0	0	0	0	0
27.02	11.76954548558425	1.347462627320274	-11.2558326241573	0	0.9399999999999999	0	0	0	0	0	0	0	0	0	0.210657484459909	-0.04867786632116194	0.0392001645440325	0	3.161772376956291e-07	0	0	0	0	0	0	0	0	0	0	0	0	0	0	0	0	0	0	0	0
27.04	11.76958085756503	1.347459115181683	-11.25586369670698	0	0.9399999999999999	0	0	0	0	0	0	0	0	0	0.2109131936554917	-0.04853878463844982	0.0377724563587778	0	1.070834584872821e-07	0	0	0	0	0	0	0	0	0	0	0	0	0	0	0	0	0	0	0	0
27.06	11.78202292011761	1.358027066597272	-11.26196655518583	0	0.9399999999999999	0	0	0	0	0	0	0	0	0	0.2004630102943497	-0.04674568815636784	0.04067964203129461	0	-4.755908735046133e-07	0	0	0	0	0	0	0	0	0	0	0	0	0	0	0	0	0	0	0	0
27.08	11.78202292011761	1.358027066597272	-11.26196655518583	0	0.9399999999999999	0	0	0	0	0	0	0	0	0	0.2004630102943497	-0.04674568815636784	0.04067964203129461	0	-4.755908735046133e-07	0	0	0	0	0	0	0	0	0	0	0	0	0	0	0	0	0	0	0	0
27.1	11.80728965256521	1.366509146709207	-11.28204909888057	0	0.9399999999999999	0	0	0	0	0	0	0	0	0	0.1917065622584319	-0.04786247453764245	0.04260129280387017	0	-1.356565318650439e-06	0	0	0	0	0	0	0	0	0	0	0	0	0	0	0	0	0	0	0	0
27.12	11.8072896341645	1.366509111933456	-11.28204909386313	0	0.9399999999999999	0	0	0	0	0	0	0	0	0	0.1917065373242463	-0.04786260366282274	0.04260139148633049	0	1.898874415092728e-08	0	0	0	0	0	0	0	0	0	0	0	0	0	0	0	0	0	0	0	0
27.14	11.84179030225782	1.370356304522183	-11.31166696601056	0	0.9399999999999999	0	0	0	0	0	0	0	0	0	0.1874739616082547	-0.05213780629883534	0.04564777767825304	0	-3.082634646267977e-07	0	0	0	0	0	0	0	0	0	0	0	0	0	0	0	0	0	0	0	0
27.16	11.84179030225782	1.370356304522183	-11.31166696601056	0	0.9399999999999999	0	0	0	0	0	0	0	0	0	0.1874739616082547	-0.05213780629883534	0.04564777767825304	0	-3.082634646267977e-07	0	0	0	0	0	0	0	0	0	0	0	0	0	0	0	0	0	0	0	0
27.18	11.87482550036194	1.370572979566031	-11.33774342783055	0	0.9399999999999999	0	0	0	0	0	0	0	0	0	0.1867203706233274	-0.05657486634046602	0.0524674333280235	0	9.337952386028548e-07	0	0	0	0	0	0	0	0	0	0	0	0	0	0	0	0	0	0	0	0
27.2	11.87482604603418	1.370570996464736	-11.3377429797354	0	0.9399999999999999	0	0	0	0	0	0	0	0	0	0.1867215038178472	-0.05657484031767134	0.05246695172257412	0	6.964684377375019e-07	0	0	0	0	0	0	0	0	0	0	0	0	0	0	0	0	0	0	0	0
27.22	11.89698110652758	1.372123717656596	-11.35602565680845	0	0.9399999999999999	0	0	0	0	0	0	0	0	0	0.1845828791849273	-0.05901301245013674	0.05684592004624246	0	-1.690833490866473e-07	0	0	0	0	0	0	0	0	0	0	0	0	0	0	0	0	0	0	0	0
27.24	11.93703686954568	1.376376859678427	-11.38609410975907	0	0.9399999999999999	0	0	0	0	0	0	0	0	0	0.1798823585676933	-0.06264673451111277	0.06919531091069357	0	7.226938805859792e-07	0	0	0	0	0	0	0	0	0	0	0	0	0	0	0	0	0	0	0	0
27.26	11.97586865045524	1.377170504780749	-11.42139306965878	0	0.9399999999999999	0	0	0	0	0	0	0	0	0	0.1773214546841454	-0.06841302157439431	0.074857825964473	0	-9.923013916306485e-08	0	0	0	0	0	0	0	0	0	0	0	0	0	0	0	0	0	0	0	0
27.28	11.97586865045524	1.377170504780749	-11.42139306965878	0	0.9399999999999999	0	0	0	0	0	0	0	0	0	0.1773214546841454	-0.06841302157439431	0.074857825964473	0	-9.923013916306485e-08	0	0	0	0	0	0	0	0	0	0	0	0	0	0	0	0	0	0	0	0
27.3	12.02912493002856	1.379762651017304	-11.47550636322678	0	0.9399999999999999	0	0	0	0	0	0	0	0	0	0.1710399626387924	-0.07656058516734822	0.07651672336929545	0	2.444343358406102e-07	0	0	0	0	0	0	0	0	0	0	0	0	0	0	0	0	0	0	0	0
27.32	12.20598238483799	1.387553140117666	-11.66641271039836	0	0.9399999999999999	0	0	0	0	0	0	0	0	0	0.1463847484013417	-0.1024833834993187	0.06826976124385084	0	-7.807582084471112e-08	0	0	0	0	0	0	0	0	0	0	0	0	0	0	0	0	0	0	0	0
27.34	12.20598238483799	1.387553140117666	-11.66641271039836	0	0.9399999999999999	0	0	0	0	0	0	0	0	0	0.1463847484013417	-0.1024833834993187	0.06826976124385084	0	-7.807582084471112e-08	0	0	0	0	0	0	0	0	0	0	0	0	0	0	0	0	0	0	0	0
27.36	12.3350431869883	1.392629773353166	-11.80459438513553	0	0.9399999999999999	0	0	0	0	0	0	0	0	0	0.1263259082482981	-0.11804977490583	0.06483652522113476	0	-8.894433915582183e-07	0	0	0	0	0	0	0	0	0	0	0	0	0	0	0	0	0	0	0	0
27.38	12.33504309406229	1.392629690740137	-11.80459454566716	0	0.9399999999999999	0	0	0	0	0	0	0	0	0	0.1263256329893555	-0.1180493209079728	0.06483686486374066	0	2.522814963773626e-07	0	0	0	0	0	0	0	0	0	0	0	0	0	0	0	0	0	0	0	0
27.4	12.41516955939825	1.398474060740059	-11.88373699662742	0	0.9399999999999999	0	0	0	0	0	0	0	0	0	0.1121135298898294	-0.1233713904481213	0.06803374629703884	0	-5.834717246626502e-07	0	0	0	0	0	0	0	0	0	0	0	0	0	0	0	0	0	0	0	0
27.42	12.46096762934103	1.401835688957275	-11.92768621017923	0	0.9399999999999999	0	0	0	0	0	0	0	0	0	0.104133720334498	-0.1257723536222382	0.07207565927044161	0	-6.516212002363947e-08	0	0	0	0	0	0	0	0	0	0	0	0	0	0	0	0	0	0	0	0
27.44	12.46223288047836	1.404054416462905	-11.92678554270205	0	0.9399999999999999	0	0	0	0	0	0	0	0	0	0.1028740536569818	-0.1240878887858059	0.07649669519093066	0	-1.681684917048986e-06	0	0	0	0	0	0	0	0	0	0	0	0	0	0	0	0	0	0	0	0
27.46	12.46277318516709	1.407471844756038	-11.9260857115462	0	0.9399999999999999	0	0	0	0	0	0	0	0	0	0.1009135338570443	-0.1212478669056475	0.07971957473445491	0	1.021716114442465e-06	0	0	0	0	0	0	0	0	0	0	0	0	0	0	0	0	0	0	0	0
27.48	12.46238196022147	1.411275512888688	-11.92627459291744	0	0.9399999999999999	0	0	0	0	0	0	0	0	0	0.09868685597911694	-0.1181710413382543	0.08083881493075196	0	3.526224484310173e-07	0	0	0	0	0	0	0	0	0	0	0	0	0	0	0	0	0	0	0	0
27.5	12.46672534084163	1.41562899527906	-11.93361555409837	0	0.9399999999999999	0	0	0	0	0	0	0	0	0	0.09526600519342289	-0.115290478985182	0.07901650380807607	0	1.881190923413087e-07	0	0	0	0	0	0	0	0	0	0	0	0	0	0	0	0	0	0	0	0
27.52	12.48641392555706	1.419904614095426	-11.95776203844201	0	0.9399999999999999	0	0	0	0	0	0	0	0	0	0.08979132160101784	-0.1139517651067821	0.07518184408101378	0	-2.5532061029799e-07	0	0	0	0	0	0	0	0	0	0	0	0	0	0	0	0	0	0	0	0
27.54	12.51706407086585	1.422966697251437	-11.99372897892862	0	0.9399999999999999	0	0	0	0	0	0	0	0	0	0.08356691044504636	-0.1145548433658451	0.0697132000631687	0	-1.123822924629834e-06	0	0	0	0	0	0	0	0	0	0	0	0	0	0	0	0	0	0	0	0
27.56	12.58217938653165	1.42459488451537	-12.06525658877645	0	0.9399999999999999	0	0	0	0	0	0	0	0	0	0.07404627091054078	-0.1189215316759871	0.06086679213102469	0	-9.658549533935754e-08	0	0	0	0	0	0	0	0	0	0	0	0	0	0	0	0	0	0	0	0
27.58	12.58217938653165	1.42459488451537	-12.06525658877645	0	0.9399999999999999	0	0	0	0	0	0	0	0	0	0.07404627091054078	-0.1189215316759871	0.06086679213102469	0	-9.658549533935754e-08	0	0	0	0	0	0	0	0	0	0	0	0	0	0	0	0	0	0	0	0
27.6	12.59947837826826	1.424918913388664	-12.08298520144047	0	0.9399999999999999	0	0	0	0	0	0	0	0	0	0.07221473323901012	-0.1199578239031796	0.05864274719386554	0	-1.585351700711104e-07	0	0	0	0	0	0	0	0	0	0	0	0	0	0	0	0	0	0	0	0
27.62	12.62062750800873	1.427883505601162	-12.10339079111897	0	0.9399999999999999	0	0	0	0	0	0	0	0	0	0.0694904153337868	-0.1185143679640204	0.05603768067059055	0	1.51103574978178e-06	0	0	0	0	0	0	0	0	0	0	0	0	0	0	0	0	0	0	0	0
27.64	12.62062741779265	1.427883870852176	-12.10339090366413	0	0.9399999999999999	0	0	0	0	0	0	0	0	0	0.0694904274230816	-0.1185144049736105	0.0560379548652444	0	-1.127798685918006e-07	0	0	0	0	0	0	0	0	0	0	0	0	0	0	0	0	0	0	0	0
27.66	12.64475082862241	1.434785325641449	-12.12870407140982	0	0.9399999999999999	0	0	0	0	0	0	0	0	0	0.06437349017372837	-0.1132970976470104	0.05202365280933224	0	1.870208671577595e-07	0	0	0	0	0	0	0	0	0	0	0	0	0	0	0	0	0	0	0	0
27.68	12.64475082862241	1.434785325641449	-12.12870407140982	0	0.9399999999999999	0	0	0	0	0	0	0	0	0	0.06437349017372837	-0.1132970976470104	0.05202365280933224	0	1.870208671577595e-07	0	0	0	0	0	0	0	0	0	0	0	0	0	0	0	0	0	0	0	0
27.7	12.6565261569218	1.439106899672975	-12.14257692409944	0	0.9399999999999999	0	0	0	0	0	0	0	0	0	0.06140422250510715	-0.1100057081066956	0.04870229392579731	0	6.267214520368367e-07	0	0	0	0	0	0	0	0	0	0	0	0	0	0	0	0	0	0	0	0
27.72	12.66331933429664	1.443675179494424	-12.15241796348564	0	0.9399999999999999	0	0	0	0	0	0	0	0	0	0.0589129325255801	-0.1063956892956359	0.044696503214983	0	5.2020284114936e-08	0	0	0	0	0	0	0	0	0	0	0	0	0	0	0	0	0	0	0	0
27.74	12.64656450395975	1.452336676551584	-12.14323493043313	0	0.9399999999999999	0	0	0	0	0	0	0	0	0	0.05769634678682285	-0.09810222654964322	0.03623838270073625	0	6.916571644393828e-09	0	0	0	0	0	0	0	0	0	0	0	0	0	0	0	0	0	0	0	0
27.76	12.63016131023038	1.456010893789382	-12.13072458491262	0	0.9399999999999999	0	0	0	0	0	0	0	0	0	0.05823123483313794	-0.09409719191468398	0.03215688436197636	0	-3.541969247810764e-07	0	0	0	0	0	0	0	0	0	0	0	0	0	0	0	0	0	0	0	0
27.78	12.61282690553718	1.459261536145242	-12.11743136978467	0	0.9399999999999999	0	0	0	0	0	0	0	0	0	0.05910787414704755	-0.09024397701825929	0.02805603810816499	0	-1.041904299110871e-07	0	0	0	0	0	0	0	0	0	0	0	0	0	0	0	0	0	0	0	0
27.8	12.59077346203616	1.461658702182963	-12.09932290239986	0	0.9399999999999999	0	0	0	0	0	0	0	0	0	0.06082451643544624	-0.08678408042346222	0.02415550607571109	0	2.855632258662324e-07	0	0	0	0	0	0	0	0	0	0	0	0	0	0	0	0	0	0	0	0
27.82	12.5646040037926	1.462960690091454	-12.07645601783889	0	0.9399999999999999	0	0	0	0	0	0	0	0	0	0.06342907473798039	-0.08387483274051212	0.02096470912125925	0	-7.240209521586202e-08	0	0	0	0	0	0	0	0	0	0	0	0	0	0	0	0	0	0	0	0
27.84	12.53382467837033	1.46365419752236	-12.04821174982426	0	0.9399999999999999	0	0	0	0	0	0	0	0	0	0.06682349021347236	-0.08114001310616438	0.01860617894298605	0	-1.743328673560213e-07	0	0	0	0	0	0	0	0	0	0	0	0	0	0	0	0	0	0	0	0
27.86	12.50122180152906	1.463564135814499	-12.01783478455179	0	0.9399999999999999	0	0	0	0	0	0	0	0	0	0.07040720527037168	-0.07921295287756577	0.01687996254345106	0	1.631950367669788e-07	0	0	0	0	0	0	0	0	0	0	0	0	0	0	0	0	0	0	0	0
27.88	12.4679792057826	1.462661133296166	-11.98672110963059	0	0.9399999999999999	0	0	0	0	0	0	0	0	0	0.07523840411808698	-0.07761789580818866	0.01510039523481013	0	2.878174249835392e-07	0	0	0	0	0	0	0	0	0	0	0	0	0	0	0	0	0	0	0	0
27.9	12.46797990623343	1.462659623777406	-11.98672025134645	0	0.9399999999999999	0	0	0	0	0	0	0	0	0	0.0752381839811125	-0.07761838359724184	0.01510101590856555	0	2.203902449291139e-07	0	0	0	0	0	0	0	0	0	0	0	0	0	0	0	0	0	0	0	0
27.92	12.43716954965898	1.460476818045085	-11.9575609417279	0	0.9399999999999999	0	0	0	0	0	0	0	0	0	0.08036262339854372	-0.07724229308971352	0.01468069628897029	0	2.588565166723133e-08	0	0	0	0	0	0	0	0	0	0	0	0	0	0	0	0	0	0	0	0
27.94	12.40932405109662	1.457325194146296	-11.93015492544477	0	0.9399999999999999	0	0	0	0	0	0	0	0	0	0.08573227682101987	-0.07757608784327336	0.01607120828671598	0	4.199597950723425e-08	0	0	0	0	0	0	0	0	0	0	0	0	0	0	0	0	0	0	0	0
27.96	12.34990473177862	1.452436264670806	-11.86776638099103	0	0.9399999999999999	0	0	0	0	0	0	0	0	0	0.09635544330612006	-0.07587651935210725	0.02398877499486811	0	-6.430697203920815e-08	0	0	0	0	0	0	0	0	0	0	0	0	0	0	0	0	0	0	0	0
27.98	12.34990473177862	1.452436264670806	-11.86776638099103	0	0.9399999999999999	0	0	0	0	0	0	0	0	0	0.09635544330612006	-0.07587651935210725	0.02398877499486811	0	-6.430697203920815e-08	0	0	0	0	0	0	0	0	0	0	0	0	0	0	0	0	0	0	0	0
28	12.32441975958389	1.450859438682685	-11.84121602438688	0	0.9399999999999999	0	0	0	0	0	0	0	0	0	0.1005295883225727	-0.07458438349377507	0.02794020296029784	0	9.746435467399808e-08	0	0	0	0	0	0	0	0	0	0	0	0	0	0	0	0	0	0	0	0
28.02	12.35522026073111	1.451040262040006	-11.87128784190758	0	0.9399999999999999	0	0	0	0	0	0	0	0	0	0.09840405431586975	-0.07653921385340608	0.03410558582430336	0	-1.252748066661721e-06	0	0	0	0	0	0	0	0	0	0	0	0	0	0	0	0	0	0	0	0
28.04	12.38282889185279	1.4480343340402	-11.89684607179202	0	0.9399999999999999	0	0	0	0	0	0	0	0	0	0.09792182658464635	-0.08099681326598318	0.03879778959183483	0	4.743488606995853e-07	0	0	0	0	0	0	0	0	0	0	0	0	0	0	0	0	0	0	0	0
28.06	12.38282889185279	1.4480343340402	-11.89684607179202	0	0.9399999999999999	0	0	0	0	0	0	0	0	0	0.09792182658464635	-0.08099681326598318	0.03879778959183483	0	4.743488606995853e-07	0	0	0	0	0	0	0	0	0	0	0	0	0	0	0	0	0	0	0	0
28.08	12.39445733087605	1.443229165058823	-11.90461725261261	0	0.9399999999999999	0	0	0	0	0	0	0	0	0	0.1001397654926193	-0.0854755906404364	0.04516255728217659	0	2.005054021099303e-07	0	0	0	0	0	0	0	0	0	0	0	0	0	0	0	0	0	0	0	0
28.1	12.36669272292904	1.435728509587544	-11.86476372709955	0	0.9399999999999999	0	0	0	0	0	0	0	0	0	0.1088052051903281	-0.0880496371500827	0.06124841304715302	0	3.324501840336597e-09	0	0	0	0	0	0	0	0	0	0	0	0	0	0	0	0	0	0	0	0
28.12	12.35136755373251	1.4349658192032	-11.84456095509174	0	0.9399999999999999	0	0	0	0	0	0	0	0	0	0.1111447841260781	-0.08662343901152871	0.06750188918425382	0	-2.292592896451489e-07	0	0	0	0	0	0	0	0	0	0	0	0	0	0	0	0	0	0	0	0
28.14	12.3340578901471	1.435119054918289	-11.82412412362807	0	0.9399999999999999	0	0	0	0	0	0	0	0	0	0.1128756541803282	-0.08447134663440507	0.07165894290500803	0	-9.085441406617054e-07	0	0	0	0	0	0	0	0	0	0	0	0	0	0	0	0	0	0	0	0
28.16	12.32197175105384	1.435836176582339	-11.81093130279372	0	0.9399999999999999	0	0	0	0	0	0	0	0	0	0.1136624165993892	-0.08271950628692795	0.07268673495719488	0	5.690262266004644e-07	0	0	0	0	0	0	0	0	0	0	0	0	0	0	0	0	0	0	0	0
28.18	12.32188149353353	1.435856338064573	-11.81099007025841	0	0.9399999999999999	0	0	0	0	0	0	0	0	0	0.113441255991201	-0.08280717223034688	0.07326055991458005	0	1.90580083138339e-06	0	0	0	0	0	0	0	0	0	0	0	0	0	0	0	0	0	0	0	0
28.2	12.3216506230245	1.436490690188217	-11.81111151635585	0	0.9399999999999999	0	0	0	0	0	0	0	0	0	0.1125097220766015	-0.08252086981801651	0.07328098789037095	0	-1.063080919731911e-06	0	0	0	0	0	0	0	0	0	0	0	0	0	0	0	0	0	0	0	0
28.22	12.33493668301972	1.434098775776013	-11.82567844814983	0	0.9399999999999999	0	0	0	0	0	0	0	0	0	0.1123162246797209	-0.08602819189585688	0.07239055423606272	0	4.495644337704962e-07	0	0	0	0	0	0	0	0	0	0	0	0	0	0	0	0	0	0	0	0
28.24	12.33551227506682	1.430956267752083	-11.82454477886236	0	0.9399999999999999	0	0	0	0	0	0	0	0	0	0.1137468841968315	-0.08910994286897779	0.07462944112322062	0	1.077075973554472e-06	0	0	0	0	0	0	0	0	0	0	0	0	0	0	0	0	0	0	0	0
28.26	12.33549062284935	1.430951652489475	-11.8245312803093	0	0.9399999999999999	0	0	0	0	0	0	0	0	0	0.1137517143227046	-0.08911384364677907	0.07461525491807076	0	6.914803127817121e-07	0	0	0	0	0	0	0	0	0	0	0	0	0	0	0	0	0	0	0	0
28.28	12.30751474631518	1.426793101477829	-11.7943031031528	0	0.9399999999999999	0	0	0	0	0	0	0	0	0	0.119375835386498	-0.08952928431579191	0.07746413620980606	0	-5.10681495809079e-08	0	0	0	0	0	0	0	0	0	0	0	0	0	0	0	0	0	0	0	0
28.3	12.27876424036943	1.42244209355587	-11.76416404248829	0	0.9399999999999999	0	0	0	0	0	0	0	0	0	0.1252785607623221	-0.08966724970156524	0.07972718923115529	0	2.240215826938547e-08	0	0	0	0	0	0	0	0	0	0	0	0	0	0	0	0	0	0	0	0
28.32	12.25566257057086	1.419327622948032	-11.74104006141776	0	0.9399999999999999	0	0	0	0	0	0	0	0	0	0.1297499019284935	-0.08930307897399914	0.08100968243911766	0	1.189277079077225e-06	0	0	0	0	0	0	0	0	0	0	0	0	0	0	0	0	0	0	0	0
28.34	12.2407960845234	1.418223403311146	-11.72899951705453	0	0.9399999999999999	0	0	0	0	0	0	0	0	0	0.1316052907760181	-0.08861412397096233	0.08180067592556324	0	-7.575090884524485e-08	0	0	0	0	0	0	0	0	0	0	0	0	0	0	0	0	0	0	0	0
28.36	12.24079526654553	1.418224863083083	-11.7290006354402	0	0.9399999999999999	0	0	0	0	0	0	0	0	0	0.1316042034837854	-0.08861638306608632	0.08179818915152345	0	-9.41937793717892e-08	0	0	0	0	0	0	0	0	0	0	0	0	0	0	0	0	0	0	0	0
28.38	12.23994620828741	1.41739287986744	-11.72960862673335	0	0.9399999999999999	0	0	0	0	0	0	0	0	0	0.1318739119199416	-0.08939021466890723	0.08465518289218329	0	-1.106311491159025e-06	0	0	0	0	0	0	0	0	0	0	0	0	0	0	0	0	0	0	0	0
28.4	12.240270514069	1.416299289399805	-11.72900982668841	0	0.9399999999999999	0	0	0	0	0	0	0	0	0	0.1325526518662108	-0.0902838591524624	0.08778399279828145	0	8.269826789934564e-06	0	0	0	0	0	0	0	0	0	0	0	0	0	0	0	0	0	0	0	0
28.42	12.24025575374854	1.41628683430587	-11.72900336235268	0	0.9399999999999999	0	0	0	0	0	0	0	0	0	0.1325657373547247	-0.09029578043068825	0.08777387569505798	0	7.415124783799287e-06	0	0	0	0	0	0	0	0	0	0	0	0	0	0	0	0	0	0	0	0
28.44	12.2413224388417	1.411287757449377	-11.7284540814852	0	0.9399999999999999	0	0	0	0	0	0	0	0	0	0.1360097800560629	-0.09426434821060506	0.09356269622463359	0	2.520238715930038e-06	0	0	0	0	0	0	0	0	0	0	0	0	0	0	0	0	0	0	0	0
28.46	12.25278441500733	1.408983012214948	-11.74073463710702	0	0.9399999999999999	0	0	0	0	0	0	0	0	0	0.1356631931648523	-0.09741761122409982	0.09481019988353857	0	-1.316270374531145e-06	0	0	0	0	0	0	0	0	0	0	0	0	0	0	0	0	0	0	0	0
28.48	12.26396727335404	1.407762475037806	-11.75430041906611	0	0.9399999999999999	0	0	0	0	0	0	0	0	0	0.135393857264675	-0.1002114029278421	0.09404612814917852	0	-3.486539339687781e-07	0	0	0	0	0	0	0	0	0	0	0	0	0	0	0	0	0	0	0	0
28.5	12.26396727335404	1.407762475037806	-11.75430041906611	0	0.9399999999999999	0	0	0	0	0	0	0	0	0	0.135393857264675	-0.1002114029278421	0.09404612814917852	0	-3.486539339687781e-07	0	0	0	0	0	0	0	0	0	0	0	0	0	0	0	0	0	0	0	0
28.52	12.27500140598328	1.407625230405901	-11.76908667037112	0	0.9399999999999999	0	0	0	0	0	0	0	0	0	0.1336916294146265	-0.1020665546760476	0.09188854278560345	0	-4.460027868301594e-08	0	0	0	0	0	0	0	0	0	0	0	0	0	0	0	0	0	0	0	0
28.54	12.28817703399142	1.407814762432042	-11.78617224730156	0	0.9399999999999999	0	0	0	0	0	0	0	0	0	0.1315712158245612	-0.1038658326150469	0.08933888405476854	0	3.028353618433235e-07	0	0	0	0	0	0	0	0	0	0	0	0	0	0	0	0	0	0	0	0
28.56	12.29801553846047	1.405946648316565	-11.79880186169316	0	0.9399999999999999	0	0	0	0	0	0	0	0	0	0.1311693627622117	-0.1064640404857675	0.08875235783013867	0	-8.050875644790813e-07	0	0	0	0	0	0	0	0	0	0	0	0	0	0	0	0	0	0	0	0
28.58	12.29801835528086	1.40593934507701	-11.79879911897351	0	0.9399999999999999	0	0	0	0	0	0	0	0	0	0.1311654661208152	-0.1064522530147879	0.08875501823926821	0	-4.24821909871092e-07	0	0	0	0	0	0	0	0	0	0	0	0	0	0	0	0	0	0	0	0
28.6	12.28349389474635	1.397600402801634	-11.78143245734876	0	0.9399999999999999	0	0	0	0	0	0	0	0	0	0.1386063472681074	-0.1103029486930496	0.09327049717157108	0	1.8751190552537e-07	0	0	0	0	0	0	0	0	0	0	0	0	0	0	0	0	0	0	0	0
28.62	12.28402703253902	1.393559549309422	-11.78107511353593	0	0.9399999999999999	0	0	0	0	0	0	0	0	0	0.1415315010823662	-0.1133970840943153	0.09496161107088369	0	-1.964089375004267e-06	0	0	0	0	0	0	0	0	0	0	0	0	0	0	0	0	0	0	0	0
28.64	12.28403143567697	1.393560051892146	-11.78107885479932	0	0.9399999999999999	0	0	0	0	0	0	0	0	0	0.1415305842156545	-0.1133982385299875	0.09496175434321988	0	-1.930104430494446e-06	0	0	0	0	0	0	0	0	0	0	0	0	0	0	0	0	0	0	0	0
28.66	12.2980160577113	1.390686297588143	-11.79638293136875	0	0.9399999999999999	0	0	0	0	0	0	0	0	0	0.1418806329288445	-0.1176298851567885	0.09447948764638082	0	3.423660361471122e-06	0	0	0	0	0	0	0	0	0	0	0	0	0	0	0	0	0	0	0	0
28.68	12.32321902441896	1.384877812804765	-11.8298746782044	0	0.9399999999999999	0	0	0	0	0	0	0	0	0	0.1419344270700353	-0.1268452536205154	0.08779828819677488	0	1.739833973261998e-07	0	0	0	0	0	0	0	0	0	0	0	0	0	0	0	0	0	0	0	0
28.7	12.32321902441896	1.384877812804765	-11.8298746782044	0	0.9399999999999999	0	0	0	0	0	0	0	0	0	0.1419344270700353	-0.1268452536205154	0.08779828819677488	0	1.739833973261998e-07	0	0	0	0	0	0	0	0	0	0	0	0	0	0	0	0	0	0	0	0
28.72	12.31108599907902	1.372014682639726	-11.82263098849614	0	0.9399999999999999	0	0	0	0	0	0	0	0	0	0.1523430422206553	-0.1364090610339271	0.0853086494634115	0	-3.684040287219427e-08	0	0	0	0	0	0	0	0	0	0	0	0	0	0	0	0	0	0	0	0
28.74	12.30306374114009	1.367641709319781	-11.81279325870205	0	0.9399999999999999	0	0	0	0	0	0	0	0	0	0.1568141266426594	-0.1389946698774639	0.08818956606371998	0	3.33459517786917e-07	0	0	0	0	0	0	0	0	0	0	0	0	0	0	0	0	0	0	0	0
28.76	12.30306305881967	1.367641626411486	-11.81279386153133	0	0.9399999999999999	0	0	0	0	0	0	0	0	0	0.1568148243130554	-0.138995218432979	0.08818876645171767	0	2.835359043980226e-07	0	0	0	0	0	0	0	0	0	0	0	0	0	0	0	0	0	0	0	0
28.78	12.31016355012299	1.365621818911936	-11.82069163248999	0	0.9399999999999999	0	0	0	0	0	0	0	0	0	0.1562188066506857	-0.1434826162767696	0.08891749474444191	0	-1.719259520969547e-07	0	0	0	0	0	0	0	0	0	0	0	0	0	0	0	0	0	0	0	0
28.8	12.32060880559186	1.365066052223234	-11.83521932415251	0	0.9399999999999999	0	0	0	0	0	0	0	0	0	0.1536850546421061	-0.1468938926787685	0.08564395113312269	0	-1.366697497563487e-06	0	0	0	0	0	0	0	0	0	0	0	0	0	0	0	0	0	0	0	0
28.82	12.32060917893399	1.365068062629124	-11.83521859594626	0	0.9399999999999999	0	0	0	0	0	0	0	0	0	0.1536816593909883	-0.146891948589663	0.08564513343330128	0	-1.245335886618578e-06	0	0	0	0	0	0	0	0	0	0	0	0	0	0	0	0	0	0	0	0
28.84	12.33960050662487	1.363754444548936	-11.86069055851067	0	0.9399999999999999	0	0	0	0	0	0	0	0	0	0.1496881335037145	-0.1523737700401326	0.08011280727353204	0	-6.112280611680067e-07	0	0	0	0	0	0	0	0	0	0	0	0	0	0	0	0	0	0	0	0
28.86	12.36069046067267	1.360989027207103	-11.88840982528153	0	0.9399999999999999	0	0	0	0	0	0	0	0	0	0.1460150966329354	-0.159072182421387	0.07445812724544636	0	-5.530359340602051e-08	0	0	0	0	0	0	0	0	0	0	0	0	0	0	0	0	0	0	0	0
28.88	12.38361662698669	1.357571011205421	-11.91629466719566	0	0.9399999999999999	0	0	0	0	0	0	0	0	0	0.142468920480656	-0.1662592286784859	0.07040717420552221	0	-1.527872210251697e-06	0	0	0	0	0	0	0	0	0	0	0	0	0	0	0	0	0	0	0	0
28.9	12.39944907186212	1.354044257372041	-11.93405944011932	0	0.9399999999999999	0	0	0	0	0	0	0	0	0	0.140491110543478	-0.1722413854356581	0.06942186083070037	0	1.42936806000964e-06	0	0	0	0	0	0	0	0	0	0	0	0	0	0	0	0	0	0	0	0
28.92	12.38949866487297	1.350718094465572	-11.92345864683744	0	0.9399999999999999	0	0	0	0	0	0	0	0	0	0.1424341644760254	-0.1749801350406189	0.0713973593014503	0	2.398836869403879e-07	0	0	0	0	0	0	0	0	0	0	0	0	0	0	0	0	0	0	0	0
28.94	12.37258464391555	1.352640611980357	-11.90828461292746	0	0.9399999999999999	0	0	0	0	0	0	0	0	0	0.1431179650677255	-0.172179368627572	0.06996463222338187	0	-1.928061576308199e-06	0	0	0	0	0	0	0	0	0	0	0	0	0	0	0	0	0	0	0	0
28.96	12.34635085879641	1.355189214670951	-11.88635377712402	0	0.9399999999999999	0	0	0	0	0	0	0	0	0	0.1445507764689892	-0.1680159488979027	0.06594664777314031	0	-1.440626925968843e-06	0	0	0	0	0	0	0	0	0	0	0	0	0	0	0	0	0	0	0	0
28.98	12.34634964182175	1.355188245220566	-11.88635508024535	0	0.9399999999999999	0	0	0	0	0	0	0	0	0	0.1445499574072511	-0.168014509131964	0.06594713538577002	0	-5.719743735595004e-07	0	0	0	0	0	0	0	0	0	0	0	0	0	0	0	0	0	0	0	0
29	12.29868352962358	1.359267464550497	-11.85137149351429	0	0.9399999999999999	0	0	0	0	0	0	0	0	0	0.146206572133034	-0.1618117939854234	0.05420087856464209	0	2.19814735493602e-08	0	0	0	0	0	0	0	0	0	0	0	0	0	0	0	0	0	0	0	0
29.02	12.29868352962358	1.359267464550497	-11.85137149351429	0	0.9399999999999999	0	0	0	0	0	0	0	0	0	0.146206572133034	-0.1618117939854234	0.05420087856464209	0	2.19814735493602e-08	0	0	0	0	0	0	0	0	0	0	0	0	0	0	0	0	0	0	0	0
29.04	12.28482913222356	1.359867799090878	-11.84038988673677	0	0.9399999999999999	0	0	0	0	0	0	0	0	0	0.1467364344017976	-0.1605371654653558	0.05210973802906297	0	-3.151263057714549e-08	0	0	0	0	0	0	0	0	0	0	0	0	0	0	0	0	0	0	0	0
29.06	12.25045060058689	1.360469265792993	-11.80461710753582	0	0.9399999999999999	0	0	0	0	0	0	0	0	0	0.150306189750207	-0.1559669135765429	0.05526100003367219	0	2.32812035983591e-07	0	0	0	0	0	0	0	0	0	0	0	0	0	0	0	0	0	0	0	0
29.08	12.25045168436418	1.360470969900688	-11.80461604439251	0	0.9399999999999999	0	0	0	0	0	0	0	0	0	0.1503051688088366	-0.1559656183108836	0.05525949516766475	0	-9.062028420194136e-07	0	0	0	0	0	0	0	0	0	0	0	0	0	0	0	0	0	0	0	0
29.1	12.21657002666487	1.363241087780606	-11.77137966886983	0	0.9399999999999999	0	0	0	0	0	0	0	0	0	0.1520243984834365	-0.1496277197621611	0.05641734878312862	0	1.578524135562092e-08	0	0	0	0	0	0	0	0	0	0	0	0	0	0	0	0	0	0	0	0
29.12	12.21656608363795	1.363319822346597	-11.77137181673626	0	0.9399999999999999	0	0	0	0	0	0	0	0	0	0.1520737976879468	-0.1497559606871544	0.05641754642505448	0	1.842363251406566e-06	0	0	0	0	0	0	0	0	0	0	0	0	0	0	0	0	0	0	0	0
29.14	12.20334350929989	1.364902770334251	-11.7621078204504	0	0.9399999999999999	0	0	0	0	0	0	0	0	0	0.1517748017031453	-0.1476900993869616	0.05330966588084753	0	-8.674756332534727e-08	0	0	0	0	0	0	0	0	0	0	0	0	0	0	0	0	0	0	0	0
29.16	12.21567014408033	1.369422437782537	-11.78814264144345	0	0.9399999999999999	0	0	0	0	0	0	0	0	0	0.1439334443648306	-0.1493786427328685	0.04063700275989204	0	1.894600635980257e-07	0	0	0	0	0	0	0	0	0	0	0	0	0	0	0	0	0	0	0	0
29.18	12.21567014408033	1.369422437782537	-11.78814264144345	0	0.9399999999999999	0	0	0	0	0	0	0	0	0	0.1439334443648306	-0.1493786427328685	0.04063700275989204	0	1.894600635980257e-07	0	0	0	0	0	0	0	0	0	0	0	0	0	0	0	0	0	0	0	0
29.2	12.26214459071375	1.376495091888388	-11.84412379795198	0	0.9399999999999999	0	0	0	0	0	0	0	0	0	0.1299740844012118	-0.1529642021938698	0.03093132126616697	0	3.846806504484739e-08	0	0	0	0	0	0	0	0	0	0	0	0	0	0	0	0	0	0	0	0
29.22	12.26214443832955	1.376535284508428	-11.84410169482346	0	0.9399999999999999	0	0	0	0	0	0	0	0	0	0.1299314589369096	-0.1530889285066505	0.03091543970345448	0	8.050781263875936e-07	0	0	0	0	0	0	0	0	0	0	0	0	0	0	0	0	0	0	0	0
29.24	12.270284520304	1.381031907911461	-11.85396805041642	0	0.9399999999999999	0	0	0	0	0	0	0	0	0	0.1249686240613987	-0.1515483330152448	0.02863824206610483	0	1.466599210905394e-07	0	0	0	0	0	0	0	0	0	0	0	0	0	0	0	0	0	0	0	0
29.26	12.26939039513682	1.386630394352756	-11.85484840862788	0	0.9399999999999999	0	0	0	0	0	0	0	0	0	0.1206203490452701	-0.1478821623668253	0.0260699736463167	0	2.697392954287432e-08	0	0	0	0	0	0	0	0	0	0	0	0	0	0	0	0	0	0	0	0
29.28	12.29153110800771	1.399014551820736	-11.88612750009898	0	0.9399999999999999	0	0	0	0	0	0	0	0	0	0.1079022808924973	-0.1422939298130158	0.01539310492976347	0	-3.057813673221982e-09	0	0	0	0	0	0	0	0	0	0	0	0	0	0	0	0	0	0	0	0
29.3	12.33219481135449	1.403449532697739	-11.93297719606794	0	0.9399999999999999	0	0	0	0	0	0	0	0	0	0.09843677895947558	-0.1440209939765091	0.007508986634907401	0	-4.442662869646001e-07	0	0	0	0	0	0	0	0	0	0	0	0	0	0	0	0	0	0	0	0
29.32	12.3869077165687	1.406836983252394	-11.99189319176814	0	0.9399999999999999	0	0	0	0	0	0	0	0	0	0.08836237146132588	-0.1467401167194143	0.002279014757594679	0	3.095125978805862e-07	0	0	0	0	0	0	0	0	0	0	0	0	0	0	0	0	0	0	0	0
29.34	12.4364598439779	1.409316093741038	-12.04359205857297	0	0.9399999999999999	0	0	0	0	0	0	0	0	0	0.07976281606670983	-0.1487156601716343	-0.0007283061060339123	0	-1.26637560864527e-07	0	0	0	0	0	0	0	0	0	0	0	0	0	0	0	0	0	0	0	0
29.36	12.43646007564434	1.409316052672214	-12.04359178505111	0	0.9399999999999999	0	0	0	0	0	0	0	0	0	0.07976284263569595	-0.1487159424919495	-0.0007283130991533457	0	1.812519456234918e-07	0	0	0	0	0	0	0	0	0	0	0	0	0	0	0	0	0	0	0	0
29.38	12.48112921667369	1.412160003815048	-12.08917559579107	0	0.9399999999999999	0	0	0	0	0	0	0	0	0	0.07182743386899594	-0.1493408030766755	-0.002537535039295146	0	-3.677397560677039e-07	0	0	0	0	0	0	0	0	0	0	0	0	0	0	0	0	0	0	0	0
29.4	12.51936757489207	1.41609889188067	-12.12828666810198	0	0.9399999999999999	0	0	0	0	0	0	0	0	0	0.06448917117856495	-0.1481887502048392	-0.004375933637607518	0	-1.729876012842097e-07	0	0	0	0	0	0	0	0	0	0	0	0	0	0	0	0	0	0	0	0
29.42	12.57730224802054	1.426655223375898	-12.19451398428048	0	0.9399999999999999	0	0	0	0	0	0	0	0	0	0.05105385776720483	-0.1419859182166932	-0.0145317606434315	0	-4.52541134090759e-07	0	0	0	0	0	0	0	0	0	0	0	0	0	0	0	0	0	0	0	0
29.44	12.59261279712422	1.432702093188193	-12.21656763788769	0	0.9399999999999999	0	0	0	0	0	0	0	0	0	0.04590267438643253	-0.1374301009368805	-0.02172638584164886	0	-8.00409756936058e-08	0	0	0	0	0	0	0	0	0	0	0	0	0	0	0	0	0	0	0	0
29.46	12.5925615754869	1.432547053225613	-12.21661858166536	0	0.9399999999999999	0	0	0	0	0	0	0	0	0	0.04582097750436098	-0.1372245564864706	-0.02161789368601394	0	-5.063130792598636e-06	0	0	0	0	0	0	0	0	0	0	0	0	0	0	0	0	0	0	0	0
29.48	12.585690214931	1.441200618277415	-12.22370261354859	0	0.9399999999999999	0	0	0	0	0	0	0	0	0	0.04133591242072784	-0.1286601136207413	-0.03480691793649145	0	1.212733255011836e-08	0	0	0	0	0	0	0	0	0	0	0	0	0	0	0	0	0	0	0	0
29.5	12.55517766859699	1.44349411746643	-12.1988657737059	0	0.9399999999999999	0	0	0	0	0	0	0	0	0	0.04324620313329249	-0.1250521519202294	-0.04003578204515098	0	-4.577149835970743e-07	0	0	0	0	0	0	0	0	0	0	0	0	0	0	0	0	0	0	0	0
29.52	12.49395721004458	1.446015125613677	-12.14204370899532	0	0.9399999999999999	0	0	0	0	0	0	0	0	0	0.04867121935242861	-0.1196063841255741	-0.04375933557257656	0	1.50125057286825e-07	0	0	0	0	0	0	0	0	0	0	0	0	0	0	0	0	0	0	0	0
29.54	12.41130776898569	1.448544371715983	-12.06359266247879	0	0.9399999999999999	0	0	0	0	0	0	0	0	0	0.05618317284337125	-0.1125413135752129	-0.0468392054380136	0	1.383715248474004e-07	0	0	0	0	0	0	0	0	0	0	0	0	0	0	0	0	0	0	0	0
29.56	12.31913832314887	1.450459730655436	-11.97612043354545	0	0.9399999999999999	0	0	0	0	0	0	0	0	0	0.06423968612954518	-0.1047457150237697	-0.04998564375621795	0	3.323048995868558e-07	0	0	0	0	0	0	0	0	0	0	0	0	0	0	0	0	0	0	0	0
29.58	12.21717398536411	1.451019877094446	-11.87868277569513	0	0.9399999999999999	0	0	0	0	0	0	0	0	0	0.07334106710505031	-0.09651022496465521	-0.05314956388561342	0	-2.441625570181864e-07	0	0	0	0	0	0	0	0	0	0	0	0	0	0	0	0	0	0	0	0
29.6	12.11975501238131	1.450112366932596	-11.78607517567529	0	0.9399999999999999	0	0	0	0	0	0	0	0	0	0.08254670987193505	-0.08892985464603054	-0.05693136493604938	0	6.026520193392769e-07	0	0	0	0	0	0	0	0	0	0	0	0	0	0	0	0	0	0	0	0
29.62	12.11975501238131	1.450112366932596	-11.78607517567529	0	0.9399999999999999	0	0	0	0	0	0	0	0	0	0.08254670987193505	-0.08892985464603054	-0.05693136493604938	0	6.026520193392769e-07	0	0	0	0	0	0	0	0	0	0	0	0	0	0	0	0	0	0	0	0
29.64	12.03687000887491	1.448200156566827	-11.70793542788109	0	0.9399999999999999	0	0	0	0	0	0	0	0	0	0.09082783540907725	-0.08242553769546095	-0.06076200456584636	0	5.664706187022744e-08	0	0	0	0	0	0	0	0	0	0	0	0	0	0	0	0	0	0	0	0
29.66	11.96775124571423	1.446014622060956	-11.64314414945908	0	0.9399999999999999	0	0	0	0	0	0	0	0	0	0.09781910942730812	-0.07665662084856781	-0.06421087461152859	0	3.455413181253235e-09	0	0	0	0	0	0	0	0	0	0	0	0	0	0	0	0	0	0	0	0
29.68	11.90918314664187	1.44402260723494	-11.58759650113627	0	0.9399999999999999	0	0	0	0	0	0	0	0	0	0.1036398612450747	-0.07121974459002128	-0.0663970621829815	0	-2.640481671237748e-07	0	0	0	0	0	0	0	0	0	0	0	0	0	0	0	0	0	0	0	0
29.7	11.85447415863008	1.441485352361075	-11.53535202586431	0	0.9399999999999999	0	0	0	0	0	0	0	0	0	0.1094128897736585	-0.06610276913756243	-0.06831396969822058	0	5.668566124301543e-07	0	0	0	0	0	0	0	0	0	0	0	0	0	0	0	0	0	0	0	0
29.72	11.81131057665504	1.438508957684045	-11.49360608199035	0	0.9399999999999999	0	0	0	0	0	0	0	0	0	0.114789054556689	-0.06194638882065466	-0.06964799753671742	0	6.97103013979638e-07	0	0	0	0	0	0	0	0	0	0	0	0	0	0	0	0	0	0	0	0
29.74	11.72614760663416	1.431903160911281	-11.40777912796349	0	0.9399999999999999	0	0	0	0	0	0	0	0	0	0.1263219500666935	-0.0522241138404925	-0.07061372009133525	0	-1.59639563830149e-06	0	0	0	0	0	0	0	0	0	0	0	0	0	0	0	0	0	0	0	0
29.76	11.68119185004174	1.427387190339794	-11.36175259816494	0	0.9399999999999999	0	0	0	0	0	0	0	0	0	0.1335019483365878	-0.04667990174417808	-0.07097969117512108	0	-6.044556152903288e-07	0	0	0	0	0	0	0	0	0	0	0	0	0	0	0	0	0	0	0	0
29.78	11.68119280464516	1.427387047712907	-11.36175180355951	0	0.9399999999999999	0	0	0	0	0	0	0	0	0	0.133502092998958	-0.04667915357139244	-0.07097862243453441	0	-4.979588075891864e-07	0	0	0	0	0	0	0	0	0	0	0	0	0	0	0	0	0	0	0	0
29.8	11.59926730137489	1.417735228870479	-11.27696648924879	0	0.9399999999999999	0	0	0	0	0	0	0	0	0	0.1477892338000051	-0.03538806801705437	-0.07094394354809162	0	1.504957609990441e-07	0	0	0	0	0	0	0	0	0	0	0	0	0	0	0	0	0	0	0	0
29.82	11.56972463817134	1.414403103525658	-11.24598949656782	0	0.9399999999999999	0	0	0	0	0	0	0	0	0	0.1527547927307187	-0.03055609503841905	-0.07070393503110807	0	-1.230097224481403e-07	0	0	0	0	0	0	0	0	0	0	0	0	0	0	0	0	0	0	0	0
29.84	11.53852301766714	1.411679078762758	-11.21330259260908	0	0.9399999999999999	0	0	0	0	0	0	0	0	0	0.1572524352121027	-0.02565286454687248	-0.07020169582244749	0	-2.245682237692648e-06	0	0	0	0	0	0	0	0	0	0	0	0	0	0	0	0	0	0	0	0
29.86	11.51712200984194	1.408498086992858	-11.19092171045782	0	0.9399999999999999	0	0	0	0	0	0	0	0	0	0.1613695960926894	-0.02141921855459876	-0.07018623362378928	0	2.122721446326142e-07	0	0	0	0	0	0	0	0	0	0	0	0	0	0	0	0	0	0	0	0
29.88	11.51712373661762	1.408498262114429	-11.19092020115267	0	0.9399999999999999	0	0	0	0	0	0	0	0	0	0.1613689636816645	-0.02141896826628768	-0.07018488333691175	0	2.034479286051268e-07	0	0	0	0	0	0	0	0	0	0	0	0	0	0	0	0	0	0	0	0
29.9	11.49819221255058	1.40531663106607	-11.17108309346753	0	0.9399999999999999	0	0	0	0	0	0	0	0	0	0.1654889192583106	-0.01810035462945106	-0.06988956396283492	0	5.933898308550635e-07	0	0	0	0	0	0	0	0	0	0	0	0	0	0	0	0	0	0	0	0
29.92	11.46522903148462	1.400723978779565	-11.13814863108625	0	0.9399999999999999	0	0	0	0	0	0	0	0	0	0.171071447357796	-0.01236514827367307	-0.07079143848258448	0	-3.250750744036987e-07	0	0	0	0	0	0	0	0	0	0	0	0	0	0	0	0	0	0	0	0
29.94	11.46522903148462	1.400723978779565	-11.13814863108625	0	0.9399999999999999	0	0	0	0	0	0	0	0	0	0.171071447357796	-0.01236514827367307	-0.07079143848258448	0	-3.250750744036987e-07	0	0	0	0	0	0	0	0	0	0	0	0	0	0	0	0	0	0	0	0
29.96	11.45618595221823	1.3988498167452	-11.12973979478461	0	0.9399999999999999	0	0	0	0	0	0	0	0	0	0.1730045301611643	-0.01091091949413191	-0.07153677764889051	0	-5.274135226313923e-07	0	0	0	0	0	0	0	0	0	0	0	0	0	0	0	0	0	0	0	0
29.98	11.45140554159071	1.397066867673251	-11.12660877424856	0	0.9399999999999999	0	0	0	0	0	0	0	0	0	0.1745607756739692	-0.01052556992156935	-0.07255777509463154	0	-1.948979857934885e-06	0	0	0	0	0	0	0	0	0	0	0	0	0	0	0	0	0	0	0	0
30	11.45083031868757	1.397488399647129	-11.12665380788392	0	0.9399999999999999	0	0	0	0	0	0	0	0	0	0.1739626877508033	-0.01058870909595865	-0.07242525775124022	0	1.589124273326613e-06	0	0	0	0	0	0	0	0	0	0	0	0	0	0	0	0	0	0	0	0
30.02	11.44206834191243	1.397967390874283	-11.11830903203261	0	0.9399999999999999	0	0	0	0	0	0	0	0	0	0.1733251917782745	-0.009426646610974943	-0.07217051034356151	0	-8.403997705435549e-07	0	0	0	0	0	0	0	0	0	0	0	0	0	0	0	0	0	0	0	0
30.04	11.44206969658669	1.397968143758401	-11.118307824762	0	0.9399999999999999	0	0	0	0	0	0	0	0	0	0.1733269374574306	-0.009425907391090508	-0.07216712514490502	0	-7.301455268697141e-07	0	0	0	0	0	0	0	0	0	0	0	0	0	0	0	0	0	0	0	0
30.06	11.42892028397762	1.399696314447808	-11.10573184109069	0	0.9399999999999999	0	0	0	0	0	0	0	0	0	0.1711159866505546	-0.007915028783847875	-0.07137108780295073	0	-2.262184617373887e-07	0	0	0	0	0	0	0	0	0	0	0	0	0	0	0	0	0	0	0	0
30.08	11.42892028397762	1.399696314447808	-11.10573184109069	0	0.9399999999999999	0	0	0	0	0	0	0	0	0	0.1711159866505546	-0.007915028783847875	-0.07137108780295073	0	-2.262184617373887e-07	0	0	0	0	0	0	0	0	0	0	0	0	0	0	0	0	0	0	0	0
30.1	11.42861391912427	1.400540623339975	-11.10594180569231	0	0.9399999999999999	0	0	0	0	0	0	0	0	0	0.1699166186972076	-0.008373978284236647	-0.07099296742815139	0	6.419109712517221e-06	0	0	0	0	0	0	0	0	0	0	0	0	0	0	0	0	0	0	0	0
30.12	11.42762129593141	1.403102168103859	-11.10657852556435	0	0.9399999999999999	0	0	0	0	0	0	0	0	0	0.1666726793774859	-0.009368685392608151	-0.07115981104561794	0	-5.092762874305101e-06	0	0	0	0	0	0	0	0	0	0	0	0	0	0	0	0	0	0	0	0
30.14	11.42761815002471	1.403099776666052	-11.10656993133634	0	0.9399999999999999	0	0	0	0	0	0	0	0	0	0.1666713234118904	-0.009367442755460403	-0.07115059266051431	0	-2.613018769940936e-06	0	0	0	0	0	0	0	0	0	0	0	0	0	0	0	0	0	0	0	0
30.16	11.42743245459592	1.404403257118025	-11.10700869063951	0	0.9399999999999999	0	0	0	0	0	0	0	0	0	0.1651171024328651	-0.009861494536553403	-0.07119952097551924	0	-4.087924664788063e-06	0	0	0	0	0	0	0	0	0	0	0	0	0	0	0	0	0	0	0	0
30.18	11.4402566083752	1.40685301075067	-11.12045278611358	0	0.9399999999999999	0	0	0	0	0	0	0	0	0	0.1621724601966511	-0.01231887647779557	-0.07106473396960841	0	-7.443680721619951e-07	0	0	0	0	0	0	0	0	0	0	0	0	0	0	0	0	0	0	0	0
30.2	11.44013771321862	1.406821605714072	-11.12048706258446	0	0.9399999999999999	0	0	0	0	0	0	0	0	0	0.1619683911758963	-0.01278684643636801	-0.07064671023379432	0	-1.202157672358311e-05	0	0	0	0	0	0	0	0	0	0	0	0	0	0	0	0	0	0	0	0
30.22	11.44009308728351	1.410089465084587	-11.12079324269178	0	0.9399999999999999	0	0	0	0	0	0	0	0	0	0.1581186390475221	-0.01322833826712368	-0.07040131721108914	0	1.517222762154422e-06	0	0	0	0	0	0	0	0	0	0	0	0	0	0	0	0	0	0	0	0
30.24	11.44889504051947	1.411694627581271	-11.12991506537573	0	0.9399999999999999	0	0	0	0	0	0	0	0	0	0.1561967923634759	-0.01492791299149781	-0.0708217634758834	0	1.273222396496479e-07	0	0	0	0	0	0	0	0	0	0	0	0	0	0	0	0	0	0	0	0
30.26	11.44889458800586	1.411694536536149	-11.12991546285993	0	0.9399999999999999	0	0	0	0	0	0	0	0	0	0.156196844281045	-0.0149279268132901	-0.07082180766923354	0	-2.140291341951794e-07	0	0	0	0	0	0	0	0	0	0	0	0	0	0	0	0	0	0	0	0
30.28	11.4592850057947	1.413308066559262	-11.14016232415196	0	0.9399999999999999	0	0	0	0	0	0	0	0	0	0.1543112898621695	-0.01664552900006893	-0.07105334050321992	0	-5.536879611828584e-07	0	0	0	0	0	0	0	0	0	0	0	0	0	0	0	0	0	0	0	0
30.3	11.45989330134794	1.415587602168711	-11.14023322703722	0	0.9399999999999999	0	0	0	0	0	0	0	0	0	0.1521205112097132	-0.01651508663605458	-0.07115650505421732	0	7.600019970086289e-06	0	0	0	0	0	0	0	0	0	0	0	0	0	0	0	0	0	0	0	0
30.32	11.48115760377342	1.41861409869592	-11.16104447565954	0	0.9399999999999999	0	0	0	0	0	0	0	0	0	0.148709487583721	-0.01938624972401612	-0.07118859339429175	0	-5.271593516454826e-08	0	0	0	0	0	0	0	0	0	0	0	0	0	0	0	0	0	0	0	0
30.34	11.48185595885555	1.42222896004963	-11.16084148180718	0	0.9399999999999999	0	0	0	0	0	0	0	0	0	0.1451225063790849	-0.01876411281418312	-0.0710320445071809	0	-1.019383003251694e-06	0	0	0	0	0	0	0	0	0	0	0	0	0	0	0	0	0	0	0	0
30.36	11.48278781627847	1.430162537341867	-11.16009062228745	0	0.9399999999999999	0	0	0	0	0	0	0	0	0	0.1369255786957652	-0.01745583217305036	-0.07125608101705222	0	-5.74157552937611e-07	0	0	0	0	0	0	0	0	0	0	0	0	0	0	0	0	0	0	0	0
30.38	11.48279352096375	1.430163948759511	-11.16010460434037	0	0.9399999999999999	0	0	0	0	0	0	0	0	0	0.1369265842410279	-0.01745576171629155	-0.07128105946676346	0	-1.113154557271699e-06	0	0	0	0	0	0	0	0	0	0	0	0	0	0	0	0	0	0	0	0
30.4	11.48333358353252	1.437383203783098	-11.15963655059156	0	0.9399999999999999	0	0	0	0	0	0	0	0	0	0.1292266198247325	-0.01650330138825822	-0.07334163108037012	0	-6.567514587278e-07	0	0	0	0	0	0	0	0	0	0	0	0	0	0	0	0	0	0	0	0
30.42	11.47336172402235	1.441244969382073	-11.14911542996589	0	0.9399999999999999	0	0	0	0	0	0	0	0	0	0.1257790233043363	-0.01477828997915072	-0.07495465215159314	0	-1.721977011496265e-09	0	0	0	0	0	0	0	0	0	0	0	0	0	0	0	0	0	0	0	0
30.44	11.46073964066811	1.445339576691148	-11.13626524047907	0	0.9399999999999999	0	0	0	0	0	0	0	0	0	0.1222595947759631	-0.01280312130416912	-0.07716628628056001	0	-6.080305006357677e-07	0	0	0	0	0	0	0	0	0	0	0	0	0	0	0	0	0	0	0	0
30.46	11.44729184256403	1.449230106486426	-11.12255713568323	0	0.9399999999999999	0	0	0	0	0	0	0	0	0	0.1191869126852434	-0.01081566952142575	-0.07921247508514613	0	3.773689023014366e-07	0	0	0	0	0	0	0	0	0	0	0	0	0	0	0	0	0	0	0	0
30.48	11.44729184256403	1.449230106486426	-11.12255713568323	0	0.9399999999999999	0	0	0	0	0	0	0	0	0	0.1191869126852434	-0.01081566952142575	-0.07921247508514613	0	3.773689023014366e-07	0	0	0	0	0	0	0	0	0	0	0	0	0	0	0	0	0	0	0	0
30.5	11.44702321920735	1.452876574126835	-11.12219575027204	0	0.9399999999999999	0	0	0	0	0	0	0	0	0	0.1164155036695528	-0.01029278284564305	-0.081088994615374	0	-8.156779347906446e-06	0	0	0	0	0	0	0	0	0	0	0	0	0	0	0	0	0	0	0	0
30.52	11.42009045993411	1.456171138260328	-11.09474776156025	0	0.9399999999999999	0	0	0	0	0	0	0	0	0	0.1141803197161592	-0.006570368359142993	-0.08256776242984762	0	-4.693833506557154e-08	0	0	0	0	0	0	0	0	0	0	0	0	0	0	0	0	0	0	0	0
30.54	11.40234893995676	1.462967492418198	-11.07560463748866	0	0.9399999999999999	0	0	0	0	0	0	0	0	0	0.1087986155678119	-0.003328268836566156	-0.08512453082807994	0	-4.244044579897445e-07	0	0	0	0	0	0	0	0	0	0	0	0	0	0	0	0	0	0	0	0
30.56	11.40234893995676	1.462967492418198	-11.07560463748866	0	0.9399999999999999	0	0	0	0	0	0	0	0	0	0.1087986155678119	-0.003328268836566156	-0.08512453082807994	0	-4.244044579897445e-07	0	0	0	0	0	0	0	0	0	0	0	0	0	0	0	0	0	0	0	0
30.58	11.40268238959279	1.466654698355878	-11.07501614894902	0	0.9399999999999999	0	0	0	0	0	0	0	0	0	0.1059423983036406	-0.003188534526709674	-0.08613059515658658	0	-3.326983239911125e-06	0	0	0	0	0	0	0	0	0	0	0	0	0	0	0	0	0	0	0	0
30.6	11.37386717510907	1.469875506031876	-11.04510929368781	0	0.9399999999999999	0	0	0	0	0	0	0	0	0	0.1039147794711679	-0.0005198187798973824	-0.0869563482048176	0	2.323389344016179e-07	0	0	0	0	0	0	0	0	0	0	0	0	0	0	0	0	0	0	0	0
30.62	11.32300667747078	1.474672905473985	-10.99232817649832	0	0.9399999999999999	0	0	0	0	0	0	0	0	0	0.1004590184100155	0.003891703026522403	-0.08916043951372944	0	2.727844051749419e-07	0	0	0	0	0	0	0	0	0	0	0	0	0	0	0	0	0	0	0	0
30.64	11.32300687091907	1.474672505442254	-10.99232802468841	0	0.9399999999999999	0	0	0	0	0	0	0	0	0	0.10045880806889	0.003891740013447964	-0.08916045018385449	0	-2.166304724044116e-07	0	0	0	0	0	0	0	0	0	0	0	0	0	0	0	0	0	0	0	0
30.66	11.26182513269306	1.478712894635708	-10.92968852139814	0	0.9399999999999999	0	0	0	0	0	0	0	0	0	0.09761343440973359	0.009325467089209489	-0.09230133367136656	0	-4.50764938868241e-07	0	0	0	0	0	0	0	0	0	0	0	0	0	0	0	0	0	0	0	0
30.68	11.23231418248381	1.480622140876814	-10.89968146781308	0	0.9399999999999999	0	0	0	0	0	0	0	0	0	0.09620175361791451	0.01163763659146582	-0.09390506280038631	0	4.817701276959165e-07	0	0	0	0	0	0	0	0	0	0	0	0	0	0	0	0	0	0	0	0
30.7	11.20713349770599	1.482812124366285	-10.87416045034505	0	0.9399999999999999	0	0	0	0	0	0	0	0	0	0.09440502447354315	0.0133009728242629	-0.09560641846064281	0	-3.830467125745829e-07	0	0	0	0	0	0	0	0	0	0	0	0	0	0	0	0	0	0	0	0
30.72	11.18165503080036	1.485181461430976	-10.84840936753521	0	0.9399999999999999	0	0	0	0	0	0	0	0	0	0.09268306518070679	0.01472676294855012	-0.09705242315636714	0	-2.888363856375277e-07	0	0	0	0	0	0	0	0	0	0	0	0	0	0	0	0	0	0	0	0
30.74	11.18165503080036	1.485181461430976	-10.84840936753521	0	0.9399999999999999	0	0	0	0	0	0	0	0	0	0.09268306518070679	0.01472676294855012	-0.09705242315636714	0	-2.888363856375277e-07	0	0	0	0	0	0	0	0	0	0	0	0	0	0	0	0	0	0	0	0
30.76	11.11918820363239	1.4899387466864	-10.78558414466745	0	0.9399999999999999	0	0	0	0	0	0	0	0	0	0.0890059824895196	0.01761648218913827	-0.09850621080691493	0	-6.39957631507256e-07	0	0	0	0	0	0	0	0	0	0	0	0	0	0	0	0	0	0	0	0
30.78	11.11912329126212	1.492367303852947	-10.78512631092747	0	0.9399999999999999	0	0	0	0	0	0	0	0	0	0.08738803568825855	0.01642083346219787	-0.09815465538872344	0	2.526743923808213e-07	0	0	0	0	0	0	0	0	0	0	0	0	0	0	0	0	0	0	0	0
30.8	11.11910198164563	1.492365863937655	-10.78510731876808	0	0.9399999999999999	0	0	0	0	0	0	0	0	0	0.08739001042384693	0.01642200853598499	-0.09815735438991709	0	2.476235403717377e-06	0	0	0	0	0	0	0	0	0	0	0	0	0	0	0	0	0	0	0	0
30.82	11.04294226271301	1.497205089869762	-10.70792147392276	0	0.9399999999999999	0	0	0	0	0	0	0	0	0	0.08168050014485657	0.01893227584010967	-0.09656373213776664	0	-5.605726574372676e-08	0	0	0	0	0	0	0	0	0	0	0	0	0	0	0	0	0	0	0	0
30.84	11.04308440642921	1.499519328795355	-10.70722684577883	0	0.9399999999999999	0	0	0	0	0	0	0	0	0	0.07918373959517623	0.01711644259448108	-0.09542076759151544	0	-3.158223300838378e-06	0	0	0	0	0	0	0	0	0	0	0	0	0	0	0	0	0	0	0	0
30.86	11.00041904781598	1.501678711748816	-10.66351839363763	0	0.9399999999999999	0	0	0	0	0	0	0	0	0	0.07578266482132648	0.01818697874899887	-0.09464899157330287	0	1.072623719119718e-06	0	0	0	0	0	0	0	0	0	0	0	0	0	0	0	0	0	0	0	0
30.88	11.00041908349525	1.501678398969618	-10.66351839809949	0	0.9399999999999999	0	0	0	0	0	0	0	0	0	0.0757825629046984	0.01818750869841063	-0.09464897556425243	0	-2.278132052068403e-07	0	0	0	0	0	0	0	0	0	0	0	0	0	0	0	0	0	0	0	0
30.9	11.00168046450416	1.505486266765803	-10.66167168973684	0	0.9399999999999999	0	0	0	0	0	0	0	0	0	0.07153529051391173	0.0150913202515313	-0.09172981148693984	0	5.611409600440217e-06	0	0	0	0	0	0	0	0	0	0	0	0	0	0	0	0	0	0	0	0
30.92	11.00167026436554	1.505486401478704	-10.66166694487164	0	0.9399999999999999	0	0	0	0	0	0	0	0	0	0.07152962340251681	0.0150833503839699	-0.09174014383912418	0	5.042522588425629e-06	0	0	0	0	0	0	0	0	0	0	0	0	0	0	0	0	0	0	0	0
30.94	11.00226948422047	1.507616921458331	-10.66055080474223	0	0.9399999999999999	0	0	0	0	0	0	0	0	0	0.06871110818272162	0.01363759837770535	-0.09001722949875572	0	-2.296638388514855e-06	0	0	0	0	0	0	0	0	0	0	0	0	0	0	0	0	0	0	0	0
30.96	11.0039871524296	1.511712650544549	-10.65861859166012	0	0.9399999999999999	0	0	0	0	0	0	0	0	0	0.06334088213765422	0.01130806583234232	-0.08683005395078718	0	-2.873311625257452e-06	0	0	0	0	0	0	0	0	0	0	0	0	0	0	0	0	0	0	0	0
30.98	11.00489734049166	1.514089057716931	-10.65779694357129	0	0.9399999999999999	0	0	0	0	0	0	0	0	0	0.05996546732129116	0.01009503509569791	-0.08558254119079568	0	3.986549640999315e-06	0	0	0	0	0	0	0	0	0	0	0	0	0	0	0	0	0	0	0	0
31	11.00576071671076	1.516407008383406	-10.65717722500997	0	0.9399999999999999	0	0	0	0	0	0	0	0	0	0.05637925439213456	0.008771451537700687	-0.08475841505367029	0	5.189861518778187e-06	0	0	0	0	0	0	0	0	0	0	0	0	0	0	0	0	0	0	0	0
31.02	11.00664568978685	1.518102224965107	-10.65672441391879	0	0.9399999999999999	0	0	0	0	0	0	0	0	0	0.05334401624778493	0.007823741027607791	-0.08435916035326677	0	7.290725300164803e-06	0	0	0	0	0	0	0	0	0	0	0	0	0	0	0	0	0	0	0	0
31.04	11.00749824688676	1.519478869182743	-10.65645551117487	0	0.9399999999999999	0	0	0	0	0	0	0	0	0	0.0502989708813818	0.00701164847213265	-0.08471412422037113	0	-6.003038435723444e-06	0	0	0	0	0	0	0	0	0	0	0	0	0	0	0	0	0	0	0	0
31.06	11.00830683162991	1.520852997908273	-10.65641907321872	0	0.9399999999999999	0	0	0	0	0	0	0	0	0	0.04716403253960498	0.006095966477524274	-0.08549115611929432	0	8.674844174763294e-06	0	0	0	0	0	0	0	0	0	0	0	0	0	0	0	0	0	0	0	0
31.08	11.00832493427348	1.520847788019514	-10.65643486267322	0	0.9399999999999999	0	0	0	0	0	0	0	0	0	0.04716589918004337	0.006089013082814616	-0.08548640758853909	0	8.289149511028408e-06	0	0	0	0	0	0	0	0	0	0	0	0	0	0	0	0	0	0	0	0
31.1	11.00929612443393	1.522148856032855	-10.65655264342388	0	0.9399999999999999	0	0	0	0	0	0	0	0	0	0.04472805346324793	0.00499263212662292	-0.08622760311365592	0	-6.98089329953337e-06	0	0	0	0	0	0	0	0	0	0	0	0	0	0	0	0	0	0	0	0
31.12	11.20672218268988	1.524471655637343	-10.85238561522457	0	0.9399999999999999	0	0	0	0	0	0	0	0	0	0.0431896967795008	-0.006409037583857166	-0.08705735122411183	0	6.933817043190558e-07	0	0	0	0	0	0	0	0	0	0	0	0	0	0	0	0	0	0	0	0
31.14	11.20672218268988	1.524471655637343	-10.85238561522457	0	0.9399999999999999	0	0	0	0	0	0	0	0	0	0.0431896967795008	-0.006409037583857166	-0.08705735122411183	0	6.933817043190558e-07	0	0	0	0	0	0	0	0	0	0	0	0	0	0	0	0	0	0	0	0
31.16	11.20796664696071	1.527450490513937	-10.852043017417	0	0.9399999999999999	0	0	0	0	0	0	0	0	0	0.03930478661070577	-0.009499838881442926	-0.08661455799158904	0	-3.692602863877871e-06	0	0	0	0	0	0	0	0	0	0	0	0	0	0	0	0	0	0	0	0
31.18	11.36153652274661	1.528146982365352	-11.00473768642097	0	0.9399999999999999	0	0	0	0	0	0	0	0	0	0.03878053426333487	-0.01787909430218775	-0.08574177576757891	0	-1.662842786195046e-07	0	0	0	0	0	0	0	0	0	0	0	0	0	0	0	0	0	0	0	0
31.2	11.36153726790542	1.528147092367433	-11.00473694066275	0	0.9399999999999999	0	0	0	0	0	0	0	0	0	0.03878096804108935	-0.01787906199191428	-0.08574212670595768	0	3.282083259315895e-07	0	0	0	0	0	0	0	0	0	0	0	0	0	0	0	0	0	0	0	0
31.22	11.36212612071288	1.529050211137396	-11.00438093545334	0	0.9399999999999999	0	0	0	0	0	0	0	0	0	0.03776200716080665	-0.01979453146800983	-0.08460551723508433	0	-3.023825158118965e-06	0	0	0	0	0	0	0	0	0	0	0	0	0	0	0	0	0	0	0	0
31.24	11.36294777530176	1.530306593125123	-11.00418547709011	0	0.9399999999999999	0	0	0	0	0	0	0	0	0	0.03633980873532373	-0.02181959005438723	-0.08345354404247247	0	1.718147940318463e-05	0	0	0	0	0	0	0	0	0	0	0	0	0	0	0	0	0	0	0	0
31.26	11.49578297354877	1.531285593094979	-11.1359487506378	0	0.9399999999999999	0	0	0	0	0	0	0	0	0	0.03506183440574837	-0.02919252453984038	-0.08231398605202132	0	2.728071919077385e-07	0	0	0	0	0	0	0	0	0	0	0	0	0	0	0	0	0	0	0	0
31.28	11.49709775185455	1.534056353260695	-11.13476349004475	0	0.9399999999999999	0	0	0	0	0	0	0	0	0	0.03360126508629498	-0.03355971781433128	-0.07990553069036843	0	-3.062701323797581e-07	0	0	0	0	0	0	0	0	0	0	0	0	0	0	0	0	0	0	0	0
31.3	11.49802031227328	1.535562276968632	-11.13434571269991	0	0.9399999999999999	0	0	0	0	0	0	0	0	0	0.03295976550800511	-0.03583008306793727	-0.07884607449218631	0	7.666521923573085e-06	0	0	0	0	0	0	0	0	0	0	0	0	0	0	0	0	0	0	0	0
31.32	11.49802019805425	1.535561445512387	-11.13436242737146	0	0.9399999999999999	0	0	0	0	0	0	0	0	0	0.03295949897973626	-0.0358307729570866	-0.0788437024905775	0	4.367118528775896e-06	0	0	0	0	0	0	0	0	0	0	0	0	0	0	0	0	0	0	0	0
31.34	11.49972137475476	1.538022057185848	-11.13326050454366	0	0.9399999999999999	0	0	0	0	0	0	0	0	0	0.03182886972739309	-0.0400522990333541	-0.07679466560895094	0	1.120279272530435e-05	0	0	0	0	0	0	0	0	0	0	0	0	0	0	0	0	0	0	0	0
31.36	11.49973578383091	1.538033261229898	-11.13329647527219	0	0.9399999999999999	0	0	0	0	0	0	0	0	0	0.03183532264487211	-0.0400561360026582	-0.07679807291202277	0	1.147386146521578e-05	0	0	0	0	0	0	0	0	0	0	0	0	0	0	0	0	0	0	0	0
31.38	11.69836015826744	1.539968134434403	-11.32896782186325	0	0.9399999999999999	0	0	0	0	0	0	0	0	0	0.02971929736428167	-0.05052247533750073	-0.07556597198361661	0	-8.127164582871806e-07	0	0	0	0	0	0	0	0	0	0	0	0	0	0	0	0	0	0	0	0
31.4	11.6990708946523	1.540368268189417	-11.32819983698739	0	0.9399999999999999	0	0	0	0	0	0	0	0	0	0.02928614986757253	-0.05282511393702662	-0.07582292658234858	0	-1.055543808962416e-05	0	0	0	0	0	0	0	0	0	0	0	0	0	0	0	0	0	0	0	0
31.42	11.70012013915532	1.539739528234218	-11.32718180520702	0	0.9399999999999999	0	0	0	0	0	0	0	0	0	0.02952242600048232	-0.05558848925966666	-0.07597131598804323	0	7.404817715277202e-07	0	0	0	0	0	0	0	0	0	0	0	0	0	0	0	0	0	0	0	0
31.44	11.70111401478497	1.538907963808182	-11.32629054731853	0	0.9399999999999999	0	0	0	0	0	0	0	0	0	0.030383907225787	-0.05856076454006098	-0.0763731344702996	0	2.102614638620464e-06	0	0	0	0	0	0	0	0	0	0	0	0	0	0	0	0	0	0	0	0
31.46	11.70214147252288	1.537437837360745	-11.3255419367789	0	0.9399999999999999	0	0	0	0	0	0	0	0	0	0.03219709676985049	-0.0620630866963994	-0.07687312317700284	0	4.50971570970196e-06	0	0	0	0	0	0	0	0	0	0	0	0	0	0	0	0	0	0	0	0
31.48	11.70215924146941	1.537439732742197	-11.32555522430321	0	0.9399999999999999	0	0	0	0	0	0	0	0	0	0.03219634294399954	-0.06206383081911355	-0.07686778205549613	0	8.367122911108503e-06	0	0	0	0	0	0	0	0	0	0	0	0	0	0	0	0	0	0	0	0
31.5	11.7035473661797	1.535367502318957	-11.32461393509489	0	0.9399999999999999	0	0	0	0	0	0	0	0	0	0.03434703385931839	-0.06584847972980148	-0.07697300021759135	0	-7.44173319045559e-06	0	0	0	0	0	0	0	0	0	0	0	0	0	0	0	0	0	0	0	0
31.52	11.94330003845085	1.531550417969231	-11.55886518594726	0	0.9399999999999999	0	0	0	0	0	0	0	0	0	0.03169251150243329	-0.07919615462755572	-0.07544692219090023	0	-2.20043571285296e-06	0	0	0	0	0	0	0	0	0	0	0	0	0	0	0	0	0	0	0	0
31.54	11.94498239130038	1.530243514274378	-11.55746821899852	0	0.9399999999999999	0	0	0	0	0	0	0	0	0	0.0341193789313305	-0.08553220764295703	-0.07769985166535881	0	-1.328034113009991e-06	0	0	0	0	0	0	0	0	0	0	0	0	0	0	0	0	0	0	0	0
31.56	11.94499145896867	1.530243359211881	-11.55747404642491	0	0.9399999999999999	0	0	0	0	0	0	0	0	0	0.03412074719426301	-0.08553319221003226	-0.07769392681700006	0	-1.293943618924917e-06	0	0	0	0	0	0	0	0	0	0	0	0	0	0	0	0	0	0	0	0
31.58	12.07517406322701	1.527179984990779	-11.68094421542249	0	0.9399999999999999	0	0	0	0	0	0	0	0	0	0.03318423055182135	-0.09873813131277766	-0.07782730672936912	0	3.196860178451966e-06	0	0	0	0	0	0	0	0	0	0	0	0	0	0	0	0	0	0	0	0
31.6	12.0771058002371	1.525878179979143	-11.67920359327278	0	0.9399999999999999	0	0	0	0	0	0	0	0	0	0.03445614540895187	-0.1037384339758281	-0.07702520630859781	0	5.155508218465451e-06	0	0	0	0	0	0	0	0	0	0	0	0	0	0	0	0	0	0	0	0
31.62	12.0793024232441	1.524500411287157	-11.67756131616	0	0.9399999999999999	0	0	0	0	0	0	0	0	0	0.03548364591130862	-0.108801608795625	-0.07539834801101336	0	4.053454721153437e-06	0	0	0	0	0	0	0	0	0	0	0	0	0	0	0	0	0	0	0	0
31.64	12.19146943032032	1.522483378219359	-11.78576978991235	0	0.9399999999999999	0	0	0	0	0	0	0	0	0	0.0332593239347344	-0.1186016730577106	-0.0731655100517489	0	-3.027209425396818e-07	0	0	0	0	0	0	0	0	0	0	0	0	0	0	0	0	0	0	0	0
31.66	12.19379635940128	1.520088950624954	-11.78381122055489	0	0.9399999999999999	0	0	0	0	0	0	0	0	0	0.03484234304558871	-0.1251082540975376	-0.07039790099716479	0	2.838231568194424e-06	0	0	0	0	0	0	0	0	0	0	0	0	0	0	0	0	0	0	0	0
31.68	12.19380061348885	1.520088237301367	-11.78382127857718	0	0.9399999999999999	0	0	0	0	0	0	0	0	0	0.03484283625429589	-0.1251104737210778	-0.07040094600405079	0	2.725637135303983e-06	0	0	0	0	0	0	0	0	0	0	0	0	0	0	0	0	0	0	0	0
31.7	12.27184565463593	1.517466001345084	-11.8575051992072	0	0.9399999999999999	0	0	0	0	0	0	0	0	0	0.03364339215140517	-0.1347498264932108	-0.06763607172670079	0	-2.874582702849222e-09	0	0	0	0	0	0	0	0	0	0	0	0	0	0	0	0	0	0	0	0
31.72	12.27421650113588	1.515027771297171	-11.85539226699817	0	0.9399999999999999	0	0	0	0	0	0	0	0	0	0.03540965757841413	-0.1420394397293161	-0.06485396081562404	0	1.418302857335025e-06	0	0	0	0	0	0	0	0	0	0	0	0	0	0	0	0	0	0	0	0
31.74	12.27684586035514	1.512939529734637	-11.8536049897973	0	0.9399999999999999	0	0	0	0	0	0	0	0	0	0.03724187693135741	-0.1494012683845456	-0.06211717592400742	0	9.794108389404072e-06	0	0	0	0	0	0	0	0	0	0	0	0	0	0	0	0	0	0	0	0
31.76	12.39393905832728	1.510943895600836	-11.96646724289585	0	0.9399999999999999	0	0	0	0	0	0	0	0	0	0.03364851186344844	-0.1610426991251754	-0.05973727349557768	0	4.362398694640418e-08	0	0	0	0	0	0	0	0	0	0	0	0	0	0	0	0	0	0	0	0
31.78	12.39635585694191	1.509440807191874	-11.96444610030266	0	0.9399999999999999	0	0	0	0	0	0	0	0	0	0.03524184388282154	-0.1680894181541162	-0.05726607806781112	0	3.046224538368013e-07	0	0	0	0	0	0	0	0	0	0	0	0	0	0	0	0	0	0	0	0
31.8	12.46832225251845	1.508334998261561	-12.03165043270491	0	0.9399999999999999	0	0	0	0	0	0	0	0	0	0.03353540559119057	-0.1767944574337785	-0.05489544004598343	0	-6.9942868456296e-07	0	0	0	0	0	0	0	0	0	0	0	0	0	0	0	0	0	0	0	0
31.82	12.47120439992295	1.508092462547375	-12.02944878148547	0	0.9399999999999999	0	0	0	0	0	0	0	0	0	0.03600578527477543	-0.1819757797993837	-0.05247521808340073	0	-6.847492550649168e-06	0	0	0	0	0	0	0	0	0	0	0	0	0	0	0	0	0	0	0	0
31.84	12.57917853687258	1.507533899133012	-12.12890657203459	0	0.9399999999999999	0	0	0	0	0	0	0	0	0	0.03685261358578165	-0.1949649419054046	-0.04814608260361929	0	-9.159444958385879e-08	0	0	0	0	0	0	0	0	0	0	0	0	0	0	0	0	0	0	0	0
31.86	12.57917853687258	1.507533899133012	-12.12890657203459	0	0.9399999999999999	0	0	0	0	0	0	0	0	0	0.03685261358578165	-0.1949649419054046	-0.04814608260361929	0	-9.159444958385879e-08	0	0	0	0	0	0	0	0	0	0	0	0	0	0	0	0	0	0	0	0
31.88	12.64496133798917	1.50643503594545	-12.18617709533907	0	0.9399999999999999	0	0	0	0	0	0	0	0	0	0.04147147665399081	-0.2071879313527224	-0.04067205070826161	0	3.103554148811907e-07	0	0	0	0	0	0	0	0	0	0	0	0	0	0	0	0	0	0	0	0
31.9	12.71231943359675	1.505262062558891	-12.24880054580187	0	0.9399999999999999	0	0	0	0	0	0	0	0	0	0.04166656070210618	-0.2144801567303284	-0.03626444050775276	0	-1.641170518354455e-07	0	0	0	0	0	0	0	0	0	0	0	0	0	0	0	0	0	0	0	0
31.92	12.7796315615841	1.503312456120186	-12.31127966391702	0	0.9399999999999999	0	0	0	0	0	0	0	0	0	0.04150948535361682	-0.2219515748511479	-0.03218584547439942	0	1.806342850720607e-08	0	0	0	0	0	0	0	0	0	0	0	0	0	0	0	0	0	0	0	0
31.94	12.81340041152907	1.500917321594309	-12.34027576170979	0	0.9399999999999999	0	0	0	0	0	0	0	0	0	0.04340540532547901	-0.2290282857183835	-0.02857587459390633	0	7.497964258089358e-09	0	0	0	0	0	0	0	0	0	0	0	0	0	0	0	0	0	0	0	0
31.96	12.8161210554274	1.497541117051977	-12.33829610564724	0	0.9399999999999999	0	0	0	0	0	0	0	0	0	0.04770829811256853	-0.2364351615459994	-0.02524894345188018	0	-2.704862829216214e-06	0	0	0	0	0	0	0	0	0	0	0	0	0	0	0	0	0	0	0	0
31.98	12.86109432109746	1.494302054695405	-12.37857929257543	0	0.9399999999999999	0	0	0	0	0	0	0	0	0	0.04866767498518944	-0.2441199149650898	-0.02230404616809816	0	-1.467156379672715e-08	0	0	0	0	0	0	0	0	0	0	0	0	0	0	0	0	0	0	0	0
32	12.86109432109746	1.494302054695405	-12.37857929257543	0	0.9399999999999999	0	0	0	0	0	0	0	0	0	0.04866767498518944	-0.2441199149650898	-0.02230404616809816	0	-1.467156379672715e-08	0	0	0	0	0	0	0	0	0	0	0	0	0	0	0	0	0	0	0	0
32.02	12.8636342845649	1.491529897541025	-12.37662986848049	0	0.9399999999999999	0	0	0	0	0	0	0	0	0	0.05230489252682684	-0.2504953261822702	-0.01937015797851838	0	-1.308504176862431e-07	0	0	0	0	0	0	0	0	0	0	0	0	0	0	0	0	0	0	0	0
32.04000000000001	12.86619776593484	1.489147181293893	-12.37484485518085	0	0.9399999999999999	0	0	0	0	0	0	0	0	0	0.05556122509201968	-0.2565670489650465	-0.0165680824927261	0	6.550300675870785e-07	0	0	0	0	0	0	0	0	0	0	0	0	0	0	0	0	0	0	0	0
32.06	12.86884010405569	1.486733219269727	-12.37318973032465	0	0.9399999999999999	0	0	0	0	0	0	0	0	0	0.05861043452461887	-0.2627094792923376	-0.0138703488341427	0	-9.969197845673056e-06	0	0	0	0	0	0	0	0	0	0	0	0	0	0	0	0	0	0	0	0
32.08000000000001	12.9050869045988	1.484346479794388	-12.40550221082605	0	0.9399999999999999	0	0	0	0	0	0	0	0	0	0.05829145802876561	-0.2698191127590636	-0.01131538791567173	0	-1.363397381503181e-07	0	0	0	0	0	0	0	0	0	0	0	0	0	0	0	0	0	0	0	0
32.1	12.90698401006383	1.482589762702159	-12.4037005680563	0	0.9399999999999999	0	0	0	0	0	0	0	0	0	0.05993654429784351	-0.275856031539606	-0.008814708253877935	0	6.24327111381656e-07	0	0	0	0	0	0	0	0	0	0	0	0	0	0	0	0	0	0	0	0
32.12	12.90996949012083	1.479850710647105	-12.40068232549601	0	0.9399999999999999	0	0	0	0	0	0	0	0	0	0.06108048533590031	-0.2869418214506814	-0.0061097791605137	0	4.253071876899965e-07	0	0	0	0	0	0	0	0	0	0	0	0	0	0	0	0	0	0	0	0
32.14	12.90997015021912	1.479851518343289	-12.40068206164301	0	0.9399999999999999	0	0	0	0	0	0	0	0	0	0.06108087861280055	-0.286941072707579	-0.006108233125570005	0	3.958032960328094e-07	0	0	0	0	0	0	0	0	0	0	0	0	0	0	0	0	0	0	0	0
32.16	12.91105227358186	1.478665478547845	-12.39936952528052	0	0.9399999999999999	0	0	0	0	0	0	0	0	0	0.06135001867476427	-0.2925313764569433	-0.006528570526878683	0	-4.087421769907778e-06	0	0	0	0	0	0	0	0	0	0	0	0	0	0	0	0	0	0	0	0
32.18000000000001	12.91178693351254	1.477540435451834	-12.39805421905647	0	0.9399999999999999	0	0	0	0	0	0	0	0	0	0.06116661674160853	-0.2983687435091396	-0.008905619213931005	0	-3.790972218466969e-06	0	0	0	0	0	0	0	0	0	0	0	0	0	0	0	0	0	0	0	0
32.2	12.88936099665826	1.475478391663442	-12.37374834959236	0	0.9399999999999999	0	0	0	0	0	0	0	0	0	0.06309170631852512	-0.3048419498773547	-0.01207524352871849	0	2.129437689400162e-07	0	0	0	0	0	0	0	0	0	0	0	0	0	0	0	0	0	0	0	0
32.22000000000001	12.87299962316798	1.472007805917301	-12.35550896568351	0	0.9399999999999999	0	0	0	0	0	0	0	0	0	0.06421785718242233	-0.3119522732520447	-0.01623202066441998	0	1.380985699919976e-07	0	0	0	0	0	0	0	0	0	0	0	0	0	0	0	0	0	0	0	0
32.24	12.85007754130359	1.46387721644504	-12.32737261859235	0	0.9399999999999999	0	0	0	0	0	0	0	0	0	0.06803427066334104	-0.3236438088369797	-0.0261109977085709	0	5.11345707049526e-07	0	0	0	0	0	0	0	0	0	0	0	0	0	0	0	0	0	0	0	0
32.26000000000001	12.85150582269081	1.458227511875971	-12.32516263345045	0	0.9399999999999999	0	0	0	0	0	0	0	0	0	0.07021051971044311	-0.3298993973014159	-0.03100013133004745	0	-3.741974941687996e-06	0	0	0	0	0	0	0	0	0	0	0	0	0	0	0	0	0	0	0	0
32.28	12.85149780698643	1.458227369793857	-12.32515945966886	0	0.9399999999999999	0	0	0	0	0	0	0	0	0	0.07020904366971976	-0.3298987748386394	-0.03100716296452507	0	-3.584355170322921e-06	0	0	0	0	0	0	0	0	0	0	0	0	0	0	0	0	0	0	0	0
32.3	12.85349545301278	1.452629882330911	-12.32280278572016	0	0.9399999999999999	0	0	0	0	0	0	0	0	0	0.07271745871192596	-0.3349646510117059	-0.03523682824749248	0	-1.290144750642837e-05	0	0	0	0	0	0	0	0	0	0	0	0	0	0	0	0	0	0	0	0
32.32	12.85936705060477	1.441490187420278	-12.31700149115466	0	0.9399999999999999	0	0	0	0	0	0	0	0	0	0.07992766761805539	-0.3437088757236917	-0.03816593827914831	0	1.36658766705033e-05	0	0	0	0	0	0	0	0	0	0	0	0	0	0	0	0	0	0	0	0
32.34	12.85936532204488	1.441495079654253	-12.31698054755868	0	0.9399999999999999	0	0	0	0	0	0	0	0	0	0.07994374866321713	-0.3437006842807553	-0.0381367655399596	0	1.257094137547665e-05	0	0	0	0	0	0	0	0	0	0	0	0	0	0	0	0	0	0	0	0
32.36000000000001	12.86789134510816	1.429279219267592	-12.30956006158121	0	0.9399999999999999	0	0	0	0	0	0	0	0	0	0.09333274305004644	-0.3536892024840217	-0.03201885492840399	0	-1.212157848868159e-06	0	0	0	0	0	0	0	0	0	0	0	0	0	0	0	0	0	0	0	0
32.38	12.86788783230017	1.429280884623561	-12.30955415118379	0	0.9399999999999999	0	0	0	0	0	0	0	0	0	0.09333409363824373	-0.3536863105059243	-0.03201515804771304	0	-1.178919552552786e-06	0	0	0	0	0	0	0	0	0	0	0	0	0	0	0	0	0	0	0	0
32.40000000000001	12.87301652451012	1.423594822780172	-12.30530340543708	0	0.9399999999999999	0	0	0	0	0	0	0	0	0	0.1015245519637703	-0.3580191725182062	-0.02618600608823046	0	6.1928111240643e-06	0	0	0	0	0	0	0	0	0	0	0	0	0	0	0	0	0	0	0	0
32.42	12.87880450845196	1.418251966690263	-12.3010108109646	0	0.9399999999999999	0	0	0	0	0	0	0	0	0	0.1094586809656101	-0.3622562276199435	-0.01852175639317901	0	-5.877506887730142e-06	0	0	0	0	0	0	0	0	0	0	0	0	0	0	0	0	0	0	0	0
32.44	12.90297565451035	1.409946048845369	-12.30306643406819	0	0.9399999999999999	0	0	0	0	0	0	0	0	0	0.1141633812972953	-0.3688978458669431	0.002970876871622227	0	2.944853352321826e-07	0	0	0	0	0	0	0	0	0	0	0	0	0	0	0	0	0	0	0	0
32.46	12.90297565451035	1.409946048845369	-12.30306643406819	0	0.9399999999999999	0	0	0	0	0	0	0	0	0	0.1141633812972953	-0.3688978458669431	0.002970876871622227	0	2.944853352321826e-07	0	0	0	0	0	0	0	0	0	0	0	0	0	0	0	0	0	0	0	0
32.48	12.90856457911107	1.407314377588622	-12.29704171259548	0	0.9399999999999999	0	0	0	0	0	0	0	0	0	0.1097210346647329	-0.37019162554624	0.01466925331009788	0	-7.879163378830474e-06	0	0	0	0	0	0	0	0	0	0	0	0	0	0	0	0	0	0	0	0
32.50000000000001	12.92112012466685	1.404548620833869	-12.29790334347267	0	0.9399999999999999	0	0	0	0	0	0	0	0	0	0.1016081056243832	-0.3701555510721465	0.02469060230758446	0	-5.373061222973954e-07	0	0	0	0	0	0	0	0	0	0	0	0	0	0	0	0	0	0	0	0
32.52	12.92694238749321	1.40238517021216	-12.29197180820748	0	0.9399999999999999	0	0	0	0	0	0	0	0	0	0.09284406277506621	-0.3669104628721737	0.03217640878122674	0	9.776095232027616e-06	0	0	0	0	0	0	0	0	0	0	0	0	0	0	0	0	0	0	0	0
32.54000000000001	12.94915089450828	1.400270565785288	-12.30266020605463	0	0.9399999999999999	0	0	0	0	0	0	0	0	0	0.07984534084007006	-0.3626055838346551	0.03607579595580811	0	-3.821222790034497e-07	0	0	0	0	0	0	0	0	0	0	0	0	0	0	0	0	0	0	0	0
32.56	12.97332535001931	1.396248696466885	-12.3053887218187	0	0.9399999999999999	0	0	0	0	0	0	0	0	0	0.05207139515188115	-0.3491821153312118	0.03179399197412144	0	-9.519659521402384e-08	0	0	0	0	0	0	0	0	0	0	0	0	0	0	0	0	0	0	0	0
32.58000000000001	12.97745364457796	1.394282045027827	-12.29963186346066	0	0.9399999999999999	0	0	0	0	0	0	0	0	0	0.03748017089847262	-0.3403723274185145	0.02386053301480841	0	-1.059303292840625e-05	0	0	0	0	0	0	0	0	0	0	0	0	0	0	0	0	0	0	0	0
32.6	12.97747966792627	1.39428385330318	-12.29965608328946	0	0.9399999999999999	0	0	0	0	0	0	0	0	0	0.03747662659308769	-0.3403696615759955	0.02386665072776776	0	-9.15395669533232e-06	0	0	0	0	0	0	0	0	0	0	0	0	0	0	0	0	0	0	0	0
32.62	12.99546304923209	1.391437491336517	-12.29911354133996	0	0.9399999999999999	0	0	0	0	0	0	0	0	0	0.02352591980134154	-0.3289081997810152	0.01580432968915792	0	3.44930172583707e-08	0	0	0	0	0	0	0	0	0	0	0	0	0	0	0	0	0	0	0	0
32.64	13.00662202156342	1.390099065524172	-12.30146561608554	0	0.9399999999999999	0	0	0	0	0	0	0	0	0	-0.01461334179042095	-0.3077714408611956	-0.0154818753727665	0	-1.820726716321034e-07	0	0	0	0	0	0	0	0	0	0	0	0	0	0	0	0	0	0	0	0
32.66	13.02134313481461	1.388841680813675	-12.30749379909991	0	0.9399999999999999	0	0	0	0	0	0	0	0	0	-0.0342966443288505	-0.2963526524514802	-0.02989138280171291	0	7.872635679654849e-08	0	0	0	0	0	0	0	0	0	0	0	0	0	0	0	0	0	0	0	0
32.68000000000001	13.02134313481461	1.388841680813675	-12.30749379909991	0	0.9399999999999999	0	0	0	0	0	0	0	0	0	-0.0342966443288505	-0.2963526524514802	-0.02989138280171291	0	7.872635679654849e-08	0	0	0	0	0	0	0	0	0	0	0	0	0	0	0	0	0	0	0	0
32.7	13.03562256862744	1.387667470898752	-12.3132263521383	0	0.9399999999999999	0	0	0	0	0	0	0	0	0	-0.05490908358989446	-0.2852456091970084	-0.04325170426071759	0	3.507688946115029e-07	0	0	0	0	0	0	0	0	0	0	0	0	0	0	0	0	0	0	0	0
32.72000000000001	13.03885018899793	1.38646676535192	-12.30814847493688	0	0.9399999999999999	0	0	0	0	0	0	0	0	0	-0.07469101931703	-0.2735530667792456	-0.05595373995128747	0	-9.25608867239112e-06	0	0	0	0	0	0	0	0	0	0	0	0	0	0	0	0	0	0	0	0
32.74	13.06312355920627	1.385736907259398	-12.32405264033385	0	0.9399999999999999	0	0	0	0	0	0	0	0	0	-0.09958489224724146	-0.2620096046488389	-0.06906422525650766	0	-7.462840414412567e-07	0	0	0	0	0	0	0	0	0	0	0	0	0	0	0	0	0	0	0	0
32.76000000000001	13.08655430090723	1.385073026773127	-12.33154524669772	0	0.9399999999999999	0	0	0	0	0	0	0	0	0	-0.1475897264500646	-0.2351726736338522	-0.102086284854342	0	4.244199355038894e-07	0	0	0	0	0	0	0	0	0	0	0	0	0	0	0	0	0	0	0	0
32.78	13.08655430090723	1.385073026773127	-12.33154524669772	0	0.9399999999999999	0	0	0	0	0	0	0	0	0	-0.1475897264500646	-0.2351726736338522	-0.102086284854342	0	4.244199355038894e-07	0	0	0	0	0	0	0	0	0	0	0	0	0	0	0	0	0	0	0	0
32.8	13.11236688248548	1.385766323573035	-12.34218807889023	0	0.9399999999999999	0	0	0	0	0	0	0	0	0	-0.1955618059496144	-0.2055805634743215	-0.1433390932508528	0	1.718052931480032e-07	0	0	0	0	0	0	0	0	0	0	0	0	0	0	0	0	0	0	0	0
32.82	13.11236688248548	1.385766323573035	-12.34218807889023	0	0.9399999999999999	0	0	0	0	0	0	0	0	0	-0.1955618059496144	-0.2055805634743215	-0.1433390932508528	0	1.718052931480032e-07	0	0	0	0	0	0	0	0	0	0	0	0	0	0	0	0	0	0	0	0
32.84	13.12965839823493	1.386413588096548	-12.35198986546727	0	0.9399999999999999	0	0	0	0	0	0	0	0	0	-0.2191549460354059	-0.1905675908778407	-0.1688915141079575	0	1.319942564601843e-07	0	0	0	0	0	0	0	0	0	0	0	0	0	0	0	0	0	0	0	0
32.86000000000001	13.17000034825678	1.389365955864303	-12.37722718881517	0	0.9399999999999999	0	0	0	0	0	0	0	0	0	-0.2607236439626545	-0.1605196394229223	-0.2298492053684112	0	1.870417458000139e-08	0	0	0	0	0	0	0	0	0	0	0	0	0	0	0	0	0	0	0	0
32.88	13.17000034825678	1.389365955864303	-12.37722718881517	0	0.9399999999999999	0	0	0	0	0	0	0	0	0	-0.2607236439626545	-0.1605196394229223	-0.2298492053684112	0	1.870417458000139e-08	0	0	0	0	0	0	0	0	0	0	0	0	0	0	0	0	0	0	0	0
32.90000000000001	13.236515674761	1.394733513971763	-12.42977864231797	0	0.9399999999999999	0	0	0	0	0	0	0	0	0	-0.2929938702685136	-0.1307806913613475	-0.2919844549258935	0	1.016069021263322e-06	0	0	0	0	0	0	0	0	0	0	0	0	0	0	0	0	0	0	0	0
32.92	13.23651572282011	1.394733892290154	-12.42977858250984	0	0.9399999999999999	0	0	0	0	0	0	0	0	0	-0.2929939378778322	-0.1307810481681672	-0.2919844808547262	0	-1.698437360104639e-07	0	0	0	0	0	0	0	0	0	0	0	0	0	0	0	0	0	0	0	0
32.94	13.28406446735947	1.399052766214046	-12.47116409108538	0	0.9399999999999999	0	0	0	0	0	0	0	0	0	-0.3098026426028009	-0.1138978282485216	-0.3165067451764874	0	-6.944183083295297e-08	0	0	0	0	0	0	0	0	0	0	0	0	0	0	0	0	0	0	0	0
32.96	13.39710641659809	1.408217999911707	-12.57409915841396	0	0.9399999999999999	0	0	0	0	0	0	0	0	0	-0.3246546008732718	-0.08730703227842332	-0.3618164591961354	0.03788680992647003	0.03788678588980928	0	0	0	0	0	0	0	0	0	0	0	0	0	0	0	0	0	0	0	0
32.98	13.39710641659809	1.408217999911707	-12.57409915841396	0	0.9399999999999999	0	0	0	0	0	0	0	0	0	-0.3246546008732718	-0.08730703227842332	-0.3618164591961354	0.03788680992647003	0.03788678588980928	0	0	0	0	0	0	0	0	0	0	0	0	0	0	0	0	0	0	0	0
33.00000000000001	13.4589017634216	1.413163118747077	-12.63231064127624	0	0.9399999999999999	0	0	0	0	0	0	0	0	0	-0.3310735234157766	-0.0723339585439626	-0.3785393924040169	0.0502459547511683	0.05024595501579902	0	0	0	0	0	0	0	0	0	0	0	0	0	0	0	0	0	0	0	0
33.02	13.52754826050343	1.418510615171264	-12.6981178677193	0	0.9399999999999999	0	0	0	0	0	0	0	0	0	-0.345289188981191	-0.05393081583426932	-0.38292246542355	0.03990040511607245	0.03990040607464028	0	0	0	0	0	0	0	0	0	0	0	0	0	0	0	0	0	0	0	0
33.04000000000001	13.60078074912635	1.423851296249625	-12.76921503690773	0	0.9399999999999999	0	0	0	0	0	0	0	0	0	-0.3665928163474865	-0.03138326043918162	-0.3725451279913669	0	-2.592400746651894e-06	0	0	0	0	0	0	0	0	0	0	0	0	0	0	0	0	0	0	0	0
33.06	13.74396213170906	1.432675861749871	-12.90943410467484	0	0.9399999999999999	0	0	0	0	0	0	0	0	0	-0.3465238546101007	-0.03323028164148396	-0.3407665777403758	0	1.995451355666764e-07	0	0	0	0	0	0	0	0	0	0	0	0	0	0	0	0	0	0	0	0
33.08000000000001	13.74396213170906	1.432675861749871	-12.90943410467484	0	0.9399999999999999	0	0	0	0	0	0	0	0	0	-0.3465238546101007	-0.03323028164148396	-0.3407665777403758	0	1.995451355666764e-07	0	0	0	0	0	0	0	0	0	0	0	0	0	0	0	0	0	0	0	0
33.1	13.80439793014313	1.435877442653726	-12.96894111585782	0	0.9399999999999999	0	0	0	0	0	0	0	0	0	-0.3243741489869553	-0.03767258765370857	-0.3143972719632664	0	-3.842650410589196e-07	0	0	0	0	0	0	0	0	0	0	0	0	0	0	0	0	0	0	0	0
33.12	13.86064239793346	1.438046019345126	-13.02512054487849	0	0.9399999999999999	0	0	0	0	0	0	0	0	0	-0.3209726279362693	-0.03810343910121167	-0.2932642529388807	0	6.086538023022134e-08	0	0	0	0	0	0	0	0	0	0	0	0	0	0	0	0	0	0	0	0
33.14	13.91302469321524	1.438946131905781	-13.07804472713463	0	0.9399999999999999	0	0	0	0	0	0	0	0	0	-0.3336653968412053	-0.03329960618210919	-0.2869059290730449	0	1.973792410787423e-09	0	0	0	0	0	0	0	0	0	0	0	0	0	0	0	0	0	0	0	0
33.16	13.95455046666587	1.437545051823155	-13.1202615555967	0	0.9399999999999999	0	0	0	0	0	0	0	0	0	-0.3391008151368774	-0.02963389933802527	-0.293298280968685	0	-1.873780134595339e-08	0	0	0	0	0	0	0	0	0	0	0	0	0	0	0	0	0	0	0	0
33.18000000000001	13.99001120620936	1.427227690332441	-13.1560189787818	0	0.9399999999999999	0	0	0	0	0	0	0	0	0	-0.3078289429647044	-0.05258088731458723	-0.3214397005583136	0	-1.601750451081409e-08	0	0	0	0	0	0	0	0	0	0	0	0	0	0	0	0	0	0	0	0
33.2	13.99001120620936	1.427227690332441	-13.1560189787818	0	0.9399999999999999	0	0	0	0	0	0	0	0	0	-0.3078289429647044	-0.05258088731458723	-0.3214397005583136	0	-1.601750451081409e-08	0	0	0	0	0	0	0	0	0	0	0	0	0	0	0	0	0	0	0	0
33.22000000000001	13.9781013838585	1.421935366843689	-13.14314129802318	0	0.9399999999999999	0	0	0	0	0	0	0	0	0	-0.2988647049606775	-0.07068421185464813	-0.3265873356227719	0	-1.501025040228377e-07	0	0	0	0	0	0	0	0	0	0	0	0	0	0	0	0	0	0	0	0
33.24	13.94363795462105	1.418641096197933	-13.10735706746961	0	0.9399999999999999	0	0	0	0	0	0	0	0	0	-0.2871199179471848	-0.08502514640389533	-0.3284985825193315	0	-1.715272295181828e-07	0	0	0	0	0	0	0	0	0	0	0	0	0	0	0	0	0	0	0	0
33.26000000000001	13.84584847367518	1.414654281176473	-13.00599380270346	0	0.9399999999999999	0	0	0	0	0	0	0	0	0	-0.2347974374289125	-0.09850501087509667	-0.3264644801899182	0	1.269980465565546e-07	0	0	0	0	0	0	0	0	0	0	0	0	0	0	0	0	0	0	0	0
33.28	13.79699559021292	1.414899006883147	-12.9544310037617	0	0.9399999999999999	0	0	0	0	0	0	0	0	0	-0.2084325242118256	-0.1043589827176048	-0.3196878268918621	0	-1.295634151244693e-07	0	0	0	0	0	0	0	0	0	0	0	0	0	0	0	0	0	0	0	0
33.3	13.75221047525937	1.416915912810608	-12.9062816800237	0	0.9399999999999999	0	0	0	0	0	0	0	0	0	-0.2008683802235917	-0.105705690217875	-0.3159748358234256	0	1.463438459593812e-06	0	0	0	0	0	0	0	0	0	0	0	0	0	0	0	0	0	0	0	0
33.32	13.71300445688393	1.419585132991361	-12.86305526313053	0	0.9399999999999999	0	0	0	0	0	0	0	0	0	-0.1606430226407536	-0.1145652562267594	-0.318579073268505	0	-8.230006370529697e-07	0	0	0	0	0	0	0	0	0	0	0	0	0	0	0	0	0	0	0	0
33.34	13.67964042466944	1.423201372555054	-12.82545850293983	0	0.9399999999999999	0	0	0	0	0	0	0	0	0	-0.1543275920378046	-0.1132010641291225	-0.31367867057505	0	3.728890340584488e-07	0	0	0	0	0	0	0	0	0	0	0	0	0	0	0	0	0	0	0	0
33.36000000000001	13.68065335052043	1.423268979643711	-12.82648801736514	0	0.9399999999999999	0	0	0	0	0	0	0	0	0	-0.1402884179604809	-0.1181154073533609	-0.3227002948604716	0	1.684651848104456e-07	0	0	0	0	0	0	0	0	0	0	0	0	0	0	0	0	0	0	0	0
33.38	13.65059586669756	1.426533066018302	-12.79257327234334	0	0.9399999999999999	0	0	0	0	0	0	0	0	0	-0.122998142211378	-0.1227628164844851	-0.3290292609934006	0	-3.504949926822998e-07	0	0	0	0	0	0	0	0	0	0	0	0	0	0	0	0	0	0	0	0
33.40000000000001	13.57405642893057	1.430266870363706	-12.71057138360968	0	0.9399999999999999	0	0	0	0	0	0	0	0	0	-0.08701961477629759	-0.1289743406113804	-0.345739922443412	0	-3.175272392007263e-06	0	0	0	0	0	0	0	0	0	0	0	0	0	0	0	0	0	0	0	0
33.42	13.52105603771763	1.430845164330601	-12.65657013197225	0	0.9399999999999999	0	0	0	0	0	0	0	0	0	-0.06676431719278328	-0.1315307429429811	-0.352736198765359	0	-1.039586723538493e-08	0	0	0	0	0	0	0	0	0	0	0	0	0	0	0	0	0	0	0	0
33.44	13.46920732103025	1.431049171969731	-12.60488052707352	0	0.9399999999999999	0	0	0	0	0	0	0	0	0	-0.04694623302883448	-0.1337883169085572	-0.3551816780741748	0	1.015156576386699e-06	0	0	0	0	0	0	0	0	0	0	0	0	0	0	0	0	0	0	0	0
33.46	13.46920642926512	1.431050015641016	-12.60488142287434	0	0.9399999999999999	0	0	0	0	0	0	0	0	0	-0.04694523977828852	-0.1337896462777995	-0.3551817265056709	0	5.441259275487827e-07	0	0	0	0	0	0	0	0	0	0	0	0	0	0	0	0	0	0	0	0
33.48	13.38251991002448	1.429299872814507	-12.52224057191856	0	0.9399999999999999	0	0	0	0	0	0	0	0	0	-0.01582137567209927	-0.1373258683446142	-0.3546173350999136	0	-1.765102288376779e-06	0	0	0	0	0	0	0	0	0	0	0	0	0	0	0	0	0	0	0	0
33.50000000000001	13.38252316826103	1.429299016704314	-12.52223784428541	0	0.9399999999999999	0	0	0	0	0	0	0	0	0	-0.01581794386130538	-0.137326284094647	-0.354613641768701	0	-1.475750050900436e-06	0	0	0	0	0	0	0	0	0	0	0	0	0	0	0	0	0	0	0	0
33.52	13.35443701872993	1.428236795261575	-12.49788850492203	0	0.9399999999999999	0	0	0	0	0	0	0	0	0	-0.003428113925438224	-0.1388289939522747	-0.353697168589003	0	-5.789244449308079e-07	0	0	0	0	0	0	0	0	0	0	0	0	0	0	0	0	0	0	0	0
33.54000000000001	13.32238315622324	1.428288592231175	-12.47688837845587	0	0.9399999999999999	0	0	0	0	0	0	0	0	0	0.008644004045892313	-0.1387968432014585	-0.3588107562855776	0	7.169134578703139e-09	0	0	0	0	0	0	0	0	0	0	0	0	0	0	0	0	0	0	0	0
33.56	13.31977563365321	1.428690456903841	-12.48143485010352	0	0.9399999999999999	0	0	0	0	0	0	0	0	0	0.0253814823609142	-0.1374944533814781	-0.3498115301479503	0	5.955403693034623e-06	0	0	0	0	0	0	0	0	0	0	0	0	0	0	0	0	0	0	0	0
33.58000000000001	13.31976255702407	1.428688182829135	-12.48142246209302	0	0.9399999999999999	0	0	0	0	0	0	0	0	0	0.02538322230889763	-0.1374947001610632	-0.3498122252871272	0	5.908130641728848e-06	0	0	0	0	0	0	0	0	0	0	0	0	0	0	0	0	0	0	0	0
33.6	13.30019552803084	1.42911417082514	-12.46952776204429	0	0.9399999999999999	0	0	0	0	0	0	0	0	0	0.03444379524634557	-0.1360356044073941	-0.3491583367462985	0	2.607854558500708e-07	0	0	0	0	0	0	0	0	0	0	0	0	0	0	0	0	0	0	0	0
33.62	13.26752378787001	1.432139329314537	-12.45172984863177	0	0.9399999999999999	0	0	0	0	0	0	0	0	0	0.05002627441889652	-0.1318234289863707	-0.3515931787784212	0	4.215233422810289e-08	0	0	0	0	0	0	0	0	0	0	0	0	0	0	0	0	0	0	0	0
33.64	13.26752378787001	1.432139329314537	-12.45172984863177	0	0.9399999999999999	0	0	0	0	0	0	0	0	0	0.05002627441889652	-0.1318234289863707	-0.3515931787784212	0	4.215233422810289e-08	0	0	0	0	0	0	0	0	0	0	0	0	0	0	0	0	0	0	0	0
33.66	13.21203947866597	1.434957675027386	-12.4082970215569	0	0.9399999999999999	0	0	0	0	0	0	0	0	0	0.06808644194113471	-0.1279466744981476	-0.3529238151772686	0	-1.377487994265752e-07	0	0	0	0	0	0	0	0	0	0	0	0	0	0	0	0	0	0	0	0
33.68000000000001	13.21204006062628	1.434963327995369	-12.40829618172609	0	0.9399999999999999	0	0	0	0	0	0	0	0	0	0.06808584160099675	-0.1279457544679507	-0.3529228115747102	0	-1.267541953714387e-07	0	0	0	0	0	0	0	0	0	0	0	0	0	0	0	0	0	0	0	0
33.7	13.18394046701506	1.437952634932238	-12.38801257703655	0	0.9399999999999999	0	0	0	0	0	0	0	0	0	0.07545420164625323	-0.1245498162466194	-0.3561892085739495	0	1.031804551988819e-07	0	0	0	0	0	0	0	0	0	0	0	0	0	0	0	0	0	0	0	0
33.72000000000001	13.17118162788272	1.440195460077515	-12.37801554121665	0	0.9399999999999999	0	0	0	0	0	0	0	0	0	0.08106006651823376	-0.1219910063543549	-0.3553786209749824	0	1.384121676943095e-08	0	0	0	0	0	0	0	0	0	0	0	0	0	0	0	0	0	0	0	0
33.74	13.15123221657947	1.442965842279759	-12.36032801596029	0	0.9399999999999999	0	0	0	0	0	0	0	0	0	0.09143253150357913	-0.119259341539701	-0.3536009700534001	0	-2.129599553689544e-07	0	0	0	0	0	0	0	0	0	0	0	0	0	0	0	0	0	0	0	0
33.76000000000001	13.12496780771607	1.446080613886007	-12.33636056672155	0	0.9399999999999999	0	0	0	0	0	0	0	0	0	0.09710776072466795	-0.1160121827344954	-0.354932279710489	0	5.802778985714045e-07	0	0	0	0	0	0	0	0	0	0	0	0	0	0	0	0	0	0	0	0
33.78	13.09287739262275	1.449361171993379	-12.30681408195975	0	0.9399999999999999	0	0	0	0	0	0	0	0	0	0.1034928615189248	-0.112972091108109	-0.3575766046141601	0	-2.87836924476718e-07	0	0	0	0	0	0	0	0	0	0	0	0	0	0	0	0	0	0	0	0
33.8	13.09276832643874	1.449208190753174	-12.30680279227201	0	0.9399999999999999	0	0	0	0	0	0	0	0	0	0.1024061045541525	-0.1128152598346841	-0.3572509155483933	0	-1.977339016594984e-05	0	0	0	0	0	0	0	0	0	0	0	0	0	0	0	0	0	0	0	0
33.82	13.05333201870506	1.453344156227154	-12.27001599742965	0	0.9399999999999999	0	0	0	0	0	0	0	0	0	0.1077335724471232	-0.1084500448442912	-0.3600984133199063	0	-3.839472299867707e-07	0	0	0	0	0	0	0	0	0	0	0	0	0	0	0	0	0	0	0	0
33.84	13.01126180419687	1.457513340093979	-12.23096688617036	0	0.9399999999999999	0	0	0	0	0	0	0	0	0	0.112768886746862	-0.1042036109622659	-0.363415336896479	0	-3.479634772343636e-07	0	0	0	0	0	0	0	0	0	0	0	0	0	0	0	0	0	0	0	0
33.86000000000001	12.92910991010723	1.464930984129822	-12.15575435087649	0	0.9399999999999999	0	0	0	0	0	0	0	0	0	0.1211956986917742	-0.09692212294699087	-0.370596569731654	0	-1.391239556857749e-06	0	0	0	0	0	0	0	0	0	0	0	0	0	0	0	0	0	0	0	0
33.88	12.88166211565752	1.468216405868262	-12.11232699764577	0	0.9399999999999999	0	0	0	0	0	0	0	0	0	0.1257828610842249	-0.09354754298015831	-0.3736466402604691	0	-2.153477278048141e-07	0	0	0	0	0	0	0	0	0	0	0	0	0	0	0	0	0	0	0	0
33.90000000000001	12.88166211565752	1.468216405868262	-12.11232699764577	0	0.9399999999999999	0	0	0	0	0	0	0	0	0	0.1257828610842249	-0.09354754298015831	-0.3736466402604691	0	-2.153477278048141e-07	0	0	0	0	0	0	0	0	0	0	0	0	0	0	0	0	0	0	0	0
33.92	12.78512787653917	1.474237066805316	-12.02551512257915	0	0.9399999999999999	0	0	0	0	0	0	0	0	0	0.1331633122246069	-0.08731214396610164	-0.3766768348115823	0	-1.305466744543712e-07	0	0	0	0	0	0	0	0	0	0	0	0	0	0	0	0	0	0	0	0
33.94	12.78512787653917	1.474237066805316	-12.02551512257915	0	0.9399999999999999	0	0	0	0	0	0	0	0	0	0.1331633122246069	-0.08731214396610164	-0.3766768348115823	0	-1.305466744543712e-07	0	0	0	0	0	0	0	0	0	0	0	0	0	0	0	0	0	0	0	0
33.96	12.74185675462811	1.477277826390375	-11.98793063647493	0	0.9399999999999999	0	0	0	0	0	0	0	0	0	0.1350172594699058	-0.0842977924361601	-0.3784702516315267	0	-1.69473416769404e-07	0	0	0	0	0	0	0	0	0	0	0	0	0	0	0	0	0	0	0	0
33.98	12.70300286656002	1.480256671206144	-11.95534757103301	0	0.9399999999999999	0	0	0	0	0	0	0	0	0	0.1360845083167532	-0.0816411772530974	-0.3808525863227737	0	-1.534815639334265e-07	0	0	0	0	0	0	0	0	0	0	0	0	0	0	0	0	0	0	0	0
34.00000000000001	12.62857337425261	1.483368404256139	-11.89491640932012	0	0.9399999999999999	0	0	0	0	0	0	0	0	0	0.1390097784496681	-0.07855416760115758	-0.3866133270817608	0	1.632150509126625e-07	0	0	0	0	0	0	0	0	0	0	0	0	0	0	0	0	0	0	0	0
34.02	12.59149855595196	1.482984386876721	-11.86512544955038	0	0.9399999999999999	0	0	0	0	0	0	0	0	0	0.1414787646627567	-0.07820967531330006	-0.38978104837791	0	-7.040295545095528e-08	0	0	0	0	0	0	0	0	0	0	0	0	0	0	0	0	0	0	0	0
34.04000000000001	12.55703087899348	1.48133935860371	-11.83769859620692	0	0.9399999999999999	0	0	0	0	0	0	0	0	0	0.1443641306899345	-0.07873323136309407	-0.3928374711635417	0	-1.348930786024176e-06	0	0	0	0	0	0	0	0	0	0	0	0	0	0	0	0	0	0	0	0
34.06	12.55703115118775	1.481338141953253	-11.83769813972345	0	0.9399999999999999	0	0	0	0	0	0	0	0	0	0.1443617111921521	-0.07873442886933917	-0.3928365392794007	0	-8.572081852910214e-07	0	0	0	0	0	0	0	0	0	0	0	0	0	0	0	0	0	0	0	0
34.08000000000001	12.5252455947534	1.478031510631586	-11.81258883653654	0	0.9399999999999999	0	0	0	0	0	0	0	0	0	0.1481654026737208	-0.08085769341241714	-0.3957161039449574	0	8.625777501694252e-09	0	0	0	0	0	0	0	0	0	0	0	0	0	0	0	0	0	0	0	0
34.1	12.49602652529295	1.467286069026151	-11.79542007778497	0	0.9399999999999999	0	0	0	0	0	0	0	0	0	0.1573009851576173	-0.09093215731556567	-0.4008705014311929	0	3.047211972507602e-08	0	0	0	0	0	0	0	0	0	0	0	0	0	0	0	0	0	0	0	0
34.12	12.49602652529295	1.467286069026151	-11.79542007778497	0	0.9399999999999999	0	0	0	0	0	0	0	0	0	0.1573009851576173	-0.09093215731556567	-0.4008705014311929	0	3.047211972507602e-08	0	0	0	0	0	0	0	0	0	0	0	0	0	0	0	0	0	0	0	0
34.14	12.51078548956827	1.462407511383246	-11.81552483041903	0	0.9399999999999999	0	0	0	0	0	0	0	0	0	0.159649190913352	-0.09799587149419342	-0.4036478574829567	0	1.072270400478151e-07	0	0	0	0	0	0	0	0	0	0	0	0	0	0	0	0	0	0	0	0
34.16	12.52901526024837	1.458721476176432	-11.83881723608144	0	0.9399999999999999	0	0	0	0	0	0	0	0	0	0.161470261267733	-0.1043377519491419	-0.4067862655664483	0	2.268014145887891e-08	0	0	0	0	0	0	0	0	0	0	0	0	0	0	0	0	0	0	0	0
34.18000000000001	12.52684575288368	1.456928670030515	-11.84153960620942	0	0.9399999999999999	0	0	0	0	0	0	0	0	0	0.1635882017496546	-0.1076738929524821	-0.4100006985553985	0	3.563407222020924e-06	0	0	0	0	0	0	0	0	0	0	0	0	0	0	0	0	0	0	0	0
34.2	12.52429019302288	1.45733911684772	-11.8441403257918	0	0.9399999999999999	0	0	0	0	0	0	0	0	0	0.1634006880201569	-0.1094803961716738	-0.4130475199142716	0	3.8051315281339e-06	0	0	0	0	0	0	0	0	0	0	0	0	0	0	0	0	0	0	0	0
34.22000000000001	12.5210099566137	1.458882034943675	-11.84660718772421	0	0.9399999999999999	0	0	0	0	0	0	0	0	0	0.1620686064585886	-0.1105495385298737	-0.4162290959519402	0	1.312117573899298e-05	0	0	0	0	0	0	0	0	0	0	0	0	0	0	0	0	0	0	0	0
34.24	12.43847232059771	1.460715420045513	-11.77768665923019	0	0.9399999999999999	0	0	0	0	0	0	0	0	0	0.1663161098431163	-0.1084613317970729	-0.4256563672228577	0	7.96434487961863e-08	0	0	0	0	0	0	0	0	0	0	0	0	0	0	0	0	0	0	0	0
34.26000000000001	12.40547448982847	1.460296047388614	-11.75205016974845	0	0.9399999999999999	0	0	0	0	0	0	0	0	0	0.1689650080521567	-0.1096792205559141	-0.4307872967725562	0	-2.495692607969644e-06	0	0	0	0	0	0	0	0	0	0	0	0	0	0	0	0	0	0	0	0
34.28	12.40547608767803	1.460293526121204	-11.75204884769153	0	0.9399999999999999	0	0	0	0	0	0	0	0	0	0.1689692904471992	-0.1096839165029091	-0.4307857608785903	0	-1.623026524347674e-06	0	0	0	0	0	0	0	0	0	0	0	0	0	0	0	0	0	0	0	0
34.3	12.37923222593626	1.458440470077888	-11.7329393556995	0	0.9399999999999999	0	0	0	0	0	0	0	0	0	0.1719197627871001	-0.112455099020911	-0.4352860569768437	0	1.796956767948546e-07	0	0	0	0	0	0	0	0	0	0	0	0	0	0	0	0	0	0	0	0
34.32000000000001	12.36834571164879	1.455243886118168	-11.72820234349618	0	0.9399999999999999	0	0	0	0	0	0	0	0	0	0.1743279026698003	-0.1170489694289378	-0.4382209645836594	0	-2.301890731977208e-07	0	0	0	0	0	0	0	0	0	0	0	0	0	0	0	0	0	0	0	0
34.34	12.35128149440047	1.450263649096157	-11.72278845006888	0	0.9399999999999999	0	0	0	0	0	0	0	0	0	0.1768499743337809	-0.1257451904012688	-0.4433029492619868	0	7.70198913170437e-09	0	0	0	0	0	0	0	0	0	0	0	0	0	0	0	0	0	0	0	0
34.36000000000001	12.35128149440047	1.450263649096157	-11.72278845006888	0	0.9399999999999999	0	0	0	0	0	0	0	0	0	0.1768499743337809	-0.1257451904012688	-0.4433029492619868	0	7.70198913170437e-09	0	0	0	0	0	0	0	0	0	0	0	0	0	0	0	0	0	0	0	0
34.38	12.3318745297397	1.449347889211472	-11.70948185246332	0	0.9399999999999999	0	0	0	0	0	0	0	0	0	0.1772300171038003	-0.1280463698272174	-0.4462347390321666	0	9.359726308623109e-07	0	0	0	0	0	0	0	0	0	0	0	0	0	0	0	0	0	0	0	0
34.40000000000001	12.30720124179835	1.449689780154417	-11.69132019892469	0	0.9399999999999999	0	0	0	0	0	0	0	0	0	0.1764028344934115	-0.1288561051064287	-0.4496857405259087	0	2.228055061698742e-08	0	0	0	0	0	0	0	0	0	0	0	0	0	0	0	0	0	0	0	0
34.42	12.23652485775026	1.453475331079374	-11.63437435165595	0	0.9399999999999999	0	0	0	0	0	0	0	0	0	0.1726364765552144	-0.1262967557273779	-0.456720711554931	0	1.626920953081582e-08	0	0	0	0	0	0	0	0	0	0	0	0	0	0	0	0	0	0	0	0
34.44	12.23652485775026	1.453475331079374	-11.63437435165595	0	0.9399999999999999	0	0	0	0	0	0	0	0	0	0.1726364765552144	-0.1262967557273779	-0.456720711554931	0	1.626920953081582e-08	0	0	0	0	0	0	0	0	0	0	0	0	0	0	0	0	0	0	0	0
34.46	12.2006995138118	1.455228476398049	-11.60574884930067	0	0.9399999999999999	0	0	0	0	0	0	0	0	0	0.1703324179907086	-0.1251422816656614	-0.4596567599354267	0	8.16451246294062e-07	0	0	0	0	0	0	0	0	0	0	0	0	0	0	0	0	0	0	0	0
34.48	12.14167511368959	1.457275867427982	-11.56126649190717	0	0.9399999999999999	0	0	0	0	0	0	0	0	0	0.1651392170420234	-0.1248372867465887	-0.4637337872766129	0	-6.708423991793158e-08	0	0	0	0	0	0	0	0	0	0	0	0	0	0	0	0	0	0	0	0
34.50000000000001	12.12321959240086	1.45761086481757	-11.54996448579172	0	0.9399999999999999	0	0	0	0	0	0	0	0	0	0.1618550634419912	-0.1260523983388691	-0.4651834532595676	0	9.426756089347613e-09	0	0	0	0	0	0	0	0	0	0	0	0	0	0	0	0	0	0	0	0
34.52	12.11934780549417	1.457692694007985	-11.55320841129932	0	0.9399999999999999	0	0	0	0	0	0	0	0	0	0.1576512230165653	-0.1287030060282599	-0.4665790699615315	0	-1.099624285555192e-07	0	0	0	0	0	0	0	0	0	0	0	0	0	0	0	0	0	0	0	0
34.54000000000001	12.11559104963218	1.458096758361313	-11.55643101314011	0	0.9399999999999999	0	0	0	0	0	0	0	0	0	0.1529752425772439	-0.1310728935323116	-0.4681238163052626	0	4.271697998711971e-06	0	0	0	0	0	0	0	0	0	0	0	0	0	0	0	0	0	0	0	0
34.56	12.11199747482156	1.458327438811679	-11.55958422617958	0	0.9399999999999999	0	0	0	0	0	0	0	0	0	0.1483670211595804	-0.1334566132181327	-0.4699434229866455	0	1.433203242017223e-06	0	0	0	0	0	0	0	0	0	0	0	0	0	0	0	0	0	0	0	0
34.58000000000001	12.10853683221874	1.458113726086264	-11.5626366227537	0	0.9399999999999999	0	0	0	0	0	0	0	0	0	0.1440791019836593	-0.1359530894431315	-0.4722104411109905	0	-4.724125619336113e-06	0	0	0	0	0	0	0	0	0	0	0	0	0	0	0	0	0	0	0	0
34.6	12.10853988574944	1.458123230582524	-11.56263598204274	0	0.9399999999999999	0	0	0	0	0	0	0	0	0	0.1440705903002217	-0.1359475163814098	-0.4722058500262689	0	-4.404625067422963e-06	0	0	0	0	0	0	0	0	0	0	0	0	0	0	0	0	0	0	0	0
34.62	12.10517932839512	1.457678434735219	-11.565637056198	0	0.9399999999999999	0	0	0	0	0	0	0	0	0	0.1399948717831257	-0.1383089362111826	-0.4749640231328448	0	-4.700448583818897e-06	0	0	0	0	0	0	0	0	0	0	0	0	0	0	0	0	0	0	0	0
34.64	12.10180727131769	1.457515941430915	-11.56852405328657	0	0.9399999999999999	0	0	0	0	0	0	0	0	0	0.1356378835811192	-0.1404517449945414	-0.4783245825476616	0	-4.438394137087177e-06	0	0	0	0	0	0	0	0	0	0	0	0	0	0	0	0	0	0	0	0
34.66	12.08319836678257	1.459503379933746	-11.56248106607429	0	0.9399999999999999	0	0	0	0	0	0	0	0	0	0.1278388964150931	-0.1418324333806666	-0.4880669469998199	0	9.405350034039201e-08	0	0	0	0	0	0	0	0	0	0	0	0	0	0	0	0	0	0	0	0
34.68000000000001	12.07960464094931	1.461022947170929	-11.56552029193306	0	0.9399999999999999	0	0	0	0	0	0	0	0	0	0.1233828153876353	-0.1414135245674475	-0.49390162394548	0	-8.799583042149799e-07	0	0	0	0	0	0	0	0	0	0	0	0	0	0	0	0	0	0	0	0
34.7	12.07549620152089	1.462644570545247	-11.56834005396122	0	0.9399999999999999	0	0	0	0	0	0	0	0	0	0.1137154463765526	-0.1437835231031241	-0.4987567226923967	0	9.315189380296264e-06	0	0	0	0	0	0	0	0	0	0	0	0	0	0	0	0	0	0	0	0
34.72000000000001	12.07549055511618	1.462658615586457	-11.56832812885711	0	0.9399999999999999	0	0	0	0	0	0	0	0	0	0.1137049667194021	-0.1437756276722205	-0.4987422620604472	0	8.557545079795564e-06	0	0	0	0	0	0	0	0	0	0	0	0	0	0	0	0	0	0	0	0
34.74	12.05458038445563	1.464690794288215	-11.55412932943883	0	0.9399999999999999	0	0	0	0	0	0	0	0	0	0.1083926626335021	-0.1431160075809164	-0.5050348417741383	0	6.080146018195572e-07	0	0	0	0	0	0	0	0	0	0	0	0	0	0	0	0	0	0	0	0
34.76000000000001	12.05065350766511	1.466569772990976	-11.55693026689411	0	0.9399999999999999	0	0	0	0	0	0	0	0	0	0.1023673665729423	-0.1441075690196259	-0.5115975181825284	0	2.27132180696896e-06	0	0	0	0	0	0	0	0	0	0	0	0	0	0	0	0	0	0	0	0
34.78	12.04664815641248	1.468387024701544	-11.55965606759439	0	0.9399999999999999	0	0	0	0	0	0	0	0	0	0.09651122687107599	-0.1450909708883864	-0.5184000642456041	0	4.366323077572028e-06	0	0	0	0	0	0	0	0	0	0	0	0	0	0	0	0	0	0	0	0
34.8	12.04306665681054	1.469790375112421	-11.56249342587147	0	0.9399999999999999	0	0	0	0	0	0	0	0	0	0.09148102842951601	-0.1463453443443043	-0.5249338766750221	0	7.451941336579807e-06	0	0	0	0	0	0	0	0	0	0	0	0	0	0	0	0	0	0	0	0
34.82000000000001	12.03702492885466	1.473555568835209	-11.56777983767392	0	0.9399999999999999	0	0	0	0	0	0	0	0	0	0.08158165107407442	-0.148749532489548	-0.5363347094814775	0	7.245484399699392e-08	0	0	0	0	0	0	0	0	0	0	0	0	0	0	0	0	0	0	0	0
34.84	12.03702368599652	1.473556284216978	-11.5677795815862	0	0.9399999999999999	0	0	0	0	0	0	0	0	0	0.08158258168496439	-0.1487510603381115	-0.5363350932587138	0	3.673954642195094e-08	0	0	0	0	0	0	0	0	0	0	0	0	0	0	0	0	0	0	0	0
34.86000000000001	12.05064925979913	1.47649191705778	-11.58652781225649	0	0.9399999999999999	0	0	0	0	0	0	0	0	0	0.07526536311711467	-0.150931844118378	-0.5413403524464852	0	1.308833267019288e-07	0	0	0	0	0	0	0	0	0	0	0	0	0	0	0	0	0	0	0	0
34.88	12.07526368695146	1.484039003791853	-11.62044074062028	0	0.9399999999999999	0	0	0	0	0	0	0	0	0	0.06226309416646804	-0.1545195518690335	-0.5495609519910195	0	-2.329210369352433e-07	0	0	0	0	0	0	0	0	0	0	0	0	0	0	0	0	0	0	0	0
34.90000000000001	12.07300962932418	1.488086377669691	-11.62260275428024	0	0.9399999999999999	0	0	0	0	0	0	0	0	0	0.05669932103533885	-0.1553704626960491	-0.5527901705383368	0	-6.578846137570779e-06	0	0	0	0	0	0	0	0	0	0	0	0	0	0	0	0	0	0	0	0
34.92	12.07105474148662	1.492483781786583	-11.62460232078136	0	0.9399999999999999	0	0	0	0	0	0	0	0	0	0.0510862941340717	-0.1561001460541381	-0.5549579339269031	0	-1.102083896585207e-07	0	0	0	0	0	0	0	0	0	0	0	0	0	0	0	0	0	0	0	0
34.94	12.07109234870255	1.492495029033654	-11.62462225317091	0	0.9399999999999999	0	0	0	0	0	0	0	0	0	0.05107770412894944	-0.1560941278079131	-0.5549320518625238	0	-8.92687956234018e-06	0	0	0	0	0	0	0	0	0	0	0	0	0	0	0	0	0	0	0	0
34.96	12.06936297654322	1.497144919648125	-11.62649080871533	0	0.9399999999999999	0	0	0	0	0	0	0	0	0	0.0454211037736343	-0.1567011287149976	-0.556357218676374	0	2.284325818975241e-06	0	0	0	0	0	0	0	0	0	0	0	0	0	0	0	0	0	0	0	0
34.98	12.06787970518235	1.501879228575314	-11.6282216074718	0	0.9399999999999999	0	0	0	0	0	0	0	0	0	0.03986397521202904	-0.1572250646411673	-0.5570759907612486	0	9.975103136569852e-06	0	0	0	0	0	0	0	0	0	0	0	0	0	0	0	0	0	0	0	0
35.00000000000001	12.06665117970012	1.506459952880411	-11.62985486078123	0	0.9399999999999999	0	0	0	0	0	0	0	0	0	0.03468483813339322	-0.1578405196180213	-0.55711275347246	0	1.103580165033897e-05	0	0	0	0	0	0	0	0	0	0	0	0	0	0	0	0	0	0	0	0
35.02	12.13811241162591	1.513728864203745	-11.70585715048243	0	0.9399999999999999	0	0	0	0	0	0	0	0	0	0.02392432048888765	-0.1634002633233657	-0.5553753516524522	0	-3.93304639453895e-07	0	0	0	0	0	0	0	0	0	0	0	0	0	0	0	0	0	0	0	0
35.04000000000001	12.13723359342712	1.517078421771109	-11.70710724096143	0	0.9399999999999999	0	0	0	0	0	0	0	0	0	0.02181293699142097	-0.1634959631198066	-0.5555640722213185	0	3.304047965331828e-06	0	0	0	0	0	0	0	0	0	0	0	0	0	0	0	0	0	0	0	0
35.06	12.13647238874187	1.520070918095751	-11.7084110301259	0	0.9399999999999999	0	0	0	0	0	0	0	0	0	0.01686770317209876	-0.1652246507631818	-0.5526089867818608	0	1.990548299628465e-05	0	0	0	0	0	0	0	0	0	0	0	0	0	0	0	0	0	0	0	0
35.08000000000001	12.22776836797524	1.522410746198148	-11.80197447531494	0	0.9399999999999999	0	0	0	0	0	0	0	0	0	0.01078647598269989	-0.1694742591397163	-0.5517045893569005	0	-2.56770763622427e-07	0	0	0	0	0	0	0	0	0	0	0	0	0	0	0	0	0	0	0	0
35.1	12.22776836797524	1.522410746198148	-11.80197447531494	0	0.9399999999999999	0	0	0	0	0	0	0	0	0	0.01078647598269989	-0.1694742591397163	-0.5517045893569005	0	-2.56770763622427e-07	0	0	0	0	0	0	0	0	0	0	0	0	0	0	0	0	0	0	0	0
35.12	12.22545277019247	1.525515340316323	-11.80462967688138	0	0.9399999999999999	0	0	0	0	0	0	0	0	0	0.00543694435571379	-0.1713391298859842	-0.551165508054109	0	-6.026838200021095e-07	0	0	0	0	0	0	0	0	0	0	0	0	0	0	0	0	0	0	0	0
35.14	12.22547234421103	1.525509220038841	-11.80464707179195	0	0.9399999999999999	0	0	0	0	0	0	0	0	0	0.005437931101837315	-0.1713376219143204	-0.5511627278804134	0	-1.036797515151225e-06	0	0	0	0	0	0	0	0	0	0	0	0	0	0	0	0	0	0	0	0
35.16	12.32700052499727	1.52742711591237	-11.91188482461911	0	0.9399999999999999	0	0	0	0	0	0	0	0	0	-0.001742293944305002	-0.1741797365791048	-0.5548458196528919	0	5.977048484690999e-08	0	0	0	0	0	0	0	0	0	0	0	0	0	0	0	0	0	0	0	0
35.18000000000001	12.32550707785133	1.527538159203337	-11.9132476762771	0	0.9399999999999999	0	0	0	0	0	0	0	0	0	-0.00564067711252189	-0.1765171714548662	-0.5530895528874761	0	-1.356921552529023e-05	0	0	0	0	0	0	0	0	0	0	0	0	0	0	0	0	0	0	0	0
35.2	12.32551038887713	1.527553651263406	-11.91325256908218	0	0.9399999999999999	0	0	0	0	0	0	0	0	0	-0.005660533159174738	-0.1764880255335604	-0.5530922418439419	0	-1.214692143287384e-05	0	0	0	0	0	0	0	0	0	0	0	0	0	0	0	0	0	0	0	0
35.22000000000001	12.32286258261216	1.526892235232389	-11.91635676406766	0	0.9399999999999999	0	0	0	0	0	0	0	0	0	-0.01000620080278316	-0.1783524206069562	-0.555511321039763	0	6.413889646819373e-06	0	0	0	0	0	0	0	0	0	0	0	0	0	0	0	0	0	0	0	0
35.24	12.32189373078455	1.525882469851976	-11.91813085542103	0	0.9399999999999999	0	0	0	0	0	0	0	0	0	-0.01502654193551722	-0.1797423761913288	-0.5549531542367638	0	-5.162348704287299e-06	0	0	0	0	0	0	0	0	0	0	0	0	0	0	0	0	0	0	0	0
35.26000000000001	12.32106664661587	1.524150674772957	-11.91985843356667	0	0.9399999999999999	0	0	0	0	0	0	0	0	0	-0.01802449463873079	-0.1816840139915725	-0.5558376540333175	0	5.746184204494615e-06	0	0	0	0	0	0	0	0	0	0	0	0	0	0	0	0	0	0	0	0
35.28	12.32108142597211	1.524156966397225	-11.9198709583472	0	0.9399999999999999	0	0	0	0	0	0	0	0	0	-0.01803072755341719	-0.1816909928809817	-0.5558299104967441	0	5.299656634111505e-06	0	0	0	0	0	0	0	0	0	0	0	0	0	0	0	0	0	0	0	0
35.3	12.42172225720353	1.521777870845298	-12.02281521555989	0	0.9399999999999999	0	0	0	0	0	0	0	0	0	-0.02524175837077814	-0.1871708139272805	-0.5567358824832814	0	-3.699212017790078e-07	0	0	0	0	0	0	0	0	0	0	0	0	0	0	0	0	0	0	0	0
35.32000000000001	12.41947088453419	1.517288482937617	-12.02447531249402	0	0.9399999999999999	0	0	0	0	0	0	0	0	0	-0.03223102643623872	-0.1929057450707464	-0.5567737714268359	0	-6.398594885048764e-06	0	0	0	0	0	0	0	0	0	0	0	0	0	0	0	0	0	0	0	0
35.34	12.41947187362567	1.517280068437481	-12.02446200429969	0	0.9399999999999999	0	0	0	0	0	0	0	0	0	-0.0322215769688025	-0.1929145184883034	-0.5567580264018831	0	-7.628135132875369e-06	0	0	0	0	0	0	0	0	0	0	0	0	0	0	0	0	0	0	0	0
35.36000000000001	12.41794056631457	1.512577851164139	-12.02522973473474	0	0.9399999999999999	0	0	0	0	0	0	0	0	0	-0.04057677165432196	-0.1965626687860061	-0.5549087006485235	0	2.88750800134107e-06	0	0	0	0	0	0	0	0	0	0	0	0	0	0	0	0	0	0	0	0
35.38	12.41775969967392	1.512567068378553	-12.02500779328456	0	0.9399999999999999	0	0	0	0	0	0	0	0	0	-0.0403973218729454	-0.1992143792166457	-0.5540095272119565	0	-2.516348311893532e-06	0	0	0	0	0	0	0	0	0	0	0	0	0	0	0	0	0	0	0	0
35.40000000000001	12.41729781392583	1.510631711832889	-12.0248827872423	0	0.9399999999999999	0	0	0	0	0	0	0	0	0	-0.0453228915128427	-0.2019812381145719	-0.5519124618790776	0	3.089166871097961e-06	0	0	0	0	0	0	0	0	0	0	0	0	0	0	0	0	0	0	0	0
35.42	12.41732803019088	1.507521242295536	-12.02452986711565	0	0.9399999999999999	0	0	0	0	0	0	0	0	0	-0.0498032896048924	-0.2061810305053086	-0.5491917237871714	0	-6.40708734002222e-07	0	0	0	0	0	0	0	0	0	0	0	0	0	0	0	0	0	0	0	0
35.44	12.41722306860683	1.506275977923003	-12.02376473264927	0	0.9399999999999999	0	0	0	0	0	0	0	0	0	-0.06305049959785861	-0.2117881747204848	-0.5439143230592126	0	-2.498746597395191e-07	0	0	0	0	0	0	0	0	0	0	0	0	0	0	0	0	0	0	0	0
35.46	12.41734514880977	1.505863712354961	-12.02300710536682	0	0.9399999999999999	0	0	0	0	0	0	0	0	0	-0.0703150753777487	-0.2149466270243285	-0.5409969763239129	0	-4.123691114916755e-07	0	0	0	0	0	0	0	0	0	0	0	0	0	0	0	0	0	0	0	0
35.48	12.41738189287954	1.506513530476243	-12.02203002060404	0	0.9399999999999999	0	0	0	0	0	0	0	0	0	-0.07832564514234956	-0.217173311468103	-0.5387988870618243	0	3.309113644042191e-06	0	0	0	0	0	0	0	0	0	0	0	0	0	0	0	0	0	0	0	0
35.50000000000001	12.41732350693091	1.507935977869472	-12.0209361329261	0	0.9399999999999999	0	0	0	0	0	0	0	0	0	-0.08562443727775929	-0.2188278765868293	-0.5372158631390195	0	-5.680545471969691e-06	0	0	0	0	0	0	0	0	0	0	0	0	0	0	0	0	0	0	0	0
35.52	12.35885370582428	1.509595033395315	-11.96145054415831	0	0.9399999999999999	0	0	0	0	0	0	0	0	0	-0.08317538753883251	-0.2155775112885942	-0.5358008974833967	0	2.483442976069779e-07	0	0	0	0	0	0	0	0	0	0	0	0	0	0	0	0	0	0	0	0
35.54000000000001	12.3589162260262	1.511439337551629	-11.9601183861696	0	0.9399999999999999	0	0	0	0	0	0	0	0	0	-0.1017206918443349	-0.2134928444932551	-0.534725480222994	0	-7.013003282614528e-06	0	0	0	0	0	0	0	0	0	0	0	0	0	0	0	0	0	0	0	0
35.56	12.35933497996095	1.513220773686692	-11.95881282317703	0	0.9399999999999999	0	0	0	0	0	0	0	0	0	-0.1016570077192889	-0.2251589010647932	-0.5337398466685376	0	-7.400539899895003e-07	0	0	0	0	0	0	0	0	0	0	0	0	0	0	0	0	0	0	0	0
35.58000000000001	12.35931949494149	1.513223765135078	-11.95878719265791	0	0.9399999999999999	0	0	0	0	0	0	0	0	0	-0.1016552360079859	-0.2251562669999255	-0.5337301615076897	0	-1.168066347009737e-06	0	0	0	0	0	0	0	0	0	0	0	0	0	0	0	0	0	0	0	0
35.6	12.36007838526605	1.514908284463354	-11.95728963804235	0	0.9399999999999999	0	0	0	0	0	0	0	0	0	-0.1067984483543794	-0.2282990749034422	-0.5319823946010588	0	5.374165192950506e-06	0	0	0	0	0	0	0	0	0	0	0	0	0	0	0	0	0	0	0	0
35.62	12.36128964769807	1.516594356365255	-11.95573337129514	0	0.9399999999999999	0	0	0	0	0	0	0	0	0	-0.1108977695444254	-0.2308553945777064	-0.5298759827140476	0	2.272763108575619e-06	0	0	0	0	0	0	0	0	0	0	0	0	0	0	0	0	0	0	0	0
35.64	12.36309143882397	1.518448310264457	-11.95401015718857	0	0.9399999999999999	0	0	0	0	0	0	0	0	0	-0.1143090759862824	-0.2330841787518773	-0.528313410986515	0	3.129776435468831e-06	0	0	0	0	0	0	0	0	0	0	0	0	0	0	0	0	0	0	0	0
35.66	12.36767171931032	1.522409610085029	-11.94995470310846	0	0.9399999999999999	0	0	0	0	0	0	0	0	0	-0.1185459743825157	-0.2391358261472943	-0.5253021871134357	0	1.382099582752211e-05	0	0	0	0	0	0	0	0	0	0	0	0	0	0	0	0	0	0	0	0
35.68000000000001	12.47260266253616	1.524033516351738	-12.04978362035955	0	0.9399999999999999	0	0	0	0	0	0	0	0	0	-0.1246083235746493	-0.2447869672438804	-0.5235120124581107	0	-1.243869259735903e-07	0	0	0	0	0	0	0	0	0	0	0	0	0	0	0	0	0	0	0	0
35.7	12.47260188509436	1.5240370805898	-12.04978424291447	0	0.9399999999999999	0	0	0	0	0	0	0	0	0	-0.1246095210150477	-0.2447914822821138	-0.523511741668654	0	-8.791538370168044e-08	0	0	0	0	0	0	0	0	0	0	0	0	0	0	0	0	0	0	0	0
35.72000000000001	12.47898159623095	1.528704750475659	-12.04368337318032	0	0.9399999999999999	0	0	0	0	0	0	0	0	0	-0.1319407663091649	-0.2503815008057342	-0.5148718669004035	0	-1.764999727974813e-05	0	0	0	0	0	0	0	0	0	0	0	0	0	0	0	0	0	0	0	0
35.74	12.47900517089635	1.52869770219119	-12.04371411282806	0	0.9399999999999999	0	0	0	0	0	0	0	0	0	-0.131932800392692	-0.2504023844674587	-0.5148641982118402	0	-8.943350183271238e-06	0	0	0	0	0	0	0	0	0	0	0	0	0	0	0	0	0	0	0	0
35.76000000000001	12.64836766996332	1.530435956726499	-12.20627396639152	0	0.9399999999999999	0	0	0	0	0	0	0	0	0	-0.1421578446306873	-0.2573853443096404	-0.5110092474894815	0	-2.837049026992488e-06	0	0	0	0	0	0	0	0	0	0	0	0	0	0	0	0	0	0	0	0
35.78	12.65572083354666	1.532021755745236	-12.19963659528074	0	0.9399999999999999	0	0	0	0	0	0	0	0	0	-0.1491282887835861	-0.2666273968238959	-0.5017341216887647	0	9.90573778404484e-06	0	0	0	0	0	0	0	0	0	0	0	0	0	0	0	0	0	0	0	0
35.8	12.85058888004999	1.531168815641667	-12.38751726614296	0	0.9399999999999999	0	0	0	0	0	0	0	0	0	-0.1587182694216656	-0.2744931733445857	-0.4970866623664159	0	-7.482523423583664e-08	0	0	0	0	0	0	0	0	0	0	0	0	0	0	0	0	0	0	0	0
35.82000000000001	12.85398921422619	1.5313104908552	-12.38418817462862	0	0.9399999999999999	0	0	0	0	0	0	0	0	0	-0.1607038999302799	-0.2795185194156647	-0.4910575223087972	0	-3.241612213266468e-06	0	0	0	0	0	0	0	0	0	0	0	0	0	0	0	0	0	0	0	0
35.84	12.85725701647735	1.532094302331695	-12.381150836042	0	0.9399999999999999	0	0	0	0	0	0	0	0	0	-0.1618253251609169	-0.2840913866392051	-0.4838724538148961	0	-2.271199660815553e-06	0	0	0	0	0	0	0	0	0	0	0	0	0	0	0	0	0	0	0	0
35.86000000000001	12.86035740462441	1.533326247230839	-12.37838704122572	0	0.9399999999999999	0	0	0	0	0	0	0	0	0	-0.1619581209147679	-0.2890937306595328	-0.4754303113173243	0	-7.391903737308976e-06	0	0	0	0	0	0	0	0	0	0	0	0	0	0	0	0	0	0	0	0
35.88	12.86342218020327	1.534683682740076	-12.375986012079	0	0.9399999999999999	0	0	0	0	0	0	0	0	0	-0.1610826756951727	-0.2953059595721926	-0.4651945984611321	0	-2.213876591963813e-06	0	0	0	0	0	0	0	0	0	0	0	0	0	0	0	0	0	0	0	0
35.90000000000001	12.86343408382768	1.53467942034204	-12.37599948497193	0	0.9399999999999999	0	0	0	0	0	0	0	0	0	-0.1610833536525133	-0.2953108712472566	-0.4651964841309361	0	-2.193304513239286e-06	0	0	0	0	0	0	0	0	0	0	0	0	0	0	0	0	0	0	0	0
35.92	13.0442551917589	1.535736459260438	-12.55159205443801	0	0.9399999999999999	0	0	0	0	0	0	0	0	0	-0.1654844513964404	-0.3029186677473276	-0.4514653842323906	0	-2.775521032405117e-07	0	0	0	0	0	0	0	0	0	0	0	0	0	0	0	0	0	0	0	0
35.94	13.04703263187912	1.536868677913107	-12.54931111026199	0	0.9399999999999999	0	0	0	0	0	0	0	0	0	-0.1634261123971141	-0.3089638728183735	-0.4334824068041147	0	1.94821669456474e-06	0	0	0	0	0	0	0	0	0	0	0	0	0	0	0	0	0	0	0	0
35.96	13.24157268883932	1.537415884961868	-12.73881464320488	0	0.9399999999999999	0	0	0	0	0	0	0	0	0	-0.1674600068739566	-0.3138346415356036	-0.4123586369490099	0	3.087727211228299e-07	0	0	0	0	0	0	0	0	0	0	0	0	0	0	0	0	0	0	0	0
35.98	13.39732287191049	1.536954662574456	-12.88487149535069	0	0.9399999999999999	0	0	0	0	0	0	0	0	0	-0.1657376328933529	-0.3207557088278732	-0.3622524717192889	0	-2.241319442384744e-07	0	0	0	0	0	0	0	0	0	0	0	0	0	0	0	0	0	0	0	0
36.00000000000001	13.39732287191049	1.536954662574456	-12.88487149535069	0	0.9399999999999999	0	0	0	0	0	0	0	0	0	-0.1657376328933529	-0.3207557088278732	-0.3622524717192889	0	-2.241319442384744e-07	0	0	0	0	0	0	0	0	0	0	0	0	0	0	0	0	0	0	0	0
36.02	13.4013897688846	1.537092651706687	-12.88092490250821	0	0.9399999999999999	0	0	0	0	0	0	0	0	0	-0.1546971484444427	-0.32051747003013	-0.3017188676273275	0	4.905856506996071e-07	0	0	0	0	0	0	0	0	0	0	0	0	0	0	0	0	0	0	0	0
36.04000000000001	13.40138820927841	1.537092633019856	-12.88092335134511	0	0.9399999999999999	0	0	0	0	0	0	0	0	0	-0.1546971568217608	-0.3205176834583792	-0.3017188606314062	0	4.897807116609396e-07	0	0	0	0	0	0	0	0	0	0	0	0	0	0	0	0	0	0	0	0
36.06	13.40255919649406	1.536829486959651	-12.87920799868594	0	0.9399999999999999	0	0	0	0	0	0	0	0	0	-0.1481022642260045	-0.3166941096735033	-0.2682398018042995	0	6.059036045642217e-06	0	0	0	0	0	0	0	0	0	0	0	0	0	0	0	0	0	0	0	0
36.08000000000001	13.26807278862507	1.536380051934555	-12.74247498232681	0	0.9399999999999999	0	0	0	0	0	0	0	0	0	-0.1384651428500629	-0.3134561184484569	-0.2328654616680395	0	-1.373253250340413e-07	0	0	0	0	0	0	0	0	0	0	0	0	0	0	0	0	0	0	0	0
36.1	13.26828599445846	1.535990036543709	-12.74124150373008	0	0.9399999999999999	0	0	0	0	0	0	0	0	0	-0.1372284105160082	-0.3100726625923081	-0.1959302731564013	0	-1.722628955363257e-06	0	0	0	0	0	0	0	0	0	0	0	0	0	0	0	0	0	0	0	0
36.12	12.9958440715245	1.5321391476364	-12.46842862367621	0	0.9399999999999999	0	0	0	0	0	0	0	0	0	-0.1420472226879029	-0.3075216984863141	-0.1213871604527868	0	5.312689647087963e-07	0	0	0	0	0	0	0	0	0	0	0	0	0	0	0	0	0	0	0	0
36.14	12.99477234663582	1.530226614263152	-12.46832496762615	0	0.9399999999999999	0	0	0	0	0	0	0	0	0	-0.1561774349299632	-0.3034986998423799	-0.08764806542841862	0	-9.548391665381111e-06	0	0	0	0	0	0	0	0	0	0	0	0	0	0	0	0	0	0	0	0
36.16	12.84177572960919	1.527979090421406	-12.31703295648355	0	0.9399999999999999	0	0	0	0	0	0	0	0	0	-0.1672282195757504	-0.2977913974931675	-0.05803031736181249	0	4.13598924481728e-07	0	0	0	0	0	0	0	0	0	0	0	0	0	0	0	0	0	0	0	0
36.18000000000001	12.77142887905746	1.525396465333428	-12.2488629880988	0	0.9399999999999999	0	0	0	0	0	0	0	0	0	-0.1642442629903645	-0.2990273420262504	-0.06047825672805641	0	-5.913062807011333e-07	0	0	0	0	0	0	0	0	0	0	0	0	0	0	0	0	0	0	0	0
36.2	12.77108919912213	1.525321636894537	-12.24844749286873	0	0.9399999999999999	0	0	0	0	0	0	0	0	0	-0.1851611109066636	-0.2903812764521752	-0.03931225820544817	0	-4.915898991468297e-06	0	0	0	0	0	0	0	0	0	0	0	0	0	0	0	0	0	0	0	0
36.22000000000001	12.76902633109699	1.52266432622103	-12.24895715376359	0	0.9399999999999999	0	0	0	0	0	0	0	0	0	-0.20767735458364	-0.2822901691925727	-0.02958207215871119	0	-5.193136211180665e-06	0	0	0	0	0	0	0	0	0	0	0	0	0	0	0	0	0	0	0	0
36.24	12.63195009706186	1.51664807093403	-12.11739602194823	0	0.9399999999999999	0	0	0	0	0	0	0	0	0	-0.2481750926680959	-0.2590039214846547	-0.03359198769876261	0	-1.04822121121475e-06	0	0	0	0	0	0	0	0	0	0	0	0	0	0	0	0	0	0	0	0
36.26000000000001	12.62953663977759	1.512913399005519	-12.11766045296255	0	0.9399999999999999	0	0	0	0	0	0	0	0	0	-0.2723848206229881	-0.2473233042558951	-0.04631745516407762	0	-3.412523106813171e-06	0	0	0	0	0	0	0	0	0	0	0	0	0	0	0	0	0	0	0	0
36.28	12.5788551264582	1.50912828858598	-12.06937834395733	0	0.9399999999999999	0	0	0	0	0	0	0	0	0	-0.2939453682022381	-0.2341625151998865	-0.06273820669678302	0	6.465122518673644e-08	0	0	0	0	0	0	0	0	0	0	0	0	0	0	0	0	0	0	0	0
36.3	12.57747622798575	1.50563289579429	-12.07031833169608	0	0.9399999999999999	0	0	0	0	0	0	0	0	0	-0.2929659628622608	-0.2363913239705786	-0.0659289006217471	0	6.269059608604482e-07	0	0	0	0	0	0	0	0	0	0	0	0	0	0	0	0	0	0	0	0
36.32000000000001	12.57653753028427	1.505599112770779	-12.06930782831151	0	0.9399999999999999	0	0	0	0	0	0	0	0	0	-0.3179638031118004	-0.2218910420303891	-0.08135295011413786	0	6.81831748663527e-07	0	0	0	0	0	0	0	0	0	0	0	0	0	0	0	0	0	0	0	0
36.34	12.53446451869307	1.4990268947001	-12.0307212962072	0	0.9399999999999999	0	0	0	0	0	0	0	0	0	-0.3614049469573656	-0.196736472292247	-0.1147121304416302	0	-8.62812919019871e-08	0	0	0	0	0	0	0	0	0	0	0	0	0	0	0	0	0	0	0	0
36.36000000000001	12.53324644348203	1.496037069371637	-12.03068909004959	0	0.9399999999999999	0	0	0	0	0	0	0	0	0	-0.3835237404033769	-0.1859887287044916	-0.1274819738979519	0	-3.441162547561926e-07	0	0	0	0	0	0	0	0	0	0	0	0	0	0	0	0	0	0	0	0
36.38	12.53282153261538	1.49337078010818	-12.03123255719526	0	0.9399999999999999	0	0	0	0	0	0	0	0	0	-0.3824813065964926	-0.1877282137258429	-0.1292837846214911	0	4.999592610910068e-06	0	0	0	0	0	0	0	0	0	0	0	0	0	0	0	0	0	0	0	0
36.40000000000001	12.53143918924308	1.490735914099002	-12.03044833711983	0	0.9399999999999999	0	0	0	0	0	0	0	0	0	-0.4273382319048826	-0.1701498064638605	-0.1404570268446166	0	7.359389526324192e-06	0	0	0	0	0	0	0	0	0	0	0	0	0	0	0	0	0	0	0	0
36.42	12.53143935195465	1.490731125604408	-12.03046250725833	0	0.9399999999999999	0	0	0	0	0	0	0	0	0	-0.4273371209879038	-0.1701518118657079	-0.1404561295434334	0	3.733715733116653e-06	0	0	0	0	0	0	0	0	0	0	0	0	0	0	0	0	0	0	0	0
36.44	12.52941644244875	1.486041267909098	-12.03018010295702	0	0.9399999999999999	0	0	0	0	0	0	0	0	0	-0.4720477336737172	-0.1636447787649792	-0.1345266839248939	0	-7.175107504451557e-06	0	0	0	0	0	0	0	0	0	0	0	0	0	0	0	0	0	0	0	0
36.46	12.52849828886965	1.484563449106157	-12.03023239242648	0	0.9399999999999999	0	0	0	0	0	0	0	0	0	-0.4958926568018023	-0.1620089332264701	-0.1266434264089346	0	6.859431005075564e-06	0	0	0	0	0	0	0	0	0	0	0	0	0	0	0	0	0	0	0	0
36.48	12.55175540401709	1.483288911602942	-12.05504197139754	0	0.9399999999999999	0	0	0	0	0	0	0	0	0	-0.5227384093405191	-0.1605219551744148	-0.1187895814463698	0	3.970835658540659e-08	0	0	0	0	0	0	0	0	0	0	0	0	0	0	0	0	0	0	0	0
36.50000000000001	12.55175540401709	1.483288911602942	-12.05504197139754	0	0.9399999999999999	0	0	0	0	0	0	0	0	0	-0.5227384093405191	-0.1605219551744148	-0.1187895814463698	0	3.970835658540659e-08	0	0	0	0	0	0	0	0	0	0	0	0	0	0	0	0	0	0	0	0
36.52	12.40119548869659	1.474919118247298	-11.90481700943021	0	0.9399999999999999	0	0	0	0	0	0	0	0	0	-0.52359878	-0.1564504491379487	-0.1053053994099428	0	5.6698550407672e-07	0	0	0	0	0	0	0	0	0	0	0	0	0	0	0	0	0	0	0	0
36.54000000000001	12.27363098951218	1.465141007063493	-11.77824816749532	0	0.9399999999999999	0	0	0	0	0	0	0	0	0	-0.52359878	-0.1515695189971379	-0.09262805987852588	0	5.262232770760007e-07	0	0	0	0	0	0	0	0	0	0	0	0	0	0	0	0	0	0	0	0
36.56	12.17154645060626	1.454285828266064	-11.67793266975379	0	0.9399999999999999	0	0	0	0	0	0	0	0	0	-0.52359878	-0.1464052287714434	-0.08135409067755188	0	3.457639456317592e-07	0	0	0	0	0	0	0	0	0	0	0	0	0	0	0	0	0	0	0	0
36.58000000000001	12.03405193582998	1.431798621321315	-11.54672008787995	0	0.9399999999999999	0	0	0	0	0	0	0	0	0	-0.52359878	-0.1363773063809675	-0.06326861227415338	0	-9.305346926017016e-07	0	0	0	0	0	0	0	0	0	0	0	0	0	0	0	0	0	0	0	0
36.6	11.99076823923944	1.421200830608805	-11.50801899626064	0	0.9399999999999999	0	0	0	0	0	0	0	0	0	-0.52359878	-0.1320263950757822	-0.05555297400128352	0	-1.006838473151881e-07	0	0	0	0	0	0	0	0	0	0	0	0	0	0	0	0	0	0	0	0
36.62	11.98783632330003	1.419088760933772	-11.51111005225432	0	0.9399999999999999	0	0	0	0	0	0	0	0	0	-0.52359878	-0.1293859099731058	-0.06127952053332698	0	-2.438454575560497e-06	0	0	0	0	0	0	0	0	0	0	0	0	0	0	0	0	0	0	0	0
36.64	11.95944086099994	1.411335344765186	-11.48215518667285	0	0.9399999999999999	0	0	0	0	0	0	0	0	0	-0.52359878	-0.1282336208561743	-0.04813551663958167	0	2.064695944502516e-07	0	0	0	0	0	0	0	0	0	0	0	0	0	0	0	0	0	0	0	0
36.66	11.92116421959716	1.395285228886879	-11.45701325378059	0	0.9399999999999999	0	0	0	0	0	0	0	0	0	-0.52359878	-0.1204848758257552	-0.03417765141223463	0	-1.966631122115973e-07	0	0	0	0	0	0	0	0	0	0	0	0	0	0	0	0	0	0	0	0
36.68000000000001	11.92116421959716	1.395285228886879	-11.45701325378059	0	0.9399999999999999	0	0	0	0	0	0	0	0	0	-0.52359878	-0.1204848758257552	-0.03417765141223463	0	-1.966631122115973e-07	0	0	0	0	0	0	0	0	0	0	0	0	0	0	0	0	0	0	0	0
36.7	11.91538264671434	1.38808995709167	-11.46529233502995	0	0.9399999999999999	0	0	0	0	0	0	0	0	0	-0.52359878	-0.1112995150659558	-0.02149911047086162	0	-2.008916649775224e-06	0	0	0	0	0	0	0	0	0	0	0	0	0	0	0	0	0	0	0	0
36.72000000000001	11.91538572009526	1.388089388517032	-11.46530422027817	0	0.9399999999999999	0	0	0	0	0	0	0	0	0	-0.52359878	-0.1112962466398733	-0.0215069683168463	0	-1.922919885222901e-06	0	0	0	0	0	0	0	0	0	0	0	0	0	0	0	0	0	0	0	0
36.74	11.93582981885078	1.387833898884522	-11.49261758192734	0	0.9399999999999999	0	0	0	0	0	0	0	0	0	-0.52359878	-0.1069342538121423	-0.01444078393532781	0	7.514586429456255e-08	0	0	0	0	0	0	0	0	0	0	0	0	0	0	0	0	0	0	0	0
36.76000000000001	11.96797457795175	1.389354796233738	-11.53108383935564	0	0.9399999999999999	0	0	0	0	0	0	0	0	0	-0.52359878	-0.1017156310643702	-0.003530825939090824	0	2.050216862596302e-07	0	0	0	0	0	0	0	0	0	0	0	0	0	0	0	0	0	0	0	0
36.78	12.0183693271026	1.392245146982738	-11.58694832319429	0	0.9399999999999999	0	0	0	0	0	0	0	0	0	-0.52359878	-0.09688978031849854	0.01071773041254368	0	8.139438215064727e-08	0	0	0	0	0	0	0	0	0	0	0	0	0	0	0	0	0	0	0	0
36.8	12.19395224519181	1.402992102630947	-11.77095875378399	0	0.9399999999999999	0	0	0	0	0	0	0	0	0	-0.52359878	-0.09412102790008096	0.04965777745842492	0	-2.186570328236236e-07	0	0	0	0	0	0	0	0	0	0	0	0	0	0	0	0	0	0	0	0
36.82000000000001	12.19395224519181	1.402992102630947	-11.77095875378399	0	0.9399999999999999	0	0	0	0	0	0	0	0	0	-0.52359878	-0.09412102790008096	0.04965777745842492	0	-2.186570328236236e-07	0	0	0	0	0	0	0	0	0	0	0	0	0	0	0	0	0	0	0	0
36.84	12.32680703504706	1.410015840590182	-11.90705073339967	0	0.9399999999999999	0	0	0	0	0	0	0	0	0	-0.52359878	-0.09362067294981763	0.07231095600159081	0	-1.858867520772549e-07	0	0	0	0	0	0	0	0	0	0	0	0	0	0	0	0	0	0	0	0
36.86000000000001	12.45877997639433	1.407176129027623	-12.0444046884534	0	0.9399999999999999	0	0	0	0	0	0	0	0	0	-0.4665976470187518	-0.09008524078150357	0.1226921428299953	0	2.64959046068687e-07	0	0	0	0	0	0	0	0	0	0	0	0	0	0	0	0	0	0	0	0
36.88	12.45877997639433	1.407176129027623	-12.0444046884534	0	0.9399999999999999	0	0	0	0	0	0	0	0	0	-0.4665976470187518	-0.09008524078150357	0.1226921428299953	0	2.64959046068687e-07	0	0	0	0	0	0	0	0	0	0	0	0	0	0	0	0	0	0	0	0
36.90000000000001	12.45803816592352	1.397726398914193	-12.05375779515137	0	0.9399999999999999	0	0	0	0	0	0	0	0	0	-0.4081530711082995	-0.0856800763575315	0.1312264536769143	0	3.655540707021261e-06	0	0	0	0	0	0	0	0	0	0	0	0	0	0	0	0	0	0	0	0
36.92	12.45802891585473	1.397726980798861	-12.05374725043634	0	0.9399999999999999	0	0	0	0	0	0	0	0	0	-0.4081514217370732	-0.08567974058292603	0.1312274986525124	0	3.641213314469653e-06	0	0	0	0	0	0	0	0	0	0	0	0	0	0	0	0	0	0	0	0
36.94	12.45687780916285	1.397260678726448	-12.06622399613079	0	0.9399999999999999	0	0	0	0	0	0	0	0	0	-0.3374306481646729	-0.07732067114595431	0.1142867346766543	0	3.935812507415035e-06	0	0	0	0	0	0	0	0	0	0	0	0	0	0	0	0	0	0	0	0
36.96	12.44862616570237	1.397495575978067	-12.06590131103458	0	0.9399999999999999	0	0	0	0	0	0	0	0	0	-0.2954280531491019	-0.07296404691405707	0.1028031482863793	0	-1.3144350396367e-06	0	0	0	0	0	0	0	0	0	0	0	0	0	0	0	0	0	0	0	0
36.98	12.4298018243018	1.395527976982627	-12.05669795418566	0	0.9399999999999999	0	0	0	0	0	0	0	0	0	-0.2589676865241984	-0.07514737134343934	0.08408954292224695	0	1.74411211232431e-08	0	0	0	0	0	0	0	0	0	0	0	0	0	0	0	0	0	0	0	0
37.00000000000001	12.4298018243018	1.395527976982627	-12.05669795418566	0	0.9399999999999999	0	0	0	0	0	0	0	0	0	-0.2589676865241984	-0.07514737134343934	0.08408954292224695	0	1.74411211232431e-08	0	0	0	0	0	0	0	0	0	0	0	0	0	0	0	0	0	0	0	0
37.02	12.40475810616823	1.390925464921168	-12.04249012595829	0	0.9399999999999999	0	0	0	0	0	0	0	0	0	-0.2253069187032605	-0.08207056340919168	0.05643069881193499	0	1.029970887387741e-08	0	0	0	0	0	0	0	0	0	0	0	0	0	0	0	0	0	0	0	0
37.04000000000001	12.37386349951271	1.383463290990563	-12.02331498004613	0	0.9399999999999999	0	0	0	0	0	0	0	0	0	-0.1798500859842968	-0.08947873650713434	0.01873319221778443	0	-1.505917608766453e-08	0	0	0	0	0	0	0	0	0	0	0	0	0	0	0	0	0	0	0	0
37.06	12.33870596361479	1.374137723299801	-12.00049299529372	0	0.9399999999999999	0	0	0	0	0	0	0	0	0	-0.1275698876117314	-0.1010823428196902	-0.02311206446107373	0	2.024592695389852e-08	0	0	0	0	0	0	0	0	0	0	0	0	0	0	0	0	0	0	0	0
37.08000000000001	12.26003128378414	1.355221100944831	-11.94590701475271	0	0.9399999999999999	0	0	0	0	0	0	0	0	0	-0.02267849435173143	-0.1315273092099262	-0.0762959254794263	0	-3.070334470936922e-08	0	0	0	0	0	0	0	0	0	0	0	0	0	0	0	0	0	0	0	0
37.1	12.26003128378414	1.355221100944831	-11.94590701475271	0	0.9399999999999999	0	0	0	0	0	0	0	0	0	-0.02267849435173143	-0.1315273092099262	-0.0762959254794263	0	-3.070334470936922e-08	0	0	0	0	0	0	0	0	0	0	0	0	0	0	0	0	0	0	0	0
37.12	12.22419567893668	1.346268101511408	-11.91996053435455	0	0.9399999999999999	0	0	0	0	0	0	0	0	0	0.02896112200882439	-0.1348353719010148	-0.07907536136654184	0	1.777078779478896e-07	0	0	0	0	0	0	0	0	0	0	0	0	0	0	0	0	0	0	0	0
37.14	12.1781450461562	1.338571340960561	-11.88172969557299	0	0.9399999999999999	0	0	0	0	0	0	0	0	0	0.08318501043676411	-0.1275407588615273	-0.06551955089238395	0	1.920446245375476e-07	0	0	0	0	0	0	0	0	0	0	0	0	0	0	0	0	0	0	0	0
37.16	12.02432383468891	1.332130121498962	-11.74066920950756	0	0.9399999999999999	0	0	0	0	0	0	0	0	0	0.1966469900514179	-0.09269979337185476	-0.02285723708746698	0	-5.653538536290646e-07	0	0	0	0	0	0	0	0	0	0	0	0	0	0	0	0	0	0	0	0
37.18000000000001	11.9423220275351	1.326087444175345	-11.66663019458289	0	0.9399999999999999	0	0	0	0	0	0	0	0	0	0.2535082460973864	-0.07498630605061615	-0.0006947433279214469	0	-1.812727184407438e-08	0	0	0	0	0	0	0	0	0	0	0	0	0	0	0	0	0	0	0	0
37.2	11.9423220275351	1.326087444175345	-11.66663019458289	0	0.9399999999999999	0	0	0	0	0	0	0	0	0	0.2535082460973864	-0.07498630605061615	-0.0006947433279214469	0	-1.812727184407438e-08	0	0	0	0	0	0	0	0	0	0	0	0	0	0	0	0	0	0	0	0
37.22000000000001	11.81295583251226	1.312216320305702	-11.55892190639537	0	0.9399999999999999	0	0	0	0	0	0	0	0	0	0.3644640868278404	-0.05462046042794486	0.02021005588504091	0	2.327474138320047e-06	0	0	0	0	0	0	0	0	0	0	0	0	0	0	0	0	0	0	0	0
37.24	11.8129556923501	1.312216713538669	-11.55891958439377	0	0.9399999999999999	0	0	0	0	0	0	0	0	0	0.3644636138459765	-0.05462485947950694	0.02021411003683498	0	1.815718026969492e-06	0	0	0	0	0	0	0	0	0	0	0	0	0	0	0	0	0	0	0	0
37.26000000000001	11.76939444739742	1.306473343096428	-11.52978087862388	0	0.9399999999999999	0	0	0	0	0	0	0	0	0	0.413480996108146	-0.05299844041589374	0.02050011988235846	0	2.500697838247114e-07	0	0	0	0	0	0	0	0	0	0	0	0	0	0	0	0	0	0	0	0
37.28	11.7111433450408	1.30247951517208	-11.50647149937458	0	0.9399999999999999	0	0	0	0	0	0	0	0	0	0.4801152765312103	-0.05777263605501818	0.01222223584509758	0	8.646303512116829e-07	0	0	0	0	0	0	0	0	0	0	0	0	0	0	0	0	0	0	0	0
37.3	11.68853012682646	1.304505644079115	-11.50353687088828	0	0.9399999999999999	0	0	0	0	0	0	0	0	0	0.5468822251753165	-0.06023393245595782	0.02036137729044332	0	1.272726463435787e-07	0	0	0	0	0	0	0	0	0	0	0	0	0	0	0	0	0	0	0	0
37.32000000000001	11.6885298946245	1.304503970905378	-11.50353549739266	0	0.9399999999999999	0	0	0	0	0	0	0	0	0	0.5468809292527833	-0.06023869228572713	0.02036306657267476	0	-1.145453817092208e-06	0	0	0	0	0	0	0	0	0	0	0	0	0	0	0	0	0	0	0	0
37.34	11.66702055089061	1.310073555495618	-11.50227763022319	0	0.9399999999999999	0	0	0	0	0	0	0	0	0	0.5882259449393952	-0.06252980566343241	0.02390274852429864	0	1.980701511830845e-07	0	0	0	0	0	0	0	0	0	0	0	0	0	0	0	0	0	0	0	0
37.36000000000001	11.61834458050036	1.325475819971034	-11.49465558598681	0	0.9399999999999999	0	0	0	0	0	0	0	0	0	0.6698482164439412	-0.06423053517515855	0.03922217217657382	0	-5.831509823152721e-09	0	0	0	0	0	0	0	0	0	0	0	0	0	0	0	0	0	0	0	0
37.38	11.58601983535132	1.331350320790333	-11.48303309455783	0	0.9399999999999999	0	0	0	0	0	0	0	0	0	0.7150180626300862	-0.06400733361207141	0.04849710987959416	0	1.073681503262884e-07	0	0	0	0	0	0	0	0	0	0	0	0	0	0	0	0	0	0	0	0
37.40000000000001	11.58601983535132	1.331350320790333	-11.48303309455783	0	0.9399999999999999	0	0	0	0	0	0	0	0	0	0.7150180626300862	-0.06400733361207141	0.04849710987959416	0	1.073681503262884e-07	0	0	0	0	0	0	0	0	0	0	0	0	0	0	0	0	0	0	0	0
37.42	11.49834633338192	1.334776268158373	-11.43451953096328	0	0.9399999999999999	0	0	0	0	0	0	0	0	0	0.8096339675275158	-0.05584865453785567	0.06193661694457069	0	5.71046531790609e-08	0	0	0	0	0	0	0	0	0	0	0	0	0	0	0	0	0	0	0	0
37.44	11.49834633338192	1.334776268158373	-11.43451953096328	0	0.9399999999999999	0	0	0	0	0	0	0	0	0	0.8096339675275158	-0.05584865453785567	0.06193661694457069	0	5.71046531790609e-08	0	0	0	0	0	0	0	0	0	0	0	0	0	0	0	0	0	0	0	0
37.46	11.44749461484182	1.333068525025437	-11.40235942293979	0	0.9399999999999999	0	0	0	0	0	0	0	0	0	0.8546512579452766	-0.05067345372942954	0.06449249740350421	0	2.456035988064081e-08	0	0	0	0	0	0	0	0	0	0	0	0	0	0	0	0	0	0	0	0
37.48	11.34504493528949	1.33790401549553	-11.33455209371906	0	0.9399999999999999	0	0	0	0	0	0	0	0	0	0.9221043858062729	-0.04340904507648213	0.05611996348643045	0	1.090418305682135e-07	0	0	0	0	0	0	0	0	0	0	0	0	0	0	0	0	0	0	0	0
37.50000000000001	11.34504493528949	1.33790401549553	-11.33455209371906	0	0.9399999999999999	0	0	0	0	0	0	0	0	0	0.9221043858062729	-0.04340904507648213	0.05611996348643045	0	1.090418305682135e-07	0	0	0	0	0	0	0	0	0	0	0	0	0	0	0	0	0	0	0	0
37.52	11.2144602483211	1.356251085795841	-11.2332871562838	0	0.9399999999999999	0	0	0	0	0	0	0	0	0	0.9590740690299179	-0.04045645233245074	0.01789364397628546	0	1.261383266191907e-08	0	0	0	0	0	0	0	0	0	0	0	0	0	0	0	0	0	0	0	0
37.54000000000001	11.13810704145116	1.365105568601418	-11.16854910977692	0	0.9399999999999999	0	0	0	0	0	0	0	0	0	0.9726302464340529	-0.04165043835311409	-0.01019736192368993	0	-6.283547156224667e-08	0	0	0	0	0	0	0	0	0	0	0	0	0	0	0	0	0	0	0	0
37.56	11.13810704145116	1.365105568601418	-11.16854910977692	0	0.9399999999999999	0	0	0	0	0	0	0	0	0	0.9726302464340529	-0.04165043835311409	-0.01019736192368993	0	-6.283547156224667e-08	0	0	0	0	0	0	0	0	0	0	0	0	0	0	0	0	0	0	0	0
37.58000000000001	11.06107582568196	1.370171442458715	-11.10126320845576	0	0.9399999999999999	0	0	0	0	0	0	0	0	0	0.9851030521558497	-0.04409863793613421	-0.0421255798118897	0	3.12849862151437e-07	0	0	0	0	0	0	0	0	0	0	0	0	0	0	0	0	0	0	0	0
37.6	10.91758449801046	1.371082944072082	-10.96873123160188	0	0.9399999999999999	0	0	0	0	0	0	0	0	0	1.00730025880054	-0.04700938292100498	-0.1029696345405441	0	6.829780929206738e-08	0	0	0	0	0	0	0	0	0	0	0	0	0	0	0	0	0	0	0	0
37.62	10.91758449801046	1.371082944072082	-10.96873123160188	0	0.9399999999999999	0	0	0	0	0	0	0	0	0	1.00730025880054	-0.04700938292100498	-0.1029696345405441	0	6.829780929206738e-08	0	0	0	0	0	0	0	0	0	0	0	0	0	0	0	0	0	0	0	0
37.64	10.81441187477718	1.361045696894051	-10.87005876137311	0	0.9399999999999999	0	0	0	0	0	0	0	0	0	1.021332090439334	-0.0431363170996056	-0.1466503214050544	0	-6.830392491551659e-07	0	0	0	0	0	0	0	0	0	0	0	0	0	0	0	0	0	0	0	0
37.66	10.81441187477718	1.361045696894051	-10.87005876137311	0	0.9399999999999999	0	0	0	0	0	0	0	0	0	1.021332090439334	-0.0431363170996056	-0.1466503214050544	0	-6.830392491551659e-07	0	0	0	0	0	0	0	0	0	0	0	0	0	0	0	0	0	0	0	0
37.68000000000001	10.75713566276301	1.33557039327	-10.81475198846037	0	0.9399999999999999	0	0	0	0	0	0	0	0	0	1.03865961370433	-0.0269367404142226	-0.185034186745401	0	-6.585475078314378e-07	0	0	0	0	0	0	0	0	0	0	0	0	0	0	0	0	0	0	0	0
37.7	10.75713607304714	1.335570312565363	-10.81475110190175	0	0.9399999999999999	0	0	0	0	0	0	0	0	0	1.038659971761516	-0.02693547017205063	-0.1850331791931737	0	-6.019132411591811e-07	0	0	0	0	0	0	0	0	0	0	0	0	0	0	0	0	0	0	0	0
37.72000000000001	10.7536902284128	1.314024148898016	-10.81613216397134	0	0.9399999999999999	0	0	0	0	0	0	0	0	0	1.052250330174941	-0.01628681021824679	-0.2313681228806047	0	-1.211017032164348e-07	0	0	0	0	0	0	0	0	0	0	0	0	0	0	0	0	0	0	0	0
37.74	10.7536902284128	1.314024148898016	-10.81613216397134	0	0.9399999999999999	0	0	0	0	0	0	0	0	0	1.052250330174941	-0.01628681021824679	-0.2313681228806047	0	-1.211017032164348e-07	0	0	0	0	0	0	0	0	0	0	0	0	0	0	0	0	0	0	0	0
37.76000000000001	10.78080985068456	1.312791977093196	-10.84760597087492	0	0.9399999999999999	0	0	0	0	0	0	0	0	0	1.050829518533605	-0.02137931308303575	-0.2456704281153644	0	3.772532558477384e-06	0	0	0	0	0	0	0	0	0	0	0	0	0	0	0	0	0	0	0	0
37.78	10.83648866195347	1.31666406651247	-10.90757040285844	0	0.9399999999999999	0	0	0	0	0	0	0	0	0	1.046030370902217	-0.03332741072480093	-0.2558526406329755	0	6.610951607643476e-08	0	0	0	0	0	0	0	0	0	0	0	0	0	0	0	0	0	0	0	0
37.8	10.93540483088895	1.301959200799051	-11.01045032648711	0	0.9399999999999999	0	0	0	0	0	0	0	0	0	1.060744845630448	-0.05054866325984173	-0.2623560731056214	0	-4.895228761730782e-07	0	0	0	0	0	0	0	0	0	0	0	0	0	0	0	0	0	0	0	0
37.82000000000001	11.0255345372943	1.284111422930134	-11.10072586231455	0	0.9399999999999999	0	0	0	0	0	0	0	0	0	1.078719632056828	-0.06325705116111163	-0.2731493001473091	0	9.125586258505292e-08	0	0	0	0	0	0	0	0	0	0	0	0	0	0	0	0	0	0	0	0
37.84	11.13323687762759	1.255411781501111	-11.20470374610154	0	0.9399999999999999	0	0	0	0	0	0	0	0	0	1.111270308296705	-0.08595816664917567	-0.3000256103904524	0	5.335699877653435e-07	0	0	0	0	0	0	0	0	0	0	0	0	0	0	0	0	0	0	0	0
37.86000000000001	11.14486135302355	1.242922774906874	-11.21466524970643	0	0.9399999999999999	0	0	0	0	0	0	0	0	0	1.098742429357958	-0.083284933792012	-0.3131693051981994	0	5.635749981403232e-07	0	0	0	0	0	0	0	0	0	0	0	0	0	0	0	0	0	0	0	0
37.88	11.14507270694644	1.242912987364628	-11.21487985755098	0	0.9399999999999999	0	0	0	0	0	0	0	0	0	1.124296096727685	-0.09344639278380532	-0.3186254576275541	0	4.268093940063433e-08	0	0	0	0	0	0	0	0	0	0	0	0	0	0	0	0	0	0	0	0
37.90000000000001	11.12724691702498	1.230063130030561	-11.19589424094437	0	0.9399999999999999	0	0	0	0	0	0	0	0	0	1.134641732100214	-0.1016883240929125	-0.3329531261687362	0	7.245821036166525e-08	0	0	0	0	0	0	0	0	0	0	0	0	0	0	0	0	0	0	0	0
37.92	11.09798903631973	1.216970973839937	-11.16739319293726	0	0.9399999999999999	0	0	0	0	0	0	0	0	0	1.14804428124175	-0.1157079042988453	-0.3334712151100845	0	6.981477162464409e-07	0	0	0	0	0	0	0	0	0	0	0	0	0	0	0	0	0	0	0	0
37.94	11.0224273162242	1.19813358667668	-11.09682655271787	0	0.9399999999999999	0	0	0	0	0	0	0	0	0	1.159772309461602	-0.1449108153772736	-0.2901726021399865	0	2.931994692483961e-08	0	0	0	0	0	0	0	0	0	0	0	0	0	0	0	0	0	0	0	0
37.96	10.99374347648347	1.202985647418833	-11.07853775661668	0	0.9399999999999999	0	0	0	0	0	0	0	0	0	1.139064869059446	-0.1658355276470324	-0.2541449327941159	0	-1.267778909410492e-07	0	0	0	0	0	0	0	0	0	0	0	0	0	0	0	0	0	0	0	0
37.98	10.99374347648347	1.202985647418833	-11.07853775661668	0	0.9399999999999999	0	0	0	0	0	0	0	0	0	1.139064869059446	-0.1658355276470324	-0.2541449327941159	0	-1.267778909410492e-07	0	0	0	0	0	0	0	0	0	0	0	0	0	0	0	0	0	0	0	0
38.00000000000001	10.95342527778195	1.220441429032123	-11.05237081982257	0	0.9399999999999999	0	0	0	0	0	0	0	0	0	1.098351466325017	-0.1831083263509441	-0.219437991293174	0	8.349415936575884e-07	0	0	0	0	0	0	0	0	0	0	0	0	0	0	0	0	0	0	0	0
38.02	10.87655517670819	1.2436459940489	-10.99065768963395	0	0.9399999999999999	0	0	0	0	0	0	0	0	0	1.045203343128235	-0.1898350162578457	-0.1907293814682036	0	4.990032367040916e-08	0	0	0	0	0	0	0	0	0	0	0	0	0	0	0	0	0	0	0	0
38.04000000000001	10.76427089521753	1.262417238811083	-10.89445068043056	0	0.9399999999999999	0	0	0	0	0	0	0	0	0	0.990490915176036	-0.1872926139699566	-0.169134499995658	0	-1.835798564561481e-06	0	0	0	0	0	0	0	0	0	0	0	0	0	0	0	0	0	0	0	0
38.06	10.64112927486052	1.269360239630592	-10.7868348920405	0	0.9399999999999999	0	0	0	0	0	0	0	0	0	0.9405922454342668	-0.1792851106414709	-0.1518697908940079	0	1.41617856871327e-07	0	0	0	0	0	0	0	0	0	0	0	0	0	0	0	0	0	0	0	0
38.08000000000001	10.53764038998833	1.272096226142634	-10.6955743635278	0	0.9399999999999999	0	0	0	0	0	0	0	0	0	0.8895683042858401	-0.1691383110205555	-0.1349377282809126	0	2.974937843887479e-07	0	0	0	0	0	0	0	0	0	0	0	0	0	0	0	0	0	0	0	0
38.1	10.46504470825271	1.27763721020078	-10.63011160433327	0	0.9399999999999999	0	0	0	0	0	0	0	0	0	0.8343392281777333	-0.1589878536258804	-0.1148639788184552	0	-7.908842715854575e-07	0	0	0	0	0	0	0	0	0	0	0	0	0	0	0	0	0	0	0	0
38.12	10.43671919931178	1.284516971102343	-10.60415133458132	0	0.9399999999999999	0	0	0	0	0	0	0	0	0	0.7765833035121984	-0.1552009808320378	-0.08893245478166124	0	-3.735512651775896e-08	0	0	0	0	0	0	0	0	0	0	0	0	0	0	0	0	0	0	0	0
38.14	10.51871742144957	1.305903797214334	-10.67908852973927	0	0.9399999999999999	0	0	0	0	0	0	0	0	0	0.6501246369438649	-0.1793201119989936	-0.02565730267459262	0	-2.392640433939354e-07	0	0	0	0	0	0	0	0	0	0	0	0	0	0	0	0	0	0	0	0
38.16	10.51871742144957	1.305903797214334	-10.67908852973927	0	0.9399999999999999	0	0	0	0	0	0	0	0	0	0.6501246369438649	-0.1793201119989936	-0.02565730267459262	0	-2.392640433939354e-07	0	0	0	0	0	0	0	0	0	0	0	0	0	0	0	0	0	0	0	0
38.18000000000001	10.58692670301695	1.321040317195926	-10.73955512748832	0	0.9399999999999999	0	0	0	0	0	0	0	0	0	0.5785061346091203	-0.1975369369753863	-0.006915608773256803	0	5.543787664117722e-07	0	0	0	0	0	0	0	0	0	0	0	0	0	0	0	0	0	0	0	0
38.2	10.64497018856122	1.338979886496576	-10.78786431952992	0	0.9399999999999999	0	0	0	0	0	0	0	0	0	0.5004496001884883	-0.2116541918973456	-0.006882573126145076	0	8.161371169251335e-08	0	0	0	0	0	0	0	0	0	0	0	0	0	0	0	0	0	0	0	0
38.22000000000001	10.68958336605473	1.362018843565062	-10.82134094219605	0	0.9399999999999999	0	0	0	0	0	0	0	0	0	0.4154323753442166	-0.2183276599144331	-0.02386201708184013	0	3.511644078644847e-07	0	0	0	0	0	0	0	0	0	0	0	0	0	0	0	0	0	0	0	0
38.24	10.72681454436134	1.390959369569683	-10.84575797380738	0	0.9399999999999999	0	0	0	0	0	0	0	0	0	0.3260067865604273	-0.2149157483601232	-0.05033033926760607	0	1.287972535920238e-07	0	0	0	0	0	0	0	0	0	0	0	0	0	0	0	0	0	0	0	0
38.26000000000001	10.88065562285387	1.446920565525987	-10.97328615357748	0	0.9399999999999999	0	0	0	0	0	0	0	0	0	0.2123786700019201	-0.2174958839203824	-0.06535880336478953	0	8.274939546077788e-08	0	0	0	0	0	0	0	0	0	0	0	0	0	0	0	0	0	0	0	0
38.28	11.03029033416225	1.461010458660677	-11.11339015224099	0	0.9399999999999999	0	0	0	0	0	0	0	0	0	0.04990984989048335	-0.168624050875101	-0.1515689149375912	0	-4.174603799919065e-08	0	0	0	0	0	0	0	0	0	0	0	0	0	0	0	0	0	0	0	0
38.3	11.18435126000101	1.463395059550306	-11.26297208099276	0	0.9399999999999999	0	0	0	0	0	0	0	0	0	-0.0274587971454958	-0.1466575874077888	-0.181704432118113	0	3.910116832029492e-08	0	0	0	0	0	0	0	0	0	0	0	0	0	0	0	0	0	0	0	0
38.32000000000001	11.18435126000101	1.463395059550306	-11.26297208099276	0	0.9399999999999999	0	0	0	0	0	0	0	0	0	-0.0274587971454958	-0.1466575874077888	-0.181704432118113	0	3.910116832029492e-08	0	0	0	0	0	0	0	0	0	0	0	0	0	0	0	0	0	0	0	0
38.34	11.31298492890114	1.458515235650547	-11.39306582347597	0	0.9399999999999999	0	0	0	0	0	0	0	0	0	-0.09899603900790335	-0.1237207846125725	-0.2062053240707971	0	7.035361182510872e-07	0	0	0	0	0	0	0	0	0	0	0	0	0	0	0	0	0	0	0	0
38.36000000000001	11.42013745562283	1.452668597956184	-11.50622832546262	0	0.9399999999999999	0	0	0	0	0	0	0	0	0	-0.1678468508844478	-0.09819406991428538	-0.2226543539385275	0	1.096250439337885e-07	0	0	0	0	0	0	0	0	0	0	0	0	0	0	0	0	0	0	0	0
38.38	11.5164148003938	1.446919883037084	-11.61274363276634	0	0.9399999999999999	0	0	0	0	0	0	0	0	0	-0.2341151185086223	-0.07140190220563976	-0.2273858752481726	0	1.478282841443778e-08	0	0	0	0	0	0	0	0	0	0	0	0	0	0	0	0	0	0	0	0
38.40000000000001	11.6003737165222	1.440032889436469	-11.71111310073894	0	0.9399999999999999	0	0	0	0	0	0	0	0	0	-0.2982794264854074	-0.04546617465256694	-0.2188982694260714	0	1.178462149382554e-07	0	0	0	0	0	0	0	0	0	0	0	0	0	0	0	0	0	0	0	0
38.42	11.69050647531259	1.422683219743399	-11.83985859094675	0	0.9399999999999999	0	0	0	0	0	0	0	0	0	-0.4127155259788324	0.009974502459934819	-0.1733758906637843	0	3.671718884883279e-07	0	0	0	0	0	0	0	0	0	0	0	0	0	0	0	0	0	0	0	0
38.44	11.70810274673231	1.409637679472536	-11.88020382530601	0	0.9399999999999999	0	0	0	0	0	0	0	0	0	-0.4648264113324588	0.03784200541850073	-0.1600289907480511	0	4.911595451441415e-07	0	0	0	0	0	0	0	0	0	0	0	0	0	0	0	0	0	0	0	0
38.46	11.69562359984625	1.393808836125367	-11.88909553757745	0	0.9399999999999999	0	0	0	0	0	0	0	0	0	-0.510919227201452	0.0753569219660353	-0.1596321913953636	0	-8.579060011795179e-06	0	0	0	0	0	0	0	0	0	0	0	0	0	0	0	0	0	0	0	0
38.48	11.54464316083108	1.366585638382234	-11.7582167556455	0	0.9399999999999999	0	0	0	0	0	0	0	0	0	-0.52359878	0.1167595983944972	-0.1722750534087895	0	-1.980915707409294e-07	0	0	0	0	0	0	0	0	0	0	0	0	0	0	0	0	0	0	0	0
38.50000000000001	11.54464316083108	1.366585638382234	-11.7582167556455	0	0.9399999999999999	0	0	0	0	0	0	0	0	0	-0.52359878	0.1167595983944972	-0.1722750534087895	0	-1.980915707409294e-07	0	0	0	0	0	0	0	0	0	0	0	0	0	0	0	0	0	0	0	0
38.52	11.5141888719808	1.332437415501474	-11.75095940105143	0	0.9399999999999999	0	0	0	0	0	0	0	0	0	-0.52359878	0.1376767516146693	-0.2179418024413375	0	1.447019591502286e-07	0	0	0	0	0	0	0	0	0	0	0	0	0	0	0	0	0	0	0	0
38.54000000000001	11.47941955994791	1.310568916747018	-11.73601346901814	0	0.9399999999999999	0	0	0	0	0	0	0	0	0	-0.52359878	0.1609003779609773	-0.2643666583172001	0	9.380951694379795e-08	0	0	0	0	0	0	0	0	0	0	0	0	0	0	0	0	0	0	0	0
38.56	11.45933798674087	1.300010254616038	-11.73288095796343	0	0.9399999999999999	0	0	0	0	0	0	0	0	0	-0.52359878	0.1821781184342869	-0.2915600512551628	0	-1.055011867277673e-08	0	0	0	0	0	0	0	0	0	0	0	0	0	0	0	0	0	0	0	0
38.58000000000001	11.49321428116211	1.331409027508893	-11.77181439374417	0	0.9399999999999999	0	0	0	0	0	0	0	0	0	-0.52359878	0.1960902706086314	-0.2866513445649648	0.09198159784747741	0.09198177900543937	0	0	0	0	0	0	0	0	0	0	0	0	0	0	0	0	0	0	0	0
38.6	11.49321446033398	1.331409039579986	-11.7718143080587	0	0.9399999999999999	0	0	0	0	0	0	0	0	0	-0.52359878	0.1960905455768856	-0.2866510205494286	0.0919816554664443	0.09198181244411337	0	0	0	0	0	0	0	0	0	0	0	0	0	0	0	0	0	0	0	0
38.62	11.49616062875873	1.337625114063256	-11.77570787917361	0	0.9399999999999999	0	0	0	0	0	0	0	0	0	-0.52359878	0.207796814621175	-0.2756975891875062	0.07206362918233047	0.07205612982598934	0	0	0	0	0	0	0	0	0	0	0	0	0	0	0	0	0	0	0	0
38.64	11.47921823399681	1.368959549839425	-11.75540267773734	0	0.9399999999999999	0	0	0	0	0	0	0	0	0	-0.5199997509597281	0.2431478004101714	-0.2598940543137656	0	-6.034880042070165e-08	0	0	0	0	0	0	0	0	0	0	0	0	0	0	0	0	0	0	0	0
38.66	11.41897440553205	1.38251374296899	-11.70124240626735	0	0.9399999999999999	0	0	0	0	0	0	0	0	0	-0.4747239795527727	0.2536319419121572	-0.2564495347788175	0	-7.562968013289783e-08	0	0	0	0	0	0	0	0	0	0	0	0	0	0	0	0	0	0	0	0
38.68000000000001	11.41897440553205	1.38251374296899	-11.70124240626735	0	0.9399999999999999	0	0	0	0	0	0	0	0	0	-0.4747239795527727	0.2536319419121572	-0.2564495347788175	0	-7.562968013289783e-08	0	0	0	0	0	0	0	0	0	0	0	0	0	0	0	0	0	0	0	0
38.7	11.33461279500591	1.359257741957293	-11.64557082886583	0	0.9399999999999999	0	0	0	0	0	0	0	0	0	-0.3240442023300306	0.2164204638403878	-0.3498867258205313	0	-2.085240621262118e-08	0	0	0	0	0	0	0	0	0	0	0	0	0	0	0	0	0	0	0	0
38.72000000000001	11.35802391070103	1.338712403160888	-11.68292478513839	0	0.9399999999999999	0	0	0	0	0	0	0	0	0	-0.2764975221598526	0.1580947101628549	-0.3985637757958059	0	-2.679407682887033e-07	0	0	0	0	0	0	0	0	0	0	0	0	0	0	0	0	0	0	0	0
38.74	11.35802434127575	1.338712116228181	-11.68292430975825	0	0.9399999999999999	0	0	0	0	0	0	0	0	0	-0.276497317250024	0.1580945134268971	-0.398563028321832	0	-2.380395911565721e-07	0	0	0	0	0	0	0	0	0	0	0	0	0	0	0	0	0	0	0	0
38.76000000000001	11.53166550955581	1.366075678048215	-11.85856011162339	0	0.9399999999999999	0	0	0	0	0	0	0	0	0	-0.2127933825651624	0.101416552046666	-0.4255045208391071	0	1.690043578292533e-07	0	0	0	0	0	0	0	0	0	0	0	0	0	0	0	0	0	0	0	0
38.78	11.53166550955581	1.366075678048215	-11.85856011162339	0	0.9399999999999999	0	0	0	0	0	0	0	0	0	-0.2127933825651624	0.101416552046666	-0.4255045208391071	0	1.690043578292533e-07	0	0	0	0	0	0	0	0	0	0	0	0	0	0	0	0	0	0	0	0
38.8	11.66962225598131	1.352947059101077	-11.99174246142243	0	0.9399999999999999	0	0	0	0	0	0	0	0	0	-0.1700802940561101	0.03933773776728315	-0.427504034396741	0	-1.310722940306105e-07	0	0	0	0	0	0	0	0	0	0	0	0	0	0	0	0	0	0	0	0
38.82000000000001	11.9018261932133	1.307608848256535	-12.20524087239022	0	0.9399999999999999	0	0	0	0	0	0	0	0	0	-0.04883923384963038	-0.08483956610797476	-0.3774994943410255	0	-1.551307279770151e-07	0	0	0	0	0	0	0	0	0	0	0	0	0	0	0	0	0	0	0	0
38.84	11.90182596011763	1.307608742687211	-12.20524107706974	0	0.9399999999999999	0	0	0	0	0	0	0	0	0	-0.04883920630914259	-0.08483956654581276	-0.3774993544744438	0	1.355705578703165e-07	0	0	0	0	0	0	0	0	0	0	0	0	0	0	0	0	0	0	0	0
38.86000000000001	12.17896515071563	1.306433886833497	-12.47563006299482	0	0.9399999999999999	0	0	0	0	0	0	0	0	0	0.03148413756826965	-0.1800456819378037	-0.3236802524827616	0	1.425878193863534e-07	0	0	0	0	0	0	0	0	0	0	0	0	0	0	0	0	0	0	0	0
38.88	12.10081123672677	1.313035601589515	-12.39250870226005	0	0.9399999999999999	0	0	0	0	0	0	0	0	0	0.1273367064148495	-0.2017291646466209	-0.2919257774838594	0	-4.196660583428722e-07	0	0	0	0	0	0	0	0	0	0	0	0	0	0	0	0	0	0	0	0
38.90000000000001	12.1008104923961	1.31303519792246	-12.39250863453823	0	0.9399999999999999	0	0	0	0	0	0	0	0	0	0.1273368847459299	-0.2017289706035991	-0.2919264815973758	0	-3.258310471079702e-07	0	0	0	0	0	0	0	0	0	0	0	0	0	0	0	0	0	0	0	0
38.92	11.96946583307159	1.309144407763732	-12.25507126834608	0	0.9399999999999999	0	0	0	0	0	0	0	0	0	0.2323650965772136	-0.2190990676313542	-0.2543532298892709	0	-7.805521558035683e-07	0	0	0	0	0	0	0	0	0	0	0	0	0	0	0	0	0	0	0	0
38.94	11.94115085169687	1.312713822523101	-12.19861047506752	0	0.9399999999999999	0	0	0	0	0	0	0	0	0	0.3758614291917205	-0.2311392497380531	-0.1732753933814602	0	-9.143748826055945e-08	0	0	0	0	0	0	0	0	0	0	0	0	0	0	0	0	0	0	0	0
38.96	11.94115085169687	1.312713822523101	-12.19861047506752	0	0.9399999999999999	0	0	0	0	0	0	0	0	0	0.3758614291917205	-0.2311392497380531	-0.1732753933814602	0	-9.143748826055945e-08	0	0	0	0	0	0	0	0	0	0	0	0	0	0	0	0	0	0	0	0
38.98	11.8702737010495	1.346855591387377	-12.11081843982754	0	0.9399999999999999	0	0	0	0	0	0	0	0	0	0.4813418431437247	-0.2027207786003021	-0.1350194322524188	0	-2.858295815034649e-08	0	0	0	0	0	0	0	0	0	0	0	0	0	0	0	0	0	0	0	0
39.00000000000001	11.87112019862448	1.346849582897885	-12.11167111682201	0	0.9399999999999999	0	0	0	0	0	0	0	0	0	0.4977335979265508	-0.2100254606330989	-0.1178169779507295	0	-1.054656136105104e-06	0	0	0	0	0	0	0	0	0	0	0	0	0	0	0	0	0	0	0	0
39.02	11.63358497664643	1.381585629133346	-11.87233712970148	0	0.9399999999999999	0	0	0	0	0	0	0	0	0	0.6158337865496576	-0.1736503274649232	-0.1105781988062026	0	-1.757998131093003e-08	0	0	0	0	0	0	0	0	0	0	0	0	0	0	0	0	0	0	0	0
39.04000000000001	11.63358497664643	1.381585629133346	-11.87233712970148	0	0.9399999999999999	0	0	0	0	0	0	0	0	0	0.6158337865496576	-0.1736503274649232	-0.1105781988062026	0	-1.757998131093003e-08	0	0	0	0	0	0	0	0	0	0	0	0	0	0	0	0	0	0	0	0
39.06	11.32194879535891	1.395204816018409	-11.56072153374587	0	0.9399999999999999	0	0	0	0	0	0	0	0	0	0.7153917799289523	-0.1439263166549302	-0.1396735586917373	0	2.155163818353874e-07	0	0	0	0	0	0	0	0	0	0	0	0	0	0	0	0	0	0	0	0
39.08000000000001	11.16830693788948	1.396906958468241	-11.40452993864133	0	0.9399999999999999	0	0	0	0	0	0	0	0	0	0.7613035789306073	-0.1295887091133129	-0.1635078868766026	0	7.565408598820342e-07	0	0	0	0	0	0	0	0	0	0	0	0	0	0	0	0	0	0	0	0
39.1	11.01583857857385	1.392675507698692	-11.24819598263599	0	0.9399999999999999	0	0	0	0	0	0	0	0	0	0.7927892204146733	-0.1166067088725735	-0.167935422463529	0	5.790294612236577e-08	0	0	0	0	0	0	0	0	0	0	0	0	0	0	0	0	0	0	0	0
39.12	10.8718143765616	1.380255325313413	-11.09930122241398	0	0.9399999999999999	0	0	0	0	0	0	0	0	0	0.8271837267116458	-0.0990745963035905	-0.1768956125168283	0	-6.29859742788655e-08	0	0	0	0	0	0	0	0	0	0	0	0	0	0	0	0	0	0	0	0
39.14	10.76074397398633	1.363061271661068	-10.98382710604257	0	0.9399999999999999	0	0	0	0	0	0	0	0	0	0.8575570918426717	-0.08030201909395564	-0.1844797156626279	0	6.503789330675339e-08	0	0	0	0	0	0	0	0	0	0	0	0	0	0	0	0	0	0	0	0
39.16	10.68114194251864	1.346299736230711	-10.89996294737028	0	0.9399999999999999	0	0	0	0	0	0	0	0	0	0.8823852244613825	-0.06108445512399181	-0.1975166927208195	0	1.230010563553258e-06	0	0	0	0	0	0	0	0	0	0	0	0	0	0	0	0	0	0	0	0
39.18000000000001	10.61716218522364	1.330902581394764	-10.83199920338891	0	0.9399999999999999	0	0	0	0	0	0	0	0	0	0.9002562560280919	-0.04432694737215732	-0.2180326945639255	0	-3.761442975289673e-08	0	0	0	0	0	0	0	0	0	0	0	0	0	0	0	0	0	0	0	0
39.2	10.61777126898565	1.322969459555599	-10.83299850182851	0	0.9399999999999999	0	0	0	0	0	0	0	0	0	0.9096579520157251	-0.043629607095214	-0.2331347934347399	0	-2.130801122942952e-06	0	0	0	0	0	0	0	0	0	0	0	0	0	0	0	0	0	0	0	0
39.22000000000001	10.70657142335289	1.315351759105529	-10.92462077590206	0	0.9399999999999999	0	0	0	0	0	0	0	0	0	0.9247958747703388	-0.0603996461757742	-0.2357355657909373	0	-1.433709603045979e-07	0	0	0	0	0	0	0	0	0	0	0	0	0	0	0	0	0	0	0	0
39.24	10.70657142335289	1.315351759105529	-10.92462077590206	0	0.9399999999999999	0	0	0	0	0	0	0	0	0	0.9247958747703388	-0.0603996461757742	-0.2357355657909373	0	-1.433709603045979e-07	0	0	0	0	0	0	0	0	0	0	0	0	0	0	0	0	0	0	0	0
39.26000000000001	10.82423846369066	1.311551284499872	-11.04101608857878	0	0.9399999999999999	0	0	0	0	0	0	0	0	0	0.9377619594139068	-0.07939222983671565	-0.2304461186253327	0	8.456851459891236e-08	0	0	0	0	0	0	0	0	0	0	0	0	0	0	0	0	0	0	0	0
39.28	11.07301462953985	1.283480267980523	-11.26903646095682	0	0.9399999999999999	0	0	0	0	0	0	0	0	0	0.9913350364670791	-0.1147642440225898	-0.2026789015512543	0.0155067538253646	0.01550703186338111	0	0	0	0	0	0	0	0	0	0	0	0	0	0	0	0	0	0	0	0
39.3	11.19385638610282	1.262101847517136	-11.37464960878062	0	0.9399999999999999	0	0	0	0	0	0	0	0	0	1.015283601108185	-0.1222777334639072	-0.1868475775427962	0	-2.243406797755011e-06	0	0	0	0	0	0	0	0	0	0	0	0	0	0	0	0	0	0	0	0
39.32000000000001	11.19385630804627	1.262101983934544	-11.37464961991444	0	0.9399999999999999	0	0	0	0	0	0	0	0	0	1.015283702746664	-0.1222773995128465	-0.1868471293574176	0	1.255723470967882e-07	0	0	0	0	0	0	0	0	0	0	0	0	0	0	0	0	0	0	0	0
39.34	11.34692604321821	1.222628484833986	-11.49241071913108	0	0.9399999999999999	0	0	0	0	0	0	0	0	0	1.057125617059106	-0.1257363887719413	-0.1487919750935304	0	-4.681764737083335e-07	0	0	0	0	0	0	0	0	0	0	0	0	0	0	0	0	0	0	0	0
39.36000000000001	11.37311772127355	1.213150900675071	-11.49761683618981	0	0.9399999999999999	0	0	0	0	0	0	0	0	0	1.054754304435987	-0.1191499131713779	-0.1726596090332587	0	9.135333699748342e-07	0	0	0	0	0	0	0	0	0	0	0	0	0	0	0	0	0	0	0	0
39.38	11.37073275156703	1.203316783797265	-11.47377098101287	0	0.9399999999999999	0	0	0	0	0	0	0	0	0	1.113829039544187	-0.1238294926368678	-0.1407916702813512	0	7.245945090952795e-07	0	0	0	0	0	0	0	0	0	0	0	0	0	0	0	0	0	0	0	0
39.40000000000001	11.36099069475927	1.193720885852619	-11.4451141644811	0	0.9399999999999999	0	0	0	0	0	0	0	0	0	1.133109367214097	-0.127352706807533	-0.1033214240409056	0	1.332519276387587e-07	0	0	0	0	0	0	0	0	0	0	0	0	0	0	0	0	0	0	0	0
39.42	11.3609908465185	1.193720739805529	-11.44511456237711	0	0.9399999999999999	0	0	0	0	0	0	0	0	0	1.133109549779315	-0.1273530445476667	-0.1033214131544185	0	1.279214452143178e-07	0	0	0	0	0	0	0	0	0	0	0	0	0	0	0	0	0	0	0	0
39.44	11.32393759307338	1.187114746529819	-11.38931150048323	0	0.9399999999999999	0	0	0	0	0	0	0	0	0	1.148833113348436	-0.1255069802709409	-0.0644526408111773	0	-6.357524735707299e-07	0	0	0	0	0	0	0	0	0	0	0	0	0	0	0	0	0	0	0	0
39.46	11.16631333791738	1.193284302801197	-11.19121295492238	0	0.9399999999999999	0	0	0	0	0	0	0	0	0	1.146909633747961	-0.08775667158527571	-1.8939238064769e-05	0	6.16426559065942e-08	0	0	0	0	0	0	0	0	0	0	0	0	0	0	0	0	0	0	0	0
39.48	11.06330904637572	1.196451678677865	-11.07810356388036	0	0.9399999999999999	0	0	0	0	0	0	0	0	0	1.136138119814318	-0.06200858472421381	0.02581737843149472	0	-5.852599231786836e-07	0	0	0	0	0	0	0	0	0	0	0	0	0	0	0	0	0	0	0	0
39.50000000000001	11.06330832812051	1.196451584426407	-11.07810430710141	0	0.9399999999999999	0	0	0	0	0	0	0	0	0	1.136138031456575	-0.06200764794228565	0.02581764247322475	0	-2.494101784141589e-07	0	0	0	0	0	0	0	0	0	0	0	0	0	0	0	0	0	0	0	0
39.52	10.85434224553372	1.215423794364029	-10.89031106349436	0	0.9399999999999999	0	0	0	0	0	0	0	0	0	1.068375989109102	-0.03827950192578315	0.04996351568216648	0	-2.675325572237744e-07	0	0	0	0	0	0	0	0	0	0	0	0	0	0	0	0	0	0	0	0
39.54000000000001	10.69698904601834	1.247628301271574	-10.75366522076099	0	0.9399999999999999	0	0	0	0	0	0	0	0	0	1.001854503295613	-0.02975920211128363	0.04328646558363414	0	-1.425451681390174e-06	0	0	0	0	0	0	0	0	0	0	0	0	0	0	0	0	0	0	0	0
39.56	10.69698904601834	1.247628301271574	-10.75366522076099	0	0.9399999999999999	0	0	0	0	0	0	0	0	0	1.001854503295613	-0.02975920211128363	0.04328646558363414	0	-1.425451681390174e-06	0	0	0	0	0	0	0	0	0	0	0	0	0	0	0	0	0	0	0	0
39.58000000000001	10.28807690847719	1.291246803780701	-10.39294631745541	0	0.9399999999999999	0	0	0	0	0	0	0	0	0	0.8821701742438804	-0.01184836949943304	-0.008608320807513397	0	1.380974000717948e-06	0	0	0	0	0	0	0	0	0	0	0	0	0	0	0	0	0	0	0	0
39.6	10.11195522931489	1.307400825610555	-10.23684619218653	0	0.9399999999999999	0	0	0	0	0	0	0	0	0	0.7641698686343378	-0.02478684847899267	0.0503483484773851	0	-2.219268529499436e-07	0	0	0	0	0	0	0	0	0	0	0	0	0	0	0	0	0	0	0	0
39.62	10.11195522931489	1.307400825610555	-10.23684619218653	0	0.9399999999999999	0	0	0	0	0	0	0	0	0	0.7641698686343378	-0.02478684847899267	0.0503483484773851	0	-2.219268529499436e-07	0	0	0	0	0	0	0	0	0	0	0	0	0	0	0	0	0	0	0	0
39.64	10.17475588962468	1.312573086332692	-10.3315178351167	0	0.9399999999999999	0	0	0	0	0	0	0	0	0	0.6625179013961028	-0.08099234143279131	0.1078493962357648	0	7.511419575201984e-07	0	0	0	0	0	0	0	0	0	0	0	0	0	0	0	0	0	0	0	0
39.66	10.31490211913852	1.299887936225464	-10.48027795967946	0	0.9399999999999999	0	0	0	0	0	0	0	0	0	0.6368068334546142	-0.1127987118134377	0.1229129848289536	0	3.180687670286092e-07	0	0	0	0	0	0	0	0	0	0	0	0	0	0	0	0	0	0	0	0
39.68000000000001	10.31490211913852	1.299887936225464	-10.48027795967946	0	0.9399999999999999	0	0	0	0	0	0	0	0	0	0.6368068334546142	-0.1127987118134377	0.1229129848289536	0	3.180687670286092e-07	0	0	0	0	0	0	0	0	0	0	0	0	0	0	0	0	0	0	0	0
39.7	10.39103088588427	1.303702302560916	-10.56353456742721	0	0.9399999999999999	0	0	0	0	0	0	0	0	0	0.5826695768289767	-0.1331488764604232	0.1179642562683926	0	-9.656994973630054e-08	0	0	0	0	0	0	0	0	0	0	0	0	0	0	0	0	0	0	0	0
39.72000000000001	10.42603896284631	1.319208186597245	-10.60522024247454	0	0.9399999999999999	0	0	0	0	0	0	0	0	0	0.5071084282391864	-0.1393941315397245	0.09860910156274943	0	-8.083954702261633e-08	0	0	0	0	0	0	0	0	0	0	0	0	0	0	0	0	0	0	0	0
39.74	10.45719835929225	1.338454814146457	-10.64355647215747	0	0.9399999999999999	0	0	0	0	0	0	0	0	0	0.4216125211633112	-0.1369481157055034	0.06945394431040154	0	8.287019760771573e-07	0	0	0	0	0	0	0	0	0	0	0	0	0	0	0	0	0	0	0	0
39.76000000000001	10.49567973876765	1.359242392802677	-10.68824174030331	0	0.9399999999999999	0	0	0	0	0	0	0	0	0	0.330742838683304	-0.1270415484262405	0.03129274041637268	0	-4.280424714612041e-07	0	0	0	0	0	0	0	0	0	0	0	0	0	0	0	0	0	0	0	0
39.78	10.56257617554047	1.380711971399243	-10.7602417625157	0	0.9399999999999999	0	0	0	0	0	0	0	0	0	0.2357886122209237	-0.1150533998873399	-0.01236338378398288	0	-3.781497280772459e-07	0	0	0	0	0	0	0	0	0	0	0	0	0	0	0	0	0	0	0	0
39.8	10.8199289160369	1.39454640106498	-11.03426703487457	0	0.9399999999999999	0	0	0	0	0	0	0	0	0	0.1235263236479098	-0.1402168028811726	-0.06826246346186789	0	4.944869067055169e-07	0	0	0	0	0	0	0	0	0	0	0	0	0	0	0	0	0	0	0	0
39.82000000000001	10.945656319975	1.381447641569062	-11.17430096758378	0	0.9399999999999999	0	0	0	0	0	0	0	0	0	-0.02064147857406778	-0.09529319755484708	-0.1250440009426021	0	6.835964921400595e-08	0	0	0	0	0	0	0	0	0	0	0	0	0	0	0	0	0	0	0	0
39.84	10.945656319975	1.381447641569062	-11.17430096758378	0	0.9399999999999999	0	0	0	0	0	0	0	0	0	-0.02064147857406778	-0.09529319755484708	-0.1250440009426021	0	6.835964921400595e-08	0	0	0	0	0	0	0	0	0	0	0	0	0	0	0	0	0	0	0	0
39.86000000000001	11.12904745545347	1.346042835583793	-11.3969686804672	0	0.9399999999999999	0	0	0	0	0	0	0	0	0	-0.1632406363851721	-0.07957911151321254	-0.1802972928173982	0	-6.796615493728374e-08	0	0	0	0	0	0	0	0	0	0	0	0	0	0	0	0	0	0	0	0
39.88	11.12904745545347	1.346042835583793	-11.3969686804672	0	0.9399999999999999	0	0	0	0	0	0	0	0	0	-0.1632406363851721	-0.07957911151321254	-0.1802972928173982	0	-6.796615493728374e-08	0	0	0	0	0	0	0	0	0	0	0	0	0	0	0	0	0	0	0	0
39.90000000000001	11.20072306799467	1.330863024527856	-11.49428499282971	0	0.9399999999999999	0	0	0	0	0	0	0	0	0	-0.2333609575643866	-0.0618266488422963	-0.2054773699320558	0	-9.064434849507728e-07	0	0	0	0	0	0	0	0	0	0	0	0	0	0	0	0	0	0	0	0
39.92	11.36402807154144	1.321484812953337	-11.716831386521	0	0.9399999999999999	0	0	0	0	0	0	0	0	0	-0.3903156126745503	-0.004994229622495798	-0.2289356266427239	0	2.36291444446342e-08	0	0	0	0	0	0	0	0	0	0	0	0	0	0	0	0	0	0	0	0
39.94	11.36402807154144	1.321484812953337	-11.716831386521	0	0.9399999999999999	0	0	0	0	0	0	0	0	0	-0.3903156126745503	-0.004994229622495798	-0.2289356266427239	0	2.36291444446342e-08	0	0	0	0	0	0	0	0	0	0	0	0	0	0	0	0	0	0	0	0
39.96	11.33036525475732	1.319153633977618	-11.70882731745969	0	0.9399999999999999	0	0	0	0	0	0	0	0	0	-0.4386954647542612	0.05700507693233766	-0.2239628893679618	0	-5.168490400798307e-08	0	0	0	0	0	0	0	0	0	0	0	0	0	0	0	0	0	0	0	0
39.98	11.29531083738982	1.285794212974708	-11.69983735002315	0	0.9399999999999999	0	0	0	0	0	0	0	0	0	-0.4544468471052016	0.09990417556798679	-0.2443091810337653	0	1.158623631017761e-09	0	0	0	0	0	0	0	0	0	0	0	0	0	0	0	0	0	0	0	0
40.00000000000001	11.2773848342355	1.252458514029468	-11.70637641232292	0	0.9399999999999999	0	0	0	0	0	0	0	0	0	-0.468070144975495	0.1331813997421838	-0.2836970597127424	0	-7.826111265976551e-07	0	0	0	0	0	0	0	0	0	0	0	0	0	0	0	0	0	0	0	0
40.02	11.2663200528	1.225321660043547	-11.71804627449175	0	0.9399999999999999	0	0	0	0	0	0	0	0	0	-0.4802024588082809	0.1577269175923267	-0.3443671587200893	0	-3.54997582801612e-07	0	0	0	0	0	0	0	0	0	0	0	0	0	0	0	0	0	0	0	0
40.04000000000001	11.24179342329309	1.207911247341322	-11.71391227448602	0	0.9399999999999999	0	0	0	0	0	0	0	0	0	-0.4400073671148828	0.1490637884430328	-0.4132037175257112	0.1223889880770197	0.1223906909910524	0	0	0	0	0	0	0	0	0	0	0	0	0	0	0	0	0	0	0	0
40.06	11.16478506635501	1.21395356123337	-11.66892906175271	0	0.9399999999999999	0	0	0	0	0	0	0	0	0	-0.4066895651924186	0.1847091746611126	-0.4347988744993588	0.2694583615075491	0.2694583934190454	0	0	0	0	0	0	0	0	0	0	0	0	0	0	0	0	0	0	0	0
40.08000000000001	11.14699779373139	1.228083699835283	-11.66307499091446	0	0.9399999999999999	0	0	0	0	0	0	0	0	0	-0.4130883844549812	0.2014640177173933	-0.4394358940437202	0.2694641978046889	0.2694638459484724	0	0	0	0	0	0	0	0	0	0	0	0	0	0	0	0	0	0	0	0
40.1	11.13852011569415	1.237814397050113	-11.66436978443686	0	0.9399999999999999	0	0	0	0	0	0	0	0	0	-0.4137366385029101	0.2568197318314122	-0.4263123858585263	0.2285257245581503	0.2285261028562614	0	0	0	0	0	0	0	0	0	0	0	0	0	0	0	0	0	0	0	0
40.12	11.13851997761558	1.237814281528297	-11.66437018375082	0	0.9399999999999999	0	0	0	0	0	0	0	0	0	-0.4137364355220515	0.2568197198655157	-0.4263121474901484	0.2285257093721329	0.2285259417528018	0	0	0	0	0	0	0	0	0	0	0	0	0	0	0	0	0	0	0	0
40.14	11.08799679099356	1.253528317282544	-11.62259959535055	0	0.9399999999999999	0	0	0	0	0	0	0	0	0	-0.4408557719578957	0.3194390490351952	-0.3713299938034172	0.1186100677246134	0.1186063135489108	0	0	0	0	0	0	0	0	0	0	0	0	0	0	0	0	0	0	0	0
40.16	11.00365407624699	1.29001203940279	-11.5669837302737	0	0.9399999999999999	0	0	0	0	0	0	0	0	0	-0.4385458641215185	0.3660426071513189	-0.2749339872612636	0	7.80039707519115e-08	0	0	0	0	0	0	0	0	0	0	0	0	0	0	0	0	0	0	0	0
40.18000000000001	11.00365407624699	1.29001203940279	-11.5669837302737	0	0.9399999999999999	0	0	0	0	0	0	0	0	0	-0.4385458641215185	0.3660426071513189	-0.2749339872612636	0	7.80039707519115e-08	0	0	0	0	0	0	0	0	0	0	0	0	0	0	0	0	0	0	0	0
40.2	10.9758809726581	1.285587060111697	-11.55750511009186	0	0.9399999999999999	0	0	0	0	0	0	0	0	0	-0.3762584624781383	0.3338366597245085	-0.3376839091916198	0	3.728900382691377e-07	0	0	0	0	0	0	0	0	0	0	0	0	0	0	0	0	0	0	0	0
40.22000000000001	11.08007776801065	1.229391535018001	-11.69905721865206	0	0.9399999999999999	0	0	0	0	0	0	0	0	0	-0.2241577574745549	0.2040857264938516	-0.4925269296312907	0	-1.319291719597064e-07	0	0	0	0	0	0	0	0	0	0	0	0	0	0	0	0	0	0	0	0
40.24	11.08007776801065	1.229391535018001	-11.69905721865206	0	0.9399999999999999	0	0	0	0	0	0	0	0	0	-0.2241577574745549	0.2040857264938516	-0.4925269296312907	0	-1.319291719597064e-07	0	0	0	0	0	0	0	0	0	0	0	0	0	0	0	0	0	0	0	0
40.26000000000001	11.15642454647866	1.198800175120717	-11.78600151817167	0	0.9399999999999999	0	0	0	0	0	0	0	0	0	-0.1832872531749249	0.1289847735074388	-0.474434757748711	0	-7.603735966027212e-08	0	0	0	0	0	0	0	0	0	0	0	0	0	0	0	0	0	0	0	0
40.28	11.336300757262	1.207639039956662	-11.9524378755748	0	0.9399999999999999	0	0	0	0	0	0	0	0	0	-0.1303397733810275	0.001402977614285233	-0.5272120287985268	0	-1.093025914492772e-07	0	0	0	0	0	0	0	0	0	0	0	0	0	0	0	0	0	0	0	0
40.3	11.42004158757107	1.198107510581386	-12.02680091885283	0	0.9399999999999999	0	0	0	0	0	0	0	0	0	-0.09525080833433741	-0.07349655800770652	-0.5265473983998117	0	5.968499684397294e-07	0	0	0	0	0	0	0	0	0	0	0	0	0	0	0	0	0	0	0	0
40.32000000000001	11.42004144495206	1.198107550951783	-12.02680105422327	0	0.9399999999999999	0	0	0	0	0	0	0	0	0	-0.09525098896033415	-0.0734967569349321	-0.5265474919247951	0	-1.228129356628473e-07	0	0	0	0	0	0	0	0	0	0	0	0	0	0	0	0	0	0	0	0
40.34	11.52639060670059	1.200666438997831	-12.12120695563784	0	0.9399999999999999	0	0	0	0	0	0	0	0	0	-0.04869207099465491	-0.1404067526805394	-0.4712217187445854	0	-2.523046525857275e-07	0	0	0	0	0	0	0	0	0	0	0	0	0	0	0	0	0	0	0	0
40.36000000000001	11.76164312314694	1.232657412405859	-12.33499659231533	0	0.9399999999999999	0	0	0	0	0	0	0	0	0	-0.0549850169469166	-0.1792607764862999	-0.4277864239630537	0	-3.419708578170428e-07	0	0	0	0	0	0	0	0	0	0	0	0	0	0	0	0	0	0	0	0
40.38	11.6120789978226	1.222572945033672	-12.17512610900209	0	0.9399999999999999	0	0	0	0	0	0	0	0	0	0.1592660608321171	-0.2454044623150653	-0.3570954615461577	0	8.239657305347849e-08	0	0	0	0	0	0	0	0	0	0	0	0	0	0	0	0	0	0	0	0
40.40000000000001	11.6120789978226	1.222572945033672	-12.17512610900209	0	0.9399999999999999	0	0	0	0	0	0	0	0	0	0.1592660608321171	-0.2454044623150653	-0.3570954615461577	0	8.239657305347849e-08	0	0	0	0	0	0	0	0	0	0	0	0	0	0	0	0	0	0	0	0
40.42	11.50228318854706	1.201333314881625	-12.05440253970888	0	0.9399999999999999	0	0	0	0	0	0	0	0	0	0.276150084223758	-0.2698372381023555	-0.3023766097346648	0	4.030703104465383e-08	0	0	0	0	0	0	0	0	0	0	0	0	0	0	0	0	0	0	0	0
40.44	11.50364089892827	1.209647489423377	-12.01586919680784	0	0.9399999999999999	0	0	0	0	0	0	0	0	0	0.4147281534581853	-0.2859995690307626	-0.1981195844352985	0	8.050240735069097e-08	0	0	0	0	0	0	0	0	0	0	0	0	0	0	0	0	0	0	0	0
40.46	11.48724232850886	1.227840718677278	-11.98537675963813	0	0.9399999999999999	0	0	0	0	0	0	0	0	0	0.4756332954308306	-0.2765151842524949	-0.1631176836813603	0	3.794859284382372e-08	0	0	0	0	0	0	0	0	0	0	0	0	0	0	0	0	0	0	0	0
40.48	11.4516576841895	1.256043800253891	-11.9432246365267	0	0.9399999999999999	0	0	0	0	0	0	0	0	0	0.5312970881531709	-0.2581865561679695	-0.1457631040407868	0	3.008266149546825e-08	0	0	0	0	0	0	0	0	0	0	0	0	0	0	0	0	0	0	0	0
40.50000000000001	11.4516576841895	1.256043800253891	-11.9432246365267	0	0.9399999999999999	0	0	0	0	0	0	0	0	0	0.5312970881531709	-0.2581865561679695	-0.1457631040407868	0	3.008266149546825e-08	0	0	0	0	0	0	0	0	0	0	0	0	0	0	0	0	0	0	0	0
40.52	11.3583250228518	1.281730582668314	-11.84920851165142	0	0.9399999999999999	0	0	0	0	0	0	0	0	0	0.5907692032803271	-0.2331344927958731	-0.1437007151280441	0	1.834047415149252e-07	0	0	0	0	0	0	0	0	0	0	0	0	0	0	0	0	0	0	0	0
40.54000000000001	11.06716368146233	1.300488837603147	-11.56011287647338	0	0.9399999999999999	0	0	0	0	0	0	0	0	0	0.7137296677353691	-0.1835018569776802	-0.1681708375371281	0	1.107418223351777e-07	0	0	0	0	0	0	0	0	0	0	0	0	0	0	0	0	0	0	0	0
40.56	10.93992065147222	1.304603313939211	-11.43128827296606	0	0.9399999999999999	0	0	0	0	0	0	0	0	0	0.7610377014588997	-0.1619748886719266	-0.184607059403751	0	-3.309515049237463e-07	0	0	0	0	0	0	0	0	0	0	0	0	0	0	0	0	0	0	0	0
40.58000000000001	10.82032938606261	1.306725683368738	-11.30909896403672	0	0.9399999999999999	0	0	0	0	0	0	0	0	0	0.7990627068013905	-0.1419962767812474	-0.1995577699250821	0	2.921989570110425e-06	0	0	0	0	0	0	0	0	0	0	0	0	0	0	0	0	0	0	0	0
40.6	10.82032648207965	1.306725539656076	-11.30910026495107	0	0.9399999999999999	0	0	0	0	0	0	0	0	0	0.7990605784452894	-0.1420034435724351	-0.1995592054267716	0	2.445910752524934e-06	0	0	0	0	0	0	0	0	0	0	0	0	0	0	0	0	0	0	0	0
40.62	10.6019312085009	1.286478530946527	-11.08273659023075	0	0.9399999999999999	0	0	0	0	0	0	0	0	0	0.8702165928660192	-0.1006295803580021	-0.22540527354527	0	2.946551659722491e-06	0	0	0	0	0	0	0	0	0	0	0	0	0	0	0	0	0	0	0	0
40.64	10.60193131023773	1.286484043401767	-11.08273774991391	0	0.9399999999999999	0	0	0	0	0	0	0	0	0	0.8702183337361069	-0.1006258657500114	-0.2254071550641576	0	1.799511211137739e-06	0	0	0	0	0	0	0	0	0	0	0	0	0	0	0	0	0	0	0	0
40.66	10.50776250636053	1.26997719591354	-10.98251828808668	0	0.9399999999999999	0	0	0	0	0	0	0	0	0	0.9004282484927173	-0.07491168009841391	-0.2456266061217658	0	6.814165844963234e-07	0	0	0	0	0	0	0	0	0	0	0	0	0	0	0	0	0	0	0	0
40.68000000000001	10.46280830630083	1.230615172628962	-10.92801702097083	0	0.9399999999999999	0	0	0	0	0	0	0	0	0	0.9715376262357033	-0.06310437260156458	-0.2713122453480641	0	5.564526865669981e-08	0	0	0	0	0	0	0	0	0	0	0	0	0	0	0	0	0	0	0	0
40.7	10.49278751619496	1.206724445638025	-10.95549041999	0	0.9399999999999999	0	0	0	0	0	0	0	0	0	0.9781042938568238	-0.06450062446267621	-0.2595600164545083	0	6.036296083264307e-07	0	0	0	0	0	0	0	0	0	0	0	0	0	0	0	0	0	0	0	0
40.72000000000001	10.49279302443589	1.206696345981548	-10.95548546717368	0	0.9399999999999999	0	0	0	0	0	0	0	0	0	0.9852653372667453	-0.06658257094265946	-0.276768851286076	0	-2.51082558600914e-07	0	0	0	0	0	0	0	0	0	0	0	0	0	0	0	0	0	0	0	0
40.74	10.62335625995897	1.186831374401233	-11.07968774461625	0	0.9399999999999999	0	0	0	0	0	0	0	0	0	1.060512231383843	-0.1063680457170509	-0.2881814194449891	0.04711181462598326	0.04711207661774567	0	0	0	0	0	0	0	0	0	0	0	0	0	0	0	0	0	0	0	0
40.76000000000001	10.70983911118714	1.178394516915285	-11.15354787494335	0	0.9399999999999999	0	0	0	0	0	0	0	0	0	1.090371408782331	-0.1195085832814335	-0.2789349310376446	0.04304246899044217	0.04304202915068687	0	0	0	0	0	0	0	0	0	0	0	0	0	0	0	0	0	0	0	0
40.78	10.70983911118714	1.178394516915285	-11.15354787494335	0	0.9399999999999999	0	0	0	0	0	0	0	0	0	1.090371408782331	-0.1195085832814335	-0.2789349310376446	0.04304246899044217	0.04304202915068687	0	0	0	0	0	0	0	0	0	0	0	0	0	0	0	0	0	0	0	0
40.8	10.80596591079426	1.16462707574966	-11.23342996931136	0	0.9399999999999999	0	0	0	0	0	0	0	0	0	1.09890469565968	-0.1216550269235228	-0.273168120847139	0	-3.137136717807801e-08	0	0	0	0	0	0	0	0	0	0	0	0	0	0	0	0	0	0	0	0
40.82000000000001	10.89336382267262	1.146949048194469	-11.30266894638563	0	0.9399999999999999	0	0	0	0	0	0	0	0	0	1.142057336407612	-0.1287363278989575	-0.2736476582693659	0	1.64454716094215e-07	0	0	0	0	0	0	0	0	0	0	0	0	0	0	0	0	0	0	0	0
40.84	10.9576926394011	1.131020908097443	-11.34697160226025	0	0.9399999999999999	0	0	0	0	0	0	0	0	0	1.173478765024463	-0.1280956173928913	-0.2769575256735388	0	3.58585026759766e-07	0	0	0	0	0	0	0	0	0	0	0	0	0	0	0	0	0	0	0	0
40.86000000000001	11.00781771297292	1.111934318836413	-11.34835251404127	0	0.9399999999999999	0	0	0	0	0	0	0	0	0	1.208653976779159	-0.1315063267257468	-0.2431144872666528	0	-8.542124950838342e-07	0	0	0	0	0	0	0	0	0	0	0	0	0	0	0	0	0	0	0	0
40.88	11.00334547587331	1.103806293166315	-11.3196710841337	0	0.9399999999999999	0	0	0	0	0	0	0	0	0	1.224020843373265	-0.1328245741135457	-0.2076464582502062	0	6.647224274520992e-08	0	0	0	0	0	0	0	0	0	0	0	0	0	0	0	0	0	0	0	0
40.90000000000001	10.97334747727074	1.096322368582278	-11.26635006158936	0	0.9399999999999999	0	0	0	0	0	0	0	0	0	1.235391213231356	-0.1289615936671207	-0.169831065264038	0	-2.123111734763792e-07	0	0	0	0	0	0	0	0	0	0	0	0	0	0	0	0	0	0	0	0
40.92	10.90514155026551	1.097205209696685	-11.1712641205837	0	0.9399999999999999	0	0	0	0	0	0	0	0	0	1.233728424591388	-0.1103452373390582	-0.1351046987944289	0	-1.27025263892572e-06	0	0	0	0	0	0	0	0	0	0	0	0	0	0	0	0	0	0	0	0
40.94	10.9051410812918	1.09719916576651	-11.17126381086231	0	0.9399999999999999	0	0	0	0	0	0	0	0	0	1.233725810400674	-0.1103432666476748	-0.1351064263968531	0	-7.038858214500848e-07	0	0	0	0	0	0	0	0	0	0	0	0	0	0	0	0	0	0	0	0
40.96	10.71184654596546	1.098879911447628	-10.93860662383563	0	0.9399999999999999	0	0	0	0	0	0	0	0	0	1.219526164418947	-0.04913712150183293	-0.07280825153725776	0	-4.333299100246588e-07	0	0	0	0	0	0	0	0	0	0	0	0	0	0	0	0	0	0	0	0
40.98	10.61734213275358	1.098055132054388	-10.84955959892434	0	0.9399999999999999	0	0	0	0	0	0	0	0	0	1.194728184245357	-0.03385319668068588	-0.05128483779623461	0	3.679095393092046e-09	0	0	0	0	0	0	0	0	0	0	0	0	0	0	0	0	0	0	0	0
41.00000000000001	10.519599957006	1.119619888010328	-10.77064965779069	0	0.9399999999999999	0	0	0	0	0	0	0	0	0	1.13278977343663	-0.03075097484948138	-0.04130640920742733	0	2.036090509960618e-06	0	0	0	0	0	0	0	0	0	0	0	0	0	0	0	0	0	0	0	0
41.02	10.519599957006	1.119619888010328	-10.77064965779069	0	0.9399999999999999	0	0	0	0	0	0	0	0	0	1.13278977343663	-0.03075097484948138	-0.04130640920742733	0	2.036090509960618e-06	0	0	0	0	0	0	0	0	0	0	0	0	0	0	0	0	0	0	0	0
41.04000000000001	10.24113340695453	1.172384863189022	-10.54425049037736	0	0.9399999999999999	0	0	0	0	0	0	0	0	0	0.9729343602724652	-0.04234321869967846	-0.01669068232336017	0	3.876231485039575e-07	0	0	0	0	0	0	0	0	0	0	0	0	0	0	0	0	0	0	0	0
41.06	10.09886879503809	1.191558845617056	-10.43064374562833	0	0.9399999999999999	0	0	0	0	0	0	0	0	0	0.8798628213317654	-0.05158091911426661	0.004231507541066547	0	6.76550422865998e-06	0	0	0	0	0	0	0	0	0	0	0	0	0	0	0	0	0	0	0	0
41.08000000000001	9.975869786195419	1.212846924953676	-10.33251532850073	0	0.9399999999999999	0	0	0	0	0	0	0	0	0	0.782669123722937	-0.06524484307981437	0.03156867511381418	0	-3.148829096166498e-07	0	0	0	0	0	0	0	0	0	0	0	0	0	0	0	0	0	0	0	0
41.1	9.975869786195419	1.212846924953676	-10.33251532850073	0	0.9399999999999999	0	0	0	0	0	0	0	0	0	0.782669123722937	-0.06524484307981437	0.03156867511381418	0	-3.148829096166498e-07	0	0	0	0	0	0	0	0	0	0	0	0	0	0	0	0	0	0	0	0
41.12	9.999383310150845	1.2197513295617	-10.39808846673366	0	0.9399999999999999	0	0	0	0	0	0	0	0	0	0.6684086432598501	-0.1308271287243153	0.08802943184327662	0	-2.1874344752808e-08	0	0	0	0	0	0	0	0	0	0	0	0	0	0	0	0	0	0	0	0
41.14	9.999383310150845	1.2197513295617	-10.39808846673366	0	0.9399999999999999	0	0	0	0	0	0	0	0	0	0.6684086432598501	-0.1308271287243153	0.08802943184327662	0	-2.1874344752808e-08	0	0	0	0	0	0	0	0	0	0	0	0	0	0	0	0	0	0	0	0
41.16	10.08112700311096	1.215467398364207	-10.49303759875223	0	0.9399999999999999	0	0	0	0	0	0	0	0	0	0.6322794398415369	-0.1630830728164263	0.08997087882487431	0	-3.352417471667155e-07	0	0	0	0	0	0	0	0	0	0	0	0	0	0	0	0	0	0	0	0
41.18000000000001	10.15269098277148	1.240456048713418	-10.58608195972433	0	0.9399999999999999	0	0	0	0	0	0	0	0	0	0.5019115694737851	-0.175514379001546	0.02277128685913267	0	2.96596866766905e-07	0	0	0	0	0	0	0	0	0	0	0	0	0	0	0	0	0	0	0	0
41.2	10.17899639614072	1.261274253228539	-10.62074441335337	0	0.9399999999999999	0	0	0	0	0	0	0	0	0	0.4200601582236225	-0.1589460734455566	-0.02471586753266823	0	2.069812390970938e-07	0	0	0	0	0	0	0	0	0	0	0	0	0	0	0	0	0	0	0	0
41.22000000000001	10.20490713589264	1.28465934253266	-10.65152040662509	0	0.9399999999999999	0	0	0	0	0	0	0	0	0	0.3323681641661794	-0.1290768458396007	-0.07205683623603722	0	-1.187493606692484e-07	0	0	0	0	0	0	0	0	0	0	0	0	0	0	0	0	0	0	0	0
41.24	10.23552416554852	1.30875447668881	-10.68556164341013	0	0.9399999999999999	0	0	0	0	0	0	0	0	0	0.2375435028757406	-0.09421085860280108	-0.1168884585659152	0	7.590444196592514e-08	0	0	0	0	0	0	0	0	0	0	0	0	0	0	0	0	0	0	0	0
41.26000000000001	10.28203082198582	1.329735055781083	-10.73626127208921	0	0.9399999999999999	0	0	0	0	0	0	0	0	0	0.1371147654383306	-0.06287579832273602	-0.1502158222882612	0	6.568312938629463e-08	0	0	0	0	0	0	0	0	0	0	0	0	0	0	0	0	0	0	0	0
41.28	10.28203082198582	1.329735055781083	-10.73626127208921	0	0.9399999999999999	0	0	0	0	0	0	0	0	0	0.1371147654383306	-0.06287579832273602	-0.1502158222882612	0	6.568312938629463e-08	0	0	0	0	0	0	0	0	0	0	0	0	0	0	0	0	0	0	0	0
41.3	10.3495317955046	1.344299075290901	-10.81137012904853	0	0.9399999999999999	0	0	0	0	0	0	0	0	0	0.03882707185547126	-0.03886145144200732	-0.1682269964619887	0	5.403060383887234e-07	0	0	0	0	0	0	0	0	0	0	0	0	0	0	0	0	0	0	0	0
41.32000000000001	10.52077953051028	1.346795534058826	-11.01781363695493	0	0.9399999999999999	0	0	0	0	0	0	0	0	0	-0.1293865642839145	-0.006198199207391234	-0.1763465427066269	0	8.784752044502818e-08	0	0	0	0	0	0	0	0	0	0	0	0	0	0	0	0	0	0	0	0
41.34	10.5982180179786	1.346743846446764	-11.11851759382705	0	0.9399999999999999	0	0	0	0	0	0	0	0	0	-0.1309408108049619	-0.01994319761338672	-0.2035620104499606	0	-2.415592848667786e-07	0	0	0	0	0	0	0	0	0	0	0	0	0	0	0	0	0	0	0	0
41.36000000000001	10.59817736135476	1.346744400923284	-11.11847378980394	0	0.9399999999999999	0	0	0	0	0	0	0	0	0	-0.2114275162646048	0.01561116524239322	-0.1724647346002147	0	2.8501181697906e-07	0	0	0	0	0	0	0	0	0	0	0	0	0	0	0	0	0	0	0	0
41.38	10.66188811383108	1.346103291586487	-11.20873614545876	0	0.9399999999999999	0	0	0	0	0	0	0	0	0	-0.2940759842469749	0.04788993815028206	-0.1658465860787745	0	3.47630768610073e-07	0	0	0	0	0	0	0	0	0	0	0	0	0	0	0	0	0	0	0	0
41.40000000000001	10.76254028213118	1.344411331502458	-11.36902629435849	0	0.9399999999999999	0	0	0	0	0	0	0	0	0	-0.4502120331004835	0.1439144415563015	-0.1433093415543456	0	-2.540101620101681e-07	0	0	0	0	0	0	0	0	0	0	0	0	0	0	0	0	0	0	0	0
41.42	10.73306745036841	1.342589267997553	-11.36610904760619	0	0.9399999999999999	0	0	0	0	0	0	0	0	0	-0.50593839895646	0.2180515098768254	-0.1148522002281419	0	-9.660322265896031e-07	0	0	0	0	0	0	0	0	0	0	0	0	0	0	0	0	0	0	0	0
41.44	10.70187742954063	1.307143818112656	-11.36024024531943	0	0.9399999999999999	0	0	0	0	0	0	0	0	0	-0.52359878	0.2796559112347456	-0.1016355242528789	0	-1.609206728776043e-07	0	0	0	0	0	0	0	0	0	0	0	0	0	0	0	0	0	0	0	0
41.46	10.70187742954063	1.307143818112656	-11.36024024531943	0	0.9399999999999999	0	0	0	0	0	0	0	0	0	-0.52359878	0.2796559112347456	-0.1016355242528789	0	-1.609206728776043e-07	0	0	0	0	0	0	0	0	0	0	0	0	0	0	0	0	0	0	0	0
41.48	10.69207229012908	1.261706878536396	-11.37709710174225	0	0.9399999999999999	0	0	0	0	0	0	0	0	0	-0.52359878	0.3240693663456095	-0.1088780088147814	0	-1.50194661372855e-06	0	0	0	0	0	0	0	0	0	0	0	0	0	0	0	0	0	0	0	0
41.50000000000001	10.71407445077226	1.230540578221651	-11.4371542226372	0	0.9399999999999999	0	0	0	0	0	0	0	0	0	-0.52359878	0.3562465044058809	-0.1561880056106863	0.09923266023359856	0.09923269328489714	0	0	0	0	0	0	0	0	0	0	0	0	0	0	0	0	0	0	0	0
41.52	10.67842254875511	1.235883133144348	-11.41226142156475	0	0.9399999999999999	0	0	0	0	0	0	0	0	0	-0.4784452923280283	0.3478420015689128	-0.1857137978279854	0.2651932783670766	0.2651932954792492	0	0	0	0	0	0	0	0	0	0	0	0	0	0	0	0	0	0	0	0
41.54000000000001	10.67842254875511	1.235883133144348	-11.41226142156475	0	0.9399999999999999	0	0	0	0	0	0	0	0	0	-0.4784452923280283	0.3478420015689128	-0.1857137978279854	0.2651932783670766	0.2651932954792492	0	0	0	0	0	0	0	0	0	0	0	0	0	0	0	0	0	0	0	0
41.56	10.60004071824234	1.238510770257198	-11.34755345118363	0	0.9399999999999999	0	0	0	0	0	0	0	0	0	-0.451294971858241	0.3651064635728813	-0.1817009961683145	0.3477257542868583	0.3477256686676795	0	0	0	0	0	0	0	0	0	0	0	0	0	0	0	0	0	0	0	0
41.58000000000001	10.52515447529976	1.246679290053652	-11.28659154260713	0	0.9399999999999999	0	0	0	0	0	0	0	0	0	-0.4732475914124511	0.4087467768981572	-0.1403550527488749	0.3211267600505015	0.3211267695435687	0	0	0	0	0	0	0	0	0	0	0	0	0	0	0	0	0	0	0	0
41.6	10.46767966670968	1.253716292432905	-11.24322759328544	0	0.9399999999999999	0	0	0	0	0	0	0	0	0	-0.5058273598784619	0.4602715554257817	-0.1042495064808909	0.2535915279800774	0.2535915416432735	0	0	0	0	0	0	0	0	0	0	0	0	0	0	0	0	0	0	0	0
41.62	10.42716207833927	1.231265228800323	-11.24458623563861	0	0.9399999999999999	0	0	0	0	0	0	0	0	0	-0.52359878	0.52359878	-0.08430135140735674	0.01994562111051309	0.01994564597168431	0	0	0	0	0	0	0	0	0	0	0	0	0	0	0	0	0	0	0	0
41.64	10.43228933904732	1.248249243396285	-11.25580097174033	0	0.9399999999999999	0	0	0	0	0	0	0	0	0	-0.52359878	0.52359878	-0.0863940427167145	0	-3.623215007052383e-07	0	0	0	0	0	0	0	0	0	0	0	0	0	0	0	0	0	0	0	0
41.66	10.43229040085127	1.248250239754752	-11.2558001023741	0	0.9399999999999999	0	0	0	0	0	0	0	0	0	-0.52359878	0.52359878	-0.08639426470576107	0	-1.804294780948282e-07	0	0	0	0	0	0	0	0	0	0	0	0	0	0	0	0	0	0	0	0
41.68000000000001	10.42344140554206	1.227434252414201	-11.30106748172893	0	0.9399999999999999	0	0	0	0	0	0	0	0	0	-0.3431257515989409	0.4847126115773828	-0.2272504568881993	0	2.881501173954147e-08	0	0	0	0	0	0	0	0	0	0	0	0	0	0	0	0	0	0	0	0
41.7	10.50567840458314	1.209451626481384	-11.40140256507992	0	0.9399999999999999	0	0	0	0	0	0	0	0	0	-0.2853131735855441	0.4062046781915129	-0.3108914760570511	0	1.264912134950997e-08	0	0	0	0	0	0	0	0	0	0	0	0	0	0	0	0	0	0	0	0
41.72000000000001	10.57035394847639	1.236690567227097	-11.46401355748777	0	0.9399999999999999	0	0	0	0	0	0	0	0	0	-0.2661854226879328	0.3731380934900613	-0.367691897004194	0	-9.861488823772022e-08	0	0	0	0	0	0	0	0	0	0	0	0	0	0	0	0	0	0	0	0
41.74	10.57035394847639	1.236690567227097	-11.46401355748777	0	0.9399999999999999	0	0	0	0	0	0	0	0	0	-0.2661854226879328	0.3731380934900613	-0.367691897004194	0	-9.861488823772022e-08	0	0	0	0	0	0	0	0	0	0	0	0	0	0	0	0	0	0	0	0
41.76000000000001	10.67877200405261	1.259071923281249	-11.56849720869392	0	0.9399999999999999	0	0	0	0	0	0	0	0	0	-0.2387016774620402	0.3319246752677322	-0.3988566756027516	0	-2.224098809771589e-06	0	0	0	0	0	0	0	0	0	0	0	0	0	0	0	0	0	0	0	0
41.78	10.80211791709356	1.252979436464529	-11.68495456088601	0	0.9399999999999999	0	0	0	0	0	0	0	0	0	-0.1718795783520967	0.2642329061863389	-0.4099826696497791	0	-1.148187577711728e-08	0	0	0	0	0	0	0	0	0	0	0	0	0	0	0	0	0	0	0	0
41.8	10.94491805105037	1.243601744599033	-11.81467104221495	0	0.9399999999999999	0	0	0	0	0	0	0	0	0	-0.1117693430469385	0.1765099750959498	-0.3908441106570338	0	2.798378425605142e-07	0	0	0	0	0	0	0	0	0	0	0	0	0	0	0	0	0	0	0	0
41.82000000000001	11.1959871741388	1.257561546673714	-12.05619918795392	0	0.9399999999999999	0	0	0	0	0	0	0	0	0	-0.1084022996052297	0.08961911870471302	-0.3845691412530979	0	1.422327047284654e-09	0	0	0	0	0	0	0	0	0	0	0	0	0	0	0	0	0	0	0	0
41.84	11.25794258708963	1.25420328111524	-12.09903712329498	0	0.9399999999999999	0	0	0	0	0	0	0	0	0	0.02686277286653204	-0.005769659250103693	-0.3755175214560312	0	8.511006214088372e-08	0	0	0	0	0	0	0	0	0	0	0	0	0	0	0	0	0	0	0	0
41.86000000000001	11.25794366412975	1.254202559598447	-12.09903484774313	0	0.9399999999999999	0	0	0	0	0	0	0	0	0	0.02686240299130644	-0.005769733454361507	-0.3755125171578954	0	2.279871493931591e-07	0	0	0	0	0	0	0	0	0	0	0	0	0	0	0	0	0	0	0	0
41.88	11.00532623293858	1.200767879525324	-11.82347059731844	0	0.9399999999999999	0	0	0	0	0	0	0	0	0	0.2621036473192872	-0.05766496531094283	-0.3111265390128189	0	9.481888008084219e-07	0	0	0	0	0	0	0	0	0	0	0	0	0	0	0	0	0	0	0	0
41.90000000000001	10.99831679944064	1.205880043822439	-11.79854228742403	0	0.9399999999999999	0	0	0	0	0	0	0	0	0	0.3269171434022647	-0.07091502787321438	-0.278416311453187	0	-5.466093401007666e-07	0	0	0	0	0	0	0	0	0	0	0	0	0	0	0	0	0	0	0	0
41.92	10.98956135492826	1.22154468808097	-11.77999429124952	0	0.9399999999999999	0	0	0	0	0	0	0	0	0	0.3865851695490599	-0.07386037820359868	-0.2618249084997578	0	1.819427757439239e-07	0	0	0	0	0	0	0	0	0	0	0	0	0	0	0	0	0	0	0	0
41.94	10.95320768084741	1.242621496170458	-11.74343970282139	0	0.9399999999999999	0	0	0	0	0	0	0	0	0	0.4451748945947926	-0.06941029735812207	-0.2577557996274879	0	-6.668823872754969e-07	0	0	0	0	0	0	0	0	0	0	0	0	0	0	0	0	0	0	0	0
41.96	10.87285743233501	1.258150269919129	-11.67140582347719	0	0.9399999999999999	0	0	0	0	0	0	0	0	0	0.50791101550679	-0.05983724453743173	-0.262165912797822	0	-3.553007026701479e-07	0	0	0	0	0	0	0	0	0	0	0	0	0	0	0	0	0	0	0	0
41.98	10.76305704051551	1.264352816052941	-11.57556744693666	0	0.9399999999999999	0	0	0	0	0	0	0	0	0	0.5738576849276319	-0.05071502679628664	-0.2709472702520047	0	1.00865211935584e-07	0	0	0	0	0	0	0	0	0	0	0	0	0	0	0	0	0	0	0	0
42.00000000000001	10.67088875002224	1.272584301367288	-11.4997175319033	0	0.9399999999999999	0	0	0	0	0	0	0	0	0	0.6195012499104601	-0.0397904030639143	-0.3027357329740412	0	-4.298892723865012e-07	0	0	0	0	0	0	0	0	0	0	0	0	0	0	0	0	0	0	0	0
42.02	10.58098844446665	1.280170523351831	-11.42788433222174	0	0.9399999999999999	0	0	0	0	0	0	0	0	0	0.668838603097614	-0.04513145675652894	-0.2935604815604217	0	-6.366457610776507e-07	0	0	0	0	0	0	0	0	0	0	0	0	0	0	0	0	0	0	0	0
42.04000000000001	10.58098844446665	1.280170523351831	-11.42788433222174	0	0.9399999999999999	0	0	0	0	0	0	0	0	0	0.668838603097614	-0.04513145675652894	-0.2935604815604217	0	-6.366457610776507e-07	0	0	0	0	0	0	0	0	0	0	0	0	0	0	0	0	0	0	0	0
42.06	10.38395284351252	1.277925546602403	-11.27221896490955	0	0.9399999999999999	0	0	0	0	0	0	0	0	0	0.7224085759900464	-0.0367962390313725	-0.3375412407320504	0	8.0649046528777e-08	0	0	0	0	0	0	0	0	0	0	0	0	0	0	0	0	0	0	0	0
42.08000000000001	10.29342117141218	1.275186199009813	-11.20492199845894	0	0.9399999999999999	0	0	0	0	0	0	0	0	0	0.7776764931056748	-0.04591051791934792	-0.3376895532466956	0	-8.034048044280429e-07	0	0	0	0	0	0	0	0	0	0	0	0	0	0	0	0	0	0	0	0
42.1	10.21184298309305	1.273224553190206	-11.14549209152103	0	0.9399999999999999	0	0	0	0	0	0	0	0	0	0.7992508801506034	-0.04412707277907722	-0.3537906488494299	0	1.921278506471792e-06	0	0	0	0	0	0	0	0	0	0	0	0	0	0	0	0	0	0	0	0
42.12	10.14189491248802	1.26974276738785	-11.09790619273992	0	0.9399999999999999	0	0	0	0	0	0	0	0	0	0.819092616287237	-0.04189216666699282	-0.3767970674033581	0	3.543700857183415e-07	0	0	0	0	0	0	0	0	0	0	0	0	0	0	0	0	0	0	0	0
42.14	10.1230651133065	1.26796765700429	-11.10483794114694	0	0.9399999999999999	0	0	0	0	0	0	0	0	0	0.8322848250297169	-0.0539245843202434	-0.401093185708748	0	-1.675114397147095e-06	0	0	0	0	0	0	0	0	0	0	0	0	0	0	0	0	0	0	0	0
42.16	10.12306608741684	1.267968579203479	-11.10483607618306	0	0.9399999999999999	0	0	0	0	0	0	0	0	0	0.8322857131311238	-0.05392610850797301	-0.4010926411512268	0	-6.527443173122756e-07	0	0	0	0	0	0	0	0	0	0	0	0	0	0	0	0	0	0	0	0
42.18000000000001	10.2319997118124	1.276143847471252	-11.26425948103862	0	0.9399999999999999	0	0	0	0	0	0	0	0	0	0.8301052331249502	-0.1119386018683739	-0.43645401809646	0	3.149639745950245e-08	0	0	0	0	0	0	0	0	0	0	0	0	0	0	0	0	0	0	0	0
42.2	10.3281433891694	1.2689705340469	-11.37732479988959	0	0.9399999999999999	0	0	0	0	0	0	0	0	0	0.8397245278047396	-0.1455450743261033	-0.4470356503082099	0	9.861158653189952e-07	0	0	0	0	0	0	0	0	0	0	0	0	0	0	0	0	0	0	0	0
42.22000000000001	10.43238666786132	1.24685315317134	-11.49112781019092	0	0.9399999999999999	0	0	0	0	0	0	0	0	0	0.8616709388545227	-0.1806585385378312	-0.4408107705737697	0	1.318006350620072e-07	0	0	0	0	0	0	0	0	0	0	0	0	0	0	0	0	0	0	0	0
42.24	10.43238666786132	1.24685315317134	-11.49112781019092	0	0.9399999999999999	0	0	0	0	0	0	0	0	0	0.8616709388545227	-0.1806585385378312	-0.4408107705737697	0	1.318006350620072e-07	0	0	0	0	0	0	0	0	0	0	0	0	0	0	0	0	0	0	0	0
42.26000000000001	10.54090877050553	1.214007760490435	-11.60321973787719	0	0.9399999999999999	0	0	0	0	0	0	0	0	0	0.8922937042799008	-0.2174489032054059	-0.4088098777925649	0	-9.195435495766868e-08	0	0	0	0	0	0	0	0	0	0	0	0	0	0	0	0	0	0	0	0
42.28	10.68773146445977	1.130534317155082	-11.74842458666267	0	0.9399999999999999	0	0	0	0	0	0	0	0	0	0.9717784367311219	-0.2877686809930434	-0.3077271638486107	0	-8.792526869274866e-08	0	0	0	0	0	0	0	0	0	0	0	0	0	0	0	0	0	0	0	0
42.3	10.7142933753644	1.096075655219431	-11.76708243521155	0	0.9399999999999999	0	0	0	0	0	0	0	0	0	1.01189011984352	-0.308987625441476	-0.2567093830822985	0	-1.523023887068579e-08	0	0	0	0	0	0	0	0	0	0	0	0	0	0	0	0	0	0	0	0
42.32000000000001	10.7142933753644	1.096075655219431	-11.76708243521155	0	0.9399999999999999	0	0	0	0	0	0	0	0	0	1.01189011984352	-0.308987625441476	-0.2567093830822985	0	-1.523023887068579e-08	0	0	0	0	0	0	0	0	0	0	0	0	0	0	0	0	0	0	0	0
42.34	10.73408442402625	1.071529199879697	-11.77813405127214	0	0.9399999999999999	0	0	0	0	0	0	0	0	0	1.040873591961799	-0.3291174164644321	-0.2002283950003178	0	3.722525206594178e-06	0	0	0	0	0	0	0	0	0	0	0	0	0	0	0	0	0	0	0	0
42.36000000000001	10.75154713418197	1.031868736850204	-11.78288259379038	0	0.9399999999999999	0	0	0	0	0	0	0	0	0	1.087937427765555	-0.3767754803958176	-0.06261178287416029	0	-1.131438352694872e-07	0	0	0	0	0	0	0	0	0	0	0	0	0	0	0	0	0	0	0	0
42.38	10.7515467891254	1.031868237613061	-11.78288387533409	0	0.9399999999999999	0	0	0	0	0	0	0	0	0	1.087938319980449	-0.3767774110430925	-0.06261288625910436	0	-4.189588360152761e-08	0	0	0	0	0	0	0	0	0	0	0	0	0	0	0	0	0	0	0	0
42.40000000000001	10.71073783480787	1.034972858253806	-11.73184761475862	0	0.9399999999999999	0	0	0	0	0	0	0	0	0	1.100502780127417	-0.376755228715707	-0.006515188138762446	0	3.134274602666937e-07	0	0	0	0	0	0	0	0	0	0	0	0	0	0	0	0	0	0	0	0
42.42	10.66247163425918	1.049382675776638	-11.67455094361207	0	0.9399999999999999	0	0	0	0	0	0	0	0	0	1.096570041232751	-0.3701868266700406	0.03683797597629692	0	-7.31870864074364e-08	0	0	0	0	0	0	0	0	0	0	0	0	0	0	0	0	0	0	0	0
42.44	10.5991486452701	1.064769806167073	-11.60335641428636	0	0.9399999999999999	0	0	0	0	0	0	0	0	0	1.086861570099597	-0.3522441116619613	0.06481659470416637	0	-1.196423389529945e-06	0	0	0	0	0	0	0	0	0	0	0	0	0	0	0	0	0	0	0	0
42.46	10.50765911877877	1.075492989380567	-11.5036123958658	0	0.9399999999999999	0	0	0	0	0	0	0	0	0	1.082709651404445	-0.3173137005157438	0.0803489695167979	0	1.395217069985825e-07	0	0	0	0	0	0	0	0	0	0	0	0	0	0	0	0	0	0	0	0
42.48	10.35365016297224	1.109309769210018	-11.3819094523832	0	0.9399999999999999	0	0	0	0	0	0	0	0	0	1.00409336742246	-0.2898482880718768	0.06032813828840168	0	-1.478714127964354e-07	0	0	0	0	0	0	0	0	0	0	0	0	0	0	0	0	0	0	0	0
42.50000000000001	10.35365016297224	1.109309769210018	-11.3819094523832	0	0.9399999999999999	0	0	0	0	0	0	0	0	0	1.00409336742246	-0.2898482880718768	0.06032813828840168	0	-1.478714127964354e-07	0	0	0	0	0	0	0	0	0	0	0	0	0	0	0	0	0	0	0	0
42.52	10.1698130870937	1.263705984993342	-11.2650589294455	0	0.9399999999999999	0	0	0	0	0	0	0	0	0	0.7756554393318144	-0.2886962550727498	-0.01895642085449237	0	-5.126310819817929e-07	0	0	0	0	0	0	0	0	0	0	0	0	0	0	0	0	0	0	0	0
42.54000000000001	10.1698130870937	1.263705984993342	-11.2650589294455	0	0.9399999999999999	0	0	0	0	0	0	0	0	0	0.7756554393318144	-0.2886962550727498	-0.01895642085449237	0	-5.126310819817929e-07	0	0	0	0	0	0	0	0	0	0	0	0	0	0	0	0	0	0	0	0
42.56	9.910120658458162	1.421405849928709	-11.06447578487448	0	0.9399999999999999	0	0	0	0	0	0	0	0	0	0.5183369808279854	-0.2844218455172085	-0.07944050638372202	0	7.676341499445382e-08	0	0	0	0	0	0	0	0	0	0	0	0	0	0	0	0	0	0	0	0
42.58000000000001	9.970843129342413	1.410379818296824	-11.16055320188766	0	0.9399999999999999	0	0	0	0	0	0	0	0	0	0.4742859225120258	-0.3163621294722905	-0.09160684272949973	0	6.931999094518014e-08	0	0	0	0	0	0	0	0	0	0	0	0	0	0	0	0	0	0	0	0
42.6	9.970843129342413	1.410379818296824	-11.16055320188766	0	0.9399999999999999	0	0	0	0	0	0	0	0	0	0.4742859225120258	-0.3163621294722905	-0.09160684272949973	0	6.931999094518014e-08	0	0	0	0	0	0	0	0	0	0	0	0	0	0	0	0	0	0	0	0
42.62	10.06507681309115	1.362903639636855	-11.28141160250499	0	0.9399999999999999	0	0	0	0	0	0	0	0	0	0.4671756561846281	-0.3494868066844414	-0.09735784661658399	0	-6.420657019958009e-08	0	0	0	0	0	0	0	0	0	0	0	0	0	0	0	0	0	0	0	0
42.64	10.1660688685861	1.3133864195473	-11.41746387369339	0	0.9399999999999999	0	0	0	0	0	0	0	0	0	0.3957290855259486	-0.3596079802877613	-0.1291469826928991	0	-6.64639773790374e-09	0	0	0	0	0	0	0	0	0	0	0	0	0	0	0	0	0	0	0	0
42.66	10.1660688685861	1.3133864195473	-11.41746387369339	0	0.9399999999999999	0	0	0	0	0	0	0	0	0	0.3957290855259486	-0.3596079802877613	-0.1291469826928991	0	-6.64639773790374e-09	0	0	0	0	0	0	0	0	0	0	0	0	0	0	0	0	0	0	0	0
42.68000000000001	10.21107801691189	1.32032996819049	-11.47932103163336	0	0.9399999999999999	0	0	0	0	0	0	0	0	0	0.3148526799907394	-0.3372763058585729	-0.1641450760720845	0	-1.789270906474401e-07	0	0	0	0	0	0	0	0	0	0	0	0	0	0	0	0	0	0	0	0
42.7	10.35187676264889	1.337181902756529	-11.64095515408386	0	0.9399999999999999	0	0	0	0	0	0	0	0	0	0.1259264376152448	-0.2744922776150663	-0.2413234689319841	0	8.59109139956186e-08	0	0	0	0	0	0	0	0	0	0	0	0	0	0	0	0	0	0	0	0
42.72000000000001	10.35187676264889	1.337181902756529	-11.64095515408386	0	0.9399999999999999	0	0	0	0	0	0	0	0	0	0.1259264376152448	-0.2744922776150663	-0.2413234689319841	0	8.59109139956186e-08	0	0	0	0	0	0	0	0	0	0	0	0	0	0	0	0	0	0	0	0
42.74	10.452607638049	1.339950791883391	-11.74661875656627	0	0.9399999999999999	0	0	0	0	0	0	0	0	0	0.02725160455764614	-0.2450626275834545	-0.2721123543152077	0	2.379971215998102e-08	0	0	0	0	0	0	0	0	0	0	0	0	0	0	0	0	0	0	0	0
42.76000000000001	10.63042830582669	1.352520358047842	-11.937911373367	0	0.9399999999999999	0	0	0	0	0	0	0	0	0	-0.1682505684091301	-0.1666813724514366	-0.3132301440064995	0	-7.86435771493102e-07	0	0	0	0	0	0	0	0	0	0	0	0	0	0	0	0	0	0	0	0
42.78	10.63042830582669	1.352520358047842	-11.937911373367	0	0.9399999999999999	0	0	0	0	0	0	0	0	0	-0.1682505684091301	-0.1666813724514366	-0.3132301440064995	0	-7.86435771493102e-07	0	0	0	0	0	0	0	0	0	0	0	0	0	0	0	0	0	0	0	0
42.8	10.71758465900256	1.356935552149078	-12.06131875513121	0	0.9399999999999999	0	0	0	0	0	0	0	0	0	-0.3280760727366371	-0.05442906676495293	-0.344895167660991	0	2.858479640757038e-07	0	0	0	0	0	0	0	0	0	0	0	0	0	0	0	0	0	0	0	0
42.82000000000001	10.71758465900256	1.356935552149078	-12.06131875513121	0	0.9399999999999999	0	0	0	0	0	0	0	0	0	-0.3280760727366371	-0.05442906676495293	-0.344895167660991	0	2.858479640757038e-07	0	0	0	0	0	0	0	0	0	0	0	0	0	0	0	0	0	0	0	0
42.84	10.78654648192117	1.364289253719427	-12.1836606300902	0	0.9399999999999999	0	0	0	0	0	0	0	0	0	-0.4062905201326805	0.03203950371017343	-0.370228866721071	0	-1.804681237547724e-07	0	0	0	0	0	0	0	0	0	0	0	0	0	0	0	0	0	0	0	0
42.86000000000001	10.78414465682992	1.364288314793277	-12.18129976684383	0	0.9399999999999999	0	0	0	0	0	0	0	0	0	-0.4643585039404924	0.09927914690193212	-0.3287899943538441	0	6.810524863996856e-07	0	0	0	0	0	0	0	0	0	0	0	0	0	0	0	0	0	0	0	0
42.88	10.71798760011885	1.350586297265541	-12.18502195854884	0	0.9399999999999999	0	0	0	0	0	0	0	0	0	-0.52359878	0.2552129738194558	-0.2815210340845162	0	-1.003849530378847e-08	0	0	0	0	0	0	0	0	0	0	0	0	0	0	0	0	0	0	0	0
42.90000000000001	10.71798760011885	1.350586297265541	-12.18502195854884	0	0.9399999999999999	0	0	0	0	0	0	0	0	0	-0.52359878	0.2552129738194558	-0.2815210340845162	0	-1.003849530378847e-08	0	0	0	0	0	0	0	0	0	0	0	0	0	0	0	0	0	0	0	0
42.92	10.64536151927502	1.333020098975702	-12.15367440732398	0	0.9399999999999999	0	0	0	0	0	0	0	0	0	-0.52359878	0.3271424826767714	-0.2625964388186258	0	-2.515770702230201e-06	0	0	0	0	0	0	0	0	0	0	0	0	0	0	0	0	0	0	0	0
42.94	10.71015509529067	1.292028506701291	-12.27465528364415	0	0.9399999999999999	0	0	0	0	0	0	0	0	0	-0.52359878	0.3668904679835375	-0.2622478299285756	0	1.731331783651279e-07	0	0	0	0	0	0	0	0	0	0	0	0	0	0	0	0	0	0	0	0
42.96	10.85643062791241	1.290870010732061	-12.42258367633265	0	0.9399999999999999	0	0	0	0	0	0	0	0	0	-0.517880736204146	0.3107825216821475	-0.3539336161789603	0.4241977186622028	0.4241965226780578	0	0	0	0	0	0	0	0	0	0	0	0	0	0	0	0	0	0	0	0
42.98	10.81147151152267	1.28279309352428	-12.39999093369087	0	0.9399999999999999	0	0	0	0	0	0	0	0	0	-0.4478535597252534	0.2593033329158738	-0.4000058371320839	0.6440769961048162	0.644077259357198	0	0	0	0	0	0	0	0	0	0	0	0	0	0	0	0	0	0	0	0
43.00000000000001	10.75056338677383	1.287219249770837	-12.35912209749516	0	0.9399999999999999	0	0	0	0	0	0	0	0	0	-0.4036861697367802	0.2463233422937837	-0.412918940684026	0.7747292734813223	0.7747292531974648	0	0	0	0	0	0	0	0	0	0	0	0	0	0	0	0	0	0	0	0
43.02	10.69526672362695	1.29519420926417	-12.32334272876317	0	0.9399999999999999	0	0	0	0	0	0	0	0	0	-0.3873878329248356	0.2590504455849927	-0.4128568027320686	0.8141388067583744	0.8141386394048807	0	0	0	0	0	0	0	0	0	0	0	0	0	0	0	0	0	0	0	0
43.04000000000001	10.65507405550903	1.303266446821967	-12.3010486173499	0	0.9399999999999999	0	0	0	0	0	0	0	0	0	-0.4044625850700649	0.3062884051627269	-0.393307887774553	0.7666766838157987	0.7666778208020452	0	0	0	0	0	0	0	0	0	0	0	0	0	0	0	0	0	0	0	0
43.06	10.6550738731397	1.303267248075728	-12.30104818256039	0	0.9399999999999999	0	0	0	0	0	0	0	0	0	-0.4044643667905002	0.3062872519409652	-0.3933068540346948	0.7666774120530523	0.7666783246469652	0	0	0	0	0	0	0	0	0	0	0	0	0	0	0	0	0	0	0	0
43.08000000000001	10.59282059219319	1.313465869096715	-12.26983293761447	0	0.9399999999999999	0	0	0	0	0	0	0	0	0	-0.4666092032636295	0.4283177094291892	-0.3755598002507838	0.5031083297942958	0.5031091388253696	0	0	0	0	0	0	0	0	0	0	0	0	0	0	0	0	0	0	0	0
43.1	10.59282059219319	1.313465869096715	-12.26983293761447	0	0.9399999999999999	0	0	0	0	0	0	0	0	0	-0.4666092032636295	0.4283177094291892	-0.3755598002507838	0.5031083297942958	0.5031091388253696	0	0	0	0	0	0	0	0	0	0	0	0	0	0	0	0	0	0	0	0
43.12	10.53381955482875	1.307623229863576	-12.22633675877881	0	0.9399999999999999	0	0	0	0	0	0	0	0	0	-0.52359878	0.4936976131384211	-0.3251691096043074	0.2720291302094053	0.2720291384618175	0	0	0	0	0	0	0	0	0	0	0	0	0	0	0	0	0	0	0	0
43.14	10.4256724326791	1.260265681181582	-12.13252101979403	0	0.9399999999999999	0	0	0	0	0	0	0	0	0	-0.52359878	0.52359878	-0.2570841445775488	0	-4.897008131084214e-07	0	0	0	0	0	0	0	0	0	0	0	0	0	0	0	0	0	0	0	0
43.16	10.41954378882899	1.286166866671864	-12.13343705458127	0	0.9399999999999999	0	0	0	0	0	0	0	0	0	-0.4954236133379052	0.52359878	-0.2434477738709727	0	-8.667570929705715e-07	0	0	0	0	0	0	0	0	0	0	0	0	0	0	0	0	0	0	0	0
43.18000000000001	10.30783595428896	1.241387694957691	-12.0617902681939	0	0.9399999999999999	0	0	0	0	0	0	0	0	0	-0.333954590231371	0.4132970846510415	-0.4030991050103702	0	-4.780579700238218e-08	0	0	0	0	0	0	0	0	0	0	0	0	0	0	0	0	0	0	0	0
43.2	10.31910060720931	1.209939995903624	-12.08182434152551	0	0.9399999999999999	0	0	0	0	0	0	0	0	0	-0.287795673349327	0.3538707254477947	-0.4841829754478566	0	2.299662626649803e-09	0	0	0	0	0	0	0	0	0	0	0	0	0	0	0	0	0	0	0	0
43.22000000000001	10.31910060720931	1.209939995903624	-12.08182434152551	0	0.9399999999999999	0	0	0	0	0	0	0	0	0	-0.287795673349327	0.3538707254477947	-0.4841829754478566	0	2.299662626649803e-09	0	0	0	0	0	0	0	0	0	0	0	0	0	0	0	0	0	0	0	0
43.24	10.40569327932596	1.212578984202279	-12.15861270829986	0	0.9399999999999999	0	0	0	0	0	0	0	0	0	-0.2852132566979871	0.3130665416995314	-0.5378748808535284	0	-1.641673554632266e-07	0	0	0	0	0	0	0	0	0	0	0	0	0	0	0	0	0	0	0	0
43.26000000000001	10.56226934687197	1.202366020685899	-12.29925986584676	0	0.9399999999999999	0	0	0	0	0	0	0	0	0	-0.3075544944595526	0.2445717718804271	-0.563469492024348	0	1.697996608861253e-07	0	0	0	0	0	0	0	0	0	0	0	0	0	0	0	0	0	0	0	0
43.28	10.9971657998422	1.14313918150254	-12.68563906042667	0	0.9399999999999999	0	0	0	0	0	0	0	0	0	-0.3664825069825118	0.06017619005486866	-0.5264160988298383	0	3.895964667461037e-07	0	0	0	0	0	0	0	0	0	0	0	0	0	0	0	0	0	0	0	0
43.3	11.09281468270217	1.116649042993878	-12.76560661214969	0	0.9399999999999999	0	0	0	0	0	0	0	0	0	-0.3608277364944873	-0.01762152867842047	-0.5016259008964384	0	-1.403292283296462e-07	0	0	0	0	0	0	0	0	0	0	0	0	0	0	0	0	0	0	0	0
43.32000000000001	11.09281468270217	1.116649042993878	-12.76560661214969	0	0.9399999999999999	0	0	0	0	0	0	0	0	0	-0.3608277364944873	-0.01762152867842047	-0.5016259008964384	0	-1.403292283296462e-07	0	0	0	0	0	0	0	0	0	0	0	0	0	0	0	0	0	0	0	0
43.34	10.96633068043517	1.118476274414429	-12.63452931786629	0	0.9399999999999999	0	0	0	0	0	0	0	0	0	-0.2474650831449782	-0.06870144352137744	-0.477801980598423	0	-3.259580266728541e-07	0	0	0	0	0	0	0	0	0	0	0	0	0	0	0	0	0	0	0	0
43.36000000000001	10.70395700682248	1.109572367126694	-12.3631859638602	0	0.9399999999999999	0	0	0	0	0	0	0	0	0	-0.01381552926450108	-0.1440110351744813	-0.4301244171887076	0	7.375502323929384e-08	0	0	0	0	0	0	0	0	0	0	0	0	0	0	0	0	0	0	0	0
43.38	10.70395700682248	1.109572367126694	-12.3631859638602	0	0.9399999999999999	0	0	0	0	0	0	0	0	0	-0.01381552926450108	-0.1440110351744813	-0.4301244171887076	0	7.375502323929384e-08	0	0	0	0	0	0	0	0	0	0	0	0	0	0	0	0	0	0	0	0
43.40000000000001	10.73243358659996	1.133247585296771	-12.37019582324552	0	0.9399999999999999	0	0	0	0	0	0	0	0	0	0.06524489931219497	-0.1867992753902352	-0.3764974168808967	0	-9.596306700878037e-06	0	0	0	0	0	0	0	0	0	0	0	0	0	0	0	0	0	0	0	0
43.42	10.73241456180665	1.133250213254929	-12.37017592855706	0	0.9399999999999999	0	0	0	0	0	0	0	0	0	0.065248353619171	-0.186791283532476	-0.3764949813293548	0	-9.290883513270344e-06	0	0	0	0	0	0	0	0	0	0	0	0	0	0	0	0	0	0	0	0
43.44	10.70458556344619	1.154352357190763	-12.35145330138726	0	0.9399999999999999	0	0	0	0	0	0	0	0	0	0.117571900103112	-0.1918216149251703	-0.369998121614986	0	9.399412159157889e-07	0	0	0	0	0	0	0	0	0	0	0	0	0	0	0	0	0	0	0	0
43.46	10.58553309821206	1.194182442127497	-12.27301471554554	0	0.9399999999999999	0	0	0	0	0	0	0	0	0	0.2415990707993279	-0.1910882365349487	-0.3887641883167878	0	-3.578871256335753e-07	0	0	0	0	0	0	0	0	0	0	0	0	0	0	0	0	0	0	0	0
43.48	10.53460909404692	1.209240243653683	-12.24846622062932	0	0.9399999999999999	0	0	0	0	0	0	0	0	0	0.2941525562095659	-0.1952256099405809	-0.406280410264045	0	1.064284492883663e-06	0	0	0	0	0	0	0	0	0	0	0	0	0	0	0	0	0	0	0	0
43.50000000000001	10.53460909404692	1.209240243653683	-12.24846622062932	0	0.9399999999999999	0	0	0	0	0	0	0	0	0	0.2941525562095659	-0.1952256099405809	-0.406280410264045	0	1.064284492883663e-06	0	0	0	0	0	0	0	0	0	0	0	0	0	0	0	0	0	0	0	0
43.52	10.47429224203966	1.234982938243846	-12.24608417398166	0	0.9399999999999999	0	0	0	0	0	0	0	0	0	0.3688641533312413	-0.2185287929910198	-0.437406221952954	0	2.053064672771234e-07	0	0	0	0	0	0	0	0	0	0	0	0	0	0	0	0	0	0	0	0
43.54000000000001	10.47429224203966	1.234982938243846	-12.24608417398166	0	0.9399999999999999	0	0	0	0	0	0	0	0	0	0.3688641533312413	-0.2185287929910198	-0.437406221952954	0	2.053064672771234e-07	0	0	0	0	0	0	0	0	0	0	0	0	0	0	0	0	0	0	0	0
43.56	10.45991384126513	1.276923536540309	-12.29078144309625	0	0.9399999999999999	0	0	0	0	0	0	0	0	0	0.4062100325389081	-0.2312337625737638	-0.4674232396685542	0	-6.285077155010153e-08	0	0	0	0	0	0	0	0	0	0	0	0	0	0	0	0	0	0	0	0
43.58000000000001	10.45991384126513	1.276923536540309	-12.29078144309625	0	0.9399999999999999	0	0	0	0	0	0	0	0	0	0.4062100325389081	-0.2312337625737638	-0.4674232396685542	0	-6.285077155010153e-08	0	0	0	0	0	0	0	0	0	0	0	0	0	0	0	0	0	0	0	0
43.6	10.44994376701111	1.297258915366269	-12.3113842109212	0	0.9399999999999999	0	0	0	0	0	0	0	0	0	0.4237670016985395	-0.2343551135122967	-0.4832221003923203	0	4.324454008827951e-07	0	0	0	0	0	0	0	0	0	0	0	0	0	0	0	0	0	0	0	0
43.62	10.40469755072928	1.33157978113357	-12.32887694910938	0	0.9399999999999999	0	0	0	0	0	0	0	0	0	0.463397918475818	-0.2396290719325689	-0.50441207611968	0	-3.431760423603503e-07	0	0	0	0	0	0	0	0	0	0	0	0	0	0	0	0	0	0	0	0
43.64	10.36527607557646	1.343303705190763	-12.32089029055203	0	0.9399999999999999	0	0	0	0	0	0	0	0	0	0.4838559812121038	-0.2437730252990542	-0.5096470399630724	0	-1.663516328595041e-07	0	0	0	0	0	0	0	0	0	0	0	0	0	0	0	0	0	0	0	0
43.66	10.36527562625134	1.343302819505629	-12.3208906637276	0	0.9399999999999999	0	0	0	0	0	0	0	0	0	0.4838550929894488	-0.243773236746621	-0.5096469754319769	0	4.726052245623432e-07	0	0	0	0	0	0	0	0	0	0	0	0	0	0	0	0	0	0	0	0
43.68000000000001	10.29211352081118	1.348492478773966	-12.30571863481951	0	0.9399999999999999	0	0	0	0	0	0	0	0	0	0.5028315343563545	-0.2640644005632906	-0.5370397557290363	0	1.217635392958697e-07	0	0	0	0	0	0	0	0	0	0	0	0	0	0	0	0	0	0	0	0
43.7	10.2008401538137	1.353393180841241	-12.23782900713299	0	0.9399999999999999	0	0	0	0	0	0	0	0	0	0.5419976749144658	-0.2673611002251562	-0.5112617572454373	0	-5.251473580454075e-08	0	0	0	0	0	0	0	0	0	0	0	0	0	0	0	0	0	0	0	0
43.72000000000001	10.2008401538137	1.353393180841241	-12.23782900713299	0	0.9399999999999999	0	0	0	0	0	0	0	0	0	0.5419976749144658	-0.2673611002251562	-0.5112617572454373	0	-5.251473580454075e-08	0	0	0	0	0	0	0	0	0	0	0	0	0	0	0	0	0	0	0	0
43.74	10.11851864651875	1.338403243825236	-12.17573223883601	0	0.9399999999999999	0	0	0	0	0	0	0	0	0	0.5702564326753773	-0.2846399035386598	-0.5007072511137836	0	1.005914208251178e-07	0	0	0	0	0	0	0	0	0	0	0	0	0	0	0	0	0	0	0	0
43.76000000000001	10.09182760718805	1.316116848535932	-12.16748800361083	0	0.9399999999999999	0	0	0	0	0	0	0	0	0	0.5899953891651915	-0.3114974326939916	-0.482985140403036	0	3.328056516061045e-08	0	0	0	0	0	0	0	0	0	0	0	0	0	0	0	0	0	0	0	0
43.78	10.1008264773052	1.286042021274789	-12.19460909214813	0	0.9399999999999999	0	0	0	0	0	0	0	0	0	0.6091535341925753	-0.3523452673912226	-0.451457110244872	0	4.897757332512697e-09	0	0	0	0	0	0	0	0	0	0	0	0	0	0	0	0	0	0	0	0
43.8	10.1038008515795	1.247065911491422	-12.21384689157347	0	0.9399999999999999	0	0	0	0	0	0	0	0	0	0.6347011150018973	-0.4010379573339231	-0.4104864114205422	0	-9.658925100535444e-08	0	0	0	0	0	0	0	0	0	0	0	0	0	0	0	0	0	0	0	0
43.82000000000001	10.10344846827636	1.169990220198757	-12.24111720782108	0	0.9399999999999999	0	0	0	0	0	0	0	0	0	0.6868786316030404	-0.502138457672011	-0.3191771952475073	0	-5.838786348442083e-07	0	0	0	0	0	0	0	0	0	0	0	0	0	0	0	0	0	0	0	0
43.84	10.12204742074757	1.139913759505865	-12.27303624061311	0	0.9399999999999999	0	0	0	0	0	0	0	0	0	0.7032564768755095	-0.5544914200452138	-0.2756039184898791	0	-2.143142957554914e-08	0	0	0	0	0	0	0	0	0	0	0	0	0	0	0	0	0	0	0	0
43.86000000000001	10.13205265190058	1.119568055990915	-12.29208010233489	0	0.9399999999999999	0	0	0	0	0	0	0	0	0	0.7194991049603058	-0.5986048866254211	-0.2319039164820501	0	-1.304510692098219e-07	0	0	0	0	0	0	0	0	0	0	0	0	0	0	0	0	0	0	0	0
43.88	10.11353119508479	1.112009517000146	-12.27670117831754	0	0.9399999999999999	0	0	0	0	0	0	0	0	0	0.7413470627249935	-0.6276259084103519	-0.1865646855051559	0	-2.131975955736643e-08	0	0	0	0	0	0	0	0	0	0	0	0	0	0	0	0	0	0	0	0
43.90000000000001	10.11353119508479	1.112009517000146	-12.27670117831754	0	0.9399999999999999	0	0	0	0	0	0	0	0	0	0.7413470627249935	-0.6276259084103519	-0.1865646855051559	0	-2.131975955736643e-08	0	0	0	0	0	0	0	0	0	0	0	0	0	0	0	0	0	0	0	0
43.92	10.07300927157245	1.112616873038022	-12.2358643860983	0	0.9399999999999999	0	0	0	0	0	0	0	0	0	0.7650070474405545	-0.6454451112496391	-0.1408226242196831	0	-6.059093261085305e-07	0	0	0	0	0	0	0	0	0	0	0	0	0	0	0	0	0	0	0	0
43.94	10.01564021053724	1.119382402936849	-12.17453446697891	0	0.9399999999999999	0	0	0	0	0	0	0	0	0	0.7880078043258854	-0.6505462855344635	-0.097256053781798	0	-1.74795766725923e-07	0	0	0	0	0	0	0	0	0	0	0	0	0	0	0	0	0	0	0	0
43.96	9.952318537908994	1.131543629792479	-12.10551919007924	0	0.9399999999999999	0	0	0	0	0	0	0	0	0	0.8029678196217213	-0.647231043636917	-0.0608340494932513	0	1.907979968130999e-08	0	0	0	0	0	0	0	0	0	0	0	0	0	0	0	0	0	0	0	0
43.98	9.89383786539468	1.148481230306727	-12.04666425125575	0	0.9399999999999999	0	0	0	0	0	0	0	0	0	0.7957806291354405	-0.6429113030273785	-0.04213163195423935	0	1.119435654719433e-06	0	0	0	0	0	0	0	0	0	0	0	0	0	0	0	0	0	0	0	0
44.00000000000001	9.845374361086401	1.220485998756024	-12.01801133930981	0	0.9399999999999999	0	0	0	0	0	0	0	0	0	0.6806559404800153	-0.6308094032399263	-0.08915899902701145	0	-1.065007556645934e-07	0	0	0	0	0	0	0	0	0	0	0	0	0	0	0	0	0	0	0	0
44.02	9.877423687194044	1.294963383393913	-12.0719965551715	0	0.9399999999999999	0	0	0	0	0	0	0	0	0	0.5823644601925788	-0.6052486196104818	-0.1616075936098368	0	8.246673059422841e-09	0	0	0	0	0	0	0	0	0	0	0	0	0	0	0	0	0	0	0	0
44.04000000000001	10.01689375064328	1.382177013139925	-12.23446672452328	0	0.9399999999999999	0	0	0	0	0	0	0	0	0	0.4698415485983135	-0.5685763266060032	-0.2379918894169528	0	2.808313851106651e-09	0	0	0	0	0	0	0	0	0	0	0	0	0	0	0	0	0	0	0	0
44.06	10.01689375064328	1.382177013139925	-12.23446672452328	0	0.9399999999999999	0	0	0	0	0	0	0	0	0	0.4698415485983135	-0.5685763266060032	-0.2379918894169528	0	2.808313851106651e-09	0	0	0	0	0	0	0	0	0	0	0	0	0	0	0	0	0	0	0	0
44.08000000000001	10.36442625511483	1.447526086183956	-12.60403695755678	0	0.9399999999999999	0	0	0	0	0	0	0	0	0	0.3635134195668956	-0.5335710964805254	-0.2894445665903129	0	4.627813728133475e-07	0	0	0	0	0	0	0	0	0	0	0	0	0	0	0	0	0	0	0	0
44.1	10.71154316959368	1.471039721770574	-12.9784314235845	0	0.9399999999999999	0	0	0	0	0	0	0	0	0	0.2849601886393886	-0.5160595430404852	-0.3125069007880811	0	1.098967046661204e-06	0	0	0	0	0	0	0	0	0	0	0	0	0	0	0	0	0	0	0	0
44.12	10.53687282014349	1.481916771900595	-12.8367551850643	0	0.9399999999999999	0	0	0	0	0	0	0	0	0	0.2516562982971617	-0.5232307805521709	-0.3148242935459526	0	-2.154712547441809e-07	0	0	0	0	0	0	0	0	0	0	0	0	0	0	0	0	0	0	0	0
44.14	10.33600936662338	1.484373729032382	-12.65756016141895	0	0.9399999999999999	0	0	0	0	0	0	0	0	0	0.2170900086539574	-0.5317009435937192	-0.2972666583214168	0	-3.141377733148701e-07	0	0	0	0	0	0	0	0	0	0	0	0	0	0	0	0	0	0	0	0
44.16	10.34403452102781	1.483621928409343	-12.68194377049428	0	0.9399999999999999	0	0	0	0	0	0	0	0	0	0.1631419222355051	-0.5353890008551864	-0.2787219322687076	0	1.277797612964491e-08	0	0	0	0	0	0	0	0	0	0	0	0	0	0	0	0	0	0	0	0
44.18000000000001	10.53218068580773	1.474150183004122	-12.8860764222695	0	0.9399999999999999	0	0	0	0	0	0	0	0	0	0.04850980300987085	-0.5201644668896187	-0.2534097831628641	0	-3.973096298412633e-07	0	0	0	0	0	0	0	0	0	0	0	0	0	0	0	0	0	0	0	0
44.2	10.52962414220909	1.466056872843357	-12.88380731102254	0	0.9399999999999999	0	0	0	0	0	0	0	0	0	0.0004611354352875146	-0.5072848088911104	-0.2505607567657794	0	-7.166464881800397e-06	0	0	0	0	0	0	0	0	0	0	0	0	0	0	0	0	0	0	0	0
44.22000000000001	10.52963552046071	1.466044029561198	-12.88380881088897	0	0.9399999999999999	0	0	0	0	0	0	0	0	0	0.0004603026024963796	-0.5072983128083375	-0.2505575376838072	0	-5.140691173029194e-06	0	0	0	0	0	0	0	0	0	0	0	0	0	0	0	0	0	0	0	0
44.24	10.54837037521261	1.448783065303901	-12.89134211222246	0	0.9399999999999999	0	0	0	0	0	0	0	0	0	-0.1071469571284206	-0.4672782116121088	-0.272984360377132	0	1.293322091363918e-07	0	0	0	0	0	0	0	0	0	0	0	0	0	0	0	0	0	0	0	0
44.26000000000001	10.59515186829585	1.44180420680641	-12.93102684214395	0	0.9399999999999999	0	0	0	0	0	0	0	0	0	-0.1672668404020333	-0.4349937965458565	-0.2985244382891998	0	4.771351932692342e-07	0	0	0	0	0	0	0	0	0	0	0	0	0	0	0	0	0	0	0	0
44.28	10.59515186829585	1.44180420680641	-12.93102684214395	0	0.9399999999999999	0	0	0	0	0	0	0	0	0	-0.1672668404020333	-0.4349937965458565	-0.2985244382891998	0	4.771351932692342e-07	0	0	0	0	0	0	0	0	0	0	0	0	0	0	0	0	0	0	0	0
44.3	10.62498631541675	1.437392407667855	-12.95515067297549	0	0.9399999999999999	0	0	0	0	0	0	0	0	0	-0.2210590377511355	-0.3965214816723109	-0.3293349857645362	0	-1.27242044029615e-07	0	0	0	0	0	0	0	0	0	0	0	0	0	0	0	0	0	0	0	0
44.32000000000001	10.62320992792975	1.435735337278927	-12.94997648106577	0	0.9399999999999999	0	0	0	0	0	0	0	0	0	-0.2682054142542079	-0.3541206763156396	-0.3584126181071912	0	5.498479139057376e-06	0	0	0	0	0	0	0	0	0	0	0	0	0	0	0	0	0	0	0	0
44.34	10.61989214508305	1.435857179657497	-12.94561135476882	0	0.9399999999999999	0	0	0	0	0	0	0	0	0	-0.3126642857358264	-0.3071661592496121	-0.3762277257009337	0	-4.434980917645853e-07	0	0	0	0	0	0	0	0	0	0	0	0	0	0	0	0	0	0	0	0
44.36000000000001	10.60027511629817	1.437402177675179	-12.92779931844487	0	0.9399999999999999	0	0	0	0	0	0	0	0	0	-0.3511508830693103	-0.258011096612513	-0.3791110978841609	0	-3.723918350550213e-07	0	0	0	0	0	0	0	0	0	0	0	0	0	0	0	0	0	0	0	0
44.38	10.56866446520963	1.439626736946132	-12.9003838801851	0	0.9399999999999999	0	0	0	0	0	0	0	0	0	-0.3872732475517319	-0.2110833235705635	-0.3672298792525637	0	5.417248168188277e-08	0	0	0	0	0	0	0	0	0	0	0	0	0	0	0	0	0	0	0	0
44.40000000000001	10.53220986786844	1.441919401233425	-12.86995786977317	0	0.9399999999999999	0	0	0	0	0	0	0	0	0	-0.4218607453107256	-0.1659101205032628	-0.3402170029008448	0	-3.290919654695077e-07	0	0	0	0	0	0	0	0	0	0	0	0	0	0	0	0	0	0	0	0
44.42	10.49290968391984	1.44381840389306	-12.83842574627544	0	0.9399999999999999	0	0	0	0	0	0	0	0	0	-0.4576424904342983	-0.1235143787090456	-0.3030464271546232	0	5.465465549661497e-07	0	0	0	0	0	0	0	0	0	0	0	0	0	0	0	0	0	0	0	0
44.44	10.47206315689047	1.445384951984148	-12.82673627049595	0	0.9399999999999999	0	0	0	0	0	0	0	0	0	-0.4995249275318865	-0.08163998261204454	-0.2598441898150626	0	3.786024567520235e-08	0	0	0	0	0	0	0	0	0	0	0	0	0	0	0	0	0	0	0	0
44.46	10.34108901028074	1.449951809470935	-12.70625996919215	0	0.9399999999999999	0	0	0	0	0	0	0	0	0	-0.52359878	-0.03664819491992628	-0.2180282358198246	0	-1.793109686754522e-07	0	0	0	0	0	0	0	0	0	0	0	0	0	0	0	0	0	0	0	0
44.48	10.07259811085119	1.451455688940477	-12.45170938719975	0	0.9399999999999999	0	0	0	0	0	0	0	0	0	-0.52359878	0.01184966671484894	-0.1771273525895918	0	1.052335479523823e-06	0	0	0	0	0	0	0	0	0	0	0	0	0	0	0	0	0	0	0	0
44.50000000000001	9.654103626918939	1.429640052653735	-12.07380102751745	0	0.9399999999999999	0	0	0	0	0	0	0	0	0	-0.52359878	0.1101701976635011	-0.08960886592817337	0	-4.49256296364524e-08	0	0	0	0	0	0	0	0	0	0	0	0	0	0	0	0	0	0	0	0
44.52	9.549396438267017	1.417726658762192	-11.99554188247161	0	0.9399999999999999	0	0	0	0	0	0	0	0	0	-0.52359878	0.1542071146676386	-0.05512431779188734	0	4.590512968767379e-09	0	0	0	0	0	0	0	0	0	0	0	0	0	0	0	0	0	0	0	0
44.54000000000001	9.549396438267017	1.417726658762192	-11.99554188247161	0	0.9399999999999999	0	0	0	0	0	0	0	0	0	-0.52359878	0.1542071146676386	-0.05512431779188734	0	4.590512968767379e-09	0	0	0	0	0	0	0	0	0	0	0	0	0	0	0	0	0	0	0	0
44.56	9.612101281628869	1.431566125907663	-12.09992928931082	0	0.9399999999999999	0	0	0	0	0	0	0	0	0	-0.52359878	0.1949774539346447	-0.04245135607719537	0.1491711599406577	0.1491708213296626	0	0	0	0	0	0	0	0	0	0	0	0	0	0	0	0	0	0	0	0
44.58000000000001	9.612101281628869	1.431566125907663	-12.09992928931082	0	0.9399999999999999	0	0	0	0	0	0	0	0	0	-0.52359878	0.1949774539346447	-0.04245135607719537	0.1491711599406577	0.1491708213296626	0	0	0	0	0	0	0	0	0	0	0	0	0	0	0	0	0	0	0	0
44.6	9.760807728572704	1.453740016302101	-12.26120771171096	0	0.9399999999999999	0	0	0	0	0	0	0	0	0	-0.52359878	0.2005218348187739	-0.04320080801195238	0.2821721321284585	0.282170825407214	0	0	0	0	0	0	0	0	0	0	0	0	0	0	0	0	0	0	0	0
44.62	9.875190516359005	1.485932127103273	-12.40585587257915	0	0.9399999999999999	0	0	0	0	0	0	0	0	0	-0.52359878	0.2303360571603802	-0.01794702342668785	0.4280199813711395	0.4280202552875454	0	0	0	0	0	0	0	0	0	0	0	0	0	0	0	0	0	0	0	0
44.64	9.875190230683499	1.485932459966826	-12.4058561614617	0	0.9399999999999999	0	0	0	0	0	0	0	0	0	-0.52359878	0.2303356550860535	-0.01794692855953593	0.4280199797692567	0.4280201686392657	0	0	0	0	0	0	0	0	0	0	0	0	0	0	0	0	0	0	0	0
44.66	9.781336386547634	1.49388863787027	-12.33106808605544	0	0.9399999999999999	0	0	0	0	0	0	0	0	0	-0.52359878	0.2495781821102233	0.007631344825629183	0.4373030584864238	0.43730295292675	0	0	0	0	0	0	0	0	0	0	0	0	0	0	0	0	0	0	0	0
44.68000000000001	9.603896170993334	1.494890460389314	-12.1767350406959	0	0.9399999999999999	0	0	0	0	0	0	0	0	0	-0.52359878	0.2752872001167228	0.03290541167250489	0.4078805656099282	0.4078805216382925	0	0	0	0	0	0	0	0	0	0	0	0	0	0	0	0	0	0	0	0
44.7	9.478755110961286	1.493291983961613	-12.07442956233914	0	0.9399999999999999	0	0	0	0	0	0	0	0	0	-0.52359878	0.3013819039361071	0.03878438172413088	0.3661091074592456	0.366108898562041	0	0	0	0	0	0	0	0	0	0	0	0	0	0	0	0	0	0	0	0
44.72000000000001	9.439467238220068	1.494188875253861	-12.0536262376946	0	0.9399999999999999	0	0	0	0	0	0	0	0	0	-0.52359878	0.3180250941171416	0.03377631385149839	0.3140492395813483	0.3140493953601532	0	0	0	0	0	0	0	0	0	0	0	0	0	0	0	0	0	0	0	0
44.74	9.201613471197238	1.479914119590426	-11.8581293634323	0	0.9399999999999999	0	0	0	0	0	0	0	0	0	-0.52359878	0.3485003592343031	0.07744299995066918	0.08753799632609985	0.08753817513834067	0	0	0	0	0	0	0	0	0	0	0	0	0	0	0	0	0	0	0	0
44.76000000000001	9.201613471197238	1.479914119590426	-11.8581293634323	0	0.9399999999999999	0	0	0	0	0	0	0	0	0	-0.52359878	0.3485003592343031	0.07744299995066918	0.08753799632609985	0.08753817513834067	0	0	0	0	0	0	0	0	0	0	0	0	0	0	0	0	0	0	0	0
44.78	9.199366911696758	1.488239462507847	-11.86761462163045	0	0.9399999999999999	0	0	0	0	0	0	0	0	0	-0.52359878	0.356392222567977	0.1176658734275063	0	1.209002885141695e-06	0	0	0	0	0	0	0	0	0	0	0	0	0	0	0	0	0	0	0	0
44.8	10.01366718157767	1.52915467479156	-12.68057839832967	0	0.9399999999999999	0	0	0	0	0	0	0	0	0	-0.52359878	0.3430267725708478	0.2358040877665158	0	-2.937038097794595e-08	0	0	0	0	0	0	0	0	0	0	0	0	0	0	0	0	0	0	0	0
44.82000000000001	10.20107511566688	1.529676263143205	-12.87761041686538	0	0.9399999999999999	0	0	0	0	0	0	0	0	0	-0.52359878	0.3366220963872678	0.248468370150363	0	5.497114224453252e-09	0	0	0	0	0	0	0	0	0	0	0	0	0	0	0	0	0	0	0	0
44.84	10.19283555077836	1.528358338373703	-12.88441688613654	0	0.9399999999999999	0	0	0	0	0	0	0	0	0	-0.52359878	0.3357552738843051	0.2027768878475753	0	3.404821298082649e-07	0	0	0	0	0	0	0	0	0	0	0	0	0	0	0	0	0	0	0	0
44.86000000000001	10.19281087427276	1.528351052259753	-12.88440447579212	0	0.9399999999999999	0	0	0	0	0	0	0	0	0	-0.52359878	0.3357696505588837	0.2027965384629585	0	2.994255212259654e-06	0	0	0	0	0	0	0	0	0	0	0	0	0	0	0	0	0	0	0	0
44.88	10.18596556131744	1.517310603031493	-12.89127694148312	0	0.9399999999999999	0	0	0	0	0	0	0	0	0	-0.52359878	0.3265787760863235	0.1433261890059806	0	-8.408501933508152e-06	0	0	0	0	0	0	0	0	0	0	0	0	0	0	0	0	0	0	0	0
44.90000000000001	10.26690184568629	1.502741069000685	-12.99018908739126	0	0.9399999999999999	0	0	0	0	0	0	0	0	0	-0.52359878	0.3357150463332781	0.08551719522576512	0	-1.893317597869162e-08	0	0	0	0	0	0	0	0	0	0	0	0	0	0	0	0	0	0	0	0
44.92	10.46980752668298	1.449594885166586	-13.20471917707336	0	0.9399999999999999	0	0	0	0	0	0	0	0	0	-0.52359878	0.3082097466544944	-0.04412788319410205	0	2.275729695019693e-07	0	0	0	0	0	0	0	0	0	0	0	0	0	0	0	0	0	0	0	0
44.94	10.46980752668298	1.449594885166586	-13.20471917707336	0	0.9399999999999999	0	0	0	0	0	0	0	0	0	-0.52359878	0.3082097466544944	-0.04412788319410205	0	2.275729695019693e-07	0	0	0	0	0	0	0	0	0	0	0	0	0	0	0	0	0	0	0	0
44.96	10.37190870263847	1.399015955394127	-13.11184441093217	0	0.9399999999999999	0	0	0	0	0	0	0	0	0	-0.4422258344528299	0.225875255933462	-0.07623006723063215	0	-2.090191886613651e-08	0	0	0	0	0	0	0	0	0	0	0	0	0	0	0	0	0	0	0	0
44.98	10.37190870263847	1.399015955394127	-13.11184441093217	0	0.9399999999999999	0	0	0	0	0	0	0	0	0	-0.4422258344528299	0.225875255933462	-0.07623006723063215	0	-2.090191886613651e-08	0	0	0	0	0	0	0	0	0	0	0	0	0	0	0	0	0	0	0	0
45.00000000000001	10.31270816119061	1.389835632745438	-13.06304901542962	0	0.9399999999999999	0	0	0	0	0	0	0	0	0	-0.3836552562434888	0.2018968760934534	-0.07700610309651079	0	-1.088251604812887e-07	0	0	0	0	0	0	0	0	0	0	0	0	0	0	0	0	0	0	0	0
45.02	10.33988958159699	1.384290586670587	-13.10413123296996	0	0.9399999999999999	0	0	0	0	0	0	0	0	0	-0.3401855201021796	0.1915937702315327	-0.08629544536156017	0	4.716571101666378e-07	0	0	0	0	0	0	0	0	0	0	0	0	0	0	0	0	0	0	0	0
45.04000000000001	10.50272897621549	1.378110333914028	-13.31332429808129	0	0.9399999999999999	0	0	0	0	0	0	0	0	0	-0.29604311047286	0.2123280847277738	-0.1360800086934855	0	3.343295329369895e-07	0	0	0	0	0	0	0	0	0	0	0	0	0	0	0	0	0	0	0	0
45.06	10.50501353057043	1.378057874016045	-13.3156220053291	0	0.9399999999999999	0	0	0	0	0	0	0	0	0	-0.2751994361368806	0.197667234446297	-0.1417390487907711	0	-4.896390559377426e-06	0	0	0	0	0	0	0	0	0	0	0	0	0	0	0	0	0	0	0	0
45.08000000000001	10.56432182787328	1.395006432743227	-13.44828395820246	0	0.9399999999999999	0	0	0	0	0	0	0	0	0	-0.2005869508812074	0.22392781267342	-0.2223854741523791	0	-2.677554125530966e-07	0	0	0	0	0	0	0	0	0	0	0	0	0	0	0	0	0	0	0	0
45.1	10.56567247178331	1.394816391326542	-13.44965096051832	0	0.9399999999999999	0	0	0	0	0	0	0	0	0	-0.1876692615721142	0.2140579338900842	-0.2291429239925537	0	7.857201822934351e-06	0	0	0	0	0	0	0	0	0	0	0	0	0	0	0	0	0	0	0	0
45.12	10.50266486652807	1.421647166993227	-13.42912939672812	0	0.9399999999999999	0	0	0	0	0	0	0	0	0	-0.113926749017897	0.2225572987335574	-0.2785989358781306	0	1.121650372469434e-07	0	0	0	0	0	0	0	0	0	0	0	0	0	0	0	0	0	0	0	0
45.14	10.36199116470601	1.455841291102997	-13.37816012390789	0	0.9399999999999999	0	0	0	0	0	0	0	0	0	0.02013694297739544	0.2209621849096407	-0.350099252444413	0	-3.585633369233159e-07	0	0	0	0	0	0	0	0	0	0	0	0	0	0	0	0	0	0	0	0
45.16	10.29230323778958	1.467574315937597	-13.35691634978772	0	0.9399999999999999	0	0	0	0	0	0	0	0	0	0.07316995222139155	0.2216394471362057	-0.3922268197212183	0	1.037244055688359e-07	0	0	0	0	0	0	0	0	0	0	0	0	0	0	0	0	0	0	0	0
45.18000000000001	10.20329493696897	1.483020016678659	-13.31984123205972	0	0.9399999999999999	0	0	0	0	0	0	0	0	0	0.1355903357510367	0.2194903512992648	-0.4136483903838524	0	1.519590159654022e-07	0	0	0	0	0	0	0	0	0	0	0	0	0	0	0	0	0	0	0	0
45.2	10.20329493696897	1.483020016678659	-13.31984123205972	0	0.9399999999999999	0	0	0	0	0	0	0	0	0	0.1355903357510367	0.2194903512992648	-0.4136483903838524	0	1.519590159654022e-07	0	0	0	0	0	0	0	0	0	0	0	0	0	0	0	0	0	0	0	0
45.22000000000001	10.11909690283235	1.499628577354586	-13.29108896381589	0	0.9399999999999999	0	0	0	0	0	0	0	0	0	0.191830094008466	0.2210344508695463	-0.4568172921686979	0	9.129682214451313e-09	0	0	0	0	0	0	0	0	0	0	0	0	0	0	0	0	0	0	0	0
45.24	10.09070931432198	1.517662011509426	-13.32091185576852	0	0.9399999999999999	0	0	0	0	0	0	0	0	0	0.2469786293076025	0.2222477778398295	-0.5024557664633824	0	6.539119992491064e-06	0	0	0	0	0	0	0	0	0	0	0	0	0	0	0	0	0	0	0	0
45.26000000000001	10.06109367014808	1.537543299532119	-13.35192490208594	0	0.9399999999999999	0	0	0	0	0	0	0	0	0	0.3034359171631671	0.2202010259812225	-0.5454644987406128	0	1.857367601370956e-06	0	0	0	0	0	0	0	0	0	0	0	0	0	0	0	0	0	0	0	0
45.28	10.03057315523866	1.55798179656227	-13.3841777929602	0	0.9399999999999999	0	0	0	0	0	0	0	0	0	0.3574269453008188	0.2150828770677361	-0.5835418675775541	0	3.206635101029261e-07	0	0	0	0	0	0	0	0	0	0	0	0	0	0	0	0	0	0	0	0
45.3	9.998452723154543	1.578730846118611	-13.416805447484	0	0.9399999999999999	0	0	0	0	0	0	0	0	0	0.4081065530192657	0.2077001112463789	-0.6181500830113199	0	2.962987454687246e-06	0	0	0	0	0	0	0	0	0	0	0	0	0	0	0	0	0	0	0	0
45.32000000000001	9.489381997874618	1.623903657219229	-13.04395095906409	0	0.9399999999999999	0	0	0	0	0	0	0	0	0	0.4863974775023248	0.2033878659512323	-0.6970065544919036	0	-5.910671207616837e-07	0	0	0	0	0	0	0	0	0	0	0	0	0	0	0	0	0	0	0	0
45.34	9.549258838218067	1.634506302661709	-13.15147236817208	0	0.9399999999999999	0	0	0	0	0	0	0	0	0	0.5164209013273419	0.1948610943577186	-0.6981317	0	2.645059103350685e-08	0	0	0	0	0	0	0	0	0	0	0	0	0	0	0	0	0	0	0	0
45.36000000000001	9.549258838218067	1.634506302661709	-13.15147236817208	0	0.9399999999999999	0	0	0	0	0	0	0	0	0	0.5164209013273419	0.1948610943577186	-0.6981317	0	2.645059103350685e-08	0	0	0	0	0	0	0	0	0	0	0	0	0	0	0	0	0	0	0	0
45.38	9.578246743120648	1.644327322350191	-13.22830884265993	0	0.9399999999999999	0	0	0	0	0	0	0	0	0	0.5445548066715957	0.1835114751730995	-0.6981317	0	1.418031399796692e-06	0	0	0	0	0	0	0	0	0	0	0	0	0	0	0	0	0	0	0	0
45.40000000000001	9.579812136134304	1.659555529730204	-13.32871548506769	0	0.9399999999999999	0	0	0	0	0	0	0	0	0	0.5939796914904528	0.1504453271158841	-0.6981317	0	4.982889717963794e-08	0	0	0	0	0	0	0	0	0	0	0	0	0	0	0	0	0	0	0	0
45.42	9.55253049785007	1.66238999583203	-13.35303934134482	0	0.9399999999999999	0	0	0	0	0	0	0	0	0	0.6133075834562643	0.1293273426518367	-0.6981317	0	7.801171423319318e-06	0	0	0	0	0	0	0	0	0	0	0	0	0	0	0	0	0	0	0	0
45.44	9.591839979559833	1.65885424099503	-13.44040482504369	0	0.9399999999999999	0	0	0	0	0	0	0	0	0	0.6293030989303507	0.09938193524024301	-0.6981317	0	7.948485744684667e-08	0	0	0	0	0	0	0	0	0	0	0	0	0	0	0	0	0	0	0	0
45.46	9.559885818110606	1.661292422209146	-13.41379605127112	0	0.9399999999999999	0	0	0	0	0	0	0	0	0	0.6295769059362893	0.1026403910792602	-0.6981317	0	2.525215476461185e-09	0	0	0	0	0	0	0	0	0	0	0	0	0	0	0	0	0	0	0	0
45.48	9.591584796786394	1.655622659730895	-13.50003629397344	0	0.9399999999999999	0	0	0	0	0	0	0	0	0	0.6412896339286119	0.07019896080712688	-0.6981317	0	1.301469377511497e-08	0	0	0	0	0	0	0	0	0	0	0	0	0	0	0	0	0	0	0	0
45.50000000000001	9.762621216959733	1.635528244502009	-13.77900312588168	0	0.9399999999999999	0	0	0	0	0	0	0	0	0	0.6488440551680162	-0.01225788489310847	-0.6981317	0	7.784814324888098e-07	0	0	0	0	0	0	0	0	0	0	0	0	0	0	0	0	0	0	0	0
45.52	9.900479303120337	1.618772715458022	-13.97021093441365	0	0.9399999999999999	0	0	0	0	0	0	0	0	0	0.6399193329374867	-0.05935496666754476	-0.6981317	0	5.509112844368572e-07	0	0	0	0	0	0	0	0	0	0	0	0	0	0	0	0	0	0	0	0
45.54000000000001	9.900479303120337	1.618772715458022	-13.97021093441365	0	0.9399999999999999	0	0	0	0	0	0	0	0	0	0.6399193329374867	-0.05935496666754476	-0.6981317	0	5.509112844368572e-07	0	0	0	0	0	0	0	0	0	0	0	0	0	0	0	0	0	0	0	0
45.56	10.2007105414375	1.603301544734282	-14.32257615441547	0	0.9399999999999999	0	0	0	0	0	0	0	0	0	0.625854635448668	-0.1057603149683765	-0.6981317	0	-4.386026756073108e-07	0	0	0	0	0	0	0	0	0	0	0	0	0	0	0	0	0	0	0	0
45.58000000000001	10.85036271031193	1.596123887786962	-15.0218404974274	0	0.9399999999999999	0	0	0	0	0	0	0	0	0	0.6082271957822205	-0.1499550081963685	-0.6981317	0	-2.471250918317838e-07	0	0	0	0	0	0	0	0	0	0	0	0	0	0	0	0	0	0	0	0
45.6	11.45605460551618	1.60362226852588	-15.67322572224409	0	0.9399999999999999	0	0	0	0	0	0	0	0	0	0.5890430961986602	-0.1907605227102468	-0.6981317	0	2.739014627003214e-07	0	0	0	0	0	0	0	0	0	0	0	0	0	0	0	0	0	0	0	0
45.62	11.67728348969484	1.617675557757463	-15.93769611520522	0	0.9399999999999999	0	0	0	0	0	0	0	0	0	0.5722535146157862	-0.2299841038691273	-0.6981317	0	4.06513506877217e-07	0	0	0	0	0	0	0	0	0	0	0	0	0	0	0	0	0	0	0	0
45.64	11.65598487041505	1.631456891778089	-15.96009163092227	0	0.9399999999999999	0	0	0	0	0	0	0	0	0	0.5645533826626222	-0.2714562959077755	-0.6981317	0	1.09658532563816e-06	0	0	0	0	0	0	0	0	0	0	0	0	0	0	0	0	0	0	0	0
45.66	11.63567901967977	1.643427610485222	-15.98161712493819	0	0.9399999999999999	0	0	0	0	0	0	0	0	0	0.557497865518836	-0.3106738485699893	-0.6981317	0	-1.553253606136141e-05	0	0	0	0	0	0	0	0	0	0	0	0	0	0	0	0	0	0	0	0
45.68000000000001	11.61701510812418	1.653381938123077	-16.00094386461207	0	0.9399999999999999	0	0	0	0	0	0	0	0	0	0.5515588039256282	-0.345300057742874	-0.6981317	0	-1.96876754800351e-06	0	0	0	0	0	0	0	0	0	0	0	0	0	0	0	0	0	0	0	0
45.7	11.55703301711672	1.66346030706063	-15.97570717366407	0	0.9399999999999999	0	0	0	0	0	0	0	0	0	0.5498653584318283	-0.3786504297074951	-0.6981317	0	9.145860739769677e-07	0	0	0	0	0	0	0	0	0	0	0	0	0	0	0	0	0	0	0	0
45.72000000000001	11.54174588972585	1.676638223007246	-15.99138705030791	0	0.9399999999999999	0	0	0	0	0	0	0	0	0	0.5429458349384885	-0.4123789823929999	-0.6981317	0	-3.705890161478738e-06	0	0	0	0	0	0	0	0	0	0	0	0	0	0	0	0	0	0	0	0
45.74	11.51530782483894	1.703907000965835	-16.0204670506408	0	0.9399999999999999	0	0	0	0	0	0	0	0	0	0.5254274691508612	-0.4799698815671197	-0.6981317	0	2.969877223626778e-06	0	0	0	0	0	0	0	0	0	0	0	0	0	0	0	0	0	0	0	0
45.76000000000001	11.54861585019308	1.715300658073241	-16.07869050871391	0	0.9399999999999999	0	0	0	0	0	0	0	0	0	0.5072290750659789	-0.5098125952438523	-0.6981317	0	-7.859101417794844e-07	0	0	0	0	0	0	0	0	0	0	0	0	0	0	0	0	0	0	0	0
45.78	11.54861585019308	1.715300658073241	-16.07869050871391	0	0.9399999999999999	0	0	0	0	0	0	0	0	0	0.5072290750659789	-0.5098125952438523	-0.6981317	0	-7.859101417794844e-07	0	0	0	0	0	0	0	0	0	0	0	0	0	0	0	0	0	0	0	0
45.8	11.57704785479101	1.725813025574626	-16.13162424132456	0	0.9399999999999999	0	0	0	0	0	0	0	0	0	0.4876565109045717	-0.539579865221321	-0.6981317	0	-1.696744197710692e-07	0	0	0	0	0	0	0	0	0	0	0	0	0	0	0	0	0	0	0	0
45.82000000000001	11.65790757887091	1.735138688406137	-16.26427828881469	0	0.9399999999999999	0	0	0	0	0	0	0	0	0	0.4392294370470604	-0.5958948576421244	-0.6981317	0	-5.222007254239233e-08	0	0	0	0	0	0	0	0	0	0	0	0	0	0	0	0	0	0	0	0
45.84	11.69058729187548	1.728176306932251	-16.32572347328412	0	0.9399999999999999	0	0	0	0	0	0	0	0	0	0.4120119624405129	-0.6185527515413536	-0.6981317	0	-1.897259071948518e-06	0	0	0	0	0	0	0	0	0	0	0	0	0	0	0	0	0	0	0	0
45.86000000000001	11.72242056962459	1.71255364897216	-16.39081371250168	0	0.9399999999999999	0	0	0	0	0	0	0	0	0	0.3830367429715866	-0.6372757853189098	-0.6981317	0	-2.308049204787252e-07	0	0	0	0	0	0	0	0	0	0	0	0	0	0	0	0	0	0	0	0
45.88	11.72242056962459	1.71255364897216	-16.39081371250168	0	0.9399999999999999	0	0	0	0	0	0	0	0	0	0.3830367429715866	-0.6372757853189098	-0.6981317	0	-2.308049204787252e-07	0	0	0	0	0	0	0	0	0	0	0	0	0	0	0	0	0	0	0	0
45.90000000000001	11.77644750345447	1.691093380213131	-16.48236548979986	0	0.9399999999999999	0	0	0	0	0	0	0	0	0	0.3493135956691735	-0.6497359799069099	-0.6981317	0	-6.444995525629334e-07	0	0	0	0	0	0	0	0	0	0	0	0	0	0	0	0	0	0	0	0
45.92	12.24641879476534	1.63904987818619	-17.03650369023848	0	0.9399999999999999	0	0	0	0	0	0	0	0	0	0.2527238278939797	-0.6474739819018964	-0.6981317	0	1.980056640340374e-07	0	0	0	0	0	0	0	0	0	0	0	0	0	0	0	0	0	0	0	0
45.94	12.79520363247531	1.630370642576449	-17.63654900351388	0	0.9399999999999999	0	0	0	0	0	0	0	0	0	0.1889773202253895	-0.6394211889328556	-0.6981317	0	4.397814172543791e-08	0	0	0	0	0	0	0	0	0	0	0	0	0	0	0	0	0	0	0	0
45.96	13.23639947702324	1.646096597350086	-18.13572792438615	0	0.9399999999999999	0	0	0	0	0	0	0	0	0	0.1134213533261004	-0.626886571438646	-0.6981317	0	-1.065457964013303e-06	0	0	0	0	0	0	0	0	0	0	0	0	0	0	0	0	0	0	0	0
45.98	13.23639947702324	1.646096597350086	-18.13572792438615	0	0.9399999999999999	0	0	0	0	0	0	0	0	0	0.1134213533261004	-0.626886571438646	-0.6981317	0	-1.065457964013303e-06	0	0	0	0	0	0	0	0	0	0	0	0	0	0	0	0	0	0	0	0
46.00000000000001	13.37327040490228	1.671912974542902	-18.33571957430962	0	0.9399999999999999	0	0	0	0	0	0	0	0	0	0.02400854429677465	-0.6089180036875819	-0.6981317	0	-1.273933220004874e-07	0	0	0	0	0	0	0	0	0	0	0	0	0	0	0	0	0	0	0	0
46.02	13.39204157626801	1.720749025675393	-18.51131069631254	0	0.9399999999999999	0	0	0	0	0	0	0	0	0	-0.1819001149265555	-0.5475959461547266	-0.6981317	0	-9.728464344282331e-07	0	0	0	0	0	0	0	0	0	0	0	0	0	0	0	0	0	0	0	0
46.04000000000001	13.39204157626801	1.720749025675393	-18.51131069631254	0	0.9399999999999999	0	0	0	0	0	0	0	0	0	-0.1819001149265555	-0.5475959461547266	-0.6981317	0	-9.728464344282331e-07	0	0	0	0	0	0	0	0	0	0	0	0	0	0	0	0	0	0	0	0
46.06	13.35116692608626	1.728498982429959	-18.56267647722605	0	0.9399999999999999	0	0	0	0	0	0	0	0	0	-0.2715102769553854	-0.5237210047643182	-0.6981317	0	-3.977287801675114e-06	0	0	0	0	0	0	0	0	0	0	0	0	0	0	0	0	0	0	0	0
46.08000000000001	13.31744980435325	1.733019413833006	-18.58350054700211	0	0.9399999999999999	0	0	0	0	0	0	0	0	0	-0.3078725588868855	-0.5013378186338808	-0.6430489716859973	0	6.574947384567628e-08	0	0	0	0	0	0	0	0	0	0	0	0	0	0	0	0	0	0	0	0
46.1	13.30027077228458	1.735031623016965	-18.60023271744701	0	0.9399999999999999	0	0	0	0	0	0	0	0	0	-0.316533975851259	-0.4791373735560565	-0.5700280754354281	0	-1.29239145215594e-06	0	0	0	0	0	0	0	0	0	0	0	0	0	0	0	0	0	0	0	0
46.12	13.32579662473731	1.719783979528383	-18.68962784704665	0	0.9399999999999999	0	0	0	0	0	0	0	0	0	-0.334902867568157	-0.4370377251686024	-0.4333302602878895	0	5.122183109517149e-08	0	0	0	0	0	0	0	0	0	0	0	0	0	0	0	0	0	0	0	0
46.14	13.32579662473731	1.719783979528383	-18.68962784704665	0	0.9399999999999999	0	0	0	0	0	0	0	0	0	-0.334902867568157	-0.4370377251686024	-0.4333302602878895	0	5.122183109517149e-08	0	0	0	0	0	0	0	0	0	0	0	0	0	0	0	0	0	0	0	0
46.16	13.41839740777508	1.705314221727425	-18.81312447485927	0	0.9399999999999999	0	0	0	0	0	0	0	0	0	-0.3457800917548019	-0.4093434706548355	-0.3794567940072767	0	-1.883538346336706e-07	0	0	0	0	0	0	0	0	0	0	0	0	0	0	0	0	0	0	0	0
46.18000000000001	13.52058824043775	1.691203780571126	-18.94499053579448	0	0.9399999999999999	0	0	0	0	0	0	0	0	0	-0.3697163791096437	-0.3817263108337996	-0.3493643980558038	0	1.353657878694663e-08	0	0	0	0	0	0	0	0	0	0	0	0	0	0	0	0	0	0	0	0
46.2	13.59884826529037	1.679818173359414	-19.05255618062974	0	0.9399999999999999	0	0	0	0	0	0	0	0	0	-0.4058727059346669	-0.3543090579140064	-0.3508479788977427	0	-1.036122130841175e-06	0	0	0	0	0	0	0	0	0	0	0	0	0	0	0	0	0	0	0	0
46.22000000000001	13.64090724645057	1.670036593919263	-19.12245775816256	0	0.9399999999999999	0	0	0	0	0	0	0	0	0	-0.4448024129775573	-0.3232377334457749	-0.3830752622592929	0	-2.540192405196091e-08	0	0	0	0	0	0	0	0	0	0	0	0	0	0	0	0	0	0	0	0
46.24	13.66012526447158	1.650304184918466	-19.19715313822762	0	0.9399999999999999	0	0	0	0	0	0	0	0	0	-0.5037644914265013	-0.2315454185396254	-0.4995756661805212	0	8.537242611460164e-09	0	0	0	0	0	0	0	0	0	0	0	0	0	0	0	0	0	0	0	0
46.26000000000001	13.73192946401716	1.642355919014886	-19.29749940062004	0	0.9399999999999999	0	0	0	0	0	0	0	0	0	-0.5170363867364952	-0.1726943007884721	-0.5634162220189287	0	-1.312974578742933e-07	0	0	0	0	0	0	0	0	0	0	0	0	0	0	0	0	0	0	0	0
46.28	13.73192946401716	1.642355919014886	-19.29749940062004	0	0.9399999999999999	0	0	0	0	0	0	0	0	0	-0.5170363867364952	-0.1726943007884721	-0.5634162220189287	0	-1.312974578742933e-07	0	0	0	0	0	0	0	0	0	0	0	0	0	0	0	0	0	0	0	0
46.3	13.87131550472295	1.636389975986687	-19.46622237070869	0	0.9399999999999999	0	0	0	0	0	0	0	0	0	-0.52359878	-0.1110324836994388	-0.6254814769879103	0	-5.054354163747544e-07	0	0	0	0	0	0	0	0	0	0	0	0	0	0	0	0	0	0	0	0
46.32000000000001	14.08038088010296	1.637088496457028	-19.70490385493009	0	0.9399999999999999	0	0	0	0	0	0	0	0	0	-0.52359878	-0.04869927931703346	-0.67967574744047	0	-2.983778924798969e-07	0	0	0	0	0	0	0	0	0	0	0	0	0	0	0	0	0	0	0	0
46.34	14.17823210890151	1.646308341598002	-19.81807016946283	0	0.9399999999999999	0	0	0	0	0	0	0	0	0	-0.52359878	0.01306015543598631	-0.6981317	0	-1.835291137889164e-07	0	0	0	0	0	0	0	0	0	0	0	0	0	0	0	0	0	0	0	0
46.36000000000001	14.2471506444978	1.657584835136244	-19.90017879760678	0	0.9399999999999999	0	0	0	0	0	0	0	0	0	-0.52359878	0.07707063617066735	-0.6981317	0	4.842970821908975e-08	0	0	0	0	0	0	0	0	0	0	0	0	0	0	0	0	0	0	0	0
46.38	14.35746240781827	1.665492181073283	-20.0337684128995	0	0.9399999999999999	0	0	0	0	0	0	0	0	0	-0.52359878	0.1422576518678763	-0.6981317	0	2.284434033971138e-08	0	0	0	0	0	0	0	0	0	0	0	0	0	0	0	0	0	0	0	0
46.40000000000001	14.69195827169574	1.67625282138468	-20.43931920800538	0	0.9399999999999999	0	0	0	0	0	0	0	0	0	-0.52359878	0.2662651185259908	-0.6981317	0	-5.835153526067803e-07	0	0	0	0	0	0	0	0	0	0	0	0	0	0	0	0	0	0	0	0
46.42	14.91907780984307	1.686336648208935	-20.70964409673259	0	0.9399999999999999	0	0	0	0	0	0	0	0	0	-0.52359878	0.3178238264565745	-0.6981317	0	-4.978129525491578e-08	0	0	0	0	0	0	0	0	0	0	0	0	0	0	0	0	0	0	0	0
46.44	14.91907780984307	1.686336648208935	-20.70964409673259	0	0.9399999999999999	0	0	0	0	0	0	0	0	0	-0.52359878	0.3178238264565745	-0.6981317	0	-4.978129525491578e-08	0	0	0	0	0	0	0	0	0	0	0	0	0	0	0	0	0	0	0	0
46.46	15.13384605016365	1.70375839698592	-20.97084349840238	0	0.9399999999999999	0	0	0	0	0	0	0	0	0	-0.52359878	0.3621523472590234	-0.6981317	0	-6.520685062892016e-10	0	0	0	0	0	0	0	0	0	0	0	0	0	0	0	0	0	0	0	0
46.48	15.21241538195532	1.728894022478173	-21.08225316620005	0	0.9399999999999999	0	0	0	0	0	0	0	0	0	-0.52359878	0.4042520383545157	-0.6649568574666379	0	-1.642246655416713e-07	0	0	0	0	0	0	0	0	0	0	0	0	0	0	0	0	0	0	0	0
46.50000000000001	15.23706919794809	1.787462570355729	-21.17090499107001	0	0.9399999999999999	0	0	0	0	0	0	0	0	0	-0.52359878	0.5137904044406872	-0.57904144937822	0	-8.42450666611725e-08	0	0	0	0	0	0	0	0	0	0	0	0	0	0	0	0	0	0	0	0
46.52	15.23706919794809	1.787462570355729	-21.17090499107001	0	0.9399999999999999	0	0	0	0	0	0	0	0	0	-0.52359878	0.5137904044406872	-0.57904144937822	0	-8.42450666611725e-08	0	0	0	0	0	0	0	0	0	0	0	0	0	0	0	0	0	0	0	0
46.54000000000001	15.38763003887651	1.899792622520519	-21.34060361064249	0	0.9399999999999999	0	0	0	0	0	0	0	0	0	-0.52359878	0.52359878	-0.4966865663641533	0	-2.285505994794976e-07	0	0	0	0	0	0	0	0	0	0	0	0	0	0	0	0	0	0	0	0
46.56	15.38763003887651	1.899792622520519	-21.34060361064249	0	0.9399999999999999	0	0	0	0	0	0	0	0	0	-0.52359878	0.52359878	-0.4966865663641533	0	-2.285505994794976e-07	0	0	0	0	0	0	0	0	0	0	0	0	0	0	0	0	0	0	0	0
46.58000000000001	15.46865522868596	1.977705311892835	-21.4410231126397	0	0.9399999999999999	0	0	0	0	0	0	0	0	0	-0.52359878	0.52359878	-0.4351084141087102	0	-2.730417775295337e-08	0	0	0	0	0	0	0	0	0	0	0	0	0	0	0	0	0	0	0	0
46.6	15.49423710482884	2.00877439911795	-21.47833062068316	0	0.9399999999999999	0	0	0	0	0	0	0	0	0	-0.52359878	0.52359878	-0.415524386482905	0	-5.846432408056207e-10	0	0	0	0	0	0	0	0	0	0	0	0	0	0	0	0	0	0	0	0
46.62	15.50975541415314	2.035909344006995	-21.50483658755874	0	0.9399999999999999	0	0	0	0	0	0	0	0	0	-0.52359878	0.52359878	-0.4001909601880925	0	9.052738207413841e-07	0	0	0	0	0	0	0	0	0	0	0	0	0	0	0	0	0	0	0	0
46.64	15.51746136217116	2.057906096219723	-21.52248121306535	0	0.9399999999999999	0	0	0	0	0	0	0	0	0	-0.52359878	0.52359878	-0.3881640339269599	0	9.048522794025857e-08	0	0	0	0	0	0	0	0	0	0	0	0	0	0	0	0	0	0	0	0
46.66	15.52453775522359	2.074783345511406	-21.53888630027051	0	0.9399999999999999	0	0	0	0	0	0	0	0	0	-0.52359878	0.52359878	-0.3766405769373955	0	-2.941353665164453e-08	0	0	0	0	0	0	0	0	0	0	0	0	0	0	0	0	0	0	0	0
46.68000000000001	15.52453775522359	2.074783345511406	-21.53888630027051	0	0.9399999999999999	0	0	0	0	0	0	0	0	0	-0.52359878	0.52359878	-0.3766405769373955	0	-2.941353665164453e-08	0	0	0	0	0	0	0	0	0	0	0	0	0	0	0	0	0	0	0	0
46.7	15.53455151573284	2.084497696014402	-21.55782112923976	0	0.9399999999999999	0	0	0	0	0	0	0	0	0	-0.52359878	0.52359878	-0.3671648281948246	0	3.301652218148788e-07	0	0	0	0	0	0	0	0	0	0	0	0	0	0	0	0	0	0	0	0
46.72000000000001	15.55112373492662	2.085926305529684	-21.5826218515939	0	0.9399999999999999	0	0	0	0	0	0	0	0	0	-0.52359878	0.52359878	-0.3660476528536509	0	1.143128717993267e-08	0	0	0	0	0	0	0	0	0	0	0	0	0	0	0	0	0	0	0	0
46.74	15.57351535223052	2.077835771805603	-21.61181889813961	0	0.9399999999999999	0	0	0	0	0	0	0	0	0	-0.52359878	0.52359878	-0.3769457546341002	0	1.449712587134108e-07	0	0	0	0	0	0	0	0	0	0	0	0	0	0	0	0	0	0	0	0
46.76000000000001	15.60115731361585	2.062250311700204	-21.64483430554144	0	0.9399999999999999	0	0	0	0	0	0	0	0	0	-0.52359878	0.52359878	-0.3984193469730078	0	2.0675372221056e-08	0	0	0	0	0	0	0	0	0	0	0	0	0	0	0	0	0	0	0	0
46.78	15.66594251492766	2.016018215654451	-21.71636908163986	0	0.9399999999999999	0	0	0	0	0	0	0	0	0	-0.52359878	0.52359878	-0.4467828294242453	0	5.584776034729746e-08	0	0	0	0	0	0	0	0	0	0	0	0	0	0	0	0	0	0	0	0
46.8	15.6960069562521	1.985883660942061	-21.74693734522679	0	0.9399999999999999	0	0	0	0	0	0	0	0	0	-0.52359878	0.52359878	-0.4616153294709635	0	-6.672291887522697e-08	0	0	0	0	0	0	0	0	0	0	0	0	0	0	0	0	0	0	0	0
46.82000000000001	15.6960069562521	1.985883660942061	-21.74693734522679	0	0.9399999999999999	0	0	0	0	0	0	0	0	0	-0.52359878	0.52359878	-0.4616153294709635	0	-6.672291887522697e-08	0	0	0	0	0	0	0	0	0	0	0	0	0	0	0	0	0	0	0	0
46.84	15.71506954458243	1.955325952208399	-21.76217848936972	0	0.9399999999999999	0	0	0	0	0	0	0	0	0	-0.52359878	0.52359878	-0.4617681808050016	0	-1.978616565313351e-08	0	0	0	0	0	0	0	0	0	0	0	0	0	0	0	0	0	0	0	0
46.86000000000001	15.72891242542198	1.908972947568054	-21.76232352226469	0	0.9399999999999999	0	0	0	0	0	0	0	0	0	-0.52359878	0.52359878	-0.403611072654367	0	4.022366810015248e-08	0	0	0	0	0	0	0	0	0	0	0	0	0	0	0	0	0	0	0	0
46.88	15.74631827430677	1.894202368913955	-21.77791520629671	0	0.9399999999999999	0	0	0	0	0	0	0	0	0	-0.52359878	0.52359878	-0.3885654097301169	0	-6.619452685639662e-08	0	0	0	0	0	0	0	0	0	0	0	0	0	0	0	0	0	0	0	0
46.90000000000001	15.74631827430677	1.894202368913955	-21.77791520629671	0	0.9399999999999999	0	0	0	0	0	0	0	0	0	-0.52359878	0.52359878	-0.3885654097301169	0	-6.619452685639662e-08	0	0	0	0	0	0	0	0	0	0	0	0	0	0	0	0	0	0	0	0
46.92	15.77984048179227	1.872095077256364	-21.81550966349844	0	0.9399999999999999	0	0	0	0	0	0	0	0	0	-0.52359878	0.52359878	-0.4043579414907854	0	1.015288308451733e-07	0	0	0	0	0	0	0	0	0	0	0	0	0	0	0	0	0	0	0	0
46.94	15.79575255956421	1.843802036721871	-21.83714618909499	0	0.9399999999999999	0	0	0	0	0	0	0	0	0	-0.52359878	0.52359878	-0.4167774143911163	0	1.635777003236483e-07	0	0	0	0	0	0	0	0	0	0	0	0	0	0	0	0	0	0	0	0
46.96	15.79801272942067	1.797302626629156	-21.86959232622486	0	0.9399999999999999	0	0	0	0	0	0	0	0	0	-0.4907433599318584	0.52359878	-0.472275620785049	0	-8.996172120410692e-08	0	0	0	0	0	0	0	0	0	0	0	0	0	0	0	0	0	0	0	0
46.98	15.74865574226097	1.776916355353003	-21.84911095598823	0	0.9399999999999999	0	0	0	0	0	0	0	0	0	-0.4499996455094999	0.52359878	-0.5388606429048266	0	-7.452854622171361e-08	0	0	0	0	0	0	0	0	0	0	0	0	0	0	0	0	0	0	0	0
47.00000000000001	15.74865574226097	1.776916355353003	-21.84911095598823	0	0.9399999999999999	0	0	0	0	0	0	0	0	0	-0.4499996455094999	0.52359878	-0.5388606429048266	0	-7.452854622171361e-08	0	0	0	0	0	0	0	0	0	0	0	0	0	0	0	0	0	0	0	0
47.02	15.57358319144964	1.756664554120612	-21.74128008830856	0	0.9399999999999999	0	0	0	0	0	0	0	0	0	-0.3181855979345142	0.52359878	-0.5964909773492894	0	-1.20729567763118e-07	0	0	0	0	0	0	0	0	0	0	0	0	0	0	0	0	0	0	0	0
47.04000000000001	15.48323038980631	1.753914411020336	-21.68077173316735	0	0.9399999999999999	0	0	0	0	0	0	0	0	0	-0.2267015017245661	0.52359878	-0.6036796249703488	0	-4.364509818304732e-07	0	0	0	0	0	0	0	0	0	0	0	0	0	0	0	0	0	0	0	0
47.06	15.38204971425615	1.749889759629208	-21.60955008107459	0	0.9399999999999999	0	0	0	0	0	0	0	0	0	-0.1342697410072928	0.52359878	-0.6246369971796583	0	-6.722641312603158e-07	0	0	0	0	0	0	0	0	0	0	0	0	0	0	0	0	0	0	0	0
47.08000000000001	15.26476026564498	1.740032717859135	-21.52354702864538	0	0.9399999999999999	0	0	0	0	0	0	0	0	0	-0.05158269236292001	0.5169107183467014	-0.6536495008887492	0	7.151743516793765e-07	0	0	0	0	0	0	0	0	0	0	0	0	0	0	0	0	0	0	0	0
47.1	15.26476167482759	1.740033199242039	-21.52354578693261	0	0.9399999999999999	0	0	0	0	0	0	0	0	0	-0.05158100693056099	0.5169095578925553	-0.6536498809121021	0	4.719270254167082e-07	0	0	0	0	0	0	0	0	0	0	0	0	0	0	0	0	0	0	0	0
47.12	15.20790761961487	1.746350403057408	-21.49567194270724	0	0.9399999999999999	0	0	0	0	0	0	0	0	0	0.01329473884715507	0.4702690105173403	-0.6803424666775051	0	-1.98039877379987e-07	0	0	0	0	0	0	0	0	0	0	0	0	0	0	0	0	0	0	0	0
47.14	15.15484873662155	1.745751781870947	-21.46189767850514	0	0.9399999999999999	0	0	0	0	0	0	0	0	0	0.05928022732427461	0.4386547011935757	-0.6981317	0	-2.002892224222401e-08	0	0	0	0	0	0	0	0	0	0	0	0	0	0	0	0	0	0	0	0
47.16	15.10642790513081	1.743152498715113	-21.41481494388701	0	0.9399999999999999	0	0	0	0	0	0	0	0	0	0.09517309189642809	0.4159752441359822	-0.6981317	0	-1.827458860696902e-07	0	0	0	0	0	0	0	0	0	0	0	0	0	0	0	0	0	0	0	0
47.18000000000001	15.05235593293734	1.743897868561576	-21.36155300268805	0	0.9399999999999999	0	0	0	0	0	0	0	0	0	0.138577970301789	0.3924490502404714	-0.6981317	0	-2.002749220913369e-07	0	0	0	0	0	0	0	0	0	0	0	0	0	0	0	0	0	0	0	0
47.2	14.98773106049226	1.751155030128859	-21.3038349764479	0	0.9399999999999999	0	0	0	0	0	0	0	0	0	0.1905259060167122	0.3620669394934724	-0.6981317	0	2.252366792575941e-07	0	0	0	0	0	0	0	0	0	0	0	0	0	0	0	0	0	0	0	0
47.22000000000001	14.91710563459019	1.763550925275	-21.25272519862495	0	0.9399999999999999	0	0	0	0	0	0	0	0	0	0.2525263199385301	0.3245556480340263	-0.6981317	0	1.414883672269666e-07	0	0	0	0	0	0	0	0	0	0	0	0	0	0	0	0	0	0	0	0
47.24	14.77320223777519	1.796122210613651	-21.15618558433264	0	0.9399999999999999	0	0	0	0	0	0	0	0	0	0.3823351107266569	0.2552299532950504	-0.6981317	0	3.818535268034123e-09	0	0	0	0	0	0	0	0	0	0	0	0	0	0	0	0	0	0	0	0
47.26000000000001	14.69514618527966	1.812216871276693	-21.09309202445287	0	0.9399999999999999	0	0	0	0	0	0	0	0	0	0.4064764194740659	0.2530963687129976	-0.6981317	0	-1.25778432831635e-07	0	0	0	0	0	0	0	0	0	0	0	0	0	0	0	0	0	0	0	0
47.28	14.61667395366699	1.828980261786692	-21.05600404748419	0	0.9399999999999999	0	0	0	0	0	0	0	0	0	0.5077693590627206	0.1980778742487443	-0.6981317	0	-2.595363529587408e-08	0	0	0	0	0	0	0	0	0	0	0	0	0	0	0	0	0	0	0	0
47.3	14.53096882360854	1.838752515439719	-21.00241374100107	0	0.9399999999999999	0	0	0	0	0	0	0	0	0	0.5629215854759919	0.1778421641637452	-0.6981317	0	1.310700054366841e-07	0	0	0	0	0	0	0	0	0	0	0	0	0	0	0	0	0	0	0	0
47.32000000000001	14.44892577741955	1.844394734387627	-20.95426593202683	0	0.9399999999999999	0	0	0	0	0	0	0	0	0	0.6138222657899117	0.1599218963425744	-0.6981317	0	-2.387371248773605e-07	0	0	0	0	0	0	0	0	0	0	0	0	0	0	0	0	0	0	0	0
47.34	14.44892577741955	1.844394734387627	-20.95426593202683	0	0.9399999999999999	0	0	0	0	0	0	0	0	0	0.6138222657899117	0.1599218963425744	-0.6981317	0	-2.387371248773605e-07	0	0	0	0	0	0	0	0	0	0	0	0	0	0	0	0	0	0	0	0
47.36000000000001	14.37130993216085	1.848065832517182	-20.91286018233731	0	0.9399999999999999	0	0	0	0	0	0	0	0	0	0.6609507435336722	0.1407404661682951	-0.6981317	0	3.828612536297086e-08	0	0	0	0	0	0	0	0	0	0	0	0	0	0	0	0	0	0	0	0
47.38	14.29996061159476	1.851447073477764	-20.87972549658117	0	0.9399999999999999	0	0	0	0	0	0	0	0	0	0.7047799578058971	0.1192539868143003	-0.6981317	0	-2.035601567408635e-06	0	0	0	0	0	0	0	0	0	0	0	0	0	0	0	0	0	0	0	0
47.40000000000001	14.23979784321539	1.854572940628419	-20.85806381551227	0	0.9399999999999999	0	0	0	0	0	0	0	0	0	0.7449502126127869	0.09558077078044749	-0.6981317	0	-6.492676785064068e-08	0	0	0	0	0	0	0	0	0	0	0	0	0	0	0	0	0	0	0	0
47.42	14.15722475937476	1.86216725674533	-20.85525408665903	0	0.9399999999999999	0	0	0	0	0	0	0	0	0	0.8178494272547725	0.03063992304747533	-0.6981317	0	-9.284315536892147e-07	0	0	0	0	0	0	0	0	0	0	0	0	0	0	0	0	0	0	0	0
47.44	14.15722475937476	1.86216725674533	-20.85525408665903	0	0.9399999999999999	0	0	0	0	0	0	0	0	0	0.8178494272547725	0.03063992304747533	-0.6981317	0	-9.284315536892147e-07	0	0	0	0	0	0	0	0	0	0	0	0	0	0	0	0	0	0	0	0
47.46	14.1106479439294	1.881818480698105	-20.895739098449	0	0.9399999999999999	0	0	0	0	0	0	0	0	0	0.8862803827791411	-0.05733570485369165	-0.6981317	0	-3.416624995888904e-08	0	0	0	0	0	0	0	0	0	0	0	0	0	0	0	0	0	0	0	0
47.48	14.0992641318279	1.89564057322707	-20.93165625097391	0	0.9399999999999999	0	0	0	0	0	0	0	0	0	0.9190431039686628	-0.1081242103725714	-0.6981317	0	-6.169966427931486e-08	0	0	0	0	0	0	0	0	0	0	0	0	0	0	0	0	0	0	0	0
47.50000000000001	14.0992641318279	1.89564057322707	-20.93165625097391	0	0.9399999999999999	0	0	0	0	0	0	0	0	0	0.9190431039686628	-0.1081242103725714	-0.6981317	0	-6.169966427931486e-08	0	0	0	0	0	0	0	0	0	0	0	0	0	0	0	0	0	0	0	0
47.52	14.09193066819655	1.910390624326281	-20.97398035200116	0	0.9399999999999999	0	0	0	0	0	0	0	0	0	0.9505354198645335	-0.1638194646237897	-0.6981317	0	-2.627248242851082e-07	0	0	0	0	0	0	0	0	0	0	0	0	0	0	0	0	0	0	0	0
47.54000000000001	14.06518603655062	1.942834840936183	-21.05021387194507	0	0.9399999999999999	0	0	0	0	0	0	0	0	0	1.009763706336982	-0.2802298169348737	-0.6981317	0	-1.718174318304696e-07	0	0	0	0	0	0	0	0	0	0	0	0	0	0	0	0	0	0	0	0
47.56	14.04915994285267	1.955503303821058	-21.08443109057005	0	0.9399999999999999	0	0	0	0	0	0	0	0	0	1.03202957078442	-0.3362173709402015	-0.6981317	0	5.138107468377874e-07	0	0	0	0	0	0	0	0	0	0	0	0	0	0	0	0	0	0	0	0
47.58000000000001	14.03491643247663	1.963834102199018	-21.11647881687215	0	0.9399999999999999	0	0	0	0	0	0	0	0	0	1.046487295946959	-0.3886373758228463	-0.6981317	0	1.081476878243432e-07	0	0	0	0	0	0	0	0	0	0	0	0	0	0	0	0	0	0	0	0
47.6	14.03491643247663	1.963834102199018	-21.11647881687215	0	0.9399999999999999	0	0	0	0	0	0	0	0	0	1.046487295946959	-0.3886373758228463	-0.6981317	0	1.081476878243432e-07	0	0	0	0	0	0	0	0	0	0	0	0	0	0	0	0	0	0	0	0
47.62	14.03301425559227	1.967546526883417	-21.15519092072332	0	0.9399999999999999	0	0	0	0	0	0	0	0	0	1.050613532537501	-0.4380885842651295	-0.6981317	0	1.362964773061894e-07	0	0	0	0	0	0	0	0	0	0	0	0	0	0	0	0	0	0	0	0
47.64	14.05052932981186	1.965512683997994	-21.20507183295934	0	0.9399999999999999	0	0	0	0	0	0	0	0	0	1.043530981697786	-0.4817195456172829	-0.6981317	0	-8.448973179735141e-08	0	0	0	0	0	0	0	0	0	0	0	0	0	0	0	0	0	0	0	0
47.66	14.0797138259206	1.965315741318386	-21.26233533633037	0	0.9399999999999999	0	0	0	0	0	0	0	0	0	1.035317256581752	-0.5251358866464921	-0.6981317	0	1.420164079159401e-07	0	0	0	0	0	0	0	0	0	0	0	0	0	0	0	0	0	0	0	0
47.68000000000001	14.11682513224686	1.963472797574678	-21.32265286738425	0	0.9399999999999999	0	0	0	0	0	0	0	0	0	1.025753848358305	-0.5673257702799341	-0.6981317	0	7.240720956781673e-08	0	0	0	0	0	0	0	0	0	0	0	0	0	0	0	0	0	0	0	0
47.7	14.14870883384425	1.963440817042956	-21.37588980718937	0	0.9399999999999999	0	0	0	0	0	0	0	0	0	1.019253311689242	-0.6107323460699967	-0.6981317	0	-3.036354111055237e-07	0	0	0	0	0	0	0	0	0	0	0	0	0	0	0	0	0	0	0	0
47.72000000000001	14.1772420207641	1.960869345629465	-21.44634698128544	0	0.9399999999999999	0	0	0	0	0	0	0	0	0	1.012189002738078	-0.6898454532990118	-0.6981317	0	1.515429276344676e-07	0	0	0	0	0	0	0	0	0	0	0	0	0	0	0	0	0	0	0	0
47.74	14.19336039041875	1.95921242879339	-21.47920445450424	0	0.9399999999999999	0	0	0	0	0	0	0	0	0	1.006624333356184	-0.7033724516902098	-0.6981317	0	-1.40530185319024e-07	0	0	0	0	0	0	0	0	0	0	0	0	0	0	0	0	0	0	0	0
47.76000000000001	14.19656116337641	1.951401698978918	-21.50092277720957	0	0.9399999999999999	0	0	0	0	0	0	0	0	0	0.9971764621646245	-0.7312848050671888	-0.6981317	0	3.643373496366447e-08	0	0	0	0	0	0	0	0	0	0	0	0	0	0	0	0	0	0	0	0
47.78	14.18982278053492	1.946102963949203	-21.49640442250239	0	0.9399999999999999	0	0	0	0	0	0	0	0	0	0.9924652482691708	-0.7513749827270042	-0.6981317	0	2.201815065494842e-08	0	0	0	0	0	0	0	0	0	0	0	0	0	0	0	0	0	0	0	0
47.8	14.18440543984232	1.939610964540997	-21.50966134287713	0	0.9399999999999999	0	0	0	0	0	0	0	0	0	0.9818618753215158	-0.7832217739006265	-0.6981317	0	4.892830715876915e-07	0	0	0	0	0	0	0	0	0	0	0	0	0	0	0	0	0	0	0	0
47.82000000000001	14.17594015591837	1.930783367642985	-21.53391651084259	0	0.9399999999999999	0	0	0	0	0	0	0	0	0	0.9465118844272594	-0.8503174079602029	-0.6981317	0	-1.634404281920617e-07	0	0	0	0	0	0	0	0	0	0	0	0	0	0	0	0	0	0	0	0
47.84	14.17594015591837	1.930783367642985	-21.53391651084259	0	0.9399999999999999	0	0	0	0	0	0	0	0	0	0.9465118844272594	-0.8503174079602029	-0.6981317	0	-1.634404281920617e-07	0	0	0	0	0	0	0	0	0	0	0	0	0	0	0	0	0	0	0	0
47.86000000000001	14.13237817107649	1.929101690538088	-21.50445234155927	0	0.9399999999999999	0	0	0	0	0	0	0	0	0	0.9156988822283986	-0.8726646300000001	-0.6981317	0	-2.690532245735307e-07	0	0	0	0	0	0	0	0	0	0	0	0	0	0	0	0	0	0	0	0
47.88	14.04122061113143	1.905134175659203	-21.40399235138834	0	0.9399999999999999	0	0	0	0	0	0	0	0	0	0.8728687297722424	-0.8726646300000001	-0.6981317	0	-9.070471973062794e-07	0	0	0	0	0	0	0	0	0	0	0	0	0	0	0	0	0	0	0	0
47.90000000000001	13.96604681733201	1.902974081722202	-21.32535286689206	0	0.9399999999999999	0	0	0	0	0	0	0	0	0	0.8503980935805834	-0.8726646300000001	-0.6981317	0	1.926475731628016e-07	0	0	0	0	0	0	0	0	0	0	0	0	0	0	0	0	0	0	0	0
47.92	13.91499894861137	1.90185589422851	-21.26720782206613	0	0.9399999999999999	0	0	0	0	0	0	0	0	0	0.8232825668028355	-0.8726646300000001	-0.6981317	0	1.744860301881499e-09	0	0	0	0	0	0	0	0	0	0	0	0	0	0	0	0	0	0	0	0
47.94	13.90805214871618	1.912519975329866	-21.26056306285355	0	0.9399999999999999	0	0	0	0	0	0	0	0	0	0.8325382715491411	-0.8726646300000001	-0.6981317	0	-1.284597908973873e-07	0	0	0	0	0	0	0	0	0	0	0	0	0	0	0	0	0	0	0	0
47.96	13.84873572554499	1.896314417236533	-21.17693528399422	0	0.9399999999999999	0	0	0	0	0	0	0	0	0	0.7591894917896982	-0.8726646300000001	-0.6981317	0	-2.635246672467144e-07	0	0	0	0	0	0	0	0	0	0	0	0	0	0	0	0	0	0	0	0
47.98	13.8100826860673	1.898994758209308	-21.12782015132043	0	0.9399999999999999	0	0	0	0	0	0	0	0	0	0.7308689238456034	-0.8726646300000001	-0.6981317	0	-5.408888032323322e-08	0	0	0	0	0	0	0	0	0	0	0	0	0	0	0	0	0	0	0	0
48.00000000000001	13.8100826860673	1.898994758209308	-21.12782015132043	0	0.9399999999999999	0	0	0	0	0	0	0	0	0	0.7308689238456034	-0.8726646300000001	-0.6981317	0	-5.408888032323322e-08	0	0	0	0	0	0	0	0	0	0	0	0	0	0	0	0	0	0	0	0
48.02	13.77868250690642	1.902841059065965	-21.08849386499228	0	0.9399999999999999	0	0	0	0	0	0	0	0	0	0.7025302789202821	-0.8726646300000001	-0.6981317	0	4.698449053549446e-08	0	0	0	0	0	0	0	0	0	0	0	0	0	0	0	0	0	0	0	0
48.04000000000001	13.75706733983449	1.903693464173623	-21.05907931556423	0	0.9399999999999999	0	0	0	0	0	0	0	0	0	0.674228915055205	-0.8726646300000001	-0.6981317	0	-1.359368113033679e-08	0	0	0	0	0	0	0	0	0	0	0	0	0	0	0	0	0	0	0	0
48.06	13.73714606195345	1.898207838499065	-21.03133893383143	0	0.9399999999999999	0	0	0	0	0	0	0	0	0	0.6357499126948888	-0.8726646300000001	-0.6981317	0	1.132858039671097e-08	0	0	0	0	0	0	0	0	0	0	0	0	0	0	0	0	0	0	0	0
48.08000000000001	13.70213240164421	1.886830822579544	-20.98898876604164	0	0.9399999999999999	0	0	0	0	0	0	0	0	0	0.5831951014450817	-0.8726646300000001	-0.6981317	0	2.0785870196259e-07	0	0	0	0	0	0	0	0	0	0	0	0	0	0	0	0	0	0	0	0
48.1	13.65858651982655	1.876867531573666	-20.93920988286888	0	0.9399999999999999	0	0	0	0	0	0	0	0	0	0.528290982095445	-0.8726646300000001	-0.6981317	0	-4.857132098023448e-09	0	0	0	0	0	0	0	0	0	0	0	0	0	0	0	0	0	0	0	0
48.12	13.55899061134211	1.871340208790511	-20.84676924642967	0	0.9399999999999999	0	0	0	0	0	0	0	0	0	0.3688996975989286	-0.8691798314284284	-0.6981317	0	-1.567047181557906e-07	0	0	0	0	0	0	0	0	0	0	0	0	0	0	0	0	0	0	0	0
48.14000000000001	13.55899061134211	1.871340208790511	-20.84676924642967	0	0.9399999999999999	0	0	0	0	0	0	0	0	0	0.3688996975989286	-0.8691798314284284	-0.6981317	0	-1.567047181557906e-07	0	0	0	0	0	0	0	0	0	0	0	0	0	0	0	0	0	0	0	0
48.16	13.43819765593211	1.859051215429728	-20.73104767402862	0	0.9399999999999999	0	0	0	0	0	0	0	0	0	0.2538378789372042	-0.8201141900062054	-0.6981317	0	-3.960765314723416e-09	0	0	0	0	0	0	0	0	0	0	0	0	0	0	0	0	0	0	0	0
48.18000000000001	13.22218774188559	1.836763437459797	-20.52885829540598	0	0.9399999999999999	0	0	0	0	0	0	0	0	0	0.0332707092211208	-0.7152079870094071	-0.6981317	0	-2.998105357382873e-08	0	0	0	0	0	0	0	0	0	0	0	0	0	0	0	0	0	0	0	0
48.2	13.13457123266819	1.82739424773688	-20.44610353383894	0	0.9399999999999999	0	0	0	0	0	0	0	0	0	-0.05560424044938662	-0.6652922463100638	-0.6981317	0	-5.242948461676718e-08	0	0	0	0	0	0	0	0	0	0	0	0	0	0	0	0	0	0	0	0
48.22000000000001	13.05822464068446	1.818067138524787	-20.36969110164966	0	0.9399999999999999	0	0	0	0	0	0	0	0	0	-0.1282015360242441	-0.6180107123033473	-0.6981317	0	2.79685573413834e-07	0	0	0	0	0	0	0	0	0	0	0	0	0	0	0	0	0	0	0	0
48.24	13.05822428223164	1.818067105074605	-20.36969147808672	0	0.9399999999999999	0	0	0	0	0	0	0	0	0	-0.1282013680710304	-0.6180109451871131	-0.6981317	0	-2.441087220994387e-07	0	0	0	0	0	0	0	0	0	0	0	0	0	0	0	0	0	0	0	0
48.26000000000001	12.99076629576588	1.810802108512199	-20.29266362802901	0	0.9399999999999999	0	0	0	0	0	0	0	0	0	-0.183994957240348	-0.5739139110787064	-0.6981317	0	-4.251775146956852e-07	0	0	0	0	0	0	0	0	0	0	0	0	0	0	0	0	0	0	0	0
48.28	12.87775001945255	1.807538499307152	-20.13291367848981	0	0.9399999999999999	0	0	0	0	0	0	0	0	0	-0.2642430188988118	-0.4864633887453302	-0.6981317	0	8.384517093938972e-08	0	0	0	0	0	0	0	0	0	0	0	0	0	0	0	0	0	0	0	0
48.3	12.84568654877167	1.80483939935423	-20.0671226514668	0	0.9399999999999999	0	0	0	0	0	0	0	0	0	-0.3007330738167397	-0.445328268227034	-0.6981317	0	-1.711881315995674e-08	0	0	0	0	0	0	0	0	0	0	0	0	0	0	0	0	0	0	0	0
48.32000000000001	12.84568654877167	1.80483939935423	-20.0671226514668	0	0.9399999999999999	0	0	0	0	0	0	0	0	0	-0.3007330738167397	-0.445328268227034	-0.6981317	0	-1.711881315995674e-08	0	0	0	0	0	0	0	0	0	0	0	0	0	0	0	0	0	0	0	0
48.34	12.76746472403486	1.791041346880665	-19.91494570459854	0	0.9399999999999999	0	0	0	0	0	0	0	0	0	-0.3824692877669494	-0.3523888367649725	-0.6981317	0	8.936114597714171e-08	0	0	0	0	0	0	0	0	0	0	0	0	0	0	0	0	0	0	0	0
48.36000000000001	12.7102533368861	1.784087175382282	-19.82141161187805	0	0.9399999999999999	0	0	0	0	0	0	0	0	0	-0.4276599799693582	-0.2967812333911836	-0.6981317	0	-8.233320322843472e-09	0	0	0	0	0	0	0	0	0	0	0	0	0	0	0	0	0	0	0	0
48.38	12.64286985623189	1.78050733027151	-19.72256438944885	0	0.9399999999999999	0	0	0	0	0	0	0	0	0	-0.4750152099716928	-0.2319994733613984	-0.6981317	0	4.642481279375045e-08	0	0	0	0	0	0	0	0	0	0	0	0	0	0	0	0	0	0	0	0
48.40000000000001	12.57660447252741	1.782529576064843	-19.63402634761382	0	0.9399999999999999	0	0	0	0	0	0	0	0	0	-0.52359878	-0.1574845293775946	-0.6981317	0	2.510369668646702e-08	0	0	0	0	0	0	0	0	0	0	0	0	0	0	0	0	0	0	0	0
48.42	12.57660447252741	1.782529576064843	-19.63402634761382	0	0.9399999999999999	0	0	0	0	0	0	0	0	0	-0.52359878	-0.1574845293775946	-0.6981317	0	2.510369668646702e-08	0	0	0	0	0	0	0	0	0	0	0	0	0	0	0	0	0	0	0	0
48.44	12.74577771187387	1.822433737115499	-19.77849318052428	0	0.9399999999999999	0	0	0	0	0	0	0	0	0	-0.52359878	-0.01291848540795475	-0.6981317	0	2.55527554762672e-07	0	0	0	0	0	0	0	0	0	0	0	0	0	0	0	0	0	0	0	0
48.46	12.74577771187387	1.822433737115499	-19.77849318052428	0	0.9399999999999999	0	0	0	0	0	0	0	0	0	-0.52359878	-0.01291848540795475	-0.6981317	0	2.55527554762672e-07	0	0	0	0	0	0	0	0	0	0	0	0	0	0	0	0	0	0	0	0
48.48	12.80858587637746	1.84332088755643	-19.85384327608521	0	0.9399999999999999	0	0	0	0	0	0	0	0	0	-0.52359878	0.07214661785135736	-0.6981317	0	-1.3649302865577e-07	0	0	0	0	0	0	0	0	0	0	0	0	0	0	0	0	0	0	0	0
48.50000000000001	12.85529707948386	1.859551007405969	-19.92786004475836	0	0.9399999999999999	0	0	0	0	0	0	0	0	0	-0.52359878	0.159045496291845	-0.6981317	0	3.386796431846358e-08	0	0	0	0	0	0	0	0	0	0	0	0	0	0	0	0	0	0	0	0
48.52	12.89483612016564	1.869850483342692	-20.00895241944872	0	0.9399999999999999	0	0	0	0	0	0	0	0	0	-0.52359878	0.2460831880569651	-0.6981317	0	-1.234890094368666e-07	0	0	0	0	0	0	0	0	0	0	0	0	0	0	0	0	0	0	0	0
48.54000000000001	12.93656681362826	1.875101925453188	-20.10573993370929	0	0.9399999999999999	0	0	0	0	0	0	0	0	0	-0.52359878	0.3337239842709429	-0.6981317	0	3.297095586794906e-07	0	0	0	0	0	0	0	0	0	0	0	0	0	0	0	0	0	0	0	0
48.56	13.05782465708472	1.876190681873917	-20.36204274522311	0	0.9399999999999999	0	0	0	0	0	0	0	0	0	-0.52359878	0.5144156605652006	-0.6981317	0	-8.520354956504607e-07	0	0	0	0	0	0	0	0	0	0	0	0	0	0	0	0	0	0	0	0
48.58000000000001	13.31318799634889	1.881501135354127	-20.63761639867219	0	0.9399999999999999	0	0	0	0	0	0	0	0	0	-0.52359878	0.52359878	-0.6981317	0	2.86215344960381e-07	0	0	0	0	0	0	0	0	0	0	0	0	0	0	0	0	0	0	0	0
48.6	13.31318799634889	1.881501135354127	-20.63761639867219	0	0.9399999999999999	0	0	0	0	0	0	0	0	0	-0.52359878	0.52359878	-0.6981317	0	2.86215344960381e-07	0	0	0	0	0	0	0	0	0	0	0	0	0	0	0	0	0	0	0	0
48.62	13.5722697171323	1.906644307244342	-20.90315448727128	0	0.9399999999999999	0	0	0	0	0	0	0	0	0	-0.52359878	0.52359878	-0.6981317	0	9.819759213930253e-08	0	0	0	0	0	0	0	0	0	0	0	0	0	0	0	0	0	0	0	0
48.64000000000001	13.70425403944959	1.944417392849778	-21.03238149282841	0	0.9399999999999999	0	0	0	0	0	0	0	0	0	-0.52359878	0.52359878	-0.6981317	0	9.847691128278511e-07	0	0	0	0	0	0	0	0	0	0	0	0	0	0	0	0	0	0	0	0
48.66	13.74211256480738	1.979704642994982	-21.06075678231086	0	0.9399999999999999	0	0	0	0	0	0	0	0	0	-0.52359878	0.52359878	-0.6981317	0	3.650438662634514e-07	0	0	0	0	0	0	0	0	0	0	0	0	0	0	0	0	0	0	0	0
48.68000000000001	13.74852621446751	2.004624479020581	-21.05925199583209	0	0.9399999999999999	0	0	0	0	0	0	0	0	0	-0.52359878	0.52359878	-0.6981317	0	6.145092080038897e-07	0	0	0	0	0	0	0	0	0	0	0	0	0	0	0	0	0	0	0	0
48.7	13.74999268401714	2.01190923469397	-21.0621840244774	0	0.9399999999999999	0	0	0	0	0	0	0	0	0	-0.52359878	0.52359878	-0.6981317	0	-6.105193799913761e-08	0	0	0	0	0	0	0	0	0	0	0	0	0	0	0	0	0	0	0	0
48.72000000000001	13.77304091831322	1.990337756880206	-21.10171254456665	0	0.9399999999999999	0	0	0	0	0	0	0	0	0	-0.52359878	0.52359878	-0.6981317	0	-1.526822087525101e-07	0	0	0	0	0	0	0	0	0	0	0	0	0	0	0	0	0	0	0	0
48.74	13.77304091831322	1.990337756880206	-21.10171254456665	0	0.9399999999999999	0	0	0	0	0	0	0	0	0	-0.52359878	0.52359878	-0.6981317	0	-1.526822087525101e-07	0	0	0	0	0	0	0	0	0	0	0	0	0	0	0	0	0	0	0	0
48.76000000000001	13.79587175474098	1.978268393679043	-21.12555104531542	0	0.9399999999999999	0	0	0	0	0	0	0	0	0	-0.52359878	0.52359878	-0.6981317	0	-5.989212220770745e-07	0	0	0	0	0	0	0	0	0	0	0	0	0	0	0	0	0	0	0	0
48.78	13.79223251519057	1.938761232887199	-21.10622029117931	0	0.9399999999999999	0	0	0	0	0	0	0	0	0	-0.5154141824141782	0.52359878	-0.6981317	0	3.840675471807369e-07	0	0	0	0	0	0	0	0	0	0	0	0	0	0	0	0	0	0	0	0
48.8	13.79321268640695	1.926635266593736	-21.10619167660469	0	0.9399999999999999	0	0	0	0	0	0	0	0	0	-0.52359878	0.52359878	-0.6981317	0	-3.0279650398258e-07	0	0	0	0	0	0	0	0	0	0	0	0	0	0	0	0	0	0	0	0
48.82000000000001	13.77082509320876	1.909445395609022	-21.08488477948075	0	0.9399999999999999	0	0	0	0	0	0	0	0	0	-0.5113190583076915	0.52359878	-0.6981317	0	-7.777780868153051e-07	0	0	0	0	0	0	0	0	0	0	0	0	0	0	0	0	0	0	0	0
48.84	13.3934124095432	1.835650632371814	-20.68270289921651	0	0.9399999999999999	0	0	0	0	0	0	0	0	0	-0.52359878	0.52359878	-0.6981317	0	5.999707698737623e-07	0	0	0	0	0	0	0	0	0	0	0	0	0	0	0	0	0	0	0	0
48.86000000000001	13.3934124095432	1.835650632371814	-20.68270289921651	0	0.9399999999999999	0	0	0	0	0	0	0	0	0	-0.52359878	0.52359878	-0.6981317	0	5.999707698737623e-07	0	0	0	0	0	0	0	0	0	0	0	0	0	0	0	0	0	0	0	0
48.88	13.12917472244647	1.828449129971008	-20.43413921442599	0	0.9399999999999999	0	0	0	0	0	0	0	0	0	-0.52359878	0.52359878	-0.6981317	0	1.600998826493684e-07	0	0	0	0	0	0	0	0	0	0	0	0	0	0	0	0	0	0	0	0
48.90000000000001	13.07620894328323	1.824185599666347	-20.39734945508205	0	0.9399999999999999	0	0	0	0	0	0	0	0	0	-0.52359878	0.5003641322451781	-0.6981317	0	3.865351947623951e-09	0	0	0	0	0	0	0	0	0	0	0	0	0	0	0	0	0	0	0	0
48.92	13.02803611227377	1.817253434039491	-20.31622846336183	0	0.9399999999999999	0	0	0	0	0	0	0	0	0	-0.52359878	0.4429805071416156	-0.6981317	0	1.0129717526719e-07	0	0	0	0	0	0	0	0	0	0	0	0	0	0	0	0	0	0	0	0
48.94	13.04277067612326	1.80351660833939	-20.31085174352607	0	0.9399999999999999	0	0	0	0	0	0	0	0	0	-0.52359878	0.3752366900797604	-0.6981317	0	7.114413663534931e-08	0	0	0	0	0	0	0	0	0	0	0	0	0	0	0	0	0	0	0	0
48.96	13.72272726049755	1.868829776424535	-20.91172657717022	0	0.9399999999999999	0	0	0	0	0	0	0	0	0	-0.3046824468025928	0.009534026841615502	-0.6981317	0	-4.530747547343091e-06	0	0	0	0	0	0	0	0	0	0	0	0	0	0	0	0	0	0	0	0
48.98	13.72272726049755	1.868829776424535	-20.91172657717022	0	0.9399999999999999	0	0	0	0	0	0	0	0	0	-0.3046824468025928	0.009534026841615502	-0.6981317	0	-4.530747547343091e-06	0	0	0	0	0	0	0	0	0	0	0	0	0	0	0	0	0	0	0	0
49.00000000000001	13.9401607076811	1.949526642628265	-21.10887728388698	0	0.9399999999999999	0	0	0	0	0	0	0	0	0	-0.182389888373993	-0.1928590341022065	-0.6981317	0	-2.539000861301186e-07	0	0	0	0	0	0	0	0	0	0	0	0	0	0	0	0	0	0	0	0
49.02	14.08391515070874	2.008148268947049	-21.26862781860251	0	0.9399999999999999	0	0	0	0	0	0	0	0	0	-0.03374708465826343	-0.4621496728124808	-0.6981317	0	-3.449210572044546e-08	0	0	0	0	0	0	0	0	0	0	0	0	0	0	0	0	0	0	0	0
49.04000000000001	14.05089134852784	2.039821578611277	-21.26186251313862	0	0.9399999999999999	0	0	0	0	0	0	0	0	0	0.04960296409197294	-0.5547803280056072	-0.6981317	0	-5.490987491170676e-07	0	0	0	0	0	0	0	0	0	0	0	0	0	0	0	0	0	0	0	0
49.06	14.05088966420802	2.039822048987913	-21.26186470228243	0	0.9399999999999999	0	0	0	0	0	0	0	0	0	0.04960292480113734	-0.5547807481857734	-0.6981317	0	-2.447274258232779e-07	0	0	0	0	0	0	0	0	0	0	0	0	0	0	0	0	0	0	0	0
49.08000000000001	14.05672672366563	2.075100110020504	-21.32028104164724	0	0.9399999999999999	0	0	0	0	0	0	0	0	0	0.1694659652385827	-0.7195734143136839	-0.6981317	0	5.855898028828896e-08	0	0	0	0	0	0	0	0	0	0	0	0	0	0	0	0	0	0	0	0
49.1	14.06022591893788	2.07386508413171	-21.35516462806301	0	0.9399999999999999	0	0	0	0	0	0	0	0	0	0.2073925600203706	-0.7804841305570126	-0.6981317	0	3.318303318398458e-09	0	0	0	0	0	0	0	0	0	0	0	0	0	0	0	0	0	0	0	0
49.12	14.05007037389238	2.053166523531377	-21.34020324385816	0	0.9399999999999999	0	0	0	0	0	0	0	0	0	0.1940872307803332	-0.7597649068431986	-0.6981317	0	-1.960900187859565e-08	0	0	0	0	0	0	0	0	0	0	0	0	0	0	0	0	0	0	0	0
49.14000000000001	14.05617056113989	2.063285644188144	-21.38340814173258	0	0.9399999999999999	0	0	0	0	0	0	0	0	0	0.238992460829816	-0.828746579713331	-0.6981317	0	2.633731814170652e-08	0	0	0	0	0	0	0	0	0	0	0	0	0	0	0	0	0	0	0	0
49.16	14.00969407724783	2.021879000698028	-21.39105337402392	0	0.9399999999999999	0	0	0	0	0	0	0	0	0	0.2948066411374973	-0.8726646300000001	-0.6981317	0	-1.335480713571513e-07	0	0	0	0	0	0	0	0	0	0	0	0	0	0	0	0	0	0	0	0
49.18000000000001	14.00969407724783	2.021879000698028	-21.39105337402392	0	0.9399999999999999	0	0	0	0	0	0	0	0	0	0.2948066411374973	-0.8726646300000001	-0.6981317	0	-1.335480713571513e-07	0	0	0	0	0	0	0	0	0	0	0	0	0	0	0	0	0	0	0	0
49.2	13.97835261569212	1.998127921823746	-21.37452676276953	0	0.9399999999999999	0	0	0	0	0	0	0	0	0	0.3273265665245712	-0.8726646300000001	-0.6981317	0	2.074991098654486e-08	0	0	0	0	0	0	0	0	0	0	0	0	0	0	0	0	0	0	0	0
49.22000000000001	13.95690401577026	1.978879507291288	-21.36047776887766	0	0.9399999999999999	0	0	0	0	0	0	0	0	0	0.3644279036446826	-0.8726646300000001	-0.6981317	0	-6.910658655049537e-07	0	0	0	0	0	0	0	0	0	0	0	0	0	0	0	0	0	0	0	0
49.24	13.94059765666254	1.965190522665381	-21.34647262241741	0	0.9399999999999999	0	0	0	0	0	0	0	0	0	0.4046344194844038	-0.8726646300000001	-0.6981317	0	-1.682508837375615e-07	0	0	0	0	0	0	0	0	0	0	0	0	0	0	0	0	0	0	0	0
49.26000000000001	13.92817316294471	1.957615820357472	-21.33318290546524	0	0.9399999999999999	0	0	0	0	0	0	0	0	0	0.4441729427842518	-0.8726646300000001	-0.6981317	0	5.92206882561816e-08	0	0	0	0	0	0	0	0	0	0	0	0	0	0	0	0	0	0	0	0
49.28	13.9212041114684	1.95939512615942	-21.32430832369381	0	0.9399999999999999	0	0	0	0	0	0	0	0	0	0.4858304662568242	-0.8726646300000001	-0.6981317	0	-2.335422942917703e-08	0	0	0	0	0	0	0	0	0	0	0	0	0	0	0	0	0	0	0	0
49.3	13.91115088121732	1.969070652188187	-21.30997163851007	0	0.9399999999999999	0	0	0	0	0	0	0	0	0	0.5359666944295642	-0.8726646300000001	-0.6981317	0	-1.306330727518516e-07	0	0	0	0	0	0	0	0	0	0	0	0	0	0	0	0	0	0	0	0
49.32000000000001	13.88029098676977	1.96896749087331	-21.26248639335837	0	0.9399999999999999	0	0	0	0	0	0	0	0	0	0.5796946567924656	-0.8447266971962192	-0.6981317	0	6.404362502467592e-07	0	0	0	0	0	0	0	0	0	0	0	0	0	0	0	0	0	0	0	0
49.34	13.84620781665191	1.968057900558146	-21.20927630032336	0	0.9399999999999999	0	0	0	0	0	0	0	0	0	0.6172976678806099	-0.8152323714691153	-0.6981317	0	-2.798018267982006e-08	0	0	0	0	0	0	0	0	0	0	0	0	0	0	0	0	0	0	0	0
49.36000000000001	13.80107591985913	1.983701064559715	-21.15360677559151	0	0.9399999999999999	0	0	0	0	0	0	0	0	0	0.6763191556441794	-0.8102800741854255	-0.6981317	0.01475032162516923	0.0147503410671496	0	0	0	0	0	0	0	0	0	0	0	0	0	0	0	0	0	0	0	0
49.38	13.7884586186438	2.016499507306045	-21.15130347439323	0	0.9399999999999999	0	0	0	0	0	0	0	0	0	0.7494833284955776	-0.8584502169215056	-0.6981317	0.06367255692949485	0.06367267221500887	0	0	0	0	0	0	0	0	0	0	0	0	0	0	0	0	0	0	0	0
49.40000000000001	13.75806287674714	2.03130204193315	-21.12419170727554	0	0.9399999999999999	0	0	0	0	0	0	0	0	0	0.7949362375446632	-0.8726646300000001	-0.6981317	0.08445227695960703	0.08445156330376551	0	0	0	0	0	0	0	0	0	0	0	0	0	0	0	0	0	0	0	0
49.42	13.72572862593076	2.055820192906135	-21.08947935545592	0	0.9399999999999999	0	0	0	0	0	0	0	0	0	0.8580317327055736	-0.8726646300000001	-0.6981317	0	-3.336890194910182e-08	0	0	0	0	0	0	0	0	0	0	0	0	0	0	0	0	0	0	0	0
49.44	13.72572862593076	2.055820192906135	-21.08947935545592	0	0.9399999999999999	0	0	0	0	0	0	0	0	0	0.8580317327055736	-0.8726646300000001	-0.6981317	0	-3.336890194910182e-08	0	0	0	0	0	0	0	0	0	0	0	0	0	0	0	0	0	0	0	0
49.46	13.70505568005508	2.063558917820698	-21.05469691932515	0	0.9399999999999999	0	0	0	0	0	0	0	0	0	0.899560664167922	-0.8726646300000001	-0.6981317	0	-7.216062624600126e-09	0	0	0	0	0	0	0	0	0	0	0	0	0	0	0	0	0	0	0	0
49.48	13.76614552810027	2.106888551298648	-21.08266332769216	0	0.9399999999999999	0	0	0	0	0	0	0	0	0	0.9565160351269199	-0.8726646300000001	-0.6981317	0	6.432731638603853e-06	0	0	0	0	0	0	0	0	0	0	0	0	0	0	0	0	0	0	0	0
49.50000000000001	13.72071303716472	2.08713704669873	-21.0319705213022	0	0.9399999999999999	0	0	0	0	0	0	0	0	0	0.9521206062760944	-0.8726646300000001	-0.6981317	0	-7.691826573043752e-08	0	0	0	0	0	0	0	0	0	0	0	0	0	0	0	0	0	0	0	0
49.52	13.69377513230878	2.08220473079468	-20.95581055630979	0	0.9399999999999999	0	0	0	0	0	0	0	0	0	0.8970833837959102	-0.8726646300000001	-0.6981317	0	-9.195438056704857e-08	0	0	0	0	0	0	0	0	0	0	0	0	0	0	0	0	0	0	0	0
49.54000000000001	13.66444765071954	2.070746835844817	-20.90670922232019	0	0.9399999999999999	0	0	0	0	0	0	0	0	0	0.8518503211918521	-0.8726646300000001	-0.6981317	0	-5.716596243711902e-08	0	0	0	0	0	0	0	0	0	0	0	0	0	0	0	0	0	0	0	0
49.56	13.61905088227079	2.060839155283752	-20.84917677276593	0	0.9399999999999999	0	0	0	0	0	0	0	0	0	0.7994184682453087	-0.8726646300000001	-0.6981317	0	9.531702863896365e-08	0	0	0	0	0	0	0	0	0	0	0	0	0	0	0	0	0	0	0	0
49.58000000000001	13.61905193509142	2.060839055556189	-20.84917669029102	0	0.9399999999999999	0	0	0	0	0	0	0	0	0	0.7994180618148597	-0.8726646300000001	-0.6981317	0	-3.480352851860002e-07	0	0	0	0	0	0	0	0	0	0	0	0	0	0	0	0	0	0	0	0
49.6	13.45283643007751	2.034006484714336	-20.68073222724466	0	0.9399999999999999	0	0	0	0	0	0	0	0	0	0.6804409041795273	-0.8726646300000001	-0.6981317	0	-1.253133798443768e-08	0	0	0	0	0	0	0	0	0	0	0	0	0	0	0	0	0	0	0	0
49.62	13.39497191848467	2.025350977025502	-20.60977158888256	0	0.9399999999999999	0	0	0	0	0	0	0	0	0	0.6576053969702075	-0.8726646300000001	-0.6501912821459299	0	-1.630129723490719e-07	0	0	0	0	0	0	0	0	0	0	0	0	0	0	0	0	0	0	0	0
49.64000000000001	13.39497191848467	2.025350977025502	-20.60977158888256	0	0.9399999999999999	0	0	0	0	0	0	0	0	0	0.6576053969702075	-0.8726646300000001	-0.6501912821459299	0	-1.630129723490719e-07	0	0	0	0	0	0	0	0	0	0	0	0	0	0	0	0	0	0	0	0
49.66	13.33829195048506	2.019719621472402	-20.54786745564143	0	0.9399999999999999	0	0	0	0	0	0	0	0	0	0.6196738770432079	-0.8726646300000001	-0.6167635162057183	0	2.258330136732673e-08	0	0	0	0	0	0	0	0	0	0	0	0	0	0	0	0	0	0	0	0
49.68000000000001	13.2816595587249	2.010443562707888	-20.50025819318207	0	0.9399999999999999	0	0	0	0	0	0	0	0	0	0.550847867608713	-0.8726646300000001	-0.6141793857310934	0	4.885921170179571e-07	0	0	0	0	0	0	0	0	0	0	0	0	0	0	0	0	0	0	0	0
49.7	13.18503875716205	1.936682710007224	-20.45272796936136	0	0.9399999999999999	0	0	0	0	0	0	0	0	0	0.3015702128757474	-0.8726646300000001	-0.6981317	0	-1.723081451983538e-06	0	0	0	0	0	0	0	0	0	0	0	0	0	0	0	0	0	0	0	0
49.72000000000001	13.18503875716205	1.936682710007224	-20.45272796936136	0	0.9399999999999999	0	0	0	0	0	0	0	0	0	0.3015702128757474	-0.8726646300000001	-0.6981317	0	-1.723081451983538e-06	0	0	0	0	0	0	0	0	0	0	0	0	0	0	0	0	0	0	0	0
49.74	13.1760800050415	1.888257557550907	-20.43486278053962	0	0.9399999999999999	0	0	0	0	0	0	0	0	0	0.200341963822682	-0.8726646300000001	-0.6981317	0	2.893423800349314e-08	0	0	0	0	0	0	0	0	0	0	0	0	0	0	0	0	0	0	0	0
49.76000000000001	13.19264972550123	1.846830105695619	-20.43572696326027	0	0.9399999999999999	0	0	0	0	0	0	0	0	0	0.1065325902448218	-0.8726646300000001	-0.6981317	0	4.893503500531446e-07	0	0	0	0	0	0	0	0	0	0	0	0	0	0	0	0	0	0	0	0
49.78	13.29543802244765	1.89516523079739	-20.50461323988484	0	0.9399999999999999	0	0	0	0	0	0	0	0	0	0.03868064951942394	-0.8726646300000001	-0.6981317	0	4.076390410903096e-09	0	0	0	0	0	0	0	0	0	0	0	0	0	0	0	0	0	0	0	0
49.8	13.29543802244765	1.89516523079739	-20.50461323988484	0	0.9399999999999999	0	0	0	0	0	0	0	0	0	0.03868064951942394	-0.8726646300000001	-0.6981317	0	4.076390410903096e-09	0	0	0	0	0	0	0	0	0	0	0	0	0	0	0	0	0	0	0	0
49.82000000000001	13.33397281860878	1.91410737611933	-20.51994536779391	0	0.9399999999999999	0	0	0	0	0	0	0	0	0	-0.001263934917439786	-0.8531319920617046	-0.6981317	0	-4.871548413392322e-08	0	0	0	0	0	0	0	0	0	0	0	0	0	0	0	0	0	0	0	0
49.84	13.31709333305665	1.890260722350999	-20.43845762878868	0	0.9399999999999999	0	0	0	0	0	0	0	0	0	-0.1145308974688805	-0.7631107746031064	-0.6981317	0	2.842246448603246e-09	0	0	0	0	0	0	0	0	0	0	0	0	0	0	0	0	0	0	0	0
49.86000000000001	13.31709333305665	1.890260722350999	-20.43845762878868	0	0.9399999999999999	0	0	0	0	0	0	0	0	0	-0.1145308974688805	-0.7631107746031064	-0.6981317	0	2.842246448603246e-09	0	0	0	0	0	0	0	0	0	0	0	0	0	0	0	0	0	0	0	0
49.88	13.2963206613891	1.844478995373655	-20.32260071152512	0	0.9399999999999999	0	0	0	0	0	0	0	0	0	-0.1824371385508606	-0.6628768489428849	-0.6981317	0	-1.019802376842072e-08	0	0	0	0	0	0	0	0	0	0	0	0	0	0	0	0	0	0	0	0
49.90000000000001	13.2963206613891	1.844478995373655	-20.32260071152512	0	0.9399999999999999	0	0	0	0	0	0	0	0	0	-0.1824371385508606	-0.6628768489428849	-0.6981317	0	-1.019802376842072e-08	0	0	0	0	0	0	0	0	0	0	0	0	0	0	0	0	0	0	0	0
49.92	13.33454799433748	1.821053090112169	-20.28496536383537	0	0.9399999999999999	0	0	0	0	0	0	0	0	0	-0.2172024682553007	-0.6059856605707714	-0.6981317	0	1.636219596519004e-07	0	0	0	0	0	0	0	0	0	0	0	0	0	0	0	0	0	0	0	0
49.94	13.35858851678643	1.822489325353733	-20.26963338945763	0	0.9399999999999999	0	0	0	0	0	0	0	0	0	-0.1778163265726777	-0.5451574766997489	-0.6981317	0	2.141757164525913e-07	0	0	0	0	0	0	0	0	0	0	0	0	0	0	0	0	0	0	0	0
49.96	13.42195266827294	1.827617289810701	-20.25130029224223	0	0.9399999999999999	0	0	0	0	0	0	0	0	0	-0.1886208770704863	-0.3556381789551309	-0.6981317	0	2.494434931263142e-05	0	0	0	0	0	0	0	0	0	0	0	0	0	0	0	0	0	0	0	0
49.98	13.4164195835373	1.827323426478615	-20.24609038539781	0	0.9399999999999999	0	0	0	0	0	0	0	0	0	-0.1895043978895287	-0.3542638439412708	-0.6981317	0	2.736903619843977e-08	0	0	0	0	0	0	0	0	0	0	0	0	0	0	0	0	0	0	0	0
50.00000000000001	13.39390403327198	1.834300747621734	-20.21375487700896	0	0.9399999999999999	0	0	0	0	0	0	0	0	0	-0.2257448558410971	-0.2355143590749011	-0.6981317	0	-1.867617907704105e-08	0	0	0	0	0	0	0	0	0	0	0	0	0	0	0	0	0	0	0	0
50.02	13.35871948372582	1.844764345144191	-20.18867844100199	0	0.9399999999999999	0	0	0	0	0	0	0	0	0	-0.2683499003494767	-0.1137078362299191	-0.6981317	0	8.366444142401571e-09	0	0	0	0	0	0	0	0	0	0	0	0	0	0	0	0	0	0	0	0
50.04000000000001	13.33764329306142	1.853305153712286	-20.19173032531326	0	0.9399999999999999	0	0	0	0	0	0	0	0	0	-0.3125154807321036	0.002615624337246091	-0.6981317	0	-5.443457853741947e-07	0	0	0	0	0	0	0	0	0	0	0	0	0	0	0	0	0	0	0	0
50.06	13.40516307829913	1.865812070470139	-20.33657363294109	0	0.9399999999999999	0	0	0	0	0	0	0	0	0	-0.3593556016509828	0.2039643878454915	-0.6981317	0	1.754436351092216e-09	0	0	0	0	0	0	0	0	0	0	0	0	0	0	0	0	0	0	0	0
50.08000000000001	13.40516307829913	1.865812070470139	-20.33657363294109	0	0.9399999999999999	0	0	0	0	0	0	0	0	0	-0.3593556016509828	0.2039643878454915	-0.6981317	0	1.754436351092216e-09	0	0	0	0	0	0	0	0	0	0	0	0	0	0	0	0	0	0	0	0
50.1	13.48759142363824	1.864023652297357	-20.46161486290359	0	0.9399999999999999	0	0	0	0	0	0	0	0	0	-0.3549020379820479	0.2843328214274732	-0.6981317	0	-2.450380154767118e-06	0	0	0	0	0	0	0	0	0	0	0	0	0	0	0	0	0	0	0	0
50.12	13.55000076541999	1.891382265688375	-20.55943392946942	0	0.9399999999999999	0	0	0	0	0	0	0	0	0	-0.3202895326420276	0.3681668545543471	-0.6981317	0	-2.423475597944824e-07	0	0	0	0	0	0	0	0	0	0	0	0	0	0	0	0	0	0	0	0
50.14000000000001	13.62470080021865	1.970380984852391	-20.64906212639969	0	0.9399999999999999	0	0	0	0	0	0	0	0	0	-0.242864307292291	0.4251206177357298	-0.6981317	0	-2.652122262322169e-07	0	0	0	0	0	0	0	0	0	0	0	0	0	0	0	0	0	0	0	0
50.16	13.61770965315666	1.969365167096753	-20.63898615368834	0	0.9399999999999999	0	0	0	0	0	0	0	0	0	-0.247660825262469	0.5008860826812228	-0.6981317	0	-3.593893675854219e-07	0	0	0	0	0	0	0	0	0	0	0	0	0	0	0	0	0	0	0	0
50.18000000000001	13.64585156112525	2.009091721136569	-20.6570872876787	0	0.9399999999999999	0	0	0	0	0	0	0	0	0	-0.2029877159371387	0.5202950850900327	-0.6981317	0	-4.624139762832545e-08	0	0	0	0	0	0	0	0	0	0	0	0	0	0	0	0	0	0	0	0
50.2	13.70019568951226	2.050633887987547	-20.7311948250902	0	0.9399999999999999	0	0	0	0	0	0	0	0	0	-0.1118126521703639	0.52359878	-0.6981317	0	2.692031283957573e-07	0	0	0	0	0	0	0	0	0	0	0	0	0	0	0	0	0	0	0	0
50.22000000000001	13.71545054081926	2.040169042033272	-20.76336766625808	0	0.9399999999999999	0	0	0	0	0	0	0	0	0	-0.0927444441175211	0.52359878	-0.6981317	0	-5.937976847896379e-07	0	0	0	0	0	0	0	0	0	0	0	0	0	0	0	0	0	0	0	0
50.24	13.71545068038321	2.040169030428888	-20.76336669486349	0	0.9399999999999999	0	0	0	0	0	0	0	0	0	-0.09274380365841159	0.52359878	-0.6981317	0	-2.742238928937117e-07	0	0	0	0	0	0	0	0	0	0	0	0	0	0	0	0	0	0	0	0
50.26000000000001	13.72073400427369	2.022060149942376	-20.76173909427851	0	0.9399999999999999	0	0	0	0	0	0	0	0	0	-0.1001430145884101	0.52359878	-0.6981317	0	-2.998793162466336e-07	0	0	0	0	0	0	0	0	0	0	0	0	0	0	0	0	0	0	0	0
50.28	13.72073400254044	2.022060401834659	-20.76173844480625	0	0.9399999999999999	0	0	0	0	0	0	0	0	0	-0.1001433529956802	0.52359878	-0.6981317	0	-1.922685416335032e-07	0	0	0	0	0	0	0	0	0	0	0	0	0	0	0	0	0	0	0	0
50.3	13.69381361951835	2.011763955918223	-20.717939066048	0	0.9399999999999999	0	0	0	0	0	0	0	0	0	-0.1169954682667636	0.52359878	-0.6981317	0	3.670166625369856e-08	0	0	0	0	0	0	0	0	0	0	0	0	0	0	0	0	0	0	0	0
50.32000000000001	13.66918442360462	1.98844651355812	-20.69975469877688	0	0.9399999999999999	0	0	0	0	0	0	0	0	0	-0.1428785282188434	0.52359878	-0.6981317	0	-9.064877773893156e-07	0	0	0	0	0	0	0	0	0	0	0	0	0	0	0	0	0	0	0	0
50.34	13.5373278324792	1.932779699021187	-20.57334984834882	0	0.9399999999999999	0	0	0	0	0	0	0	0	0	-0.2110725881149174	0.52359878	-0.6981317	0	-1.592969715129085e-07	0	0	0	0	0	0	0	0	0	0	0	0	0	0	0	0	0	0	0	0
50.36000000000001	13.35117902797749	1.925459992376835	-20.33158659843998	0	0.9399999999999999	0	0	0	0	0	0	0	0	0	-0.2517495327321522	0.52359878	-0.6981317	0	-4.210610641379307e-08	0	0	0	0	0	0	0	0	0	0	0	0	0	0	0	0	0	0	0	0
50.38	13.35117902797749	1.925459992376835	-20.33158659843998	0	0.9399999999999999	0	0	0	0	0	0	0	0	0	-0.2517495327321522	0.52359878	-0.6981317	0	-4.210610641379307e-08	0	0	0	0	0	0	0	0	0	0	0	0	0	0	0	0	0	0	0	0
50.40000000000001	13.35887233965601	1.941367632123796	-20.29906219707269	0	0.9399999999999999	0	0	0	0	0	0	0	0	0	-0.2241169602026067	0.4588567781863911	-0.6981317	0	-7.832015925542027e-08	0	0	0	0	0	0	0	0	0	0	0	0	0	0	0	0	0	0	0	0
50.42	13.56721147918171	1.981849449669572	-20.50074805859832	0	0.9399999999999999	0	0	0	0	0	0	0	0	0	-0.130021827956019	0.3247565809622207	-0.6981317	0	-1.458376911256572e-07	0	0	0	0	0	0	0	0	0	0	0	0	0	0	0	0	0	0	0	0
50.44	13.82795036416592	2.011550072126181	-20.65210056741275	0	0.9399999999999999	0	0	0	0	0	0	0	0	0	-0.03599417759154075	0.02832425551555515	-0.6981317	0	-4.414629879290835e-07	0	0	0	0	0	0	0	0	0	0	0	0	0	0	0	0	0	0	0	0
50.46	13.82795036416592	2.011550072126181	-20.65210056741275	0	0.9399999999999999	0	0	0	0	0	0	0	0	0	-0.03599417759154075	0.02832425551555515	-0.6981317	0	-4.414629879290835e-07	0	0	0	0	0	0	0	0	0	0	0	0	0	0	0	0	0	0	0	0
50.48	14.15026331033536	1.929250270262989	-20.9405145465115	0	0.9399999999999999	0	0	0	0	0	0	0	0	0	-0.09791088658673733	-0.1568910937484723	-0.6981317	0	5.886395875749463e-08	0	0	0	0	0	0	0	0	0	0	0	0	0	0	0	0	0	0	0	0
50.50000000000001	14.35191369943784	1.902699467399305	-21.16321141245739	0	0.9399999999999999	0	0	0	0	0	0	0	0	0	-0.09330253074286976	-0.2836601183473898	-0.6981317	0	1.695703541679512e-07	0	0	0	0	0	0	0	0	0	0	0	0	0	0	0	0	0	0	0	0
50.52	14.40737205121965	1.933702706665915	-21.23993520095774	0	0.9399999999999999	0	0	0	0	0	0	0	0	0	-0.02371730751421459	-0.3961059125963647	-0.6981317	0	-1.175644379413331e-08	0	0	0	0	0	0	0	0	0	0	0	0	0	0	0	0	0	0	0	0
50.54000000000001	14.24124201032723	2.077475417686935	-21.12152917348191	0	0.9399999999999999	0	0	0	0	0	0	0	0	0	0.2745359923931106	-0.6055162846786596	-0.6981317	0	6.932182749071493e-09	0	0	0	0	0	0	0	0	0	0	0	0	0	0	0	0	0	0	0	0
50.56	14.24124201032723	2.077475417686935	-21.12152917348191	0	0.9399999999999999	0	0	0	0	0	0	0	0	0	0.2745359923931106	-0.6055162846786596	-0.6981317	0	6.932182749071493e-09	0	0	0	0	0	0	0	0	0	0	0	0	0	0	0	0	0	0	0	0
50.58000000000001	14.21836241600871	2.089627960033238	-21.15384744593297	0	0.9399999999999999	0	0	0	0	0	0	0	0	0	0.3724987882223843	-0.7346426256913891	-0.6981317	0	7.374267725429236e-08	0	0	0	0	0	0	0	0	0	0	0	0	0	0	0	0	0	0	0	0
50.6	14.22042245099925	2.056983168934412	-21.17430327057837	0	0.9399999999999999	0	0	0	0	0	0	0	0	0	0.3802087356046517	-0.766531170925871	-0.6981317	0	-8.18804141430014e-07	0	0	0	0	0	0	0	0	0	0	0	0	0	0	0	0	0	0	0	0
50.62	14.22042253885813	2.056983305666548	-21.17430301020307	0	0.9399999999999999	0	0	0	0	0	0	0	0	0	0.38020867173224	-0.7665314588188624	-0.6981317	0	1.406698166106275e-07	0	0	0	0	0	0	0	0	0	0	0	0	0	0	0	0	0	0	0	0
50.64000000000001	14.20103725068132	1.992542385738282	-21.18340021443911	0	0.9399999999999999	0	0	0	0	0	0	0	0	0	0.4154610073725574	-0.7957453186883703	-0.6981317	0	-1.851466149223128e-06	0	0	0	0	0	0	0	0	0	0	0	0	0	0	0	0	0	0	0	0
50.66	14.20103725068132	1.992542385738282	-21.18340021443911	0	0.9399999999999999	0	0	0	0	0	0	0	0	0	0.4154610073725574	-0.7957453186883703	-0.6981317	0	-1.851466149223128e-06	0	0	0	0	0	0	0	0	0	0	0	0	0	0	0	0	0	0	0	0
50.68000000000001	14.13732067354645	1.98266300459335	-21.13242706070049	0	0.9399999999999999	0	0	0	0	0	0	0	0	0	0.4646856127039024	-0.8001014976487655	-0.6981317	0	-1.260217159709958e-07	0	0	0	0	0	0	0	0	0	0	0	0	0	0	0	0	0	0	0	0
50.7	14.0268391981991	1.974241809187427	-21.03454503724054	0	0.9399999999999999	0	0	0	0	0	0	0	0	0	0.5564894915133036	-0.7881367897023567	-0.6981317	0	5.734367998523384e-07	0	0	0	0	0	0	0	0	0	0	0	0	0	0	0	0	0	0	0	0
50.72000000000001	13.99180383787951	1.969160734207623	-21.00430826058153	0	0.9399999999999999	0	0	0	0	0	0	0	0	0	0.6044370504857393	-0.7921466665688681	-0.6981317	0	1.754596854141723e-07	0	0	0	0	0	0	0	0	0	0	0	0	0	0	0	0	0	0	0	0
50.74	13.94544701453846	1.961972645291949	-20.9607774563889	0	0.9399999999999999	0	0	0	0	0	0	0	0	0	0.6356655910942597	-0.7765710786183329	-0.6981317	0	-5.803640111432629e-08	0	0	0	0	0	0	0	0	0	0	0	0	0	0	0	0	0	0	0	0
50.76000000000001	13.93745312381195	1.959483877253575	-20.95069304838808	0	0.9399999999999999	0	0	0	0	0	0	0	0	0	0.6165329320598129	-0.7514011826803472	-0.6981317	0	-8.148824422709048e-08	0	0	0	0	0	0	0	0	0	0	0	0	0	0	0	0	0	0	0	0
50.78	13.85249492954094	1.954201765181678	-20.86002123891904	0	0.9399999999999999	0	0	0	0	0	0	0	0	0	0.6837206213902232	-0.707535621819153	-0.6981317	0	-8.675684192372278e-07	0	0	0	0	0	0	0	0	0	0	0	0	0	0	0	0	0	0	0	0
50.8	13.85249492954094	1.954201765181678	-20.86002123891904	0	0.9399999999999999	0	0	0	0	0	0	0	0	0	0.6837206213902232	-0.707535621819153	-0.6981317	0	-8.675684192372278e-07	0	0	0	0	0	0	0	0	0	0	0	0	0	0	0	0	0	0	0	0
50.82000000000001	13.85359690691909	1.974715206716002	-20.85230203336943	0	0.9399999999999999	0	0	0	0	0	0	0	0	0	0.7506149058641295	-0.7053138074698405	-0.6981317	0	4.208759383550587e-08	0	0	0	0	0	0	0	0	0	0	0	0	0	0	0	0	0	0	0	0
50.84	13.85359567947077	1.974716004414324	-20.85230434312548	0	0.9399999999999999	0	0	0	0	0	0	0	0	0	0.7506144861755274	-0.7053133488353145	-0.6981317	0	-1.763873154822382e-07	0	0	0	0	0	0	0	0	0	0	0	0	0	0	0	0	0	0	0	0
50.86000000000001	13.92358598489263	2.019613129204864	-20.9305273580439	0	0.9399999999999999	0	0	0	0	0	0	0	0	0	0.8370294791245202	-0.7675620120816466	-0.6981317	0	2.707604300761271e-07	0	0	0	0	0	0	0	0	0	0	0	0	0	0	0	0	0	0	0	0
50.88	13.92358606356534	2.019612970229816	-20.93052692647405	0	0.9399999999999999	0	0	0	0	0	0	0	0	0	0.8370301562182973	-0.7675623417199487	-0.6981317	0	-3.708506869877032e-07	0	0	0	0	0	0	0	0	0	0	0	0	0	0	0	0	0	0	0	0
50.90000000000001	13.95020840634131	2.033211798203408	-20.96304294805541	0	0.9399999999999999	0	0	0	0	0	0	0	0	0	0.8701510545659182	-0.8023465480249888	-0.6981317	0	-6.141535854844138e-07	0	0	0	0	0	0	0	0	0	0	0	0	0	0	0	0	0	0	0	0
50.92	13.96642416520346	2.046442679401829	-20.9740457315249	0	0.9399999999999999	0	0	0	0	0	0	0	0	0	0.9068165978271365	-0.8241794698729504	-0.6981317	0	-2.398010860051596e-07	0	0	0	0	0	0	0	0	0	0	0	0	0	0	0	0	0	0	0	0
50.94	13.98641546304394	2.064067794776147	-20.98518869936807	0	0.9399999999999999	0	0	0	0	0	0	0	0	0	0.9439685953816813	-0.8496076338294176	-0.6981317	0	-1.957619758690218e-07	0	0	0	0	0	0	0	0	0	0	0	0	0	0	0	0	0	0	0	0
50.96	14.01117660472599	2.082617562222474	-20.99876736071964	0	0.9399999999999999	0	0	0	0	0	0	0	0	0	0.9754360026416941	-0.8726646300000001	-0.6981317	0	-2.145421107033519e-07	0	0	0	0	0	0	0	0	0	0	0	0	0	0	0	0	0	0	0	0
50.98	14.02365691969523	2.095767471881648	-20.98860944786258	0	0.9399999999999999	0	0	0	0	0	0	0	0	0	0.9927588991182354	-0.8726646300000001	-0.6981317	0	-4.858166835677377e-07	0	0	0	0	0	0	0	0	0	0	0	0	0	0	0	0	0	0	0	0
51.00000000000001	14.01384638125024	2.10180570674726	-20.95327008505051	0	0.9399999999999999	0	0	0	0	0	0	0	0	0	0.9793073266271515	-0.8726646300000001	-0.6981317	0	-2.737798685063321e-07	0	0	0	0	0	0	0	0	0	0	0	0	0	0	0	0	0	0	0	0
51.02	13.97578851896735	2.101288930177557	-20.89127373572088	0	0.9399999999999999	0	0	0	0	0	0	0	0	0	0.9453550925707576	-0.8726646300000001	-0.6981317	0	-2.040289119894162e-08	0	0	0	0	0	0	0	0	0	0	0	0	0	0	0	0	0	0	0	0
51.04000000000001	13.92760003787577	2.101148846015296	-20.82392649977529	0	0.9399999999999999	0	0	0	0	0	0	0	0	0	0.9037606088050368	-0.8726646300000001	-0.6981317	0	1.652574272234818e-08	0	0	0	0	0	0	0	0	0	0	0	0	0	0	0	0	0	0	0	0
51.06	13.87806893694754	2.099927672963241	-20.76073672965213	0	0.9399999999999999	0	0	0	0	0	0	0	0	0	0.8534416798350656	-0.8726646300000001	-0.6981317	0	-3.105628818142281e-07	0	0	0	0	0	0	0	0	0	0	0	0	0	0	0	0	0	0	0	0
51.08000000000001	13.73522858132631	2.088360101206878	-20.61013222680238	0	0.9399999999999999	0	0	0	0	0	0	0	0	0	0.7171558918285831	-0.8726646300000001	-0.6981317	0	-1.238518796093043e-08	0	0	0	0	0	0	0	0	0	0	0	0	0	0	0	0	0	0	0	0
51.1	13.65866843544291	2.082618101249597	-20.53800666064883	0	0.9399999999999999	0	0	0	0	0	0	0	0	0	0.649341891415913	-0.8726646300000001	-0.6981317	0	-4.715565583239673e-07	0	0	0	0	0	0	0	0	0	0	0	0	0	0	0	0	0	0	0	0
51.12	13.58787869458849	2.081355185156895	-20.47946452729781	0	0.9399999999999999	0	0	0	0	0	0	0	0	0	0.5853357382775762	-0.8726646300000001	-0.6981317	0	1.262215166498667e-06	0	0	0	0	0	0	0	0	0	0	0	0	0	0	0	0	0	0	0	0
51.14000000000001	13.58787580243182	2.081352902170226	-20.47946345823219	0	0.9399999999999999	0	0	0	0	0	0	0	0	0	0.5853329419767209	-0.8726646300000001	-0.6981317	0	1.334363780383181e-06	0	0	0	0	0	0	0	0	0	0	0	0	0	0	0	0	0	0	0	0
51.16	13.45433784096912	2.010451427238131	-20.36525479541393	0	0.9399999999999999	0	0	0	0	0	0	0	0	0	0.3936018790088494	-0.8360682489916451	-0.6981317	0	-5.901703770671874e-07	0	0	0	0	0	0	0	0	0	0	0	0	0	0	0	0	0	0	0	0
51.18000000000001	13.3190444220484	1.963288927520024	-20.23661906763247	0	0.9399999999999999	0	0	0	0	0	0	0	0	0	0.290828772143266	-0.7928031253664314	-0.6981317	0	-1.476928804669293e-08	0	0	0	0	0	0	0	0	0	0	0	0	0	0	0	0	0	0	0	0
51.2	13.3190444220484	1.963288927520024	-20.23661906763247	0	0.9399999999999999	0	0	0	0	0	0	0	0	0	0.290828772143266	-0.7928031253664314	-0.6981317	0	-1.476928804669293e-08	0	0	0	0	0	0	0	0	0	0	0	0	0	0	0	0	0	0	0	0
51.22000000000001	13.14696249513599	1.920091642571094	-20.06895295763644	0	0.9399999999999999	0	0	0	0	0	0	0	0	0	0.1787129018377302	-0.7436094460361787	-0.6981317	0	-9.308902323672014e-08	0	0	0	0	0	0	0	0	0	0	0	0	0	0	0	0	0	0	0	0
51.24	12.99035430012552	1.895183431599774	-19.9105990717206	0	0.9399999999999999	0	0	0	0	0	0	0	0	0	0.07326430719384645	-0.6898644295867599	-0.6981317	0	2.571711407193767e-08	0	0	0	0	0	0	0	0	0	0	0	0	0	0	0	0	0	0	0	0
51.26000000000001	13.01674758000161	1.933269370272997	-19.93460978615296	0	0.9399999999999999	0	0	0	0	0	0	0	0	0	-0.02548592125796768	-0.6336123239101713	-0.6981317	0	7.656468750948984e-08	0	0	0	0	0	0	0	0	0	0	0	0	0	0	0	0	0	0	0	0
51.28	13.04571512119184	1.937849263539573	-19.95662070781176	0	0.9399999999999999	0	0	0	0	0	0	0	0	0	-0.08357824141851219	-0.6067835023457164	-0.6981317	0	1.449281014818132e-08	0	0	0	0	0	0	0	0	0	0	0	0	0	0	0	0	0	0	0	0
51.3	13.04288573442538	1.93208454091582	-19.93969486396829	0	0.9399999999999999	0	0	0	0	0	0	0	0	0	-0.1480091124649043	-0.5701831606964706	-0.6981317	0	-6.410779135383262e-07	0	0	0	0	0	0	0	0	0	0	0	0	0	0	0	0	0	0	0	0
51.32000000000001	13.04288573442538	1.93208454091582	-19.93969486396829	0	0.9399999999999999	0	0	0	0	0	0	0	0	0	-0.1480091124649043	-0.5701831606964706	-0.6981317	0	-6.410779135383262e-07	0	0	0	0	0	0	0	0	0	0	0	0	0	0	0	0	0	0	0	0
51.34	13.01457372207004	1.914601600653902	-19.83791355774791	0	0.9399999999999999	0	0	0	0	0	0	0	0	0	-0.2188526028363428	-0.4729982288798273	-0.6981317	0	1.438225475013537e-07	0	0	0	0	0	0	0	0	0	0	0	0	0	0	0	0	0	0	0	0
51.36000000000001	12.99973948948449	1.903029195848559	-19.77438696573163	0	0.9399999999999999	0	0	0	0	0	0	0	0	0	-0.2387290534051416	-0.4179783063511371	-0.6981317	0	6.464128010393314e-07	0	0	0	0	0	0	0	0	0	0	0	0	0	0	0	0	0	0	0	0
51.38	12.99973948948449	1.903029195848559	-19.77438696573163	0	0.9399999999999999	0	0	0	0	0	0	0	0	0	-0.2387290534051416	-0.4179783063511371	-0.6981317	0	6.464128010393314e-07	0	0	0	0	0	0	0	0	0	0	0	0	0	0	0	0	0	0	0	0
51.40000000000001	13.02149744832158	1.88799981723197	-19.69236710885032	0	0.9399999999999999	0	0	0	0	0	0	0	0	0	-0.2533196838174446	-0.2891062689507121	-0.6981317	0	-3.899470855698582e-08	0	0	0	0	0	0	0	0	0	0	0	0	0	0	0	0	0	0	0	0
51.42	13.05333614284533	1.884849163786803	-19.68008856300886	0	0.9399999999999999	0	0	0	0	0	0	0	0	0	-0.2594702694377513	-0.2091598725541887	-0.6981317	0	8.772714354487002e-06	0	0	0	0	0	0	0	0	0	0	0	0	0	0	0	0	0	0	0	0
51.44	13.05335961143324	1.884850317257758	-19.68011184782984	0	0.9399999999999999	0	0	0	0	0	0	0	0	0	-0.2594651216450702	-0.2091655957515907	-0.6981317	0	9.583782295479157e-06	0	0	0	0	0	0	0	0	0	0	0	0	0	0	0	0	0	0	0	0
51.46	13.09516359794822	1.88536428699898	-19.68898228955323	0	0.9399999999999999	0	0	0	0	0	0	0	0	0	-0.2711015625366808	-0.1180344912130026	-0.6981317	0	-3.128900754565348e-07	0	0	0	0	0	0	0	0	0	0	0	0	0	0	0	0	0	0	0	0
51.48	13.13944857217361	1.88896358170248	-19.71584455800935	0	0.9399999999999999	0	0	0	0	0	0	0	0	0	-0.287512765152041	-0.01716187323753011	-0.6981317	0	-1.971789938800985e-07	0	0	0	0	0	0	0	0	0	0	0	0	0	0	0	0	0	0	0	0
51.50000000000001	13.22574331231676	1.893569944755438	-19.82220475037941	0	0.9399999999999999	0	0	0	0	0	0	0	0	0	-0.3321944613811844	0.1849175534478744	-0.6981317	0	-2.250027485121516e-07	0	0	0	0	0	0	0	0	0	0	0	0	0	0	0	0	0	0	0	0
51.52	13.22574331231676	1.893569944755438	-19.82220475037941	0	0.9399999999999999	0	0	0	0	0	0	0	0	0	-0.3321944613811844	0.1849175534478744	-0.6981317	0	-2.250027485121516e-07	0	0	0	0	0	0	0	0	0	0	0	0	0	0	0	0	0	0	0	0
51.54000000000001	13.38162533895471	1.876394137263877	-20.03841354467073	0	0.9399999999999999	0	0	0	0	0	0	0	0	0	-0.3326712291761817	0.3431772020696173	-0.6981317	0	-1.319227859529378e-07	0	0	0	0	0	0	0	0	0	0	0	0	0	0	0	0	0	0	0	0
51.56	13.46247166542527	1.866992504255665	-20.14973270499483	0	0.9399999999999999	0	0	0	0	0	0	0	0	0	-0.3162448322488888	0.4131764617780577	-0.6981317	0	-1.824655217546802e-07	0	0	0	0	0	0	0	0	0	0	0	0	0	0	0	0	0	0	0	0
51.58000000000001	13.51872608825973	1.874490428544202	-20.22853743601607	0	0.9399999999999999	0	0	0	0	0	0	0	0	0	-0.2934174359413367	0.4922263105290693	-0.6981317	0	2.308595884373813e-08	0	0	0	0	0	0	0	0	0	0	0	0	0	0	0	0	0	0	0	0
51.6	13.66242203080143	1.90456095908616	-20.36479927657193	0	0.9399999999999999	0	0	0	0	0	0	0	0	0	-0.2422141215936246	0.52359878	-0.6981317	0	1.842216137480493e-07	0	0	0	0	0	0	0	0	0	0	0	0	0	0	0	0	0	0	0	0
51.62	13.66242235065632	1.904560949530519	-20.36479896359512	0	0.9399999999999999	0	0	0	0	0	0	0	0	0	-0.2422141902546696	0.52359878	-0.6981317	0	-1.78572637575868e-07	0	0	0	0	0	0	0	0	0	0	0	0	0	0	0	0	0	0	0	0
51.64000000000001	13.79658744740773	1.951299742447419	-20.47474041473486	0	0.9399999999999999	0	0	0	0	0	0	0	0	0	-0.1802295782375633	0.52359878	-0.6981317	0	1.69383845802126e-06	0	0	0	0	0	0	0	0	0	0	0	0	0	0	0	0	0	0	0	0
51.66	13.86445856266115	1.997004873456774	-20.52212853772286	0	0.9399999999999999	0	0	0	0	0	0	0	0	0	-0.125883067816882	0.52359878	-0.6981317	0	-3.097051032840734e-08	0	0	0	0	0	0	0	0	0	0	0	0	0	0	0	0	0	0	0	0
51.68000000000001	13.90256381144553	2.026127281382269	-20.55974819458023	0	0.9399999999999999	0	0	0	0	0	0	0	0	0	-0.07719721968541583	0.52359878	-0.6981317	0	2.336068638689565e-07	0	0	0	0	0	0	0	0	0	0	0	0	0	0	0	0	0	0	0	0
51.7	13.93109454072213	2.02778112955095	-20.60226305028316	0	0.9399999999999999	0	0	0	0	0	0	0	0	0	-0.04233827941101755	0.52359878	-0.6981317	0	-8.436397979279666e-09	0	0	0	0	0	0	0	0	0	0	0	0	0	0	0	0	0	0	0	0
51.72000000000001	13.94749215856947	2.027865551664429	-20.62979035896929	0	0.9399999999999999	0	0	0	0	0	0	0	0	0	-0.0310143653598429	0.52359878	-0.6981317	0	-6.970234885707858e-07	0	0	0	0	0	0	0	0	0	0	0	0	0	0	0	0	0	0	0	0
51.74	14.00384531006241	2.05940504857453	-20.6814431995844	0	0.9399999999999999	0	0	0	0	0	0	0	0	0	-0.02117021705806795	0.52359878	-0.6981317	0	2.138253325968711e-07	0	0	0	0	0	0	0	0	0	0	0	0	0	0	0	0	0	0	0	0
51.76000000000001	13.97792271597749	2.060672028610126	-20.64589657416757	0	0.9399999999999999	0	0	0	0	0	0	0	0	0	-0.02767650614579146	0.52359878	-0.6981317	0	-6.55297329690524e-08	0	0	0	0	0	0	0	0	0	0	0	0	0	0	0	0	0	0	0	0
51.78	13.97792271597749	2.060672028610126	-20.64589657416757	0	0.9399999999999999	0	0	0	0	0	0	0	0	0	-0.02767650614579146	0.52359878	-0.6981317	0	-6.55297329690524e-08	0	0	0	0	0	0	0	0	0	0	0	0	0	0	0	0	0	0	0	0
51.8	13.92824716953733	2.039755467756641	-20.61334783165765	0	0.9399999999999999	0	0	0	0	0	0	0	0	0	-0.05748809131974181	0.52359878	-0.6981317	0	1.027479567409731e-06	0	0	0	0	0	0	0	0	0	0	0	0	0	0	0	0	0	0	0	0
51.82000000000001	13.86827517821047	1.999251927610348	-20.57937218050862	0	0.9399999999999999	0	0	0	0	0	0	0	0	0	-0.1025791507248147	0.52359878	-0.6981317	0	-2.238997966707758e-09	0	0	0	0	0	0	0	0	0	0	0	0	0	0	0	0	0	0	0	0
51.84	13.82135362218197	1.994241522642435	-20.54860985284503	0	0.9399999999999999	0	0	0	0	0	0	0	0	0	-0.1049879805319494	0.52359878	-0.6981317	0	-3.906160054260596e-07	0	0	0	0	0	0	0	0	0	0	0	0	0	0	0	0	0	0	0	0
51.86000000000001	13.67979626712354	2.037933219275625	-20.36026931706242	0	0.9399999999999999	0	0	0	0	0	0	0	0	0	-0.05831072691687356	0.52359878	-0.6981317	0	6.584462395877528e-08	0	0	0	0	0	0	0	0	0	0	0	0	0	0	0	0	0	0	0	0
51.88	13.67979626712354	2.037933219275625	-20.36026931706242	0	0.9399999999999999	0	0	0	0	0	0	0	0	0	-0.05831072691687356	0.52359878	-0.6981317	0	6.584462395877528e-08	0	0	0	0	0	0	0	0	0	0	0	0	0	0	0	0	0	0	0	0
51.90000000000001	13.77999399631419	2.034888091135762	-20.38596729187136	0	0.9399999999999999	0	0	0	0	0	0	0	0	0	-0.04453547544471707	0.3720928281046282	-0.6981317	0	1.090091632580033e-07	0	0	0	0	0	0	0	0	0	0	0	0	0	0	0	0	0	0	0	0
51.92	13.77999399631419	2.034888091135762	-20.38596729187136	0	0.9399999999999999	0	0	0	0	0	0	0	0	0	-0.04453547544471707	0.3720928281046282	-0.6981317	0	1.090091632580033e-07	0	0	0	0	0	0	0	0	0	0	0	0	0	0	0	0	0	0	0	0
51.94	13.8835551926731	1.944502184917366	-20.37177483788335	0	0.9399999999999999	0	0	0	0	0	0	0	0	0	-0.1420890873878969	0.1776187716949453	-0.6981317	0	-5.304992510464362e-08	0	0	0	0	0	0	0	0	0	0	0	0	0	0	0	0	0	0	0	0
51.96	13.8835551926731	1.944502184917366	-20.37177483788335	0	0.9399999999999999	0	0	0	0	0	0	0	0	0	-0.1420890873878969	0.1776187716949453	-0.6981317	0	-5.304992510464362e-08	0	0	0	0	0	0	0	0	0	0	0	0	0	0	0	0	0	0	0	0
51.98	14.04125773231663	1.883778680130842	-20.52413850275131	0	0.9399999999999999	0	0	0	0	0	0	0	0	0	-0.1683902387318656	0.03129829126265831	-0.6981317	0	3.285639671042765e-08	0	0	0	0	0	0	0	0	0	0	0	0	0	0	0	0	0	0	0	0
52.00000000000001	14.28074762908505	1.819074102420023	-20.77185732001588	0	0.9399999999999999	0	0	0	0	0	0	0	0	0	-0.1830202251698315	-0.1045569740471428	-0.6981317	0	6.142038085160235e-08	0	0	0	0	0	0	0	0	0	0	0	0	0	0	0	0	0	0	0	0
52.02	14.38257558724616	1.832537167405028	-20.87549998113042	0	0.9399999999999999	0	0	0	0	0	0	0	0	0	-0.1229758274001123	-0.2119236308875143	-0.6981317	0	3.298305213458416e-07	0	0	0	0	0	0	0	0	0	0	0	0	0	0	0	0	0	0	0	0
52.04000000000001	14.2849324923968	1.958670209142493	-20.75812982774728	0	0.9399999999999999	0	0	0	0	0	0	0	0	0	0.07684534570148838	-0.2938860624484276	-0.6981317	0	1.17820379081243e-07	0	0	0	0	0	0	0	0	0	0	0	0	0	0	0	0	0	0	0	0
52.06	14.36704863377465	1.961270931893012	-20.84836201811524	0	0.9399999999999999	0	0	0	0	0	0	0	0	0	0.1741815169054915	-0.4385654301002223	-0.6981317	0	6.861446976861622e-07	0	0	0	0	0	0	0	0	0	0	0	0	0	0	0	0	0	0	0	0
52.08000000000001	14.36704863377465	1.961270931893012	-20.84836201811524	0	0.9399999999999999	0	0	0	0	0	0	0	0	0	0.1741815169054915	-0.4385654301002223	-0.6981317	0	6.861446976861622e-07	0	0	0	0	0	0	0	0	0	0	0	0	0	0	0	0	0	0	0	0
52.1	14.43296173914193	1.91556602735077	-20.9161985710245	0	0.9399999999999999	0	0	0	0	0	0	0	0	0	0.2170426308414287	-0.5237189289346075	-0.6981317	0	3.418061874051218e-07	0	0	0	0	0	0	0	0	0	0	0	0	0	0	0	0	0	0	0	0
52.12	14.43296173914193	1.91556602735077	-20.9161985710245	0	0.9399999999999999	0	0	0	0	0	0	0	0	0	0.2170426308414287	-0.5237189289346075	-0.6981317	0	3.418061874051218e-07	0	0	0	0	0	0	0	0	0	0	0	0	0	0	0	0	0	0	0	0
52.14000000000001	14.41219818167367	1.905178740104008	-20.90066757104644	0	0.9399999999999999	0	0	0	0	0	0	0	0	0	0.2582393560368305	-0.5483778332099908	-0.6981317	0	2.679640255786714e-07	0	0	0	0	0	0	0	0	0	0	0	0	0	0	0	0	0	0	0	0
52.16	14.35746726839508	1.904474947674784	-20.85057252501479	0	0.9399999999999999	0	0	0	0	0	0	0	0	0	0.3097860944661197	-0.562054597711131	-0.6981317	0	8.300972758745665e-08	0	0	0	0	0	0	0	0	0	0	0	0	0	0	0	0	0	0	0	0
52.18000000000001	14.30622398235031	1.903233388454019	-20.80302443312516	0	0.9399999999999999	0	0	0	0	0	0	0	0	0	0.3554742910934263	-0.5708142168907536	-0.6981317	0	-1.355765850906309e-08	0	0	0	0	0	0	0	0	0	0	0	0	0	0	0	0	0	0	0	0
52.2	14.24171627237714	1.889243368111103	-20.74399352362846	0	0.9399999999999999	0	0	0	0	0	0	0	0	0	0.4163595979532266	-0.5806531864457175	-0.6981317	0	3.84662928334657e-07	0	0	0	0	0	0	0	0	0	0	0	0	0	0	0	0	0	0	0	0
52.22000000000001	14.24171598162126	1.889243069199828	-20.74399383753613	0	0.9399999999999999	0	0	0	0	0	0	0	0	0	0.4163598966770891	-0.5806531030242468	-0.6981317	0	-2.547759869051045e-07	0	0	0	0	0	0	0	0	0	0	0	0	0	0	0	0	0	0	0	0
52.24	14.20517624533348	1.881757990941724	-20.70995507800847	0	0.9399999999999999	0	0	0	0	0	0	0	0	0	0.4381952773333755	-0.5781855279187164	-0.6981317	0	-1.123719850066728e-07	0	0	0	0	0	0	0	0	0	0	0	0	0	0	0	0	0	0	0	0
52.26000000000001	14.15490986365473	1.87957615395359	-20.66322064490665	0	0.9399999999999999	0	0	0	0	0	0	0	0	0	0.4596758027626316	-0.5692707849379858	-0.6981317	0	1.702580131422758e-06	0	0	0	0	0	0	0	0	0	0	0	0	0	0	0	0	0	0	0	0
52.28	14.0969052625093	1.8824028907214	-20.60992112982185	0	0.9399999999999999	0	0	0	0	0	0	0	0	0	0.4808948978103159	-0.5549077243418433	-0.6981317	0	2.015416983820216e-07	0	0	0	0	0	0	0	0	0	0	0	0	0	0	0	0	0	0	0	0
52.3	14.01034149654737	1.893017698520368	-20.52339760633191	0	0.9399999999999999	0	0	0	0	0	0	0	0	0	0.5326152358105731	-0.5206295880454879	-0.6981317	0	-2.640654350858445e-07	0	0	0	0	0	0	0	0	0	0	0	0	0	0	0	0	0	0	0	0
52.32000000000001	14.01034149654737	1.893017698520368	-20.52339760633191	0	0.9399999999999999	0	0	0	0	0	0	0	0	0	0.5326152358105731	-0.5206295880454879	-0.6981317	0	-2.640654350858445e-07	0	0	0	0	0	0	0	0	0	0	0	0	0	0	0	0	0	0	0	0
52.34	14.05544624098798	1.899270415438642	-20.56910681021463	0	0.9399999999999999	0	0	0	0	0	0	0	0	0	0.5546647156010199	-0.5320187328277061	-0.6981317	0	-1.196202439924368e-06	0	0	0	0	0	0	0	0	0	0	0	0	0	0	0	0	0	0	0	0
52.36000000000001	14.05427711934657	1.9147822291787	-20.56386853079195	0	0.9399999999999999	0	0	0	0	0	0	0	0	0	0.5827436496066936	-0.5320075098225383	-0.6981317	0	-7.463368119152425e-06	0	0	0	0	0	0	0	0	0	0	0	0	0	0	0	0	0	0	0	0
52.38	14.10506298447424	1.927062093199702	-20.61272585790167	0	0.9399999999999999	0	0	0	0	0	0	0	0	0	0.6151240141480295	-0.5552628617207579	-0.6981317	0	-2.490854100995709e-07	0	0	0	0	0	0	0	0	0	0	0	0	0	0	0	0	0	0	0	0
52.40000000000001	14.2348332016024	1.939946507870067	-20.73820268490015	0	0.9399999999999999	0	0	0	0	0	0	0	0	0	0.6712256070194181	-0.6199873106496641	-0.6981317	0	5.4998349558824e-08	0	0	0	0	0	0	0	0	0	0	0	0	0	0	0	0	0	0	0	0
52.42	14.2348332016024	1.939946507870067	-20.73820268490015	0	0.9399999999999999	0	0	0	0	0	0	0	0	0	0.6712256070194181	-0.6199873106496641	-0.6981317	0	5.4998349558824e-08	0	0	0	0	0	0	0	0	0	0	0	0	0	0	0	0	0	0	0	0
52.44	14.35734237448683	1.996527659321099	-20.87832486933986	0	0.9399999999999999	0	0	0	0	0	0	0	0	0	0.732256621328034	-0.7158905984889938	-0.6981317	0	5.599742725085027e-07	0	0	0	0	0	0	0	0	0	0	0	0	0	0	0	0	0	0	0	0
52.46	14.35734237448683	1.996527659321099	-20.87832486933986	0	0.9399999999999999	0	0	0	0	0	0	0	0	0	0.732256621328034	-0.7158905984889938	-0.6981317	0	5.599742725085027e-07	0	0	0	0	0	0	0	0	0	0	0	0	0	0	0	0	0	0	0	0
52.48	14.4008136270452	2.035753700072133	-20.93325119344114	0	0.9399999999999999	0	0	0	0	0	0	0	0	0	0.7628868853227712	-0.7697748163115261	-0.6981317	0	3.10680100483945e-07	0	0	0	0	0	0	0	0	0	0	0	0	0	0	0	0	0	0	0	0
52.50000000000001	14.42117811450527	2.068950728742072	-20.96058683398998	0	0.9399999999999999	0	0	0	0	0	0	0	0	0	0.783439552529963	-0.8125978648072852	-0.6981317	0	-2.380474824227515e-08	0	0	0	0	0	0	0	0	0	0	0	0	0	0	0	0	0	0	0	0
52.52	14.36606839574197	2.093954481496628	-20.90784824392757	0	0.9399999999999999	0	0	0	0	0	0	0	0	0	0.7359707396801046	-0.8726646300000001	-0.6981317	0	2.624529352100092e-07	0	0	0	0	0	0	0	0	0	0	0	0	0	0	0	0	0	0	0	0
52.54000000000001	14.29406582748	2.086867727512254	-20.83215301038472	0	0.9399999999999999	0	0	0	0	0	0	0	0	0	0.6835463192147205	-0.8726646300000001	-0.6981317	0	-2.84060719627996e-08	0	0	0	0	0	0	0	0	0	0	0	0	0	0	0	0	0	0	0	0
52.56	14.29406582748	2.086867727512254	-20.83215301038472	0	0.9399999999999999	0	0	0	0	0	0	0	0	0	0.6835463192147205	-0.8726646300000001	-0.6981317	0	-2.84060719627996e-08	0	0	0	0	0	0	0	0	0	0	0	0	0	0	0	0	0	0	0	0
52.58000000000001	14.21728757219075	2.072341737667243	-20.7565938893248	0	0.9399999999999999	0	0	0	0	0	0	0	0	0	0.6161267273105285	-0.8726646300000001	-0.6981317	0	-8.987845936587808e-08	0	0	0	0	0	0	0	0	0	0	0	0	0	0	0	0	0	0	0	0
52.6	14.0705662660896	2.059431413540477	-20.6254111876333	0	0.9399999999999999	0	0	0	0	0	0	0	0	0	0.4832205314269251	-0.8726646300000001	-0.6981317	0	1.615023377637171e-07	0	0	0	0	0	0	0	0	0	0	0	0	0	0	0	0	0	0	0	0
52.62	14.0705662660896	2.059431413540477	-20.6254111876333	0	0.9399999999999999	0	0	0	0	0	0	0	0	0	0.4832205314269251	-0.8726646300000001	-0.6981317	0	1.615023377637171e-07	0	0	0	0	0	0	0	0	0	0	0	0	0	0	0	0	0	0	0	0
52.64000000000001	13.95589150540092	2.060597760816564	-20.51686376822543	0	0.9399999999999999	0	0	0	0	0	0	0	0	0	0.4319086386564737	-0.83327058465874	-0.6981317	0	3.787803635425692e-07	0	0	0	0	0	0	0	0	0	0	0	0	0	0	0	0	0	0	0	0
52.66	13.87755225975311	2.058456668244588	-20.45015232272488	0	0.9399999999999999	0	0	0	0	0	0	0	0	0	0.376738291096458	-0.8026082610317526	-0.6981317	0	-3.214642198272341e-07	0	0	0	0	0	0	0	0	0	0	0	0	0	0	0	0	0	0	0	0
52.68000000000001	13.6913843253991	1.961133796160442	-20.28108365775613	0	0.9399999999999999	0	0	0	0	0	0	0	0	0	0.1853494104881641	-0.7265811482030641	-0.6981317	0	9.013932964025513e-07	0	0	0	0	0	0	0	0	0	0	0	0	0	0	0	0	0	0	0	0
52.7	13.69138438580279	1.961133918550852	-20.28108350969783	0	0.9399999999999999	0	0	0	0	0	0	0	0	0	0.1853492035176544	-0.7265813999308243	-0.6981317	0	-1.119476621180286e-07	0	0	0	0	0	0	0	0	0	0	0	0	0	0	0	0	0	0	0	0
52.72000000000001	13.12886551179486	1.838653430600283	-19.73004133467999	0	0.9399999999999999	0	0	0	0	0	0	0	0	0	-0.07719871709135638	-0.5941202910738045	-0.6981317	0	-1.678808328133588e-07	0	0	0	0	0	0	0	0	0	0	0	0	0	0	0	0	0	0	0	0
52.74	12.9727268737019	1.843986591248009	-19.56798134137121	0	0.9399999999999999	0	0	0	0	0	0	0	0	0	-0.1499582528332195	-0.5412625266521572	-0.6981317	0	1.939307475539477e-07	0	0	0	0	0	0	0	0	0	0	0	0	0	0	0	0	0	0	0	0
52.76000000000001	12.9727268737019	1.843986591248009	-19.56798134137121	0	0.9399999999999999	0	0	0	0	0	0	0	0	0	-0.1499582528332195	-0.5412625266521572	-0.6981317	0	1.939307475539477e-07	0	0	0	0	0	0	0	0	0	0	0	0	0	0	0	0	0	0	0	0
52.78	13.03558015505666	1.876089389333923	-19.62155993426743	0	0.9399999999999999	0	0	0	0	0	0	0	0	0	-0.1663995379123817	-0.5044657076770451	-0.6981317	0	4.251247029264567e-07	0	0	0	0	0	0	0	0	0	0	0	0	0	0	0	0	0	0	0	0
52.8	13.12335089703144	1.899700434800643	-19.70053734012038	0	0.9399999999999999	0	0	0	0	0	0	0	0	0	-0.1832824992866466	-0.4777423266180534	-0.6981317	0	-2.556979952678043e-08	0	0	0	0	0	0	0	0	0	0	0	0	0	0	0	0	0	0	0	0
52.82000000000001	13.1251239575652	1.909914971442839	-19.68893480717992	0	0.9399999999999999	0	0	0	0	0	0	0	0	0	-0.2789918274982209	-0.3909955439515269	-0.6981317	0	-2.145283972209559e-07	0	0	0	0	0	0	0	0	0	0	0	0	0	0	0	0	0	0	0	0
52.84	13.07965844626488	1.90645507626968	-19.63088037224648	0	0.9399999999999999	0	0	0	0	0	0	0	0	0	-0.3360456318790787	-0.3310070575013967	-0.6981317	0	3.875570927789659e-07	0	0	0	0	0	0	0	0	0	0	0	0	0	0	0	0	0	0	0	0
52.86000000000001	13.03056166964122	1.902814405646027	-19.56137465551803	0	0.9399999999999999	0	0	0	0	0	0	0	0	0	-0.3903390201329764	-0.2676335634542011	-0.6981317	0	-2.35652352966344e-08	0	0	0	0	0	0	0	0	0	0	0	0	0	0	0	0	0	0	0	0
52.88	13.03056166964122	1.902814405646027	-19.56137465551803	0	0.9399999999999999	0	0	0	0	0	0	0	0	0	-0.3903390201329764	-0.2676335634542011	-0.6981317	0	-2.35652352966344e-08	0	0	0	0	0	0	0	0	0	0	0	0	0	0	0	0	0	0	0	0
52.90000000000001	12.95259606191142	1.903505720309215	-19.42404134757166	0	0.9399999999999999	0	0	0	0	0	0	0	0	0	-0.4831999263223026	-0.1233408543128765	-0.6981317	0	-1.276191413165965e-07	0	0	0	0	0	0	0	0	0	0	0	0	0	0	0	0	0	0	0	0
52.92	12.95259606191142	1.903505720309215	-19.42404134757166	0	0.9399999999999999	0	0	0	0	0	0	0	0	0	-0.4831999263223026	-0.1233408543128765	-0.6981317	0	-1.276191413165965e-07	0	0	0	0	0	0	0	0	0	0	0	0	0	0	0	0	0	0	0	0
52.94	12.92812269608037	1.907681361598908	-19.36526184845982	0	0.9399999999999999	0	0	0	0	0	0	0	0	0	-0.52359878	-0.03641346429385003	-0.6981317	0	4.27312331243272e-07	0	0	0	0	0	0	0	0	0	0	0	0	0	0	0	0	0	0	0	0
52.96	12.97950164655352	1.911794572323068	-19.37588974862994	0	0.9399999999999999	0	0	0	0	0	0	0	0	0	-0.52359878	0.04690330318731477	-0.6981317	0	-6.342928065041713e-08	0	0	0	0	0	0	0	0	0	0	0	0	0	0	0	0	0	0	0	0
52.98	13.09152198470935	1.901829807002529	-19.44409092803465	0	0.9399999999999999	0	0	0	0	0	0	0	0	0	-0.52359878	0.2234358182419902	-0.6981317	0	-7.015277135540451e-08	0	0	0	0	0	0	0	0	0	0	0	0	0	0	0	0	0	0	0	0
53.00000000000001	13.09152198470935	1.901829807002529	-19.44409092803465	0	0.9399999999999999	0	0	0	0	0	0	0	0	0	-0.52359878	0.2234358182419902	-0.6981317	0	-7.015277135540451e-08	0	0	0	0	0	0	0	0	0	0	0	0	0	0	0	0	0	0	0	0
53.02	13.15102062981206	1.889720931593277	-19.49808292768393	0	0.9399999999999999	0	0	0	0	0	0	0	0	0	-0.52359878	0.3063889950648676	-0.6981317	0	-5.122224853665811e-08	0	0	0	0	0	0	0	0	0	0	0	0	0	0	0	0	0	0	0	0
53.04000000000001	13.23984434062938	1.858120962108289	-19.5783672886072	0	0.9399999999999999	0	0	0	0	0	0	0	0	0	-0.52359878	0.3648893606666621	-0.6981317	0	-1.216246109634794e-08	0	0	0	0	0	0	0	0	0	0	0	0	0	0	0	0	0	0	0	0
53.06	13.32380346413156	1.824134237025933	-19.68844800660169	0	0.9399999999999999	0	0	0	0	0	0	0	0	0	-0.52359878	0.52359878	-0.6981317	0	5.752783062982694e-08	0	0	0	0	0	0	0	0	0	0	0	0	0	0	0	0	0	0	0	0
53.08000000000001	13.32380346413156	1.824134237025933	-19.68844800660169	0	0.9399999999999999	0	0	0	0	0	0	0	0	0	-0.52359878	0.52359878	-0.6981317	0	5.752783062982694e-08	0	0	0	0	0	0	0	0	0	0	0	0	0	0	0	0	0	0	0	0
53.1	13.50804670424832	1.773379666362203	-19.84945587566405	0	0.9399999999999999	0	0	0	0	0	0	0	0	0	-0.52359878	0.52359878	-0.6981317	0	8.277519704612793e-08	0	0	0	0	0	0	0	0	0	0	0	0	0	0	0	0	0	0	0	0
53.12	13.73813471664048	1.73877879898636	-20.05237157601782	0	0.9399999999999999	0	0	0	0	0	0	0	0	0	-0.52359878	0.52359878	-0.6981317	0	-2.036316860161286e-07	0	0	0	0	0	0	0	0	0	0	0	0	0	0	0	0	0	0	0	0
53.14000000000001	13.77027981620888	1.766525476978893	-20.00184722068318	0	0.9399999999999999	0	0	0	0	0	0	0	0	0	-0.52359878	0.52359878	-0.6981317	0.1872227928347446	0.1872227736356956	0	0	0	0	0	0	0	0	0	0	0	0	0	0	0	0	0	0	0	0
53.16	13.33771746238276	1.838516295078173	-19.46912835888331	0	0.9399999999999999	0	0	0	0	0	0	0	0	0	-0.4972065287459775	0.1767992952888426	-0.6981317	1.081794748153329	1.081795372816402	0	0	0	0	0	0	0	0	0	0	0	0	0	0	0	0	0	0	0	0
53.18000000000001	13.45028906782299	1.836922666129214	-19.546874754208	0	0.9399999999999999	0	0	0	0	0	0	0	0	0	-0.44868602082103	0.1306953641958591	-0.6981317	1.179189902423719	1.179191454696058	0	0	0	0	0	0	0	0	0	0	0	0	0	0	0	0	0	0	0	0
53.2	13.43811518089444	1.835964926001274	-19.5450388897524	0	0.9399999999999999	0	0	0	0	0	0	0	0	0	-0.4701554745430898	0.2330443978552028	-0.6981317	1.079440708548934	1.079440715752084	0	0	0	0	0	0	0	0	0	0	0	0	0	0	0	0	0	0	0	0
53.22000000000001	13.42344530336857	1.850581105495349	-19.53915825885695	0	0.9399999999999999	0	0	0	0	0	0	0	0	0	-0.4930946792652163	0.2770793051649305	-0.6981317	1.088388766256466	1.088388807232011	0	0	0	0	0	0	0	0	0	0	0	0	0	0	0	0	0	0	0	0
53.24	13.42344530336857	1.850581105495349	-19.53915825885695	0	0.9399999999999999	0	0	0	0	0	0	0	0	0	-0.4930946792652163	0.2770793051649305	-0.6981317	1.088388766256466	1.088388807232011	0	0	0	0	0	0	0	0	0	0	0	0	0	0	0	0	0	0	0	0
53.26000000000001	13.41858129167281	1.877495376378684	-19.53813905514906	0	0.9399999999999999	0	0	0	0	0	0	0	0	0	-0.5187998988338184	0.3186642067646874	-0.6981317	1.097266354617842	1.097266458226331	0	0	0	0	0	0	0	0	0	0	0	0	0	0	0	0	0	0	0	0
53.28	13.48922526673203	1.92707806761481	-19.6211519753673	0	0.9399999999999999	0	0	0	0	0	0	0	0	0	-0.52359878	0.3633224134741833	-0.6981317	1.067055820119343	1.06705617641996	0	0	0	0	0	0	0	0	0	0	0	0	0	0	0	0	0	0	0	0
53.3	13.48922526673203	1.92707806761481	-19.6211519753673	0	0.9399999999999999	0	0	0	0	0	0	0	0	0	-0.52359878	0.3633224134741833	-0.6981317	1.067055820119343	1.06705617641996	0	0	0	0	0	0	0	0	0	0	0	0	0	0	0	0	0	0	0	0
53.32000000000001	13.57828381577829	1.948647586381877	-19.74280820375533	0	0.9399999999999999	0	0	0	0	0	0	0	0	0	-0.52359878	0.4911613441881885	-0.6981317	0.8326085510918222	0.8326086802277047	0	0	0	0	0	0	0	0	0	0	0	0	0	0	0	0	0	0	0	0
53.34	14.42150781663363	1.916688260453717	-20.54218036622041	0	0.9399999999999999	0	0	0	0	0	0	0	0	0	-0.4560910428550665	0.52359878	-0.6981317	0	-4.293882001927391e-08	0	0	0	0	0	0	0	0	0	0	0	0	0	0	0	0	0	0	0	0
53.36000000000001	14.31009886248408	1.932297866539509	-20.41120235896964	0	0.9399999999999999	0	0	0	0	0	0	0	0	0	-0.4248593930290141	0.52359878	-0.6981317	0	2.352267308098423e-09	0	0	0	0	0	0	0	0	0	0	0	0	0	0	0	0	0	0	0	0
53.38	14.31009886248408	1.932297866539509	-20.41120235896964	0	0.9399999999999999	0	0	0	0	0	0	0	0	0	-0.4248593930290141	0.52359878	-0.6981317	0	2.352267308098423e-09	0	0	0	0	0	0	0	0	0	0	0	0	0	0	0	0	0	0	0	0
53.40000000000001	14.13514454031479	1.965336355481869	-20.19134572867076	0	0.9399999999999999	0	0	0	0	0	0	0	0	0	-0.4614653082137053	0.52359878	-0.6981317	0	8.662052306737486e-08	0	0	0	0	0	0	0	0	0	0	0	0	0	0	0	0	0	0	0	0
53.42	14.13514454031479	1.965336355481869	-20.19134572867076	0	0.9399999999999999	0	0	0	0	0	0	0	0	0	-0.4614653082137053	0.52359878	-0.6981317	0	8.662052306737486e-08	0	0	0	0	0	0	0	0	0	0	0	0	0	0	0	0	0	0	0	0
53.44	14.05906069810005	1.966047493284427	-20.03134512569777	0	0.9399999999999999	0	0	0	0	0	0	0	0	0	-0.52359878	0.52359878	-0.6981317	0	-1.97876496244298e-07	0	0	0	0	0	0	0	0	0	0	0	0	0	0	0	0	0	0	0	0
53.46	14.08261247247985	1.94591792221296	-19.99746474536522	0	0.9399999999999999	0	0	0	0	0	0	0	0	0	-0.52359878	0.4491692689657474	-0.6981317	0	5.578675235108898e-08	0	0	0	0	0	0	0	0	0	0	0	0	0	0	0	0	0	0	0	0
53.48	14.25484792058034	1.84993257488389	-20.1413005336926	0	0.9399999999999999	0	0	0	0	0	0	0	0	0	-0.52359878	0.2164318113321407	-0.6981317	0	9.822828964112325e-08	0	0	0	0	0	0	0	0	0	0	0	0	0	0	0	0	0	0	0	0
53.50000000000001	14.3821915634118	1.806237994989602	-20.26323944435319	0	0.9399999999999999	0	0	0	0	0	0	0	0	0	-0.52359878	0.1193121247716484	-0.6981317	0	7.143478292360899e-09	0	0	0	0	0	0	0	0	0	0	0	0	0	0	0	0	0	0	0	0
53.52	14.3821915634118	1.806237994989602	-20.26323944435319	0	0.9399999999999999	0	0	0	0	0	0	0	0	0	-0.52359878	0.1193121247716484	-0.6981317	0	7.143478292360899e-09	0	0	0	0	0	0	0	0	0	0	0	0	0	0	0	0	0	0	0	0
53.54000000000001	14.51043493966866	1.848139661389325	-20.34347069528967	0	0.9399999999999999	0	0	0	0	0	0	0	0	0	-0.4179670623504373	-0.01840062160128552	-0.6981317	0	6.245153877972347e-09	0	0	0	0	0	0	0	0	0	0	0	0	0	0	0	0	0	0	0	0
53.56	14.60013401086712	1.857765893803515	-20.39557629076816	0	0.9399999999999999	0	0	0	0	0	0	0	0	0	-0.3551328450863591	-0.09419193677672587	-0.6981317	0	2.215190089359433e-07	0	0	0	0	0	0	0	0	0	0	0	0	0	0	0	0	0	0	0	0
53.58000000000001	14.60013401086712	1.857765893803515	-20.39557629076816	0	0.9399999999999999	0	0	0	0	0	0	0	0	0	-0.3551328450863591	-0.09419193677672587	-0.6981317	0	2.215190089359433e-07	0	0	0	0	0	0	0	0	0	0	0	0	0	0	0	0	0	0	0	0
53.6	14.69617443724563	1.813537809716391	-20.43939493480807	0	0.9399999999999999	0	0	0	0	0	0	0	0	0	-0.320612847410885	-0.208273305741159	-0.6981317	0	-2.278161783938767e-07	0	0	0	0	0	0	0	0	0	0	0	0	0	0	0	0	0	0	0	0
53.62	14.73797603833614	1.803491752420468	-20.46312374191569	0	0.9399999999999999	0	0	0	0	0	0	0	0	0	-0.2982284036313934	-0.2515658703135595	-0.6981317	0	-6.239305252181785e-08	0	0	0	0	0	0	0	0	0	0	0	0	0	0	0	0	0	0	0	0
53.64000000000001	14.76017018124528	1.812229149363946	-20.46787166688766	0	0.9399999999999999	0	0	0	0	0	0	0	0	0	-0.2567680458981498	-0.2888802456870516	-0.6981317	0	-2.058904089654024e-07	0	0	0	0	0	0	0	0	0	0	0	0	0	0	0	0	0	0	0	0
53.66	14.77398385047112	1.828429904348606	-20.4613491111187	0	0.9399999999999999	0	0	0	0	0	0	0	0	0	-0.2023358559615208	-0.3224415403667688	-0.6981317	0	2.230514256193606e-08	0	0	0	0	0	0	0	0	0	0	0	0	0	0	0	0	0	0	0	0
53.68000000000001	14.77398385047112	1.828429904348606	-20.4613491111187	0	0.9399999999999999	0	0	0	0	0	0	0	0	0	-0.2023358559615208	-0.3224415403667688	-0.6981317	0	2.230514256193606e-08	0	0	0	0	0	0	0	0	0	0	0	0	0	0	0	0	0	0	0	0
53.7	14.79887917678091	1.837422074470989	-20.46550099800522	0	0.9399999999999999	0	0	0	0	0	0	0	0	0	-0.1522403716277107	-0.3536028849452298	-0.6981317	0	-3.920111959854043e-07	0	0	0	0	0	0	0	0	0	0	0	0	0	0	0	0	0	0	0	0
53.72000000000001	14.8354607900441	1.840786648913408	-20.48338205842667	0	0.9399999999999999	0	0	0	0	0	0	0	0	0	-0.1082701845751872	-0.3812106884531956	-0.6981317	0	-1.535702082735972e-07	0	0	0	0	0	0	0	0	0	0	0	0	0	0	0	0	0	0	0	0
53.74	14.88141096803952	1.843524847916024	-20.51241835797118	0	0.9399999999999999	0	0	0	0	0	0	0	0	0	-0.06653339979948444	-0.4079722966230333	-0.6981317	0	4.752593838239285e-09	0	0	0	0	0	0	0	0	0	0	0	0	0	0	0	0	0	0	0	0
53.76000000000001	14.93132419594606	1.847169293705321	-20.54566832029015	0	0.9399999999999999	0	0	0	0	0	0	0	0	0	-0.02515605341735691	-0.4340603127212493	-0.6981317	0	1.076878709918846e-06	0	0	0	0	0	0	0	0	0	0	0	0	0	0	0	0	0	0	0	0
53.78	14.9802198013382	1.850606619539483	-20.57858082210189	0	0.9399999999999999	0	0	0	0	0	0	0	0	0	0.0153023857555381	-0.4566927416381234	-0.6981317	0	2.13424990560955e-07	0	0	0	0	0	0	0	0	0	0	0	0	0	0	0	0	0	0	0	0
53.8	15.04461230234488	1.855906482019094	-20.61348826597818	0	0.9399999999999999	0	0	0	0	0	0	0	0	0	0.08860048195097706	-0.4817426582680303	-0.6981317	0	1.667308706945366e-08	0	0	0	0	0	0	0	0	0	0	0	0	0	0	0	0	0	0	0	0
53.82000000000001	15.0499948259707	1.854836257271495	-20.60642098443317	0	0.9399999999999999	0	0	0	0	0	0	0	0	0	0.1167912109824461	-0.4828474500064481	-0.6981317	0	-4.708766515587882e-06	0	0	0	0	0	0	0	0	0	0	0	0	0	0	0	0	0	0	0	0
53.84	15.04034356757297	1.851538533195453	-20.58549596065274	0	0.9399999999999999	0	0	0	0	0	0	0	0	0	0.1392392186119709	-0.4761677070444932	-0.6981317	0	-2.141058342554679e-07	0	0	0	0	0	0	0	0	0	0	0	0	0	0	0	0	0	0	0	0
53.86000000000001	15.04034425369992	1.851538789721903	-20.58549539438257	0	0.9399999999999999	0	0	0	0	0	0	0	0	0	0.1392390035900387	-0.4761676897256509	-0.6981317	0	3.357961954074226e-07	0	0	0	0	0	0	0	0	0	0	0	0	0	0	0	0	0	0	0	0
53.88	15.02007632837397	1.847827875731739	-20.55409734614353	0	0.9399999999999999	0	0	0	0	0	0	0	0	0	0.156392071446173	-0.4638043962966634	-0.6981317	0	3.986233524796552e-07	0	0	0	0	0	0	0	0	0	0	0	0	0	0	0	0	0	0	0	0
53.90000000000001	14.98847180389653	1.842521847114771	-20.51063523707035	0	0.9399999999999999	0	0	0	0	0	0	0	0	0	0.1704881604579125	-0.4472674630003922	-0.6981317	0	-1.563556066612882e-07	0	0	0	0	0	0	0	0	0	0	0	0	0	0	0	0	0	0	0	0
53.92	14.94311577270049	1.834239490918428	-20.45197604386269	0	0.9399999999999999	0	0	0	0	0	0	0	0	0	0.1811551369494221	-0.4267984942926376	-0.6981317	0	5.151541955901822e-08	0	0	0	0	0	0	0	0	0	0	0	0	0	0	0	0	0	0	0	0
53.94	14.82622332977345	1.791477062484577	-20.30535160094717	0	0.9399999999999999	0	0	0	0	0	0	0	0	0	0.1751329312171392	-0.3840283525806269	-0.6981317	0	6.383931346201308e-08	0	0	0	0	0	0	0	0	0	0	0	0	0	0	0	0	0	0	0	0
53.96	14.7560514061759	1.764246867312502	-20.2205652728496	0	0.9399999999999999	0	0	0	0	0	0	0	0	0	0.1655309728659102	-0.3655383843742223	-0.6981317	0	-1.968093632722946e-10	0	0	0	0	0	0	0	0	0	0	0	0	0	0	0	0	0	0	0	0
53.98	14.69347613545458	1.73162572012778	-20.14516230749573	0	0.9399999999999999	0	0	0	0	0	0	0	0	0	0.1498417415031179	-0.3540973515013933	-0.6981317	0	-5.34033235173966e-08	0	0	0	0	0	0	0	0	0	0	0	0	0	0	0	0	0	0	0	0
54.00000000000001	14.7812765106252	1.706258374134169	-20.22266539696572	0	0.9399999999999999	0	0	0	0	0	0	0	0	0	0.1465168265425834	-0.366091513767148	-0.6981317	0	1.723582962397419e-07	0	0	0	0	0	0	0	0	0	0	0	0	0	0	0	0	0	0	0	0
54.02	14.92832703824117	1.690086758565057	-20.36026491805289	0	0.9399999999999999	0	0	0	0	0	0	0	0	0	0.1486552676168472	-0.3830326760001407	-0.6981317	0	4.222582870044355e-08	0	0	0	0	0	0	0	0	0	0	0	0	0	0	0	0	0	0	0	0
54.04000000000001	15.09592584914576	1.680604456493339	-20.51780175705264	0	0.9399999999999999	0	0	0	0	0	0	0	0	0	0.1503278969303983	-0.4006161449176778	-0.6981317	0	2.436197688565458e-07	0	0	0	0	0	0	0	0	0	0	0	0	0	0	0	0	0	0	0	0
54.06	15.28155845980286	1.676921341077791	-20.69201367895174	0	0.9399999999999999	0	0	0	0	0	0	0	0	0	0.1492809899242299	-0.4209007361102797	-0.6981317	0	-2.987388335005473e-08	0	0	0	0	0	0	0	0	0	0	0	0	0	0	0	0	0	0	0	0
54.08000000000001	15.28155845980286	1.676921341077791	-20.69201367895174	0	0.9399999999999999	0	0	0	0	0	0	0	0	0	0.1492809899242299	-0.4209007361102797	-0.6981317	0	-2.987388335005473e-08	0	0	0	0	0	0	0	0	0	0	0	0	0	0	0	0	0	0	0	0
54.1	15.48115922852112	1.679370255600454	-20.8774603715006	0	0.9399999999999999	0	0	0	0	0	0	0	0	0	0.147585274388502	-0.4525573660049829	-0.6981317	0	-4.482240604991607e-08	0	0	0	0	0	0	0	0	0	0	0	0	0	0	0	0	0	0	0	0
54.12	15.67633393951686	1.685384117546799	-21.05706184339299	0	0.9399999999999999	0	0	0	0	0	0	0	0	0	0.142282972955855	-0.4911908703102666	-0.6981317	0	-4.370001747638313e-07	0	0	0	0	0	0	0	0	0	0	0	0	0	0	0	0	0	0	0	0
54.14000000000001	15.84629303470962	1.692539251242851	-21.21118627701254	0	0.9399999999999999	0	0	0	0	0	0	0	0	0	0.1328978434597309	-0.5338245631235415	-0.6981317	0	-2.349409468719151e-08	0	0	0	0	0	0	0	0	0	0	0	0	0	0	0	0	0	0	0	0
54.16	15.94146194654777	1.698506528022848	-21.29172980861496	0	0.9399999999999999	0	0	0	0	0	0	0	0	0	0.1223840371504948	-0.5737582897580263	-0.6981317	0	-8.43632364930054e-08	0	0	0	0	0	0	0	0	0	0	0	0	0	0	0	0	0	0	0	0
54.18000000000001	15.87045563307712	1.693939981205066	-21.20312237766243	0	0.9399999999999999	0	0	0	0	0	0	0	0	0	0.09461543812552237	-0.6306009589974726	-0.6981317	0	6.862747687182158e-08	0	0	0	0	0	0	0	0	0	0	0	0	0	0	0	0	0	0	0	0
54.2	15.87045563307712	1.693939981205066	-21.20312237766243	0	0.9399999999999999	0	0	0	0	0	0	0	0	0	0.09461543812552237	-0.6306009589974726	-0.6981317	0	6.862747687182158e-08	0	0	0	0	0	0	0	0	0	0	0	0	0	0	0	0	0	0	0	0
54.22000000000001	15.50950796356276	1.68154857899597	-20.82779253891017	0	0.9399999999999999	0	0	0	0	0	0	0	0	0	0.04994892252417101	-0.656846901025259	-0.6981317	0	-1.568947610289813e-07	0	0	0	0	0	0	0	0	0	0	0	0	0	0	0	0	0	0	0	0
54.24	15.26121873196894	1.6853093820578	-20.56910140787846	0	0.9399999999999999	0	0	0	0	0	0	0	0	0	0.02300300919157943	-0.6620468271212546	-0.6981317	0	-2.637923000700843e-07	0	0	0	0	0	0	0	0	0	0	0	0	0	0	0	0	0	0	0	0
54.26000000000001	15.26121873196894	1.6853093820578	-20.56910140787846	0	0.9399999999999999	0	0	0	0	0	0	0	0	0	0.02300300919157943	-0.6620468271212546	-0.6981317	0	-2.637923000700843e-07	0	0	0	0	0	0	0	0	0	0	0	0	0	0	0	0	0	0	0	0
54.28	15.0615981221239	1.679776483747181	-20.35311948675416	0	0.9399999999999999	0	0	0	0	0	0	0	0	0	-0.0155868978811188	-0.665079210167121	-0.6981317	0	3.888171243592037e-07	0	0	0	0	0	0	0	0	0	0	0	0	0	0	0	0	0	0	0	0
54.3	14.15150841320303	1.662980191403524	-19.38054597361564	0	0.9399999999999999	0	0	0	0	0	0	0	0	0	-0.09672922713968098	-0.6337909276630149	-0.6981317	0	-6.54589866883385e-09	0	0	0	0	0	0	0	0	0	0	0	0	0	0	0	0	0	0	0	0
54.32000000000001	14.15150841320303	1.662980191403524	-19.38054597361564	0	0.9399999999999999	0	0	0	0	0	0	0	0	0	-0.09672922713968098	-0.6337909276630149	-0.6981317	0	-6.54589866883385e-09	0	0	0	0	0	0	0	0	0	0	0	0	0	0	0	0	0	0	0	0
54.34	13.95102570001248	1.69427135271951	-19.12910974532091	0	0.9399999999999999	0	0	0	0	0	0	0	0	0	-0.08400163658106509	-0.6161830166891082	-0.6981317	0	-7.368610127893993e-08	0	0	0	0	0	0	0	0	0	0	0	0	0	0	0	0	0	0	0	0
54.36000000000001	13.77825547706886	1.721071716623061	-18.82126851296699	0	0.9399999999999999	0	0	0	0	0	0	0	0	0	-0.02677856308226522	-0.615602330540438	-0.6981317	0	-7.11016410031012e-08	0	0	0	0	0	0	0	0	0	0	0	0	0	0	0	0	0	0	0	0
54.38	13.74224142265597	1.711857717381598	-18.71530513404464	0	0.9399999999999999	0	0	0	0	0	0	0	0	0	0.00666245222295961	-0.6342507625501296	-0.6981317	0	3.367583567547784e-07	0	0	0	0	0	0	0	0	0	0	0	0	0	0	0	0	0	0	0	0
54.40000000000001	13.77002252005533	1.695826431363185	-18.68322842455304	0	0.9399999999999999	0	0	0	0	0	0	0	0	0	0.031441929999893	-0.6583632304201722	-0.6981317	0	7.168221348708516e-07	0	0	0	0	0	0	0	0	0	0	0	0	0	0	0	0	0	0	0	0
54.42	13.79564130553411	1.683324220205262	-18.6585187451215	0	0.9399999999999999	0	0	0	0	0	0	0	0	0	0.0296148380536722	-0.6783471912207928	-0.6981317	0	3.671233344463243e-06	0	0	0	0	0	0	0	0	0	0	0	0	0	0	0	0	0	0	0	0
54.44	13.7956536938433	1.683324148308306	-18.65853094761196	0	0.9399999999999999	0	0	0	0	0	0	0	0	0	0.02961593541998811	-0.6783466115961165	-0.6981317	0	3.667407599314715e-06	0	0	0	0	0	0	0	0	0	0	0	0	0	0	0	0	0	0	0	0
54.46	13.84429505026359	1.674478668603659	-18.6589800582252	0	0.9399999999999999	0	0	0	0	0	0	0	0	0	0.00987766517727596	-0.6908023793359162	-0.6981317	0	-6.245503865065356e-07	0	0	0	0	0	0	0	0	0	0	0	0	0	0	0	0	0	0	0	0
54.48	13.94843999861369	1.657860220954623	-18.64664703724057	0	0.9399999999999999	0	0	0	0	0	0	0	0	0	-0.04754772793858977	-0.6972768117609619	-0.6981317	0	-2.02734381442462e-09	0	0	0	0	0	0	0	0	0	0	0	0	0	0	0	0	0	0	0	0
54.50000000000001	13.94843999861369	1.657860220954623	-18.64664703724057	0	0.9399999999999999	0	0	0	0	0	0	0	0	0	-0.04754772793858977	-0.6972768117609619	-0.6981317	0	-2.02734381442462e-09	0	0	0	0	0	0	0	0	0	0	0	0	0	0	0	0	0	0	0	0
54.52	13.94890820270101	1.651469205162845	-18.57673134852404	0	0.9399999999999999	0	0	0	0	0	0	0	0	0	-0.07502904649173678	-0.6893614903099969	-0.6981317	0	6.556281799253242e-08	0	0	0	0	0	0	0	0	0	0	0	0	0	0	0	0	0	0	0	0
54.54000000000001	13.88752447864319	1.655833578470117	-18.35870039636529	0	0.9399999999999999	0	0	0	0	0	0	0	0	0	-0.1318611539951064	-0.6419104499394098	-0.6981317	0	7.391785676107331e-08	0	0	0	0	0	0	0	0	0	0	0	0	0	0	0	0	0	0	0	0
54.56	13.88752447864319	1.655833578470117	-18.35870039636529	0	0.9399999999999999	0	0	0	0	0	0	0	0	0	-0.1318611539951064	-0.6419104499394098	-0.6981317	0	7.391785676107331e-08	0	0	0	0	0	0	0	0	0	0	0	0	0	0	0	0	0	0	0	0
54.58000000000001	13.92669989778881	1.663619401746383	-18.31889071373278	0	0.9399999999999999	0	0	0	0	0	0	0	0	0	-0.1586235113119366	-0.6048837388154236	-0.6981317	0	-5.564575347712009e-06	0	0	0	0	0	0	0	0	0	0	0	0	0	0	0	0	0	0	0	0
54.6	14.04204194830107	1.681449571885846	-18.29086090962053	0	0.9399999999999999	0	0	0	0	0	0	0	0	0	-0.2251362007585896	-0.5233966296242142	-0.6981317	0	2.470137162553706e-06	0	0	0	0	0	0	0	0	0	0	0	0	0	0	0	0	0	0	0	0
54.62	14.04204194830107	1.681449571885846	-18.29086090962053	0	0.9399999999999999	0	0	0	0	0	0	0	0	0	-0.2251362007585896	-0.5233966296242142	-0.6981317	0	2.470137162553706e-06	0	0	0	0	0	0	0	0	0	0	0	0	0	0	0	0	0	0	0	0
54.64000000000001	14.11037010758701	1.682165032275734	-18.29066045427597	0	0.9399999999999999	0	0	0	0	0	0	0	0	0	-0.2534975673711442	-0.4936220528182261	-0.6981317	0	-1.216237683492847e-06	0	0	0	0	0	0	0	0	0	0	0	0	0	0	0	0	0	0	0	0
54.66	14.25349936514009	1.651564208617046	-18.29177096991678	0	0.9399999999999999	0	0	0	0	0	0	0	0	0	-0.2701682701280398	-0.4712826948851208	-0.6981317	0	2.551813379827677e-07	0	0	0	0	0	0	0	0	0	0	0	0	0	0	0	0	0	0	0	0
54.68000000000001	14.29019531024621	1.613359736977002	-18.25428857771282	0	0.9399999999999999	0	0	0	0	0	0	0	0	0	-0.2523970632570407	-0.4837408415106449	-0.6981317	0	1.484363046565562e-06	0	0	0	0	0	0	0	0	0	0	0	0	0	0	0	0	0	0	0	0
54.7	14.32672968987941	1.561970385254359	-18.21613065566882	0	0.9399999999999999	0	0	0	0	0	0	0	0	0	-0.2156442734076408	-0.502914325634747	-0.6981317	0	-9.358453270008083e-08	0	0	0	0	0	0	0	0	0	0	0	0	0	0	0	0	0	0	0	0
54.72000000000001	14.64561900704568	1.499197357558897	-18.46042723519025	0	0.9399999999999999	0	0	0	0	0	0	0	0	0	-0.1737390678832214	-0.5348938357125657	-0.6981317	0	4.804232537246489e-07	0	0	0	0	0	0	0	0	0	0	0	0	0	0	0	0	0	0	0	0
54.74	14.64561900704568	1.499197357558897	-18.46042723519025	0	0.9399999999999999	0	0	0	0	0	0	0	0	0	-0.1737390678832214	-0.5348938357125657	-0.6981317	0	4.804232537246489e-07	0	0	0	0	0	0	0	0	0	0	0	0	0	0	0	0	0	0	0	0
54.76000000000001	14.70043738544272	1.437124541091244	-18.4452519921984	0	0.9399999999999999	0	0	0	0	0	0	0	0	0	-0.1237660370809839	-0.5567663069983648	-0.6981317	0	1.837164284423489e-07	0	0	0	0	0	0	0	0	0	0	0	0	0	0	0	0	0	0	0	0
54.78	14.78401416937901	1.386240774729597	-18.46460802876043	0	0.9399999999999999	0	0	0	0	0	0	0	0	0	-0.08099136493675951	-0.5620912164684263	-0.6981317	0	-3.613356978756679e-06	0	0	0	0	0	0	0	0	0	0	0	0	0	0	0	0	0	0	0	0
54.8	14.97619203355909	1.345034083571257	-18.53714540928788	0	0.9399999999999999	0	0	0	0	0	0	0	0	0	-0.05489162201313304	-0.5033428340282045	-0.6981317	0	7.442514387127334e-07	0	0	0	0	0	0	0	0	0	0	0	0	0	0	0	0	0	0	0	0
54.82000000000001	15.09224501100319	1.354233551374709	-18.60125373036351	0	0.9399999999999999	0	0	0	0	0	0	0	0	0	-0.07805913114999521	-0.4407183344881527	-0.6981317	0	4.334325260139409e-08	0	0	0	0	0	0	0	0	0	0	0	0	0	0	0	0	0	0	0	0
54.84	15.09224501100319	1.354233551374709	-18.60125373036351	0	0.9399999999999999	0	0	0	0	0	0	0	0	0	-0.07805913114999521	-0.4407183344881527	-0.6981317	0	4.334325260139409e-08	0	0	0	0	0	0	0	0	0	0	0	0	0	0	0	0	0	0	0	0
54.86000000000001	15.22597980842784	1.374816906109681	-18.69123679240052	0	0.9399999999999999	0	0	0	0	0	0	0	0	0	-0.1169695361585432	-0.3640202421970276	-0.6981317	0	-2.611024805991134e-06	0	0	0	0	0	0	0	0	0	0	0	0	0	0	0	0	0	0	0	0
54.88	15.55956337606471	1.414725040727973	-18.96385628068851	0	0.9399999999999999	0	0	0	0	0	0	0	0	0	-0.2038256429252079	-0.202495770432739	-0.6981317	0	4.02310324700703e-07	0	0	0	0	0	0	0	0	0	0	0	0	0	0	0	0	0	0	0	0
54.90000000000001	15.55956337606471	1.414725040727973	-18.96385628068851	0	0.9399999999999999	0	0	0	0	0	0	0	0	0	-0.2038256429252079	-0.202495770432739	-0.6981317	0	4.02310324700703e-07	0	0	0	0	0	0	0	0	0	0	0	0	0	0	0	0	0	0	0	0
54.92	15.86557236583234	1.422458833163369	-19.23183321017545	0	0.9399999999999999	0	0	0	0	0	0	0	0	0	-0.2583813971917535	-0.1279492612955893	-0.6981317	0	-6.543171557765169e-08	0	0	0	0	0	0	0	0	0	0	0	0	0	0	0	0	0	0	0	0
54.94	15.98961685546298	1.423185789868521	-19.33650457665003	0	0.9399999999999999	0	0	0	0	0	0	0	0	0	-0.2842750338190763	-0.003127166045811198	-0.6981317	0	-4.172328730496973e-07	0	0	0	0	0	0	0	0	0	0	0	0	0	0	0	0	0	0	0	0
54.96	15.98961685546298	1.423185789868521	-19.33650457665003	0	0.9399999999999999	0	0	0	0	0	0	0	0	0	-0.2842750338190763	-0.003127166045811198	-0.6981317	0	-4.172328730496973e-07	0	0	0	0	0	0	0	0	0	0	0	0	0	0	0	0	0	0	0	0
54.98	16.06848390001394	1.418744577352321	-19.3974357110793	0	0.9399999999999999	0	0	0	0	0	0	0	0	0	-0.2986262951601654	0.05316173149900768	-0.6981317	0	-4.616011552171738e-08	0	0	0	0	0	0	0	0	0	0	0	0	0	0	0	0	0	0	0	0
55.00000000000001	16.20261701434547	1.410548776447467	-19.49185227432828	0	0.9399999999999999	0	0	0	0	0	0	0	0	0	-0.3269131004222685	0.1712301742911053	-0.6981317	0	-4.280106582653122e-07	0	0	0	0	0	0	0	0	0	0	0	0	0	0	0	0	0	0	0	0
55.02	16.27064036017938	1.408694187857401	-19.53719826502617	0	0.9399999999999999	0	0	0	0	0	0	0	0	0	-0.3430872758583676	0.2373078139773731	-0.6981317	0	-1.838965272490785e-08	0	0	0	0	0	0	0	0	0	0	0	0	0	0	0	0	0	0	0	0
55.04000000000001	16.34423424572691	1.408937163617926	-19.58604407178046	0	0.9399999999999999	0	0	0	0	0	0	0	0	0	-0.3611378629726385	0.306826523684766	-0.6981317	0	-6.455347328961323e-07	0	0	0	0	0	0	0	0	0	0	0	0	0	0	0	0	0	0	0	0
55.06	16.34423424572691	1.408937163617926	-19.58604407178046	0	0.9399999999999999	0	0	0	0	0	0	0	0	0	-0.3611378629726385	0.306826523684766	-0.6981317	0	-6.455347328961323e-07	0	0	0	0	0	0	0	0	0	0	0	0	0	0	0	0	0	0	0	0
55.08000000000001	16.52372305700843	1.412700618469793	-19.71388979418793	0	0.9399999999999999	0	0	0	0	0	0	0	0	0	-0.4047521806742026	0.4449638260201614	-0.6981317	0	-5.576587081102052e-08	0	0	0	0	0	0	0	0	0	0	0	0	0	0	0	0	0	0	0	0
55.1	16.52372305700843	1.412700618469793	-19.71388979418793	0	0.9399999999999999	0	0	0	0	0	0	0	0	0	-0.4047521806742026	0.4449638260201614	-0.6981317	0	-5.576587081102052e-08	0	0	0	0	0	0	0	0	0	0	0	0	0	0	0	0	0	0	0	0
55.12	16.62790877915869	1.413235274536844	-19.79322922004967	0	0.9399999999999999	0	0	0	0	0	0	0	0	0	-0.4305424909900781	0.5075471537192935	-0.6981317	0	-3.627357777640411e-08	0	0	0	0	0	0	0	0	0	0	0	0	0	0	0	0	0	0	0	0
55.14000000000001	16.59547565532547	1.400439571549359	-19.72411755630225	0	0.9399999999999999	0	0	0	0	0	0	0	0	0	-0.449594567249516	0.52359878	-0.6981317	0	-1.570101950538482e-07	0	0	0	0	0	0	0	0	0	0	0	0	0	0	0	0	0	0	0	0
55.16	16.98630812237769	1.426209514398191	-19.9329410781633	0	0.9399999999999999	0	0	0	0	0	0	0	0	0	-0.3739188693389704	0.08727158382812315	-0.6981317	0.9389085007656048	0.9389083201475505	0	0	0	0	0	0	0	0	0	0	0	0	0	0	0	0	0	0	0	0
55.18000000000001	17.03184978997028	1.400931074836907	-19.90213691232838	0	0.9399999999999999	0	0	0	0	0	0	0	0	0	-0.3442074122700846	-0.04110772646503765	-0.6981317	1.255128258775794	1.255128251288643	0	0	0	0	0	0	0	0	0	0	0	0	0	0	0	0	0	0	0	0
55.2	17.09206417599382	1.389868917599977	-19.92106475962666	0	0.9399999999999999	0	0	0	0	0	0	0	0	0	-0.3327134523431116	-0.09580098526830048	-0.6981317	1.38835640014843	1.388356354355611	0	0	0	0	0	0	0	0	0	0	0	0	0	0	0	0	0	0	0	0
55.22000000000001	17.16168120444454	1.383083573405157	-19.94914265079591	0	0.9399999999999999	0	0	0	0	0	0	0	0	0	-0.3248377460416612	-0.1575902060721362	-0.6981317	1.520838554145433	1.520838603121254	0	0	0	0	0	0	0	0	0	0	0	0	0	0	0	0	0	0	0	0
55.24	17.24421211111704	1.381421615326052	-19.99477213037427	0	0.9399999999999999	0	0	0	0	0	0	0	0	0	-0.3274029805271262	-0.1923833160032822	-0.6981317	1.60579866303112	1.605798114724995	0	0	0	0	0	0	0	0	0	0	0	0	0	0	0	0	0	0	0	0
55.26000000000001	17.35981757859049	1.383647453469827	-20.0749111256135	0	0.9399999999999999	0	0	0	0	0	0	0	0	0	-0.3424287945563472	-0.1851411903261776	-0.6981317	1.624855677207744	1.624855598708185	0	0	0	0	0	0	0	0	0	0	0	0	0	0	0	0	0	0	0	0
55.28	17.52532007022601	1.385737941634478	-20.20411837869275	0	0.9399999999999999	0	0	0	0	0	0	0	0	0	-0.3717660197926849	-0.1345446478626683	-0.6981317	1.575654336378076	1.575654364904475	0	0	0	0	0	0	0	0	0	0	0	0	0	0	0	0	0	0	0	0
55.3	17.52532007022601	1.385737941634478	-20.20411837869275	0	0.9399999999999999	0	0	0	0	0	0	0	0	0	-0.3717660197926849	-0.1345446478626683	-0.6981317	1.575654336378076	1.575654364904475	0	0	0	0	0	0	0	0	0	0	0	0	0	0	0	0	0	0	0	0
55.32000000000001	17.70746209113319	1.384128990675947	-20.35486307221554	0	0.9399999999999999	0	0	0	0	0	0	0	0	0	-0.4113649300661835	-0.06580576881408989	-0.6981317	1.489510643280895	1.489510642455327	0	0	0	0	0	0	0	0	0	0	0	0	0	0	0	0	0	0	0	0
55.34	17.99350397242736	1.378183157320096	-20.60002039238803	0	0.9399999999999999	0	0	0	0	0	0	0	0	0	-0.4869360007116953	0.02181420037304753	-0.6981317	1.360343561702974	1.360343596850299	0	0	0	0	0	0	0	0	0	0	0	0	0	0	0	0	0	0	0	0
55.36000000000001	18.07624565438529	1.381732935708835	-20.66469921524424	0	0.9399999999999999	0	0	0	0	0	0	0	0	0	-0.5087607273378167	0.009408266391529157	-0.6981317	1.348825707157767	1.348825430883537	0	0	0	0	0	0	0	0	0	0	0	0	0	0	0	0	0	0	0	0
55.38	18.11861086118182	1.392896102867843	-20.6854742113817	0	0.9399999999999999	0	0	0	0	0	0	0	0	0	-0.511683888170161	-0.05127967422822807	-0.6981317	1.401837597250156	1.40183759222046	0	0	0	0	0	0	0	0	0	0	0	0	0	0	0	0	0	0	0	0
55.40000000000001	18.11861086118182	1.392896102867843	-20.6854742113817	0	0.9399999999999999	0	0	0	0	0	0	0	0	0	-0.511683888170161	-0.05127967422822807	-0.6981317	1.401837597250156	1.40183759222046	0	0	0	0	0	0	0	0	0	0	0	0	0	0	0	0	0	0	0	0
55.42	18.09540190627085	1.410182763973556	-20.64499724333119	0	0.9399999999999999	0	0	0	0	0	0	0	0	0	-0.5001469446012098	-0.1388548122471334	-0.6981317	1.49872370561632	1.498723721126396	0	0	0	0	0	0	0	0	0	0	0	0	0	0	0	0	0	0	0	0
55.44	18.11500638441401	1.449533519599396	-20.62840439084043	0	0.9399999999999999	0	0	0	0	0	0	0	0	0	-0.4984529595964596	-0.1779938815674626	-0.6981317	1.439079773577675	1.439070690473861	0	0	0	0	0	0	0	0	0	0	0	0	0	0	0	0	0	0	0	0
55.46	18.11502795395821	1.44953326534451	-20.62842596922125	0	0.9399999999999999	0	0	0	0	0	0	0	0	0	-0.4984536786072185	-0.1779898757560996	-0.6981317	1.439078497685801	1.439069807297356	0	0	0	0	0	0	0	0	0	0	0	0	0	0	0	0	0	0	0	0
55.48	18.77593422643632	1.511726857301786	-21.21131553795346	0	0.9399999999999999	0	0	0	0	0	0	0	0	0	-0.52359878	0.01208756384826048	-0.6981317	0.9481237628426211	0.9481234624598189	0	0	0	0	0	0	0	0	0	0	0	0	0	0	0	0	0	0	0	0
55.50000000000001	18.77593422643632	1.511726857301786	-21.21131553795346	0	0.9399999999999999	0	0	0	0	0	0	0	0	0	-0.52359878	0.01208756384826048	-0.6981317	0.9481237628426211	0.9481234624598189	0	0	0	0	0	0	0	0	0	0	0	0	0	0	0	0	0	0	0	0
55.52	17.76584810649159	1.623256295587779	-20.24172696257981	0	0.9399999999999999	0	0	0	0	0	0	0	0	0	-0.52359878	0.5176776168555449	-0.6981317	0	-3.143713897802573e-07	0	0	0	0	0	0	0	0	0	0	0	0	0	0	0	0	0	0	0	0
55.54000000000001	18.77277446579938	1.617739354415729	-21.16681126125174	0	0.9399999999999999	0	0	0	0	0	0	0	0	0	-0.52359878	0.3693251594393248	-0.6981317	0	5.882441899582077e-08	0	0	0	0	0	0	0	0	0	0	0	0	0	0	0	0	0	0	0	0
55.56	19.35008988219185	1.649156840113773	-21.71253640811673	0	0.9399999999999999	0	0	0	0	0	0	0	0	0	-0.4963824754794631	0.2775616383837302	-0.6981317	0	-2.73228159691528e-07	0	0	0	0	0	0	0	0	0	0	0	0	0	0	0	0	0	0	0	0
55.58000000000001	19.37128579839092	1.69740354502352	-21.69600798147902	0	0.9399999999999999	0	0	0	0	0	0	0	0	0	-0.4239976069804537	0.1904983123805484	-0.6981317	0	4.913389291578931e-06	0	0	0	0	0	0	0	0	0	0	0	0	0	0	0	0	0	0	0	0
55.6	19.38564188487008	1.724333853806089	-21.68486498748186	0	0.9399999999999999	0	0	0	0	0	0	0	0	0	-0.3970780953331808	0.1634687375551503	-0.6981317	0	1.801893659239606e-06	0	0	0	0	0	0	0	0	0	0	0	0	0	0	0	0	0	0	0	0
55.62	19.37185558501922	1.739997271803225	-21.63601717265229	0	0.9399999999999999	0	0	0	0	0	0	0	0	0	-0.3640201813743114	0.1054312890723666	-0.6981317	0	-2.585697853413269e-07	0	0	0	0	0	0	0	0	0	0	0	0	0	0	0	0	0	0	0	0
55.64000000000001	19.36207688991694	1.744032621744555	-21.57041319814259	0	0.9399999999999999	0	0	0	0	0	0	0	0	0	-0.3137733288709572	0.04914424410959956	-0.6981317	0	4.127912755968376e-08	0	0	0	0	0	0	0	0	0	0	0	0	0	0	0	0	0	0	0	0
55.66	19.36207688991694	1.744032621744555	-21.57041319814259	0	0.9399999999999999	0	0	0	0	0	0	0	0	0	-0.3137733288709572	0.04914424410959956	-0.6981317	0	4.127912755968376e-08	0	0	0	0	0	0	0	0	0	0	0	0	0	0	0	0	0	0	0	0
55.68000000000001	19.36642724168199	1.734069992319464	-21.53716701701507	0	0.9399999999999999	0	0	0	0	0	0	0	0	0	-0.2996235251521662	0.03330969360136933	-0.6981317	0	-2.72392193789151e-08	0	0	0	0	0	0	0	0	0	0	0	0	0	0	0	0	0	0	0	0
55.7	19.360163364284	1.720363857242929	-21.49282183281521	0	0.9399999999999999	0	0	0	0	0	0	0	0	0	-0.2840310476716513	0.02211151433038266	-0.6981317	0	4.899846960756607e-07	0	0	0	0	0	0	0	0	0	0	0	0	0	0	0	0	0	0	0	0
55.72000000000001	19.25288934787947	1.704985652073109	-21.31562258291002	0	0.9399999999999999	0	0	0	0	0	0	0	0	0	-0.2335182004265033	-0.006227025806628606	-0.6981317	0	-6.382036634725694e-08	0	0	0	0	0	0	0	0	0	0	0	0	0	0	0	0	0	0	0	0
55.74	19.25288934787947	1.704985652073109	-21.31562258291002	0	0.9399999999999999	0	0	0	0	0	0	0	0	0	-0.2335182004265033	-0.006227025806628606	-0.6981317	0	-6.382036634725694e-08	0	0	0	0	0	0	0	0	0	0	0	0	0	0	0	0	0	0	0	0
55.76000000000001	19.18260465929152	1.708995495858103	-21.21811842125596	0	0.9399999999999999	0	0	0	0	0	0	0	0	0	-0.1997243646906779	-0.02456760502504196	-0.6981317	0	-9.917229136456855e-08	0	0	0	0	0	0	0	0	0	0	0	0	0	0	0	0	0	0	0	0
55.78	19.12949259640646	1.719717414474946	-21.14314805078486	0	0.9399999999999999	0	0	0	0	0	0	0	0	0	-0.1617217141998164	-0.0437838354229544	-0.6981317	0	-7.337937647644836e-08	0	0	0	0	0	0	0	0	0	0	0	0	0	0	0	0	0	0	0	0
55.8	19.09484509733591	1.749486933159267	-21.07242007490895	0	0.9399999999999999	0	0	0	0	0	0	0	0	0	-0.08107531204473006	-0.08176786213252182	-0.6981317	0	1.421266273705166e-07	0	0	0	0	0	0	0	0	0	0	0	0	0	0	0	0	0	0	0	0
55.82000000000001	19.09484509733591	1.749486933159267	-21.07242007490895	0	0.9399999999999999	0	0	0	0	0	0	0	0	0	-0.08107531204473006	-0.08176786213252182	-0.6981317	0	1.421266273705166e-07	0	0	0	0	0	0	0	0	0	0	0	0	0	0	0	0	0	0	0	0
55.84	19.10400009564239	1.760596419756089	-21.0642177563902	0	0.9399999999999999	0	0	0	0	0	0	0	0	0	-0.04510412299118346	-0.09801469915452624	-0.6981317	0	-4.09567721631798e-07	0	0	0	0	0	0	0	0	0	0	0	0	0	0	0	0	0	0	0	0
55.86000000000001	19.15368569996582	1.772299703289182	-21.0802531913865	0	0.9399999999999999	0	0	0	0	0	0	0	0	0	0.01227014042504258	-0.1206005249312186	-0.6981317	0	-1.501794809490188e-07	0	0	0	0	0	0	0	0	0	0	0	0	0	0	0	0	0	0	0	0
55.88	19.16234237558727	1.777972629557235	-21.07292620048266	0	0.9399999999999999	0	0	0	0	0	0	0	0	0	0.03934587090957652	-0.1251927779679221	-0.6981317	0	-2.179496081132632e-06	0	0	0	0	0	0	0	0	0	0	0	0	0	0	0	0	0	0	0	0
55.90000000000001	19.16233718000156	1.777972419823895	-21.07292073380035	0	0.9399999999999999	0	0	0	0	0	0	0	0	0	0.03934678909272434	-0.1251919219970993	-0.6981317	0	-2.1690692978307e-06	0	0	0	0	0	0	0	0	0	0	0	0	0	0	0	0	0	0	0	0
55.92	19.12253034440962	1.785530365644583	-21.00449602672666	0	0.9399999999999999	0	0	0	0	0	0	0	0	0	0.07060347994563083	-0.1192367088590191	-0.6981317	0	2.604112401780233e-07	0	0	0	0	0	0	0	0	0	0	0	0	0	0	0	0	0	0	0	0
55.94	19.10876087027551	1.788521543195779	-20.9699890121343	0	0.9399999999999999	0	0	0	0	0	0	0	0	0	0.1067878713378563	-0.1102050359148454	-0.6981317	0	-2.088701682292215e-08	0	0	0	0	0	0	0	0	0	0	0	0	0	0	0	0	0	0	0	0
55.96	19.10876087027551	1.788521543195779	-20.9699890121343	0	0.9399999999999999	0	0	0	0	0	0	0	0	0	0.1067878713378563	-0.1102050359148454	-0.6981317	0	-2.088701682292215e-08	0	0	0	0	0	0	0	0	0	0	0	0	0	0	0	0	0	0	0	0
55.98	19.08007327806149	1.789121370010786	-20.92222636885497	0	0.9399999999999999	0	0	0	0	0	0	0	0	0	0.1231008358062486	-0.09862626129149091	-0.6981317	0	2.912570018279442e-07	0	0	0	0	0	0	0	0	0	0	0	0	0	0	0	0	0	0	0	0
56.00000000000001	19.04794525089965	1.789826243006129	-20.86892766562419	0	0.9399999999999999	0	0	0	0	0	0	0	0	0	0.1383698147903898	-0.0845655054668616	-0.6981317	0	-1.072176506192499e-06	0	0	0	0	0	0	0	0	0	0	0	0	0	0	0	0	0	0	0	0
56.02	18.98890653307749	1.791098460303675	-20.76264792894668	0	0.9399999999999999	0	0	0	0	0	0	0	0	0	0.1674518849593181	-0.05295802156956648	-0.6981317	0	1.134168089106405e-08	0	0	0	0	0	0	0	0	0	0	0	0	0	0	0	0	0	0	0	0
56.04000000000001	18.96222692059732	1.790431315585753	-20.71102485407469	0	0.9399999999999999	0	0	0	0	0	0	0	0	0	0.1803463660716266	-0.03647363349702343	-0.6981317	0	-9.328984161987503e-08	0	0	0	0	0	0	0	0	0	0	0	0	0	0	0	0	0	0	0	0
56.06	18.96222692059732	1.790431315585753	-20.71102485407469	0	0.9399999999999999	0	0	0	0	0	0	0	0	0	0.1803463660716266	-0.03647363349702343	-0.6981317	0	-9.328984161987503e-08	0	0	0	0	0	0	0	0	0	0	0	0	0	0	0	0	0	0	0	0
56.08000000000001	18.94342059332384	1.788543675112283	-20.6674357196025	0	0.9399999999999999	0	0	0	0	0	0	0	0	0	0.1907536580864307	-0.02106263203956106	-0.6981317	0	7.019956862486389e-07	0	0	0	0	0	0	0	0	0	0	0	0	0	0	0	0	0	0	0	0
56.1	18.89933078732797	1.780130264374234	-20.57518405757288	0	0.9399999999999999	0	0	0	0	0	0	0	0	0	0.2031771622930788	0.01096042924206794	-0.6981317	0	8.501840351146431e-08	0	0	0	0	0	0	0	0	0	0	0	0	0	0	0	0	0	0	0	0
56.12	18.89933078732797	1.780130264374234	-20.57518405757288	0	0.9399999999999999	0	0	0	0	0	0	0	0	0	0.2031771622930788	0.01096042924206794	-0.6981317	0	8.501840351146431e-08	0	0	0	0	0	0	0	0	0	0	0	0	0	0	0	0	0	0	0	0
56.14000000000001	18.84393799022967	1.770261894631496	-20.47576575675198	0	0.9399999999999999	0	0	0	0	0	0	0	0	0	0.2099688114900491	0.04229307379816854	-0.6981317	0	1.279234286068008e-07	0	0	0	0	0	0	0	0	0	0	0	0	0	0	0	0	0	0	0	0
56.16	18.81360924408299	1.764310328822973	-20.42162813404155	0	0.9399999999999999	0	0	0	0	0	0	0	0	0	0.210356069215711	0.05787335554971547	-0.6927588231298506	0	1.443435470033578e-07	0	0	0	0	0	0	0	0	0	0	0	0	0	0	0	0	0	0	0	0
56.18000000000001	18.77522494810421	1.757855065112777	-20.36004529111127	0	0.9399999999999999	0	0	0	0	0	0	0	0	0	0.2095033874788033	0.07365731256633638	-0.6864837039259689	0	3.452269385118749e-07	0	0	0	0	0	0	0	0	0	0	0	0	0	0	0	0	0	0	0	0
56.2	18.73400275974729	1.751545358483823	-20.29729031583629	0	0.9399999999999999	0	0	0	0	0	0	0	0	0	0.208207338938193	0.0878684796928632	-0.6794721894327663	0	1.519004440882415e-07	0	0	0	0	0	0	0	0	0	0	0	0	0	0	0	0	0	0	0	0
56.22000000000001	18.73400275974729	1.751545358483823	-20.29729031583629	0	0.9399999999999999	0	0	0	0	0	0	0	0	0	0.208207338938193	0.0878684796928632	-0.6794721894327663	0	1.519004440882415e-07	0	0	0	0	0	0	0	0	0	0	0	0	0	0	0	0	0	0	0	0
56.24	18.65964812851641	1.742370033045997	-20.1840378367116	0	0.9399999999999999	0	0	0	0	0	0	0	0	0	0.205232472474481	0.1101100572219221	-0.6606097246379925	0	1.801335382913019e-08	0	0	0	0	0	0	0	0	0	0	0	0	0	0	0	0	0	0	0	0
56.26000000000001	18.63616454774652	1.739384199567177	-20.14276188933593	0	0.9399999999999999	0	0	0	0	0	0	0	0	0	0.2045625577982887	0.1184049018527168	-0.6500211034827084	0	-1.039463532793594e-06	0	0	0	0	0	0	0	0	0	0	0	0	0	0	0	0	0	0	0	0
56.28	18.62898465742135	1.736794239250856	-20.11871649839101	0	0.9399999999999999	0	0	0	0	0	0	0	0	0	0.2046280353481573	0.1233847107978127	-0.6392080821092265	0	-1.777902468629351e-08	0	0	0	0	0	0	0	0	0	0	0	0	0	0	0	0	0	0	0	0
56.3	18.64175358869923	1.733315194434577	-20.1155548301665	0	0.9399999999999999	0	0	0	0	0	0	0	0	0	0.2044823263082769	0.1237873026939788	-0.6267146836837477	0	1.513057111973204e-08	0	0	0	0	0	0	0	0	0	0	0	0	0	0	0	0	0	0	0	0
56.32000000000001	18.64175358869923	1.733315194434577	-20.1155548301665	0	0.9399999999999999	0	0	0	0	0	0	0	0	0	0.2044823263082769	0.1237873026939788	-0.6267146836837477	0	1.513057111973204e-08	0	0	0	0	0	0	0	0	0	0	0	0	0	0	0	0	0	0	0	0
56.34	18.70830938542911	1.725300249727091	-20.15151791833441	0	0.9399999999999999	0	0	0	0	0	0	0	0	0	0.2049913889957604	0.1166813990217284	-0.6009832800435996	0	-1.178937045155068e-07	0	0	0	0	0	0	0	0	0	0	0	0	0	0	0	0	0	0	0	0
56.36000000000001	18.70830938542911	1.725300249727091	-20.15151791833441	0	0.9399999999999999	0	0	0	0	0	0	0	0	0	0.2049913889957604	0.1166813990217284	-0.6009832800435996	0	-1.178937045155068e-07	0	0	0	0	0	0	0	0	0	0	0	0	0	0	0	0	0	0	0	0
56.38	18.75370399537883	1.716168202131707	-20.1834840049857	0	0.9399999999999999	0	0	0	0	0	0	0	0	0	0.2006090542079414	0.1097235743800144	-0.5901161230816024	0	-5.304244554408852e-07	0	0	0	0	0	0	0	0	0	0	0	0	0	0	0	0	0	0	0	0
56.40000000000001	18.79940011899501	1.705737335911237	-20.21717417058817	0	0.9399999999999999	0	0	0	0	0	0	0	0	0	0.1966879797360404	0.1015494836905579	-0.5802784100482126	0	7.526668321207566e-08	0	0	0	0	0	0	0	0	0	0	0	0	0	0	0	0	0	0	0	0
56.42	18.83914967326461	1.68796188094376	-20.23667483631913	0	0.9399999999999999	0	0	0	0	0	0	0	0	0	0.1886807319526431	0.0935723904853199	-0.5587487772857623	0	-1.199687225601334e-07	0	0	0	0	0	0	0	0	0	0	0	0	0	0	0	0	0	0	0	0
56.44	18.82678975965948	1.680467985160883	-20.21593360957189	0	0.9399999999999999	0	0	0	0	0	0	0	0	0	0.1814549274082672	0.09440555241779527	-0.5507707127238376	0	-2.87495362036722e-08	0	0	0	0	0	0	0	0	0	0	0	0	0	0	0	0	0	0	0	0
56.46	18.82677648940847	1.680498072515792	-20.21592554510017	0	0.9399999999999999	0	0	0	0	0	0	0	0	0	0.182398933921117	0.09500157736676683	-0.5458741292986748	0	2.133464757611407e-07	0	0	0	0	0	0	0	0	0	0	0	0	0	0	0	0	0	0	0	0
56.48	18.7915461714925	1.674535756959936	-20.17358112570999	0	0.9399999999999999	0	0	0	0	0	0	0	0	0	0.1763156986457312	0.09968208319351977	-0.5355159566308632	0	-9.211845185198073e-09	0	0	0	0	0	0	0	0	0	0	0	0	0	0	0	0	0	0	0	0
56.50000000000001	18.73761463381834	1.671140528019083	-20.11375554877618	0	0.9399999999999999	0	0	0	0	0	0	0	0	0	0.172393205642011	0.1064151352275086	-0.5278257203474082	0	2.824395064136041e-09	0	0	0	0	0	0	0	0	0	0	0	0	0	0	0	0	0	0	0	0
56.52	18.67340551917571	1.670146208278046	-20.04439021656543	0	0.9399999999999999	0	0	0	0	0	0	0	0	0	0.1696131285130899	0.1139568696303055	-0.5216019557146484	0	1.297954549262804e-07	0	0	0	0	0	0	0	0	0	0	0	0	0	0	0	0	0	0	0	0
56.54000000000001	18.6170601799169	1.669914684320633	-19.98316159946632	0	0.9399999999999999	0	0	0	0	0	0	0	0	0	0.1656220431346772	0.1201654123467564	-0.5162536127178002	0	6.917902918478198e-07	0	0	0	0	0	0	0	0	0	0	0	0	0	0	0	0	0	0	0	0
56.56	18.55472495617618	1.667802062592586	-19.90934616380895	0	0.9399999999999999	0	0	0	0	0	0	0	0	0	0.1522209864658321	0.12644017475279	-0.5078171169490624	0	-9.007423939278446e-08	0	0	0	0	0	0	0	0	0	0	0	0	0	0	0	0	0	0	0	0
56.58000000000001	18.55472495617618	1.667802062592586	-19.90934616380895	0	0.9399999999999999	0	0	0	0	0	0	0	0	0	0.1522209864658321	0.12644017475279	-0.5078171169490624	0	-9.007423939278446e-08	0	0	0	0	0	0	0	0	0	0	0	0	0	0	0	0	0	0	0	0
56.6	18.55812568108131	1.664847524514795	-19.90559341657494	0	0.9399999999999999	0	0	0	0	0	0	0	0	0	0.142729163024357	0.1255881180592856	-0.5055655950582988	0	1.307475057052888e-05	0	0	0	0	0	0	0	0	0	0	0	0	0	0	0	0	0	0	0	0
56.62	18.526355353933	1.66084998075185	-19.8665401309574	0	0.9399999999999999	0	0	0	0	0	0	0	0	0	0.1291163206571512	0.1257789184589673	-0.5059291547012749	0	3.115130101212606e-07	0	0	0	0	0	0	0	0	0	0	0	0	0	0	0	0	0	0	0	0
56.64000000000001	18.48301719498676	1.656015145693495	-19.80815592103032	0	0.9399999999999999	0	0	0	0	0	0	0	0	0	0.1007550160471453	0.1213412397632967	-0.5101454950149948	0	-3.44098337278402e-08	0	0	0	0	0	0	0	0	0	0	0	0	0	0	0	0	0	0	0	0
56.66	18.48301719498676	1.656015145693495	-19.80815592103032	0	0.9399999999999999	0	0	0	0	0	0	0	0	0	0.1007550160471453	0.1213412397632967	-0.5101454950149948	0	-3.44098337278402e-08	0	0	0	0	0	0	0	0	0	0	0	0	0	0	0	0	0	0	0	0
56.68000000000001	18.41909862201091	1.658096010823114	-19.73178198700706	0	0.9399999999999999	0	0	0	0	0	0	0	0	0	0.07009469160422209	0.1166371665447512	-0.5209723693720738	0	-5.188015786815477e-09	0	0	0	0	0	0	0	0	0	0	0	0	0	0	0	0	0	0	0	0
56.7	18.3743770677378	1.660597605490769	-19.68277136090148	0	0.9399999999999999	0	0	0	0	0	0	0	0	0	0.05272255000427784	0.1141206144218281	-0.5309504875571383	0	-4.662602122670811e-10	0	0	0	0	0	0	0	0	0	0	0	0	0	0	0	0	0	0	0	0
56.72000000000001	18.32205724685789	1.665495759546921	-19.62849496252191	0	0.9399999999999999	0	0	0	0	0	0	0	0	0	0.03355760232300504	0.1207605291857022	-0.5457812489925301	0	-3.872215484507453e-07	0	0	0	0	0	0	0	0	0	0	0	0	0	0	0	0	0	0	0	0
56.74	18.27405451360628	1.670672717245097	-19.57951067161742	0	0.9399999999999999	0	0	0	0	0	0	0	0	0	0.01859205340546067	0.1097482313915891	-0.5646829622399741	0	-7.872412978465718e-08	0	0	0	0	0	0	0	0	0	0	0	0	0	0	0	0	0	0	0	0
56.76000000000001	18.27405451360628	1.670672717245097	-19.57951067161742	0	0.9399999999999999	0	0	0	0	0	0	0	0	0	0.01859205340546067	0.1097482313915891	-0.5646829622399741	0	-7.872412978465718e-08	0	0	0	0	0	0	0	0	0	0	0	0	0	0	0	0	0	0	0	0
56.78	18.2398508768771	1.673004886112152	-19.54498113321318	0	0.9399999999999999	0	0	0	0	0	0	0	0	0	0.0005398195147449584	0.1033852658079254	-0.5860482899761384	0	-5.257251717681334e-07	0	0	0	0	0	0	0	0	0	0	0	0	0	0	0	0	0	0	0	0
56.8	18.17892446153279	1.672473621356746	-19.4825461841647	0	0.9399999999999999	0	0	0	0	0	0	0	0	0	-0.03836158754360466	0.08315485610325642	-0.6312438392266587	0	-1.007162464611802e-07	0	0	0	0	0	0	0	0	0	0	0	0	0	0	0	0	0	0	0	0
56.82000000000001	18.14673964136582	1.667755643954293	-19.4486229559018	0	0.9399999999999999	0	0	0	0	0	0	0	0	0	-0.04383995171282797	0.08106968516647713	-0.6294223641096207	0	-5.514816848177338e-07	0	0	0	0	0	0	0	0	0	0	0	0	0	0	0	0	0	0	0	0
56.84	18.09914746604412	1.659956866452906	-19.39824565236178	0	0.9399999999999999	0	0	0	0	0	0	0	0	0	-0.08432137853962195	0.05231259420503255	-0.6745671827156378	0	1.60987204697678e-07	0	0	0	0	0	0	0	0	0	0	0	0	0	0	0	0	0	0	0	0
56.86000000000001	18.0283971994608	1.65095439523843	-19.32340598275001	0	0.9399999999999999	0	0	0	0	0	0	0	0	0	-0.1108196787519432	0.03508205943418556	-0.6929221793679834	0	6.716726292344718e-08	0	0	0	0	0	0	0	0	0	0	0	0	0	0	0	0	0	0	0	0
56.88	18.0283971994608	1.65095439523843	-19.32340598275001	0	0.9399999999999999	0	0	0	0	0	0	0	0	0	-0.1108196787519432	0.03508205943418556	-0.6929221793679834	0	6.716726292344718e-08	0	0	0	0	0	0	0	0	0	0	0	0	0	0	0	0	0	0	0	0
56.90000000000001	17.92249253103343	1.642722185560897	-19.20473654882195	0	0.9399999999999999	0	0	0	0	0	0	0	0	0	-0.138512609033545	0.01696799230489743	-0.6981317	0	8.50928498000125e-08	0	0	0	0	0	0	0	0	0	0	0	0	0	0	0	0	0	0	0	0
56.92	17.78373379628233	1.636365437467198	-19.04976756643213	0	0.9399999999999999	0	0	0	0	0	0	0	0	0	-0.1658419920814213	-0.0005059848781489495	-0.6981317	0	-9.986582410198952e-07	0	0	0	0	0	0	0	0	0	0	0	0	0	0	0	0	0	0	0	0
56.94	17.44515563567485	1.630097724788182	-18.67747607069871	0	0.9399999999999999	0	0	0	0	0	0	0	0	0	-0.218443389779296	-0.03355997312325326	-0.6981317	0	-6.866444739425124e-08	0	0	0	0	0	0	0	0	0	0	0	0	0	0	0	0	0	0	0	0
56.96	17.28373885727495	1.630753131238536	-18.49553724325395	0	0.9399999999999999	0	0	0	0	0	0	0	0	0	-0.2424751070806987	-0.04918613340057378	-0.6981317	0	3.309010017681093e-07	0	0	0	0	0	0	0	0	0	0	0	0	0	0	0	0	0	0	0	0
56.98	17.28373873130466	1.630753093216179	-18.49553736632532	0	0.9399999999999999	0	0	0	0	0	0	0	0	0	-0.2424750517739606	-0.04918596782149889	-0.6981317	0	-9.604406636980462e-08	0	0	0	0	0	0	0	0	0	0	0	0	0	0	0	0	0	0	0	0
57.00000000000001	17.14862964348099	1.633172837290236	-18.33681235283394	0	0.9399999999999999	0	0	0	0	0	0	0	0	0	-0.2643769240463346	-0.0640000636770429	-0.6981317	0	1.583579954987332e-08	0	0	0	0	0	0	0	0	0	0	0	0	0	0	0	0	0	0	0	0
57.02	17.05285066514737	1.636602819837092	-18.21464589867645	0	0.9399999999999999	0	0	0	0	0	0	0	0	0	-0.2829618683995941	-0.07700167262794737	-0.6981317	0	1.747032404403245e-07	0	0	0	0	0	0	0	0	0	0	0	0	0	0	0	0	0	0	0	0
57.04000000000001	17.00523943144734	1.64043598357126	-18.13741829284988	0	0.9399999999999999	0	0	0	0	0	0	0	0	0	-0.297821174587298	-0.08672126395027359	-0.6981317	0	-3.604544977902214e-07	0	0	0	0	0	0	0	0	0	0	0	0	0	0	0	0	0	0	0	0
57.06	16.99056469016493	1.644355069009452	-18.09033949597518	0	0.9399999999999999	0	0	0	0	0	0	0	0	0	-0.3100651430150011	-0.09330942762017384	-0.6981317	0	6.379226235811593e-07	0	0	0	0	0	0	0	0	0	0	0	0	0	0	0	0	0	0	0	0
57.08000000000001	17.00764369854942	1.64861761484142	-18.07383566882276	0	0.9399999999999999	0	0	0	0	0	0	0	0	0	-0.3226698232346431	-0.09678807531911433	-0.6981317	0	1.858355606619945e-07	0	0	0	0	0	0	0	0	0	0	0	0	0	0	0	0	0	0	0	0
57.1	17.02494386507531	1.653537519152722	-18.05767414455931	0	0.9399999999999999	0	0	0	0	0	0	0	0	0	-0.3375998626863362	-0.09932125623095921	-0.6981317	0	1.411401456286859e-07	0	0	0	0	0	0	0	0	0	0	0	0	0	0	0	0	0	0	0	0
57.12	17.09478633371724	1.662138665992761	-18.06797705534902	0	0.9399999999999999	0	0	0	0	0	0	0	0	0	-0.3677117462235828	-0.1002854328755064	-0.6981317	0	-1.091852073592707e-07	0	0	0	0	0	0	0	0	0	0	0	0	0	0	0	0	0	0	0	0
57.14000000000001	17.10828263222085	1.665301130305901	-18.05652585134111	0	0.9399999999999999	0	0	0	0	0	0	0	0	0	-0.3859715859306167	-0.09943060288148539	-0.6981317	0	1.310857393758973e-05	0	0	0	0	0	0	0	0	0	0	0	0	0	0	0	0	0	0	0	0
57.16	17.1561620136488	1.669037758014372	-18.08166976360574	0	0.9399999999999999	0	0	0	0	0	0	0	0	0	-0.4048082681406678	-0.09312365660333506	-0.6981317	0	8.316718172774682e-08	0	0	0	0	0	0	0	0	0	0	0	0	0	0	0	0	0	0	0	0
57.18000000000001	17.1693409421966	1.673918558101531	-18.0704817054495	0	0.9399999999999999	0	0	0	0	0	0	0	0	0	-0.4257790196287676	-0.08587110878953959	-0.6981317	0	-1.702872128613856e-05	0	0	0	0	0	0	0	0	0	0	0	0	0	0	0	0	0	0	0	0
57.2	17.22178981740847	1.680008201264661	-18.09603666151036	0	0.9399999999999999	0	0	0	0	0	0	0	0	0	-0.4421927095671535	-0.07267665411476183	-0.6981317	0	-5.146933424947626e-07	0	0	0	0	0	0	0	0	0	0	0	0	0	0	0	0	0	0	0	0
57.22000000000001	17.25961313258549	1.687755081578033	-18.10274218857992	0	0.9399999999999999	0	0	0	0	0	0	0	0	0	-0.458231139525185	-0.05931618653653703	-0.6981317	0	-2.229764292298671e-08	0	0	0	0	0	0	0	0	0	0	0	0	0	0	0	0	0	0	0	0
57.24	17.31037483341202	1.697740005388283	-18.11681576007105	0	0.9399999999999999	0	0	0	0	0	0	0	0	0	-0.4715911675761007	-0.04506659475822593	-0.6981317	0	-3.863352673324225e-07	0	0	0	0	0	0	0	0	0	0	0	0	0	0	0	0	0	0	0	0
57.26000000000001	17.37369257746419	1.710338788089685	-18.13708933244746	0	0.9399999999999999	0	0	0	0	0	0	0	0	0	-0.4826301635968607	-0.03180212657088333	-0.6981317	0	-1.341228503948137e-07	0	0	0	0	0	0	0	0	0	0	0	0	0	0	0	0	0	0	0	0
57.28	17.44455251902797	1.726098318290872	-18.15746827817387	0	0.9399999999999999	0	0	0	0	0	0	0	0	0	-0.4922614249242646	-0.0212909045766217	-0.6981317	0	5.030152882014269e-07	0	0	0	0	0	0	0	0	0	0	0	0	0	0	0	0	0	0	0	0
57.3	17.51816758909247	1.743497047439307	-18.17790415439412	0	0.9399999999999999	0	0	0	0	0	0	0	0	0	-0.5010315268942663	-0.01201287319722055	-0.6981317	0	-2.384409379556004e-07	0	0	0	0	0	0	0	0	0	0	0	0	0	0	0	0	0	0	0	0
57.32000000000001	17.51816758909247	1.743497047439307	-18.17790415439412	0	0.9399999999999999	0	0	0	0	0	0	0	0	0	-0.5010315268942663	-0.01201287319722055	-0.6981317	0	-2.384409379556004e-07	0	0	0	0	0	0	0	0	0	0	0	0	0	0	0	0	0	0	0	0
57.34	17.58970796050037	1.761245426617711	-18.19564601540667	0	0.9399999999999999	0	0	0	0	0	0	0	0	0	-0.5069610844374736	-0.003946194490453726	-0.6981317	0	1.67017837813178e-07	0	0	0	0	0	0	0	0	0	0	0	0	0	0	0	0	0	0	0	0
57.36000000000001	17.65061800105356	1.777925644022994	-18.20386478728697	0	0.9399999999999999	0	0	0	0	0	0	0	0	0	-0.5093607891333847	0.002710236384434381	-0.6981317	0	-1.928664611413429e-06	0	0	0	0	0	0	0	0	0	0	0	0	0	0	0	0	0	0	0	0
57.38	17.6973034231464	1.791933519910423	-18.19858699754727	0	0.9399999999999999	0	0	0	0	0	0	0	0	0	-0.5062679325230645	0.005485487031080849	-0.6981317	0	3.069824405861702e-06	0	0	0	0	0	0	0	0	0	0	0	0	0	0	0	0	0	0	0	0
57.40000000000001	17.747432796992	1.805330891124501	-18.15068924273562	0	0.9399999999999999	0	0	0	0	0	0	0	0	0	-0.4810274428511582	-0.009566134810319286	-0.6981317	0	6.85744841349543e-07	0	0	0	0	0	0	0	0	0	0	0	0	0	0	0	0	0	0	0	0
57.42	17.75381432622993	1.803962454715398	-18.11737098407012	0	0.9399999999999999	0	0	0	0	0	0	0	0	0	-0.4621190809413643	-0.02507287547163376	-0.6981317	0	-6.14576550162104e-09	0	0	0	0	0	0	0	0	0	0	0	0	0	0	0	0	0	0	0	0
57.44	17.75076707936703	1.795130828204247	-18.07759054460849	0	0.9399999999999999	0	0	0	0	0	0	0	0	0	-0.4338215696754945	-0.05433021452472952	-0.6981317	0	-1.602809448638487e-07	0	0	0	0	0	0	0	0	0	0	0	0	0	0	0	0	0	0	0	0
57.46	17.75076707936703	1.795130828204247	-18.07759054460849	0	0.9399999999999999	0	0	0	0	0	0	0	0	0	-0.4338215696754945	-0.05433021452472952	-0.6981317	0	-1.602809448638487e-07	0	0	0	0	0	0	0	0	0	0	0	0	0	0	0	0	0	0	0	0
57.48	17.6572786265264	1.757567465883428	-17.91846707034281	0	0.9399999999999999	0	0	0	0	0	0	0	0	0	-0.3434217847766621	-0.1568042196564565	-0.6981317	0	-7.659996813607382e-07	0	0	0	0	0	0	0	0	0	0	0	0	0	0	0	0	0	0	0	0
57.50000000000001	17.6572786265264	1.757567465883428	-17.91846707034281	0	0.9399999999999999	0	0	0	0	0	0	0	0	0	-0.3434217847766621	-0.1568042196564565	-0.6981317	0	-7.659996813607382e-07	0	0	0	0	0	0	0	0	0	0	0	0	0	0	0	0	0	0	0	0
57.52	17.48451111660074	1.725368440218112	-17.72040861200396	0	0.9399999999999999	0	0	0	0	0	0	0	0	0	-0.273885956823575	-0.2205129870431182	-0.6981317	0	6.435200926583873e-07	0	0	0	0	0	0	0	0	0	0	0	0	0	0	0	0	0	0	0	0
57.54000000000001	17.18799815696675	1.698591221296545	-17.44787653749746	0	0.9399999999999999	0	0	0	0	0	0	0	0	0	-0.2054114885606626	-0.2437346328045759	-0.6981317	0	2.687728586470712e-07	0	0	0	0	0	0	0	0	0	0	0	0	0	0	0	0	0	0	0	0
57.56	17.05936753666612	1.69532805949204	-17.3702274592423	0	0.9399999999999999	0	0	0	0	0	0	0	0	0	-0.1981465860724656	-0.2088118039303559	-0.6981317	0	1.701630961203878e-08	0	0	0	0	0	0	0	0	0	0	0	0	0	0	0	0	0	0	0	0
57.58000000000001	17.01463998131024	1.697552775820432	-17.35593877755114	0	0.9399999999999999	0	0	0	0	0	0	0	0	0	-0.2121796522485326	-0.1860597028457134	-0.6981317	0	5.079871423612039e-08	0	0	0	0	0	0	0	0	0	0	0	0	0	0	0	0	0	0	0	0
57.6	16.94746579556724	1.697121447351817	-17.30814672048393	0	0.9399999999999999	0	0	0	0	0	0	0	0	0	-0.2258508843446443	-0.1737002968496278	-0.6981317	0	-4.067984197326602e-07	0	0	0	0	0	0	0	0	0	0	0	0	0	0	0	0	0	0	0	0
57.62	16.94746579556724	1.697121447351817	-17.30814672048393	0	0.9399999999999999	0	0	0	0	0	0	0	0	0	-0.2258508843446443	-0.1737002968496278	-0.6981317	0	-4.067984197326602e-07	0	0	0	0	0	0	0	0	0	0	0	0	0	0	0	0	0	0	0	0
57.64000000000001	16.79008839700563	1.678440096820357	-17.14193259765696	0	0.9399999999999999	0	0	0	0	0	0	0	0	0	-0.2301451533708507	-0.166444949409687	-0.6981317	0	-1.282335582429605e-07	0	0	0	0	0	0	0	0	0	0	0	0	0	0	0	0	0	0	0	0
57.66	16.79008839700563	1.678440096820357	-17.14193259765696	0	0.9399999999999999	0	0	0	0	0	0	0	0	0	-0.2301451533708507	-0.166444949409687	-0.6981317	0	-1.282335582429605e-07	0	0	0	0	0	0	0	0	0	0	0	0	0	0	0	0	0	0	0	0
57.68000000000001	16.59010363427501	1.666267500393991	-16.91296363363032	0	0.9399999999999999	0	0	0	0	0	0	0	0	0	-0.19801279715875	-0.1780227278391047	-0.6981317	0	-2.995446538949733e-08	0	0	0	0	0	0	0	0	0	0	0	0	0	0	0	0	0	0	0	0
57.7	15.92974832280376	1.673375171720747	-16.18576585671405	0	0.9399999999999999	0	0	0	0	0	0	0	0	0	-0.09287641716870358	-0.2328950293124082	-0.6981317	0	-1.493531397709616e-10	0	0	0	0	0	0	0	0	0	0	0	0	0	0	0	0	0	0	0	0
57.72000000000001	15.92974832280376	1.673375171720747	-16.18576585671405	0	0.9399999999999999	0	0	0	0	0	0	0	0	0	-0.09287641716870358	-0.2328950293124082	-0.6981317	0	-1.493531397709616e-10	0	0	0	0	0	0	0	0	0	0	0	0	0	0	0	0	0	0	0	0
57.74	15.57572989135684	1.719727458646853	-15.79963336525555	0	0.9399999999999999	0	0	0	0	0	0	0	0	0	0.00394955861642948	-0.2939511892906786	-0.6981317	0	4.060649322528737e-07	0	0	0	0	0	0	0	0	0	0	0	0	0	0	0	0	0	0	0	0
57.76000000000001	15.57572989135684	1.719727458646853	-15.79963336525555	0	0.9399999999999999	0	0	0	0	0	0	0	0	0	0.00394955861642948	-0.2939511892906786	-0.6981317	0	4.060649322528737e-07	0	0	0	0	0	0	0	0	0	0	0	0	0	0	0	0	0	0	0	0
57.78	15.54903618520689	1.734459842057938	-15.76477821585637	0	0.9399999999999999	0	0	0	0	0	0	0	0	0	0.02278179035096265	-0.3028289982458438	-0.6981317	0	2.982573374014079e-07	0	0	0	0	0	0	0	0	0	0	0	0	0	0	0	0	0	0	0	0
57.8	15.55520154050433	1.740357231041389	-15.76061374133787	0	0.9399999999999999	0	0	0	0	0	0	0	0	0	0.0277850928681615	-0.295991157410478	-0.6981317	0	-3.667323979803042e-06	0	0	0	0	0	0	0	0	0	0	0	0	0	0	0	0	0	0	0	0
57.82000000000001	15.58389037172259	1.742362063283655	-15.77513889275134	0	0.9399999999999999	0	0	0	0	0	0	0	0	0	0.02841430463418341	-0.2822773734337422	-0.6981317	0	-7.342521121797542e-07	0	0	0	0	0	0	0	0	0	0	0	0	0	0	0	0	0	0	0	0
57.84	15.61185208012372	1.744741568056355	-15.78518361610751	0	0.9399999999999999	0	0	0	0	0	0	0	0	0	0.03478181874900493	-0.2704559595065483	-0.6981317	0	1.353833205842623e-07	0	0	0	0	0	0	0	0	0	0	0	0	0	0	0	0	0	0	0	0
57.86000000000001	15.64329423482394	1.747657464599041	-15.79657254135792	0	0.9399999999999999	0	0	0	0	0	0	0	0	0	0.0466015972613441	-0.2633598597798202	-0.6981317	0	5.856686317031834e-08	0	0	0	0	0	0	0	0	0	0	0	0	0	0	0	0	0	0	0	0
57.88	15.67718945437821	1.750806195160147	-15.81127558241848	0	0.9399999999999999	0	0	0	0	0	0	0	0	0	0.06105410758065281	-0.2598620650894943	-0.6981317	0	-4.110439261688326e-08	0	0	0	0	0	0	0	0	0	0	0	0	0	0	0	0	0	0	0	0
57.90000000000001	15.71311118967238	1.752603140744416	-15.83102369601979	0	0.9399999999999999	0	0	0	0	0	0	0	0	0	0.07378641654524105	-0.2561059438564853	-0.6981317	0	4.013606782279374e-08	0	0	0	0	0	0	0	0	0	0	0	0	0	0	0	0	0	0	0	0
57.92	15.78968259398187	1.748444157104852	-15.88794562757671	0	0.9399999999999999	0	0	0	0	0	0	0	0	0	0.08461576608561801	-0.2383718948123508	-0.6981317	0	-1.224108944927053e-07	0	0	0	0	0	0	0	0	0	0	0	0	0	0	0	0	0	0	0	0
57.94	15.83588122810972	1.742608907208974	-15.92781755425465	0	0.9399999999999999	0	0	0	0	0	0	0	0	0	0.08203720709534634	-0.2228028340581403	-0.6981317	0	-1.216354965654986e-07	0	0	0	0	0	0	0	0	0	0	0	0	0	0	0	0	0	0	0	0
57.96	15.89156608283573	1.735367453314975	-15.97696657601891	0	0.9399999999999999	0	0	0	0	0	0	0	0	0	0.07564189695687615	-0.2030939759661699	-0.6981317	0	-3.310751412303841e-08	0	0	0	0	0	0	0	0	0	0	0	0	0	0	0	0	0	0	0	0
57.98	15.95507283443998	1.727374616196862	-16.03287546156177	0	0.9399999999999999	0	0	0	0	0	0	0	0	0	0.06823067028670231	-0.1814146129232854	-0.6981317	0	-5.815511978987581e-08	0	0	0	0	0	0	0	0	0	0	0	0	0	0	0	0	0	0	0	0
58.00000000000001	15.95507283443998	1.727374616196862	-16.03287546156177	0	0.9399999999999999	0	0	0	0	0	0	0	0	0	0.06823067028670231	-0.1814146129232854	-0.6981317	0	-5.815511978987581e-08	0	0	0	0	0	0	0	0	0	0	0	0	0	0	0	0	0	0	0	0
58.02	16.02673782203071	1.71963763292258	-16.0961852200219	0	0.9399999999999999	0	0	0	0	0	0	0	0	0	0.06194717065990232	-0.1610310971860524	-0.6981317	0	3.702390306807161e-08	0	0	0	0	0	0	0	0	0	0	0	0	0	0	0	0	0	0	0	0
58.04000000000001	16.10378642228979	1.71300162715355	-16.16523414254959	0	0.9399999999999999	0	0	0	0	0	0	0	0	0	0.05728671120858785	-0.1439471959869622	-0.6981317	0	-2.836580204946479e-07	0	0	0	0	0	0	0	0	0	0	0	0	0	0	0	0	0	0	0	0
58.06	16.26506708005612	1.702743356150591	-16.31657426006475	0	0.9399999999999999	0	0	0	0	0	0	0	0	0	0.04868524917462917	-0.1168449226775722	-0.6981317	0	1.097129277911215e-08	0	0	0	0	0	0	0	0	0	0	0	0	0	0	0	0	0	0	0	0
58.08000000000001	16.34919627762236	1.698384638071926	-16.3984757573121	0	0.9399999999999999	0	0	0	0	0	0	0	0	0	0.04361253223363516	-0.1042427876228743	-0.6981317	0	-8.258573341951645e-08	0	0	0	0	0	0	0	0	0	0	0	0	0	0	0	0	0	0	0	0
58.1	16.34919627762236	1.698384638071926	-16.3984757573121	0	0.9399999999999999	0	0	0	0	0	0	0	0	0	0.04361253223363516	-0.1042427876228743	-0.6981317	0	-8.258573341951645e-08	0	0	0	0	0	0	0	0	0	0	0	0	0	0	0	0	0	0	0	0
58.12	16.42831371141838	1.694652043707469	-16.47658612457935	0	0.9399999999999999	0	0	0	0	0	0	0	0	0	0.03820849513473251	-0.09198009427266603	-0.6981317	0	-1.018366880365218e-06	0	0	0	0	0	0	0	0	0	0	0	0	0	0	0	0	0	0	0	0
58.14000000000001	16.55813897603434	1.6904247435031	-16.60430095543204	0	0.9399999999999999	0	0	0	0	0	0	0	0	0	0.02570413362385957	-0.06821447212469216	-0.6981317	0	-1.05631895119715e-06	0	0	0	0	0	0	0	0	0	0	0	0	0	0	0	0	0	0	0	0
58.16	16.62790446951871	1.689528390676637	-16.66962424898742	0	0.9399999999999999	0	0	0	0	0	0	0	0	0	0.01745472350176487	-0.05477686611783056	-0.6981317	0	-1.341200303671027e-08	0	0	0	0	0	0	0	0	0	0	0	0	0	0	0	0	0	0	0	0
58.18000000000001	16.69316834150545	1.68973943050223	-16.72880922755251	0	0.9399999999999999	0	0	0	0	0	0	0	0	0	0.00974469096627655	-0.04257089619018582	-0.6981317	0	1.634300459082123e-07	0	0	0	0	0	0	0	0	0	0	0	0	0	0	0	0	0	0	0	0
58.2	16.69316834150545	1.68973943050223	-16.72880922755251	0	0.9399999999999999	0	0	0	0	0	0	0	0	0	0.00974469096627655	-0.04257089619018582	-0.6981317	0	1.634300459082123e-07	0	0	0	0	0	0	0	0	0	0	0	0	0	0	0	0	0	0	0	0
58.22000000000001	16.75518387319502	1.690895165720214	-16.78381119104187	0	0.9399999999999999	0	0	0	0	0	0	0	0	0	0.002741614385334387	-0.03237120611241231	-0.6981317	0	1.380939870253219e-07	0	0	0	0	0	0	0	0	0	0	0	0	0	0	0	0	0	0	0	0
58.24	16.84947881686988	1.696123793864897	-16.86405303475096	0	0.9399999999999999	0	0	0	0	0	0	0	0	0	-0.008237803631221705	-0.01914807525171853	-0.6981317	0	2.163536262274507e-08	0	0	0	0	0	0	0	0	0	0	0	0	0	0	0	0	0	0	0	0
58.26000000000001	16.84947881686988	1.696123793864897	-16.86405303475096	0	0.9399999999999999	0	0	0	0	0	0	0	0	0	-0.008237803631221705	-0.01914807525171853	-0.6981317	0	2.163536262274507e-08	0	0	0	0	0	0	0	0	0	0	0	0	0	0	0	0	0	0	0	0
58.28	16.89032163765176	1.702971160095372	-16.89160078781202	0	0.9399999999999999	0	0	0	0	0	0	0	0	0	-0.01509015990885236	-0.01341974176430851	-0.6981317	0	2.301266404221237e-07	0	0	0	0	0	0	0	0	0	0	0	0	0	0	0	0	0	0	0	0
58.3	16.89346112004843	1.706296790803431	-16.88859836730199	0	0.9399999999999999	0	0	0	0	0	0	0	0	0	-0.01728630651439127	-0.01272569465601914	-0.6981317	0	-3.49549212999462e-06	0	0	0	0	0	0	0	0	0	0	0	0	0	0	0	0	0	0	0	0
58.32000000000001	16.89346797307309	1.706296470884198	-16.88860533065291	0	0.9399999999999999	0	0	0	0	0	0	0	0	0	-0.01728843455565003	-0.01272062181947022	-0.6981317	0	-3.363494206316962e-06	0	0	0	0	0	0	0	0	0	0	0	0	0	0	0	0	0	0	0	0
58.34	16.89885313968204	1.713337701521648	-16.88280571425652	0	0.9399999999999999	0	0	0	0	0	0	0	0	0	-0.02137218147531054	-0.01278846477462756	-0.6981317	0	-1.144751038218486e-06	0	0	0	0	0	0	0	0	0	0	0	0	0	0	0	0	0	0	0	0
58.36000000000001	16.90079162225388	1.716088578487614	-16.8802475865159	0	0.9399999999999999	0	0	0	0	0	0	0	0	0	-0.02217510553066765	-0.01343421221063336	-0.6981317	0	-6.02522420240483e-06	0	0	0	0	0	0	0	0	0	0	0	0	0	0	0	0	0	0	0	0
58.38	16.9007784239789	1.716087143261381	-16.88023450291274	0	0.9399999999999999	0	0	0	0	0	0	0	0	0	-0.02217381784789547	-0.01342847539994494	-0.6981317	0	-5.825276161770697e-06	0	0	0	0	0	0	0	0	0	0	0	0	0	0	0	0	0	0	0	0
58.40000000000001	16.87235163246961	1.718485246828338	-16.84843463409103	0	0.9399999999999999	0	0	0	0	0	0	0	0	0	-0.01982238582463134	-0.0186169419275196	-0.6981317	0	7.337435747118077e-11	0	0	0	0	0	0	0	0	0	0	0	0	0	0	0	0	0	0	0	0
58.42	16.84106399408535	1.723444964977936	-16.81238570134906	0	0.9399999999999999	0	0	0	0	0	0	0	0	0	-0.01861560080106582	-0.02555467176815779	-0.6981317	0	2.701389147164616e-08	0	0	0	0	0	0	0	0	0	0	0	0	0	0	0	0	0	0	0	0
58.44	16.81225518622057	1.724434765632746	-16.7804409988241	0	0.9399999999999999	0	0	0	0	0	0	0	0	0	-0.01117205445748773	-0.0297122906577971	-0.6981317	0	3.584890938159129e-06	0	0	0	0	0	0	0	0	0	0	0	0	0	0	0	0	0	0	0	0
58.46	16.79666237551884	1.725765025260763	-16.76261375443799	0	0.9399999999999999	0	0	0	0	0	0	0	0	0	-0.00803137688821075	-0.03193909700800402	-0.6981317	0	-2.799053875723493e-09	0	0	0	0	0	0	0	0	0	0	0	0	0	0	0	0	0	0	0	0
58.48	16.79666237551884	1.725765025260763	-16.76261375443799	0	0.9399999999999999	0	0	0	0	0	0	0	0	0	-0.00803137688821075	-0.03193909700800402	-0.6981317	0	-2.799053875723493e-09	0	0	0	0	0	0	0	0	0	0	0	0	0	0	0	0	0	0	0	0
58.50000000000001	16.79736532469728	1.727996991224643	-16.76154442011517	0	0.9399999999999999	0	0	0	0	0	0	0	0	0	-0.007632479184050006	-0.03259864759016528	-0.6981317	0	3.912644051377699e-06	0	0	0	0	0	0	0	0	0	0	0	0	0	0	0	0	0	0	0	0
58.52	16.79787242146151	1.729385237873295	-16.76104450952024	0	0.9399999999999999	0	0	0	0	0	0	0	0	0	-0.006632145373316905	-0.03284651653571295	-0.6981317	0	-6.441796822005828e-07	0	0	0	0	0	0	0	0	0	0	0	0	0	0	0	0	0	0	0	0
58.54000000000001	16.8312260688531	1.730530254568196	-16.792754060483	0	0.9399999999999999	0	0	0	0	0	0	0	0	0	-0.008443073994131335	-0.02589672045554493	-0.6981317	0	4.25990616189264e-08	0	0	0	0	0	0	0	0	0	0	0	0	0	0	0	0	0	0	0	0
58.56	16.85642057409691	1.730073770616153	-16.81671425268368	0	0.9399999999999999	0	0	0	0	0	0	0	0	0	-0.01012080787662122	-0.01967886312648804	-0.6981317	0	3.911120846620593e-07	0	0	0	0	0	0	0	0	0	0	0	0	0	0	0	0	0	0	0	0
58.58000000000001	16.85642057409691	1.730073770616153	-16.81671425268368	0	0.9399999999999999	0	0	0	0	0	0	0	0	0	-0.01012080787662122	-0.01967886312648804	-0.6981317	0	3.911120846620593e-07	0	0	0	0	0	0	0	0	0	0	0	0	0	0	0	0	0	0	0	0
58.6	16.88719811497251	1.729831499131678	-16.84635299395908	0	0.9399999999999999	0	0	0	0	0	0	0	0	0	-0.01224698567087344	-0.01286433296789534	-0.6981317	0	-3.480520178061289e-07	0	0	0	0	0	0	0	0	0	0	0	0	0	0	0	0	0	0	0	0
58.62	16.96028444131692	1.730842436536087	-16.91846195785872	0	0.9399999999999999	0	0	0	0	0	0	0	0	0	-0.01876002447595039	0.001211417468055664	-0.6981317	0	-1.531028516748887e-07	0	0	0	0	0	0	0	0	0	0	0	0	0	0	0	0	0	0	0	0
58.64000000000001	16.99208903481904	1.733139208041061	-16.94961810917493	0	0.9399999999999999	0	0	0	0	0	0	0	0	0	-0.0234467468069525	0.007284322992433158	-0.6981317	0	2.011269746534629e-07	0	0	0	0	0	0	0	0	0	0	0	0	0	0	0	0	0	0	0	0
58.66	17.01579915414133	1.735775655480856	-16.97186309947749	0	0.9399999999999999	0	0	0	0	0	0	0	0	0	-0.02795742182040074	0.01223017129875903	-0.6981317	0	-1.468102124502355e-07	0	0	0	0	0	0	0	0	0	0	0	0	0	0	0	0	0	0	0	0
58.68000000000001	17.0296303757633	1.737992756258467	-16.98324175197227	0	0.9399999999999999	0	0	0	0	0	0	0	0	0	-0.03098117066011218	0.01594716034168261	-0.6981317	0	-6.257077770917137e-08	0	0	0	0	0	0	0	0	0	0	0	0	0	0	0	0	0	0	0	0
58.7	17.0311594705447	1.739862893853268	-16.98128569031849	0	0.9399999999999999	0	0	0	0	0	0	0	0	0	-0.03205896055765772	0.01769303662551979	-0.6981317	0	5.615226850739323e-07	0	0	0	0	0	0	0	0	0	0	0	0	0	0	0	0	0	0	0	0
58.72000000000001	17.01926283210274	1.741512095972914	-16.96512345552422	0	0.9399999999999999	0	0	0	0	0	0	0	0	0	-0.03068487670093246	0.01695330170821763	-0.6981317	0	-2.158465441759821e-08	0	0	0	0	0	0	0	0	0	0	0	0	0	0	0	0	0	0	0	0
58.74	16.99493714051234	1.742698720659872	-16.93633258299949	0	0.9399999999999999	0	0	0	0	0	0	0	0	0	-0.02636013164107228	0.01362533988855236	-0.6981317	0	2.179824310838181e-07	0	0	0	0	0	0	0	0	0	0	0	0	0	0	0	0	0	0	0	0
58.76000000000001	16.99493714051234	1.742698720659872	-16.93633258299949	0	0.9399999999999999	0	0	0	0	0	0	0	0	0	-0.02636013164107228	0.01362533988855236	-0.6981317	0	2.179824310838181e-07	0	0	0	0	0	0	0	0	0	0	0	0	0	0	0	0	0	0	0	0
58.78	16.92048763102326	1.744415563220968	-16.85335827813599	0	0.9399999999999999	0	0	0	0	0	0	0	0	0	-0.01152959367107426	0.002212255852953698	-0.6981317	0	-1.775000215560517e-07	0	0	0	0	0	0	0	0	0	0	0	0	0	0	0	0	0	0	0	0
58.8	16.879602635714	1.745644758568838	-16.80842763139052	0	0.9399999999999999	0	0	0	0	0	0	0	0	0	-0.003297413067520209	-0.003110589831190519	-0.6981317	0	-4.642305402848724e-07	0	0	0	0	0	0	0	0	0	0	0	0	0	0	0	0	0	0	0	0
58.82000000000001	16.879602635714	1.745644758568838	-16.80842763139052	0	0.9399999999999999	0	0	0	0	0	0	0	0	0	-0.003297413067520209	-0.003110589831190519	-0.6981317	0	-4.642305402848724e-07	0	0	0	0	0	0	0	0	0	0	0	0	0	0	0	0	0	0	0	0
58.84	16.85014832267395	1.746807261697465	-16.77490987703817	0	0.9399999999999999	0	0	0	0	0	0	0	0	0	0.003663726285932575	-0.005669603717764758	-0.6981317	0	5.056494457541479e-07	0	0	0	0	0	0	0	0	0	0	0	0	0	0	0	0	0	0	0	0
58.86000000000001	16.82789920101916	1.746974310704266	-16.74925675396371	0	0.9399999999999999	0	0	0	0	0	0	0	0	0	0.01002586804924226	-0.00577249253860912	-0.6981317	0	-1.741327356358911e-07	0	0	0	0	0	0	0	0	0	0	0	0	0	0	0	0	0	0	0	0
58.88	16.81042625194192	1.745043560207006	-16.7291641248107	0	0.9399999999999999	0	0	0	0	0	0	0	0	0	0.01590071992249227	-0.003007023758339097	-0.6981317	0	2.296410207466653e-08	0	0	0	0	0	0	0	0	0	0	0	0	0	0	0	0	0	0	0	0
58.90000000000001	16.79849172599411	1.737568961069424	-16.71422415315119	0	0.9399999999999999	0	0	0	0	0	0	0	0	0	0.02083955223802958	0.01051966534556773	-0.6981317	0	2.407875839631246e-08	0	0	0	0	0	0	0	0	0	0	0	0	0	0	0	0	0	0	0	0
58.92	16.79849014273511	1.737561977103358	-16.71422550470069	0	0.9399999999999999	0	0	0	0	0	0	0	0	0	0.02083235403966023	0.01051670293135409	-0.6981317	0	7.304375892220228e-07	0	0	0	0	0	0	0	0	0	0	0	0	0	0	0	0	0	0	0	0
58.94	16.79791146214286	1.728213246139903	-16.71301897433164	0	0.9399999999999999	0	0	0	0	0	0	0	0	0	0.01748062193106762	0.02549460760445648	-0.6981317	0	5.743377359802995e-06	0	0	0	0	0	0	0	0	0	0	0	0	0	0	0	0	0	0	0	0
58.96	16.79792555283659	1.728213458378356	-16.71302949782249	0	0.9399999999999999	0	0	0	0	0	0	0	0	0	0.01747843783322641	0.02549571804236819	-0.6981317	0	5.642845913879257e-06	0	0	0	0	0	0	0	0	0	0	0	0	0	0	0	0	0	0	0	0
58.98	16.81984277398727	1.724245662196707	-16.73555877780002	0	0.9399999999999999	0	0	0	0	0	0	0	0	0	0.01138751854507611	0.03343636561866448	-0.6981317	0	4.732419116013689e-07	0	0	0	0	0	0	0	0	0	0	0	0	0	0	0	0	0	0	0	0
59.00000000000001	16.86646471728322	1.718746984618624	-16.78379229193428	0	0.9399999999999999	0	0	0	0	0	0	0	0	0	-0.003091000273843469	0.04611947295937924	-0.6981317	0	-7.259381606728674e-07	0	0	0	0	0	0	0	0	0	0	0	0	0	0	0	0	0	0	0	0
59.02	16.89212572025954	1.7167318051037	-16.80763113129134	0	0.9399999999999999	0	0	0	0	0	0	0	0	0	-0.009897135241666058	0.05072709824542663	-0.6981317	0	4.217942509008081e-07	0	0	0	0	0	0	0	0	0	0	0	0	0	0	0	0	0	0	0	0
59.04000000000001	16.89212572025954	1.7167318051037	-16.80763113129134	0	0.9399999999999999	0	0	0	0	0	0	0	0	0	-0.009897135241666058	0.05072709824542663	-0.6981317	0	4.217942509008081e-07	0	0	0	0	0	0	0	0	0	0	0	0	0	0	0	0	0	0	0	0
59.06	16.93991420755063	1.713558404275097	-16.85028294789424	0	0.9399999999999999	0	0	0	0	0	0	0	0	0	-0.01731231957487846	0.05294584092024166	-0.6981317	0	3.315349576181696e-08	0	0	0	0	0	0	0	0	0	0	0	0	0	0	0	0	0	0	0	0
59.08000000000001	16.95920941152649	1.711884342550257	-16.86771433985758	0	0.9399999999999999	0	0	0	0	0	0	0	0	0	-0.01772883327258274	0.05180516364832454	-0.6981317	0	1.055650672557541e-06	0	0	0	0	0	0	0	0	0	0	0	0	0	0	0	0	0	0	0	0
59.1	16.95920959828304	1.71188448070588	-16.8677141305605	0	0.9399999999999999	0	0	0	0	0	0	0	0	0	-0.01772897028173336	0.05180490878103218	-0.6981317	0	-1.218691905918773e-07	0	0	0	0	0	0	0	0	0	0	0	0	0	0	0	0	0	0	0	0
59.12	16.99599052625755	1.709369014203682	-16.90361219617013	0	0.9399999999999999	0	0	0	0	0	0	0	0	0	-0.016972133962221	0.05049512273581615	-0.6981317	0	-5.240984314696397e-08	0	0	0	0	0	0	0	0	0	0	0	0	0	0	0	0	0	0	0	0
59.14000000000001	16.99599052625755	1.709369014203682	-16.90361219617013	0	0.9399999999999999	0	0	0	0	0	0	0	0	0	-0.016972133962221	0.05049512273581615	-0.6981317	0	-5.240984314696397e-08	0	0	0	0	0	0	0	0	0	0	0	0	0	0	0	0	0	0	0	0
59.16	17.01472103010961	1.707897536627982	-16.92298714704187	0	0.9399999999999999	0	0	0	0	0	0	0	0	0	-0.01705064835578039	0.05080826452087235	-0.6981317	0	1.095744921507843e-07	0	0	0	0	0	0	0	0	0	0	0	0	0	0	0	0	0	0	0	0
59.18000000000001	17.031997020767	1.706145872397471	-16.94097312126456	0	0.9399999999999999	0	0	0	0	0	0	0	0	0	-0.01767670099540901	0.05106814849042508	-0.6981317	0	1.888715117014582e-07	0	0	0	0	0	0	0	0	0	0	0	0	0	0	0	0	0	0	0	0
59.2	17.06292485210044	1.70198104850395	-16.97159222429702	0	0.9399999999999999	0	0	0	0	0	0	0	0	0	-0.0177904525224645	0.05084182914616177	-0.6981317	0	-7.024316432191409e-08	0	0	0	0	0	0	0	0	0	0	0	0	0	0	0	0	0	0	0	0
59.22000000000001	17.08316923121981	1.699797406564713	-16.99083818772451	0	0.9399999999999999	0	0	0	0	0	0	0	0	0	-0.01756330207254311	0.05091535037876173	-0.6981317	0	6.922159741763417e-07	0	0	0	0	0	0	0	0	0	0	0	0	0	0	0	0	0	0	0	0
59.24	17.10382171145342	1.698013136704926	-17.01055661283743	0	0.9399999999999999	0	0	0	0	0	0	0	0	0	-0.01777350597619821	0.05134396794938243	-0.6981317	0	-2.869471737098988e-09	0	0	0	0	0	0	0	0	0	0	0	0	0	0	0	0	0	0	0	0
59.26000000000001	17.10441193737793	1.696779249598498	-17.01053188573074	0	0.9399999999999999	0	0	0	0	0	0	0	0	0	-0.01789440284338362	0.05004146196571398	-0.6981317	0	-8.499202523688471e-06	0	0	0	0	0	0	0	0	0	0	0	0	0	0	0	0	0	0	0	0
59.28	17.14124511994057	1.696351933015014	-17.04612270161886	0	0.9399999999999999	0	0	0	0	0	0	0	0	0	-0.01954725798462115	0.05477312860597754	-0.6981317	0	1.758395025604965e-08	0	0	0	0	0	0	0	0	0	0	0	0	0	0	0	0	0	0	0	0
59.3	17.17095949843356	1.695674904769182	-17.07566149368478	0	0.9399999999999999	0	0	0	0	0	0	0	0	0	-0.02534130707292693	0.05784174117121414	-0.6981317	0	-4.951684842730592e-08	0	0	0	0	0	0	0	0	0	0	0	0	0	0	0	0	0	0	0	0
59.32000000000001	17.17095949843356	1.695674904769182	-17.07566149368478	0	0.9399999999999999	0	0	0	0	0	0	0	0	0	-0.02534130707292693	0.05784174117121414	-0.6981317	0	-4.951684842730592e-08	0	0	0	0	0	0	0	0	0	0	0	0	0	0	0	0	0	0	0	0
59.34	17.17152803730895	1.694277923780062	-17.07541785926575	0	0.9399999999999999	0	0	0	0	0	0	0	0	0	-0.02708828790838295	0.05808281279252141	-0.6981317	0	-4.994124920689397e-06	0	0	0	0	0	0	0	0	0	0	0	0	0	0	0	0	0	0	0	0
59.36000000000001	17.20377168115605	1.694069046090662	-17.10649745212014	0	0.9399999999999999	0	0	0	0	0	0	0	0	0	-0.03145642790326779	0.06223057497169627	-0.6981317	0	-3.621159998346534e-07	0	0	0	0	0	0	0	0	0	0	0	0	0	0	0	0	0	0	0	0
59.38	17.20478401512418	1.694201530992493	-17.10586094139318	0	0.9399999999999999	0	0	0	0	0	0	0	0	0	-0.03762165840165999	0.06271247446727024	-0.6981317	0	-8.606019284278801e-06	0	0	0	0	0	0	0	0	0	0	0	0	0	0	0	0	0	0	0	0
59.40000000000001	17.20525095158307	1.695125875907038	-17.10569656194212	0	0.9399999999999999	0	0	0	0	0	0	0	0	0	-0.04150445856654943	0.0627019145147801	-0.6981317	0	1.362711107003522e-05	0	0	0	0	0	0	0	0	0	0	0	0	0	0	0	0	0	0	0	0
59.42	17.20527077329357	1.695122163665818	-17.10572886152174	0	0.9399999999999999	0	0	0	0	0	0	0	0	0	-0.04150491955193591	0.06270676633343014	-0.6981317	0	8.043408743640431e-06	0	0	0	0	0	0	0	0	0	0	0	0	0	0	0	0	0	0	0	0
59.44	17.20539157937327	1.696198864691221	-17.10546936826725	0	0.9399999999999999	0	0	0	0	0	0	0	0	0	-0.04559522436323062	0.0628754224789619	-0.6981317	0	-1.401321522763568e-06	0	0	0	0	0	0	0	0	0	0	0	0	0	0	0	0	0	0	0	0
59.46	17.20524879640219	1.69746878581651	-17.10510612477194	0	0.9399999999999999	0	0	0	0	0	0	0	0	0	-0.05000534109268577	0.06317758336978309	-0.6981317	0	1.227825881335043e-06	0	0	0	0	0	0	0	0	0	0	0	0	0	0	0	0	0	0	0	0
59.48	17.20476866443503	1.699216459122219	-17.10445807950115	0	0.9399999999999999	0	0	0	0	0	0	0	0	0	-0.05474496929314451	0.06328221230876113	-0.6981317	0	2.626828956730278e-06	0	0	0	0	0	0	0	0	0	0	0	0	0	0	0	0	0	0	0	0
59.50000000000001	17.17931741301223	1.70087031255024	-17.07896751020127	0	0.9399999999999999	0	0	0	0	0	0	0	0	0	-0.05780843059384053	0.05978558454093184	-0.6981317	0	-1.362000790526762e-07	0	0	0	0	0	0	0	0	0	0	0	0	0	0	0	0	0	0	0	0
59.52	17.16169744525003	1.702789917959335	-17.06164309033879	0	0.9399999999999999	0	0	0	0	0	0	0	0	0	-0.06084822422714714	0.05634404939468186	-0.6981317	0	-1.445444142031351e-09	0	0	0	0	0	0	0	0	0	0	0	0	0	0	0	0	0	0	0	0
59.54000000000001	17.11284791526095	1.705732532321461	-17.01503552269909	0	0.9399999999999999	0	0	0	0	0	0	0	0	0	-0.06356049696792281	0.0464198070586721	-0.6981317	0	-1.314194370901539e-07	0	0	0	0	0	0	0	0	0	0	0	0	0	0	0	0	0	0	0	0
59.56	17.08211025729736	1.705070047376365	-16.98623964761745	0	0.9399999999999999	0	0	0	0	0	0	0	0	0	-0.06247200825666076	0.04080244893789665	-0.6981317	0	1.757522596037761e-06	0	0	0	0	0	0	0	0	0	0	0	0	0	0	0	0	0	0	0	0
59.58000000000001	17.08211025729736	1.705070047376365	-16.98623964761745	0	0.9399999999999999	0	0	0	0	0	0	0	0	0	-0.06247200825666076	0.04080244893789665	-0.6981317	0	1.757522596037761e-06	0	0	0	0	0	0	0	0	0	0	0	0	0	0	0	0	0	0	0	0
59.6	17.05012922173839	1.702478594945526	-16.95639266691148	0	0.9399999999999999	0	0	0	0	0	0	0	0	0	-0.06001619488429578	0.03600776490569699	-0.6981317	0	-1.240738469929081e-07	0	0	0	0	0	0	0	0	0	0	0	0	0	0	0	0	0	0	0	0
59.62	17.01531806750952	1.699352073228458	-16.92296683284867	0	0.9399999999999999	0	0	0	0	0	0	0	0	0	-0.05712637939843543	0.03157982993645875	-0.6981317	0	-8.69767752453125e-09	0	0	0	0	0	0	0	0	0	0	0	0	0	0	0	0	0	0	0	0
59.64000000000001	16.97326159248647	1.695427941680386	-16.88283246640401	0	0.9399999999999999	0	0	0	0	0	0	0	0	0	-0.05315025453323909	0.02491380221316897	-0.6981317	0	-6.042074507797707e-12	0	0	0	0	0	0	0	0	0	0	0	0	0	0	0	0	0	0	0	0
59.66	16.99494765669056	1.694060348880027	-16.9060858971139	0	0.9399999999999999	0	0	0	0	0	0	0	0	0	-0.05438830774766663	0.02671975227112502	-0.6981317	0	3.504893756755045e-08	0	0	0	0	0	0	0	0	0	0	0	0	0	0	0	0	0	0	0	0
59.68000000000001	16.99494765669056	1.694060348880027	-16.9060858971139	0	0.9399999999999999	0	0	0	0	0	0	0	0	0	-0.05438830774766663	0.02671975227112502	-0.6981317	0	3.504893756755045e-08	0	0	0	0	0	0	0	0	0	0	0	0	0	0	0	0	0	0	0	0
59.7	17.04646381128322	1.692807520634378	-16.96047136510613	0	0.9399999999999999	0	0	0	0	0	0	0	0	0	-0.0579148544562385	0.03260209390968253	-0.6981317	0	1.646364283865965e-07	0	0	0	0	0	0	0	0	0	0	0	0	0	0	0	0	0	0	0	0
59.72000000000001	17.2043574505221	1.688721746271033	-17.12789626597132	0	0.9399999999999999	0	0	0	0	0	0	0	0	0	-0.06777660077744978	0.05248133916830237	-0.6981317	0	2.770585878724389e-09	0	0	0	0	0	0	0	0	0	0	0	0	0	0	0	0	0	0	0	0
59.74	17.27711223762063	1.684660167316465	-17.20475979233946	0	0.9399999999999999	0	0	0	0	0	0	0	0	0	-0.06770434112142194	0.06338851551203634	-0.6981317	0	2.423469227142681e-07	0	0	0	0	0	0	0	0	0	0	0	0	0	0	0	0	0	0	0	0
59.76000000000001	17.36021596676409	1.680316410785078	-17.2941584686268	0	0.9399999999999999	0	0	0	0	0	0	0	0	0	-0.07295526819547325	0.07175946550988864	-0.6981317	0	1.621427393320853e-07	0	0	0	0	0	0	0	0	0	0	0	0	0	0	0	0	0	0	0	0
59.78	17.42255503445757	1.675325368493301	-17.36125662430425	0	0.9399999999999999	0	0	0	0	0	0	0	0	0	-0.07379039248973167	0.07768003215637756	-0.6981317	0	-3.17844050516756e-08	0	0	0	0	0	0	0	0	0	0	0	0	0	0	0	0	0	0	0	0
59.8	17.42255503445757	1.675325368493301	-17.36125662430425	0	0.9399999999999999	0	0	0	0	0	0	0	0	0	-0.07379039248973167	0.07768003215637756	-0.6981317	0	-3.17844050516756e-08	0	0	0	0	0	0	0	0	0	0	0	0	0	0	0	0	0	0	0	0
59.82000000000001	17.47446524313567	1.670224477808764	-17.41756930156848	0	0.9399999999999999	0	0	0	0	0	0	0	0	0	-0.07365175229722538	0.08061374410827329	-0.6981317	0	-7.208538884334005e-08	0	0	0	0	0	0	0	0	0	0	0	0	0	0	0	0	0	0	0	0
59.84	17.51609971584224	1.666029931302158	-17.46333314407065	0	0.9399999999999999	0	0	0	0	0	0	0	0	0	-0.07345286827189677	0.08112269769051443	-0.6981317	0	8.587519353070807e-09	0	0	0	0	0	0	0	0	0	0	0	0	0	0	0	0	0	0	0	0
59.86000000000001	17.57226976481427	1.660161685830951	-17.52670269092273	0	0.9399999999999999	0	0	0	0	0	0	0	0	0	-0.07428541091129352	0.07801925935050419	-0.6981317	0	6.038892342509962e-07	0	0	0	0	0	0	0	0	0	0	0	0	0	0	0	0	0	0	0	0
59.88	17.59925029462656	1.657791658923737	-17.55636961024864	0	0.9399999999999999	0	0	0	0	0	0	0	0	0	-0.07491506640639857	0.07629037522005498	-0.6981317	0	1.597055199838192e-07	0	0	0	0	0	0	0	0	0	0	0	0	0	0	0	0	0	0	0	0
59.90000000000001	17.59925029462656	1.657791658923737	-17.55636961024864	0	0.9399999999999999	0	0	0	0	0	0	0	0	0	-0.07491506640639857	0.07629037522005498	-0.6981317	0	1.597055199838192e-07	0	0	0	0	0	0	0	0	0	0	0	0	0	0	0	0	0	0	0	0
59.92	17.62097660426739	1.656878328443909	-17.58058689360434	0	0.9399999999999999	0	0	0	0	0	0	0	0	0	-0.07690517901818314	0.07433906476251945	-0.6981317	0	-1.149035887167536e-07	0	0	0	0	0	0	0	0	0	0	0	0	0	0	0	0	0	0	0	0
59.94	17.62000088735723	1.656227678912297	-17.58207535585839	0	0.9399999999999999	0	0	0	0	0	0	0	0	0	-0.07891206520135269	0.07027213224464683	-0.6981317	0	-3.216557151338874e-06	0	0	0	0	0	0	0	0	0	0	0	0	0	0	0	0	0	0	0	0
59.96	17.64532260780402	1.655222191233205	-17.61010768660019	0	0.9399999999999999	0	0	0	0	0	0	0	0	0	-0.08004176476242476	0.06805100857351727	-0.6981317	0	8.844466018106142e-09	0	0	0	0	0	0	0	0	0	0	0	0	0	0	0	0	0	0	0	0
59.98	17.64342041453299	1.648237504846591	-17.61327561245027	0	0.9399999999999999	0	0	0	0	0	0	0	0	0	-0.07704403431350132	0.05800752869525742	-0.6981317	0	-7.52864962507504e-07	0	0	0	0	0	0	0	0	0	0	0	0	0	0	0	0	0	0	0	0
60.00000000000001	17.64245900262589	1.644485105846765	-17.6142096583579	0	0.9399999999999999	0	0	0	0	0	0	0	0	0	-0.0750695547367537	0.05385643930892636	-0.6981317	0	-2.782289686077544e-07	0	0	0	0	0	0	0	0	0	0	0	0	0	0	0	0	0	0	0	0
60.02	17.58857629145595	1.641008303525877	-17.56133138932058	0	0.9399999999999999	0	0	0	0	0	0	0	0	0	-0.07374390886743505	0.04673155059387311	-0.6981317	0	1.380313515236117e-07	0	0	0	0	0	0	0	0	0	0	0	0	0	0	0	0	0	0	0	0
60.04000000000001	17.58857629145595	1.641008303525877	-17.56133138932058	0	0.9399999999999999	0	0	0	0	0	0	0	0	0	-0.07374390886743505	0.04673155059387311	-0.6981317	0	1.380313515236117e-07	0	0	0	0	0	0	0	0	0	0	0	0	0	0	0	0	0	0	0	0
60.06	17.54338549697863	1.63841674758122	-17.51635647743796	0	0.9399999999999999	0	0	0	0	0	0	0	0	0	-0.07291333206245708	0.04101110314588127	-0.6981317	0	-2.521143732327444e-09	0	0	0	0	0	0	0	0	0	0	0	0	0	0	0	0	0	0	0	0
60.08000000000001	17.47157184836847	1.63525032513424	-17.44403299243749	0	0.9399999999999999	0	0	0	0	0	0	0	0	0	-0.07269464374300938	0.03251315174446159	-0.6981317	0	-1.704555585427288e-07	0	0	0	0	0	0	0	0	0	0	0	0	0	0	0	0	0	0	0	0
60.1	17.4722571053898	1.635205481438929	-17.44327921947202	0	0.9399999999999999	0	0	0	0	0	0	0	0	0	-0.07266490658985195	0.0324699195250668	-0.6981317	0	1.892243347550453e-05	0	0	0	0	0	0	0	0	0	0	0	0	0	0	0	0	0	0	0	0
60.12	17.47153260041451	1.635206897442373	-17.44344137813244	0	0.9399999999999999	0	0	0	0	0	0	0	0	0	-0.07371275679520649	0.03205587377381373	-0.6981317	0	9.086309537012688e-06	0	0	0	0	0	0	0	0	0	0	0	0	0	0	0	0	0	0	0	0
60.14000000000001	17.43309664442361	1.634857716605637	-17.40387480927973	0	0.9399999999999999	0	0	0	0	0	0	0	0	0	-0.07400188904981489	0.02966741765572258	-0.6981317	0	-9.941968490240316e-08	0	0	0	0	0	0	0	0	0	0	0	0	0	0	0	0	0	0	0	0
60.16	17.39748964173121	1.634609923832329	-17.36370475530167	0	0.9399999999999999	0	0	0	0	0	0	0	0	0	-0.07482452692934624	0.02769905594144565	-0.6981317	0	-3.86054494291796e-07	0	0	0	0	0	0	0	0	0	0	0	0	0	0	0	0	0	0	0	0
60.18000000000001	17.39748964173121	1.634609923832329	-17.36370475530167	0	0.9399999999999999	0	0	0	0	0	0	0	0	0	-0.07482452692934624	0.02769905594144565	-0.6981317	0	-3.86054494291796e-07	0	0	0	0	0	0	0	0	0	0	0	0	0	0	0	0	0	0	0	0
60.2	17.39879347233345	1.635307562018931	-17.36203321241027	0	0.9399999999999999	0	0	0	0	0	0	0	0	0	-0.07595616507785367	0.02757573471580843	-0.6981317	0	4.940197484118525e-06	0	0	0	0	0	0	0	0	0	0	0	0	0	0	0	0	0	0	0	0
60.22000000000001	17.40159274156865	1.637596769050875	-17.35846302344589	0	0.9399999999999999	0	0	0	0	0	0	0	0	0	-0.07951469386249234	0.02717210582091398	-0.6981317	0	-7.283000858195768e-06	0	0	0	0	0	0	0	0	0	0	0	0	0	0	0	0	0	0	0	0
60.24	17.40157720255689	1.637595084329761	-17.35844738827845	0	0.9399999999999999	0	0	0	0	0	0	0	0	0	-0.07951153171961181	0.02717047744073449	-0.6981317	0	-7.265430375249715e-06	0	0	0	0	0	0	0	0	0	0	0	0	0	0	0	0	0	0	0	0
60.26000000000001	17.35123525783164	1.6383342567796	-17.30432192398581	0	0.9399999999999999	0	0	0	0	0	0	0	0	0	-0.08039675961173705	0.02260723018933595	-0.6981317	0	-2.132397530398e-07	0	0	0	0	0	0	0	0	0	0	0	0	0	0	0	0	0	0	0	0
60.28	17.35536577965838	1.641080317747406	-17.30015175235345	0	0.9399999999999999	0	0	0	0	0	0	0	0	0	-0.08377650611739353	0.01782066692424615	-0.6981317	0	-8.977086017219728e-07	0	0	0	0	0	0	0	0	0	0	0	0	0	0	0	0	0	0	0	0
60.3	17.35714000956465	1.642601422757479	-17.29801896821425	0	0.9399999999999999	0	0	0	0	0	0	0	0	0	-0.0855251320634734	0.01432173739514689	-0.6981317	0	-7.050535122982309e-06	0	0	0	0	0	0	0	0	0	0	0	0	0	0	0	0	0	0	0	0
60.32000000000001	17.35711731676297	1.642595189547194	-17.29800043387704	0	0.9399999999999999	0	0	0	0	0	0	0	0	0	-0.0855207790175992	0.01431958441845902	-0.6981317	0	-9.492853154067849e-06	0	0	0	0	0	0	0	0	0	0	0	0	0	0	0	0	0	0	0	0
60.34	17.32151397360115	1.644101906147665	-17.25588846454397	0	0.9399999999999999	0	0	0	0	0	0	0	0	0	-0.0850218832267587	0.002012042460105343	-0.6981317	0	1.874742424605732e-07	0	0	0	0	0	0	0	0	0	0	0	0	0	0	0	0	0	0	0	0
60.36000000000001	17.32296683681874	1.64458986651458	-17.25468315689758	0	0.9399999999999999	0	0	0	0	0	0	0	0	0	-0.08405653130134985	-0.00293232796773285	-0.6981317	0	-2.736282203928634e-06	0	0	0	0	0	0	0	0	0	0	0	0	0	0	0	0	0	0	0	0
60.38	17.29434131367036	1.644346844107677	-17.22347655219383	0	0.9399999999999999	0	0	0	0	0	0	0	0	0	-0.08164433265711228	-0.009125118368260757	-0.6981317	0	1.679376743434951e-07	0	0	0	0	0	0	0	0	0	0	0	0	0	0	0	0	0	0	0	0
60.40000000000001	17.29554468104019	1.644380854659051	-17.22225357112817	0	0.9399999999999999	0	0	0	0	0	0	0	0	0	-0.08048071218356337	-0.01185535302246225	-0.6981317	0	-2.790597050238841e-06	0	0	0	0	0	0	0	0	0	0	0	0	0	0	0	0	0	0	0	0
60.42	17.29552468472495	1.644405278169984	-17.2222577523074	0	0.9399999999999999	0	0	0	0	0	0	0	0	0	-0.0804475074712085	-0.01186281016623623	-0.6981317	0	-1.333287188975686e-06	0	0	0	0	0	0	0	0	0	0	0	0	0	0	0	0	0	0	0	0
60.44	17.244893936288	1.643346099590345	-17.16600159334265	0	0.9399999999999999	0	0	0	0	0	0	0	0	0	-0.0772039863713665	-0.01837493633626586	-0.6981317	0	-2.918962982026607e-07	0	0	0	0	0	0	0	0	0	0	0	0	0	0	0	0	0	0	0	0
60.46	17.24657907704818	1.643166892953337	-17.16427774068445	0	0.9399999999999999	0	0	0	0	0	0	0	0	0	-0.07729772051260143	-0.01840572288894296	-0.6981317	0	-1.021515110876255e-06	0	0	0	0	0	0	0	0	0	0	0	0	0	0	0	0	0	0	0	0
60.48	17.24656752256837	1.643176518203671	-17.16426450413176	0	0.9399999999999999	0	0	0	0	0	0	0	0	0	-0.07727149806286371	-0.01841354323952202	-0.6981317	0	-5.462337200004247e-07	0	0	0	0	0	0	0	0	0	0	0	0	0	0	0	0	0	0	0	0
60.50000000000001	17.24844729173084	1.642981536075146	-17.16223414782543	0	0.9399999999999999	0	0	0	0	0	0	0	0	0	-0.07764075172481316	-0.01785874270808285	-0.6981317	0	1.11211411312547e-05	0	0	0	0	0	0	0	0	0	0	0	0	0	0	0	0	0	0	0	0
60.52	17.25290952155524	1.643253669121896	-17.15703347419342	0	0.9399999999999999	0	0	0	0	0	0	0	0	0	-0.07904462961845669	-0.01768665823519289	-0.6981317	0	-7.193274825561109e-06	0	0	0	0	0	0	0	0	0	0	0	0	0	0	0	0	0	0	0	0
60.54000000000001	17.2528973431934	1.643243169563569	-17.15702169980543	0	0.9399999999999999	0	0	0	0	0	0	0	0	0	-0.07904567645381025	-0.01768638216966383	-0.6981317	0	-6.035459549115859e-06	0	0	0	0	0	0	0	0	0	0	0	0	0	0	0	0	0	0	0	0
60.56	17.25538463380403	1.643447621630538	-17.15397861399413	0	0.9399999999999999	0	0	0	0	0	0	0	0	0	-0.07978329970390258	-0.01860896641549826	-0.6981317	0	1.107371167844694e-05	0	0	0	0	0	0	0	0	0	0	0	0	0	0	0	0	0	0	0	0
60.58000000000001	17.25800073294625	1.643632591156534	-17.15086967248958	0	0.9399999999999999	0	0	0	0	0	0	0	0	0	-0.08070854036900962	-0.02002035999869594	-0.6981317	0	-7.077717323986942e-06	0	0	0	0	0	0	0	0	0	0	0	0	0	0	0	0	0	0	0	0
60.6	17.26067991073313	1.643753619534992	-17.1477878390023	0	0.9399999999999999	0	0	0	0	0	0	0	0	0	-0.08174281702551098	-0.0216802703753612	-0.6981317	0	-1.488574578406773e-06	0	0	0	0	0	0	0	0	0	0	0	0	0	0	0	0	0	0	0	0
60.62	17.26646079351568	1.642923002794549	-17.14205681143055	0	0.9399999999999999	0	0	0	0	0	0	0	0	0	-0.08218943148888591	-0.02550231278425034	-0.6981317	0	-2.005648811205766e-06	0	0	0	0	0	0	0	0	0	0	0	0	0	0	0	0	0	0	0	0
60.64000000000001	17.26906405734987	1.641636336409606	-17.1389147325411	0	0.9399999999999999	0	0	0	0	0	0	0	0	0	-0.08117131514021611	-0.02773037247798976	-0.6981317	0	7.538471230625292e-06	0	0	0	0	0	0	0	0	0	0	0	0	0	0	0	0	0	0	0	0
60.66	17.23468252887553	1.6397106245615	-17.09893585283511	0	0.9399999999999999	0	0	0	0	0	0	0	0	0	-0.07840913169141633	-0.03278077060294409	-0.6981317	0	3.154083111895733e-08	0	0	0	0	0	0	0	0	0	0	0	0	0	0	0	0	0	0	0	0
60.68000000000001	17.23723389680688	1.637979426845642	-17.09643600461908	0	0.9399999999999999	0	0	0	0	0	0	0	0	0	-0.07640835867792074	-0.03541473496831658	-0.6981317	0	-2.17130070521366e-06	0	0	0	0	0	0	0	0	0	0	0	0	0	0	0	0	0	0	0	0
60.7	17.23723018766951	1.637977478107361	-17.09643359844103	0	0.9399999999999999	0	0	0	0	0	0	0	0	0	-0.07641104507235967	-0.03541594807325085	-0.6981317	0	-1.645165338368925e-06	0	0	0	0	0	0	0	0	0	0	0	0	0	0	0	0	0	0	0	0
60.72000000000001	17.24159345460243	1.636391819929952	-17.0919685153861	0	0.9399999999999999	0	0	0	0	0	0	0	0	0	-0.07418129557362727	-0.03979360815961327	-0.6981317	0	-2.835156483964182e-06	0	0	0	0	0	0	0	0	0	0	0	0	0	0	0	0	0	0	0	0
60.74	17.24158697792645	1.636391414111675	-17.09196262256128	0	0.9399999999999999	0	0	0	0	0	0	0	0	0	-0.07418341177674809	-0.03979749222610025	-0.6981317	0	-2.688660882766647e-06	0	0	0	0	0	0	0	0	0	0	0	0	0	0	0	0	0	0	0	0
60.76000000000001	17.16596086829111	1.633278267761289	-17.00883367909208	0	0.9399999999999999	0	0	0	0	0	0	0	0	0	-0.06856675538205381	-0.04717593700912238	-0.6981317	0	5.953161530427985e-07	0	0	0	0	0	0	0	0	0	0	0	0	0	0	0	0	0	0	0	0
60.78	17.16596086829111	1.633278267761289	-17.00883367909208	0	0.9399999999999999	0	0	0	0	0	0	0	0	0	-0.06856675538205381	-0.04717593700912238	-0.6981317	0	5.953161530427985e-07	0	0	0	0	0	0	0	0	0	0	0	0	0	0	0	0	0	0	0	0
60.8	17.16900492279964	1.626323222645051	-17.00664017017014	0	0.9399999999999999	0	0	0	0	0	0	0	0	0	-0.0617873465802645	-0.04808877033186949	-0.6981317	0	-3.331981612176769e-07	0	0	0	0	0	0	0	0	0	0	0	0	0	0	0	0	0	0	0	0
60.82000000000001	17.2428327058572	1.624060946974596	-17.07842324650631	0	0.9399999999999999	0	0	0	0	0	0	0	0	0	-0.06148410951692473	-0.04461077701872727	-0.6981317	0	-6.968104389439024e-08	0	0	0	0	0	0	0	0	0	0	0	0	0	0	0	0	0	0	0	0
60.84	17.24404392513381	1.621883962359903	-17.07760595927816	0	0.9399999999999999	0	0	0	0	0	0	0	0	0	-0.05989072113975361	-0.04490548799939251	-0.6981317	0	-6.304906355842671e-06	0	0	0	0	0	0	0	0	0	0	0	0	0	0	0	0	0	0	0	0
60.86000000000001	17.31065452825409	1.621210707675797	-17.14239461930631	0	0.9399999999999999	0	0	0	0	0	0	0	0	0	-0.06078683893565763	-0.04207857743986241	-0.6981317	0	-9.603808473143327e-07	0	0	0	0	0	0	0	0	0	0	0	0	0	0	0	0	0	0	0	0
60.88	17.3116102004879	1.621869961409197	-17.141738400452	0	0.9399999999999999	0	0	0	0	0	0	0	0	0	-0.06226243006226755	-0.04262798278487753	-0.6981317	0	-1.400143961378993e-06	0	0	0	0	0	0	0	0	0	0	0	0	0	0	0	0	0	0	0	0
60.90000000000001	17.31161739548902	1.62186440669265	-17.14174686504163	0	0.9399999999999999	0	0	0	0	0	0	0	0	0	-0.06226526870797498	-0.0426220103909911	-0.6981317	0	-1.237655153181796e-06	0	0	0	0	0	0	0	0	0	0	0	0	0	0	0	0	0	0	0	0
60.92	17.31326660322602	1.625840976241302	-17.14060152645675	0	0.9399999999999999	0	0	0	0	0	0	0	0	0	-0.06794884401516385	-0.04330131113247965	-0.6981317	0	-3.810166282026897e-06	0	0	0	0	0	0	0	0	0	0	0	0	0	0	0	0	0	0	0	0
60.94	17.31390517784016	1.629788773450132	-17.14047338722058	0	0.9399999999999999	0	0	0	0	0	0	0	0	0	-0.07284100150431491	-0.04386137234654273	-0.6981317	0	-8.418555693698277e-06	0	0	0	0	0	0	0	0	0	0	0	0	0	0	0	0	0	0	0	0
60.96	17.31392244445574	1.629784326010307	-17.14049171993742	0	0.9399999999999999	0	0	0	0	0	0	0	0	0	-0.07284319981813378	-0.04386197236224196	-0.6981317	0	-8.200287725119363e-06	0	0	0	0	0	0	0	0	0	0	0	0	0	0	0	0	0	0	0	0
60.98	17.31469017332628	1.633027606759025	-17.13973737963561	0	0.9399999999999999	0	0	0	0	0	0	0	0	0	-0.07786011452559405	-0.04457010608458264	-0.6981317	0	-4.043865628518559e-07	0	0	0	0	0	0	0	0	0	0	0	0	0	0	0	0	0	0	0	0
61.00000000000001	17.31469198656301	1.633027576543969	-17.13973934209914	0	0.9399999999999999	0	0	0	0	0	0	0	0	0	-0.07786026350925068	-0.04456983546040554	-0.6981317	0	-4.034844887939788e-07	0	0	0	0	0	0	0	0	0	0	0	0	0	0	0	0	0	0	0	0
61.02	17.25372869200992	1.63258197239518	-17.07778013784453	0	0.9399999999999999	0	0	0	0	0	0	0	0	0	-0.07793728048904477	-0.04870851904787704	-0.6981317	0	-2.450694061867732e-07	0	0	0	0	0	0	0	0	0	0	0	0	0	0	0	0	0	0	0	0
61.04000000000001	17.25372869200992	1.63258197239518	-17.07778013784453	0	0.9399999999999999	0	0	0	0	0	0	0	0	0	-0.07793728048904477	-0.04870851904787704	-0.6981317	0	-2.450694061867732e-07	0	0	0	0	0	0	0	0	0	0	0	0	0	0	0	0	0	0	0	0
61.06	17.25351542529395	1.635222782984067	-17.077386659056	0	0.9399999999999999	0	0	0	0	0	0	0	0	0	-0.0820034057064772	-0.0492280316566209	-0.6981317	0	8.443753754217869e-08	0	0	0	0	0	0	0	0	0	0	0	0	0	0	0	0	0	0	0	0
61.08000000000001	17.25347266217631	1.635217786661608	-17.07734396773909	0	0.9399999999999999	0	0	0	0	0	0	0	0	0	-0.08200269558157522	-0.04922586269323245	-0.6981317	0	6.839440540916474e-06	0	0	0	0	0	0	0	0	0	0	0	0	0	0	0	0	0	0	0	0
61.1	17.2530445761606	1.635800010082787	-17.07705501219301	0	0.9399999999999999	0	0	0	0	0	0	0	0	0	-0.08325949848306526	-0.04936437497615018	-0.6981317	0	-1.283814591542237e-05	0	0	0	0	0	0	0	0	0	0	0	0	0	0	0	0	0	0	0	0
61.12	17.19806558687561	1.635741046403261	-17.02231599226398	0	0.9399999999999999	0	0	0	0	0	0	0	0	0	-0.08267634261820327	-0.05297931451610768	-0.6981317	0	1.36735331413026e-06	0	0	0	0	0	0	0	0	0	0	0	0	0	0	0	0	0	0	0	0
61.14000000000001	17.19721707651497	1.636575956188452	-17.02285241087306	0	0.9399999999999999	0	0	0	0	0	0	0	0	0	-0.08507094293393923	-0.0533530075894586	-0.6981317	0	6.063359477860102e-06	0	0	0	0	0	0	0	0	0	0	0	0	0	0	0	0	0	0	0	0
61.16	17.19721360834738	1.636575266666507	-17.02284607978694	0	0.9399999999999999	0	0	0	0	0	0	0	0	0	-0.0850679138896164	-0.05336981989425649	-0.6981317	0	4.889671695713232e-06	0	0	0	0	0	0	0	0	0	0	0	0	0	0	0	0	0	0	0	0
61.18000000000001	17.19661947858064	1.636696969192757	-17.02306808262246	0	0.9399999999999999	0	0	0	0	0	0	0	0	0	-0.08605939021569185	-0.05358823930537131	-0.6981317	0	-8.615519105593293e-06	0	0	0	0	0	0	0	0	0	0	0	0	0	0	0	0	0	0	0	0
61.2	17.19615963467738	1.636322431260613	-17.02343610660279	0	0.9399999999999999	0	0	0	0	0	0	0	0	0	-0.08643402922877957	-0.05363380200417797	-0.6981317	0	-4.31034210595277e-06	0	0	0	0	0	0	0	0	0	0	0	0	0	0	0	0	0	0	0	0
61.22000000000001	17.19571250360569	1.635909266980964	-17.02380864618884	0	0.9399999999999999	0	0	0	0	0	0	0	0	0	-0.08668923170605972	-0.05375621589478151	-0.6981317	0	-3.643393159564623e-06	0	0	0	0	0	0	0	0	0	0	0	0	0	0	0	0	0	0	0	0
61.24	17.19501737348666	1.634990756956471	-17.02409681217411	0	0.9399999999999999	0	0	0	0	0	0	0	0	0	-0.08624824796913851	-0.05378099398539132	-0.6981317	0	1.75285569548283e-06	0	0	0	0	0	0	0	0	0	0	0	0	0	0	0	0	0	0	0	0
61.26000000000001	17.15509684337394	1.633829782040896	-16.98517153352438	0	0.9399999999999999	0	0	0	0	0	0	0	0	0	-0.08466218147469202	-0.05596764710281824	-0.6981317	0	-2.770216564257988e-07	0	0	0	0	0	0	0	0	0	0	0	0	0	0	0	0	0	0	0	0
61.28	17.15383768516271	1.633560383702582	-16.98608674093641	0	0.9399999999999999	0	0	0	0	0	0	0	0	0	-0.08532353524516986	-0.05536193692723904	-0.6981317	0	-9.793174580516895e-06	0	0	0	0	0	0	0	0	0	0	0	0	0	0	0	0	0	0	0	0
61.3	17.15382636625847	1.633555977518482	-16.98606938272005	0	0.9399999999999999	0	0	0	0	0	0	0	0	0	-0.08533922315586097	-0.0553682932705058	-0.6981317	0	-7.991695573482821e-06	0	0	0	0	0	0	0	0	0	0	0	0	0	0	0	0	0	0	0	0
61.32000000000001	17.10516254221606	1.632366444214445	-16.93746935195087	0	0.9399999999999999	0	0	0	0	0	0	0	0	0	-0.08363579575299528	-0.05748446303371658	-0.6981317	0	-6.983844769853669e-07	0	0	0	0	0	0	0	0	0	0	0	0	0	0	0	0	0	0	0	0
61.34	17.10453586925204	1.632249610606428	-16.93806012569025	0	0.9399999999999999	0	0	0	0	0	0	0	0	0	-0.08423321386228295	-0.05694621699789006	-0.6981317	0	1.386228344546697e-05	0	0	0	0	0	0	0	0	0	0	0	0	0	0	0	0	0	0	0	0
61.36000000000001	17.10421342898636	1.628963477485939	-16.93893326709633	0	0.9399999999999999	0	0	0	0	0	0	0	0	0	-0.08208642311026704	-0.05535972925286439	-0.6981317	0	-5.066655215240734e-06	0	0	0	0	0	0	0	0	0	0	0	0	0	0	0	0	0	0	0	0
61.38	17.10400815781954	1.619320010752139	-16.93987927687232	0	0.9399999999999999	0	0	0	0	0	0	0	0	0	-0.07417689505664346	-0.05162549520276704	-0.6981317	0	3.197567942487185e-06	0	0	0	0	0	0	0	0	0	0	0	0	0	0	0	0	0	0	0	0
61.40000000000001	17.10375924940314	1.608018197097247	-16.9406774061369	0	0.9399999999999999	0	0	0	0	0	0	0	0	0	-0.06479350719509074	-0.04741629137356648	-0.6981317	0	-4.386759316093671e-07	0	0	0	0	0	0	0	0	0	0	0	0	0	0	0	0	0	0	0	0
61.42	17.10277623287456	1.605212804009873	-16.94242731147961	0	0.9399999999999999	0	0	0	0	0	0	0	0	0	-0.06408309541913668	-0.04523835483366952	-0.6981317	0	1.653409916828974e-05	0	0	0	0	0	0	0	0	0	0	0	0	0	0	0	0	0	0	0	0
61.44	17.28147085742286	1.607206363772946	-17.12198046185365	0	0.9399999999999999	0	0	0	0	0	0	0	0	0	-0.06916028372189639	-0.03912873039706307	-0.6981317	0	-2.940307442843739e-07	0	0	0	0	0	0	0	0	0	0	0	0	0	0	0	0	0	0	0	0
61.46	17.28028708995766	1.605726682313604	-17.12312994160462	0	0.9399999999999999	0	0	0	0	0	0	0	0	0	-0.06920518620332493	-0.03740349441119935	-0.6981317	0	-5.529417258343638e-07	0	0	0	0	0	0	0	0	0	0	0	0	0	0	0	0	0	0	0	0
61.48	17.28028708995766	1.605726682313604	-17.12312994160462	0	0.9399999999999999	0	0	0	0	0	0	0	0	0	-0.06920518620332493	-0.03740349441119935	-0.6981317	0	-5.529417258343638e-07	0	0	0	0	0	0	0	0	0	0	0	0	0	0	0	0	0	0	0	0
61.50000000000001	17.2790319615683	1.596230671451798	-17.12408740273471	0	0.9399999999999999	0	0	0	0	0	0	0	0	0	-0.06135353656506122	-0.03484377763181142	-0.6981317	0	3.522795829062768e-08	0	0	0	0	0	0	0	0	0	0	0	0	0	0	0	0	0	0	0	0
61.52	17.27768594878784	1.590317643622216	-17.12500087582297	0	0.9399999999999999	0	0	0	0	0	0	0	0	0	-0.05858707715822291	-0.03198292851273873	-0.6981317	0	-2.241235872482405e-06	0	0	0	0	0	0	0	0	0	0	0	0	0	0	0	0	0	0	0	0
61.54000000000001	17.27699045257229	1.586738677227651	-17.12529400825725	0	0.9399999999999999	0	0	0	0	0	0	0	0	0	-0.05638879412271429	-0.03060607542653539	-0.6981317	0	-4.620316643284056e-06	0	0	0	0	0	0	0	0	0	0	0	0	0	0	0	0	0	0	0	0
61.56	17.27632451558576	1.587682234997651	-17.12539400729069	0	0.9399999999999999	0	0	0	0	0	0	0	0	0	-0.05840807935280894	-0.03007075440582535	-0.6981317	0	-6.840771948611505e-07	0	0	0	0	0	0	0	0	0	0	0	0	0	0	0	0	0	0	0	0
61.58000000000001	17.27563083819552	1.591059993568831	-17.12568633789437	0	0.9399999999999999	0	0	0	0	0	0	0	0	0	-0.06262252736336442	-0.02997049692063013	-0.6981317	0	1.09024663945615e-05	0	0	0	0	0	0	0	0	0	0	0	0	0	0	0	0	0	0	0	0
61.6	17.27561319337724	1.591045301077933	-17.12566963109738	0	0.9399999999999999	0	0	0	0	0	0	0	0	0	-0.06263347644731375	-0.02997263813432717	-0.6981317	0	6.602616939856071e-06	0	0	0	0	0	0	0	0	0	0	0	0	0	0	0	0	0	0	0	0
61.62	17.27464896988323	1.59801326631307	-17.12594359477153	0	0.9399999999999999	0	0	0	0	0	0	0	0	0	-0.07117313477238049	-0.0300933763858832	-0.6981317	0	1.155862907977026e-05	0	0	0	0	0	0	0	0	0	0	0	0	0	0	0	0	0	0	0	0
61.64000000000001	17.27401665751837	1.603937605499219	-17.12578445950321	0	0.9399999999999999	0	0	0	0	0	0	0	0	0	-0.07785459075417624	-0.03046756357039797	-0.6981317	0	4.21589806726597e-06	0	0	0	0	0	0	0	0	0	0	0	0	0	0	0	0	0	0	0	0
61.66	17.27328944491387	1.612331359821789	-17.12554452871752	0	0.9399999999999999	0	0	0	0	0	0	0	0	0	-0.08690535686852618	-0.03110511976832678	-0.6981317	0	-2.362120029316664e-05	0	0	0	0	0	0	0	0	0	0	0	0	0	0	0	0	0	0	0	0
61.68000000000001	17.12871006427512	1.612220993660739	-16.98071439510191	0	0.9399999999999999	0	0	0	0	0	0	0	0	0	-0.08482701450055187	-0.03696346576365744	-0.6981317	0	4.791844962504023e-09	0	0	0	0	0	0	0	0	0	0	0	0	0	0	0	0	0	0	0	0
61.7	17.12862999396434	1.620690986814057	-16.98081060719236	0	0.9399999999999999	0	0	0	0	0	0	0	0	0	-0.09336502087975568	-0.03889428801949926	-0.6981317	0	6.353950543193458e-07	0	0	0	0	0	0	0	0	0	0	0	0	0	0	0	0	0	0	0	0
61.72000000000001	17.12858445375669	1.627612343041908	-16.98077796222995	0	0.9399999999999999	0	0	0	0	0	0	0	0	0	-0.1008001199354398	-0.03986309691261004	-0.6981317	0	3.972004810935357e-07	0	0	0	0	0	0	0	0	0	0	0	0	0	0	0	0	0	0	0	0
61.74	17.12846687381119	1.626402788010525	-16.98054589190312	0	0.9399999999999999	0	0	0	0	0	0	0	0	0	-0.099937197720656	-0.03886369630501754	-0.6981317	0	6.003512266384952e-06	0	0	0	0	0	0	0	0	0	0	0	0	0	0	0	0	0	0	0	0
61.76000000000001	17.12826989655414	1.625102731706831	-16.9800663331017	0	0.9399999999999999	0	0	0	0	0	0	0	0	0	-0.09890585047594892	-0.03797947144639651	-0.6981317	0	3.008340279378794e-06	0	0	0	0	0	0	0	0	0	0	0	0	0	0	0	0	0	0	0	0
61.78	17.12827908199773	1.625158676990029	-16.97978602854562	0	0.9399999999999999	0	0	0	0	0	0	0	0	0	-0.09912701330329642	-0.03745661304994195	-0.6981317	0	9.062088360626049e-06	0	0	0	0	0	0	0	0	0	0	0	0	0	0	0	0	0	0	0	0
61.8	17.07199955022923	1.625625985232953	-16.92302292727457	0	0.9399999999999999	0	0	0	0	0	0	0	0	0	-0.09845145870207239	-0.04005978601518351	-0.6981317	0	9.020585224073076e-08	0	0	0	0	0	0	0	0	0	0	0	0	0	0	0	0	0	0	0	0
61.82000000000001	17.07199955022923	1.625625985232953	-16.92302292727457	0	0.9399999999999999	0	0	0	0	0	0	0	0	0	-0.09845145870207239	-0.04005978601518351	-0.6981317	0	9.020585224073076e-08	0	0	0	0	0	0	0	0	0	0	0	0	0	0	0	0	0	0	0	0
61.84	17.0723085111918	1.624277780965484	-16.92264782806771	0	0.9399999999999999	0	0	0	0	0	0	0	0	0	-0.09744155107847595	-0.03880606932823238	-0.6981317	0	-6.488310153766714e-07	0	0	0	0	0	0	0	0	0	0	0	0	0	0	0	0	0	0	0	0
61.86000000000001	17.07249137640768	1.622751509165693	-16.92244189400336	0	0.9399999999999999	0	0	0	0	0	0	0	0	0	-0.09618685871652574	-0.03821971899201269	-0.6981317	0	2.283051524252975e-06	0	0	0	0	0	0	0	0	0	0	0	0	0	0	0	0	0	0	0	0
61.88	17.07245515431202	1.621514805897862	-16.92235932763099	0	0.9399999999999999	0	0	0	0	0	0	0	0	0	-0.09495236762239878	-0.03710147037938477	-0.6981317	0	-2.33183072099546e-06	0	0	0	0	0	0	0	0	0	0	0	0	0	0	0	0	0	0	0	0
61.90000000000001	17.07238750512967	1.619454060264221	-16.9222424108831	0	0.9399999999999999	0	0	0	0	0	0	0	0	0	-0.09306681072602997	-0.03590335784987064	-0.6981317	0	6.923155794522957e-07	0	0	0	0	0	0	0	0	0	0	0	0	0	0	0	0	0	0	0	0
61.92	17.07241494026228	1.61650203676457	-16.9220172005936	0	0.9399999999999999	0	0	0	0	0	0	0	0	0	-0.0903925144508195	-0.03479466846780398	-0.6981317	0	-2.081377020295691e-06	0	0	0	0	0	0	0	0	0	0	0	0	0	0	0	0	0	0	0	0
61.94	17.07224172848172	1.616576838981515	-16.92210341808534	0	0.9399999999999999	0	0	0	0	0	0	0	0	0	-0.09046367706326819	-0.03425206390221128	-0.6981317	0	-3.272821804763213e-06	0	0	0	0	0	0	0	0	0	0	0	0	0	0	0	0	0	0	0	0
61.96000000000001	17.07210424116986	1.614187385152168	-16.92193046643633	0	0.9399999999999999	0	0	0	0	0	0	0	0	0	-0.0883035851883433	-0.03262905862390635	-0.6981317	0	6.006961077287955e-06	0	0	0	0	0	0	0	0	0	0	0	0	0	0	0	0	0	0	0	0
61.98	17.07194230763488	1.611518087230224	-16.92178980314528	0	0.9399999999999999	0	0	0	0	0	0	0	0	0	-0.0861306774688136	-0.02994559373548904	-0.6981317	0	-1.650583336964216e-06	0	0	0	0	0	0	0	0	0	0	0	0	0	0	0	0	0	0	0	0
62.00000000000001	17.07171356266227	1.607080645260954	-16.92172616270972	0	0.9399999999999999	0	0	0	0	0	0	0	0	0	-0.08234950002308916	-0.02748975532375557	-0.6981317	0	2.490723229470745e-06	0	0	0	0	0	0	0	0	0	0	0	0	0	0	0	0	0	0	0	0
62.02	17.07147921757625	1.601936253126507	-16.92162212456729	0	0.9399999999999999	0	0	0	0	0	0	0	0	0	-0.07797470177816181	-0.02486483891724187	-0.6981317	0	-2.871349130016737e-06	0	0	0	0	0	0	0	0	0	0	0	0	0	0	0	0	0	0	0	0
62.04000000000001	17.0711531572765	1.598585229559138	-16.92157793801841	0	0.9399999999999999	0	0	0	0	0	0	0	0	0	-0.07522458018922056	-0.02296503750926383	-0.6981317	0	4.045209514263365e-06	0	0	0	0	0	0	0	0	0	0	0	0	0	0	0	0	0	0	0	0
62.06	17.07067741886855	1.597969939555987	-16.92167162356665	0	0.9399999999999999	0	0	0	0	0	0	0	0	0	-0.07488484192656449	-0.02211759371920723	-0.6981317	0	-2.151822508374781e-06	0	0	0	0	0	0	0	0	0	0	0	0	0	0	0	0	0	0	0	0
62.08000000000001	17.07067236375194	1.597973888975035	-16.9216654687939	0	0.9399999999999999	0	0	0	0	0	0	0	0	0	-0.07488545845738719	-0.02211917721950733	-0.6981317	0	-2.04875772857353e-06	0	0	0	0	0	0	0	0	0	0	0	0	0	0	0	0	0	0	0	0
62.1	17.06975900810477	1.600416341230657	-16.92212359293762	0	0.9399999999999999	0	0	0	0	0	0	0	0	0	-0.07766785426527194	-0.02161823382261162	-0.6981317	0	-2.482957113772033e-06	0	0	0	0	0	0	0	0	0	0	0	0	0	0	0	0	0	0	0	0
62.12	17.06975286388073	1.600416532170358	-16.92211760589606	0	0.9399999999999999	0	0	0	0	0	0	0	0	0	-0.07766735464569037	-0.02161819287987039	-0.6981317	0	-2.478963256918265e-06	0	0	0	0	0	0	0	0	0	0	0	0	0	0	0	0	0	0	0	0
62.14000000000001	17.06916840096413	1.601811769592491	-16.9221695783438	0	0.9399999999999999	0	0	0	0	0	0	0	0	0	-0.07927620564756707	-0.02129284189373222	-0.6981317	0	-5.087615522580627e-06	0	0	0	0	0	0	0	0	0	0	0	0	0	0	0	0	0	0	0	0
62.16	17.06861985719019	1.605021257129842	-16.92218458339775	0	0.9399999999999999	0	0	0	0	0	0	0	0	0	-0.08253629731178419	-0.02154687119060452	-0.6981317	0	2.56566152665398e-06	0	0	0	0	0	0	0	0	0	0	0	0	0	0	0	0	0	0	0	0
62.18000000000001	17.06821997404112	1.609551020296199	-16.92222383971219	0	0.9399999999999999	0	0	0	0	0	0	0	0	0	-0.0870160484033389	-0.02232169522731407	-0.6981317	0	9.413734082734092e-07	0	0	0	0	0	0	0	0	0	0	0	0	0	0	0	0	0	0	0	0
62.2	17.06789427497948	1.61667758620534	-16.92248626386604	0	0.9399999999999999	0	0	0	0	0	0	0	0	0	-0.09414724281630071	-0.02334271755651392	-0.6981317	0	5.126945731903195e-07	0	0	0	0	0	0	0	0	0	0	0	0	0	0	0	0	0	0	0	0
62.22000000000001	17.06785682109961	1.618623527802407	-16.92269664316958	0	0.9399999999999999	0	0	0	0	0	0	0	0	0	-0.09622506683154021	-0.02340517468513181	-0.6981317	0	4.245534390340086e-06	0	0	0	0	0	0	0	0	0	0	0	0	0	0	0	0	0	0	0	0
62.24	17.06786710073035	1.6186228501605	-16.92270671224076	0	0.9399999999999999	0	0	0	0	0	0	0	0	0	-0.09622458139499544	-0.02340406087448327	-0.6981317	0	3.60024245232688e-06	0	0	0	0	0	0	0	0	0	0	0	0	0	0	0	0	0	0	0	0
62.26000000000001	17.06788062597935	1.61930969912057	-16.92299858860304	0	0.9399999999999999	0	0	0	0	0	0	0	0	0	-0.09719354895704836	-0.02308430596124472	-0.6981317	0	-2.668256114792132e-06	0	0	0	0	0	0	0	0	0	0	0	0	0	0	0	0	0	0	0	0
62.28	17.06767411315652	1.619192468065694	-16.92321928055811	0	0.9399999999999999	0	0	0	0	0	0	0	0	0	-0.09766405437924368	-0.02195403017047191	-0.6981317	0	-4.518188703755952e-06	0	0	0	0	0	0	0	0	0	0	0	0	0	0	0	0	0	0	0	0
62.3	17.06768152696053	1.619192352675971	-16.92322701180504	0	0.9399999999999999	0	0	0	0	0	0	0	0	0	-0.09765813590777168	-0.02194963413440151	-0.6981317	0	-4.046280448538966e-06	0	0	0	0	0	0	0	0	0	0	0	0	0	0	0	0	0	0	0	0
62.32000000000001	17.0677465971271	1.619685673122078	-16.92345120302274	0	0.9399999999999999	0	0	0	0	0	0	0	0	0	-0.09830871876515569	-0.02174697173924381	-0.6981317	0	-1.834100082579494e-06	0	0	0	0	0	0	0	0	0	0	0	0	0	0	0	0	0	0	0	0
62.34	17.06789549049159	1.620624794950124	-16.92366981992447	0	0.9399999999999999	0	0	0	0	0	0	0	0	0	-0.09924439979393872	-0.02183735228671635	-0.6981317	0	-6.297356099251163e-06	0	0	0	0	0	0	0	0	0	0	0	0	0	0	0	0	0	0	0	0
62.36000000000001	17.06802191050112	1.621473715828009	-16.9239031363766	0	0.9399999999999999	0	0	0	0	0	0	0	0	0	-0.1000043085543267	-0.02199973377453025	-0.6981317	0	-2.88707429773359e-06	0	0	0	0	0	0	0	0	0	0	0	0	0	0	0	0	0	0	0	0
62.38	17.06791542894476	1.621516280689961	-16.92404068671388	0	0.9399999999999999	0	0	0	0	0	0	0	0	0	-0.1000184623991992	-0.02192719575775012	-0.6981317	0	9.013219731613362e-06	0	0	0	0	0	0	0	0	0	0	0	0	0	0	0	0	0	0	0	0
62.40000000000001	17.06806038255122	1.622253173932448	-16.92455960421686	0	0.9399999999999999	0	0	0	0	0	0	0	0	0	-0.1008302286780219	-0.02153613033926512	-0.6981317	0	-1.402657320687802e-05	0	0	0	0	0	0	0	0	0	0	0	0	0	0	0	0	0	0	0	0
62.42	17.06806139956622	1.622264902978447	-16.92465093390437	0	0.9399999999999999	0	0	0	0	0	0	0	0	0	-0.1008149842024445	-0.02134922370613213	-0.6981317	0	2.149540798158726e-05	0	0	0	0	0	0	0	0	0	0	0	0	0	0	0	0	0	0	0	0
62.44	17.06818319912912	1.620905033941995	-16.92521993103857	0	0.9399999999999999	0	0	0	0	0	0	0	0	0	-0.09967891664994095	-0.02024623297382383	-0.6981317	0	8.850570772568638e-06	0	0	0	0	0	0	0	0	0	0	0	0	0	0	0	0	0	0	0	0
62.46000000000001	17.06841004243113	1.618025770602227	-16.9257258383106	0	0.9399999999999999	0	0	0	0	0	0	0	0	0	-0.09716638733938318	-0.01899916801910002	-0.6981317	0	7.155346939894104e-06	0	0	0	0	0	0	0	0	0	0	0	0	0	0	0	0	0	0	0	0
62.48	17.06862917482653	1.61522360845277	-16.9260740096249	0	0.9399999999999999	0	0	0	0	0	0	0	0	0	-0.0947052419214852	-0.01771404449258495	-0.6981317	0	1.297183144204495e-05	0	0	0	0	0	0	0	0	0	0	0	0	0	0	0	0	0	0	0	0
62.50000000000001	17.06883324914843	1.613089935903136	-16.92628023330791	0	0.9399999999999999	0	0	0	0	0	0	0	0	0	-0.09280079770853195	-0.0166891207947054	-0.6981317	0	2.270930740508957e-06	0	0	0	0	0	0	0	0	0	0	0	0	0	0	0	0	0	0	0	0
62.52	17.0688423082444	1.613088258861999	-16.92629067624051	0	0.9399999999999999	0	0	0	0	0	0	0	0	0	-0.0927994268476162	-0.0166971364015939	-0.6981317	0	2.089646463739755e-06	0	0	0	0	0	0	0	0	0	0	0	0	0	0	0	0	0	0	0	0
62.54000000000001	17.06910811457503	1.61197312372014	-16.92663858409812	0	0.9399999999999999	0	0	0	0	0	0	0	0	0	-0.09177994238191341	-0.01598167130793285	-0.6981317	0	-5.445527643939311e-06	0	0	0	0	0	0	0	0	0	0	0	0	0	0	0	0	0	0	0	0
62.56	17.06909289101883	1.611984274945128	-16.92668292382091	0	0.9399999999999999	0	0	0	0	0	0	0	0	0	-0.09178153938397571	-0.01595927895730053	-0.6981317	0	-3.029805114133512e-06	0	0	0	0	0	0	0	0	0	0	0	0	0	0	0	0	0	0	0	0
62.58000000000001	17.06910062141816	1.611987052884548	-16.92669632792357	0	0.9399999999999999	0	0	0	0	0	0	0	0	0	-0.09178459562029787	-0.01594841399221151	-0.6981317	0	-2.712567575213794e-06	0	0	0	0	0	0	0	0	0	0	0	0	0	0	0	0	0	0	0	0
62.6	17.06911404957777	1.611810843750525	-16.92675865005277	0	0.9399999999999999	0	0	0	0	0	0	0	0	0	-0.09170886414602157	-0.01596249393715972	-0.6981317	0	1.273036396210179e-05	0	0	0	0	0	0	0	0	0	0	0	0	0	0	0	0	0	0	0	0
62.62	17.14816169142074	1.611853453586225	-17.00604191219006	0	0.9399999999999999	0	0	0	0	0	0	0	0	0	-0.09281768840561511	-0.01297939008318736	-0.6981317	0	-3.625332255076777e-08	0	0	0	0	0	0	0	0	0	0	0	0	0	0	0	0	0	0	0	0
62.64000000000001	17.14788200411853	1.612198177807219	-17.00635156147099	0	0.9399999999999999	0	0	0	0	0	0	0	0	0	-0.09268710314501477	-0.01361490303554691	-0.6981317	0	-1.511782691004404e-06	0	0	0	0	0	0	0	0	0	0	0	0	0	0	0	0	0	0	0	0
62.66	17.14787719055236	1.612214384419984	-17.00635579232794	0	0.9399999999999999	0	0	0	0	0	0	0	0	0	-0.09273068233405421	-0.01359120175984464	-0.6981317	0	-7.788582886164297e-07	0	0	0	0	0	0	0	0	0	0	0	0	0	0	0	0	0	0	0	0
62.68000000000001	17.14734546785478	1.611498579595519	-17.00684414930119	0	0.9399999999999999	0	0	0	0	0	0	0	0	0	-0.09130839044736731	-0.01390539610417823	-0.6981317	0	5.649203081657064e-06	0	0	0	0	0	0	0	0	0	0	0	0	0	0	0	0	0	0	0	0
62.7	17.14734528354273	1.611488352172905	-17.00684203072178	0	0.9399999999999999	0	0	0	0	0	0	0	0	0	-0.09131804858528694	-0.01390795589598289	-0.6981317	0	3.132611878124009e-06	0	0	0	0	0	0	0	0	0	0	0	0	0	0	0	0	0	0	0	0
62.72000000000001	17.14699267629463	1.610727003390644	-17.00709248820304	0	0.9399999999999999	0	0	0	0	0	0	0	0	0	-0.09032106979830491	-0.0138680264183571	-0.6981317	0	-1.662879968850593e-06	0	0	0	0	0	0	0	0	0	0	0	0	0	0	0	0	0	0	0	0
62.74	17.14617979976101	1.608765324898422	-17.00765899562303	0	0.9399999999999999	0	0	0	0	0	0	0	0	0	-0.08807947758935634	-0.01326185480569037	-0.6981317	0	1.447688905355373e-06	0	0	0	0	0	0	0	0	0	0	0	0	0	0	0	0	0	0	0	0
62.76000000000001	17.14578804813959	1.607401294934729	-17.00772755837121	0	0.9399999999999999	0	0	0	0	0	0	0	0	0	-0.08680052557015727	-0.01286676871935888	-0.6981317	0	-2.454560955705991e-06	0	0	0	0	0	0	0	0	0	0	0	0	0	0	0	0	0	0	0	0
62.78	17.14566874940681	1.607474432437609	-17.00778675477288	0	0.9399999999999999	0	0	0	0	0	0	0	0	0	-0.08669164893098935	-0.01291523657235862	-0.6981317	0	-4.312507691113979e-07	0	0	0	0	0	0	0	0	0	0	0	0	0	0	0	0	0	0	0	0
62.8	17.14513941091743	1.60535816703194	-17.00788751911738	0	0.9399999999999999	0	0	0	0	0	0	0	0	0	-0.08451299652373977	-0.01251250776385457	-0.6981317	0	-8.943845600072567e-06	0	0	0	0	0	0	0	0	0	0	0	0	0	0	0	0	0	0	0	0
62.82000000000001	17.14451459029505	1.60342827428214	-17.00795071110133	0	0.9399999999999999	0	0	0	0	0	0	0	0	0	-0.08253177401170149	-0.01229719938924542	-0.6981317	0	5.034052080178347e-06	0	0	0	0	0	0	0	0	0	0	0	0	0	0	0	0	0	0	0	0
62.84	16.93033727406495	1.603370575808631	-16.79417633397298	0	0.9399999999999999	0	0	0	0	0	0	0	0	0	-0.07908456502915066	-0.01903824371361027	-0.6981317	0	-1.830921664601686e-07	0	0	0	0	0	0	0	0	0	0	0	0	0	0	0	0	0	0	0	0
62.86000000000001	16.93015828087955	1.61008803512559	-16.79442285838622	0	0.9399999999999999	0	0	0	0	0	0	0	0	0	-0.0841931214445564	-0.02241885644245121	-0.6981317	0	-6.657385706290856e-07	0	0	0	0	0	0	0	0	0	0	0	0	0	0	0	0	0	0	0	0
62.88	16.93044735959652	1.616113029730727	-16.79451984239344	0	0.9399999999999999	0	0	0	0	0	0	0	0	0	-0.08884277406629817	-0.02532312295933658	-0.6981317	0	-5.496786642980549e-06	0	0	0	0	0	0	0	0	0	0	0	0	0	0	0	0	0	0	0	0
62.90000000000001	16.93046414702457	1.616113273709496	-16.79454180334063	0	0.9399999999999999	0	0	0	0	0	0	0	0	0	-0.08884131429317997	-0.02532485604363595	-0.6981317	0	-1.008448416303688e-05	0	0	0	0	0	0	0	0	0	0	0	0	0	0	0	0	0	0	0	0
62.92	17.05766511747987	1.625464065039058	-16.92118125118332	0	0.9399999999999999	0	0	0	0	0	0	0	0	0	-0.09927405588064107	-0.02341636932005397	-0.6981317	0	6.935650601633198e-08	0	0	0	0	0	0	0	0	0	0	0	0	0	0	0	0	0	0	0	0
62.94	17.05766511747987	1.625464065039058	-16.92118125118332	0	0.9399999999999999	0	0	0	0	0	0	0	0	0	-0.09927405588064107	-0.02341636932005397	-0.6981317	0	6.935650601633198e-08	0	0	0	0	0	0	0	0	0	0	0	0	0	0	0	0	0	0	0	0
62.96000000000001	17.05842102856422	1.62528095537533	-16.92053763430733	0	0.9399999999999999	0	0	0	0	0	0	0	0	0	-0.09818269840852534	-0.02303304864369043	-0.6981317	0	8.00837541667878e-07	0	0	0	0	0	0	0	0	0	0	0	0	0	0	0	0	0	0	0	0
62.98	17.05842391460659	1.625279698257855	-16.92054014030431	0	0.9399999999999999	0	0	0	0	0	0	0	0	0	-0.09818602676161839	-0.02302685309665306	-0.6981317	0	6.214443836409853e-07	0	0	0	0	0	0	0	0	0	0	0	0	0	0	0	0	0	0	0	0
63.00000000000001	17.05892432161561	1.623510183287383	-16.92013793641174	0	0.9399999999999999	0	0	0	0	0	0	0	0	0	-0.09597677058721343	-0.02211254941696109	-0.6981317	0	-2.697431858665157e-06	0	0	0	0	0	0	0	0	0	0	0	0	0	0	0	0	0	0	0	0
63.02	17.0593534036549	1.621324078411073	-16.91974321763971	0	0.9399999999999999	0	0	0	0	0	0	0	0	0	-0.09326834666906209	-0.02100673004327962	-0.6981317	0	1.770495900499826e-06	0	0	0	0	0	0	0	0	0	0	0	0	0	0	0	0	0	0	0	0
63.04000000000001	17.05970824004993	1.618936312858093	-16.91924508286848	0	0.9399999999999999	0	0	0	0	0	0	0	0	0	-0.09026261793456834	-0.02015294802222131	-0.6981317	0	1.942111488076566e-06	0	0	0	0	0	0	0	0	0	0	0	0	0	0	0	0	0	0	0	0
63.06	17.06036071870286	1.617897945689754	-16.91815166795637	0	0.9399999999999999	0	0	0	0	0	0	0	0	0	-0.08776560643034205	-0.01929823829694302	-0.6981317	0	4.38167466279244e-06	0	0	0	0	0	0	0	0	0	0	0	0	0	0	0	0	0	0	0	0
63.08000000000001	17.06045269641072	1.61768504377736	-16.91729461819773	0	0.9399999999999999	0	0	0	0	0	0	0	0	0	-0.08669352662746678	-0.01898342531058817	-0.6981317	0	4.114823223487758e-06	0	0	0	0	0	0	0	0	0	0	0	0	0	0	0	0	0	0	0	0
63.1	17.0608385761929	1.618112766915204	-16.91672649939144	0	0.9399999999999999	0	0	0	0	0	0	0	0	0	-0.08620142228845608	-0.01914773787945381	-0.6981317	0	-1.521156306059715e-06	0	0	0	0	0	0	0	0	0	0	0	0	0	0	0	0	0	0	0	0
63.12	16.95738330605394	1.61780382378171	-16.8122075481021	0	0.9399999999999999	0	0	0	0	0	0	0	0	0	-0.08279910449644978	-0.02359312810530154	-0.6981317	0	-9.782393206336919e-09	0	0	0	0	0	0	0	0	0	0	0	0	0	0	0	0	0	0	0	0
63.14000000000001	16.95738330605394	1.61780382378171	-16.8122075481021	0	0.9399999999999999	0	0	0	0	0	0	0	0	0	-0.08279910449644978	-0.02359312810530154	-0.6981317	0	-9.782393206336919e-09	0	0	0	0	0	0	0	0	0	0	0	0	0	0	0	0	0	0	0	0
63.16	16.95777890584355	1.616920172020731	-16.81175304365069	0	0.9399999999999999	0	0	0	0	0	0	0	0	0	-0.08146667710531048	-0.02323660770398365	-0.6981317	0	1.348616403816943e-06	0	0	0	0	0	0	0	0	0	0	0	0	0	0	0	0	0	0	0	0
63.18000000000001	16.95866502594754	1.615946343338676	-16.81056197603203	0	0.9399999999999999	0	0	0	0	0	0	0	0	0	-0.0793360007087634	-0.02290238790187894	-0.6981317	0	-2.240040564174265e-06	0	0	0	0	0	0	0	0	0	0	0	0	0	0	0	0	0	0	0	0
63.2	16.95865945355304	1.615946874851788	-16.81055638249688	0	0.9399999999999999	0	0	0	0	0	0	0	0	0	-0.07933630379649405	-0.02290304784855001	-0.6981317	0	-2.237994788587816e-06	0	0	0	0	0	0	0	0	0	0	0	0	0	0	0	0	0	0	0	0
63.22000000000001	16.95967343913565	1.615501948107643	-16.80915750011416	0	0.9399999999999999	0	0	0	0	0	0	0	0	0	-0.07740669177665854	-0.0231506049054906	-0.6981317	0	-4.104219191414214e-06	0	0	0	0	0	0	0	0	0	0	0	0	0	0	0	0	0	0	0	0
63.24	16.95953111307837	1.614381436330093	-16.80885519990584	0	0.9399999999999999	0	0	0	0	0	0	0	0	0	-0.07645445652246217	-0.02266176287238596	-0.6981317	0	5.26573848337032e-06	0	0	0	0	0	0	0	0	0	0	0	0	0	0	0	0	0	0	0	0
63.26000000000001	16.95985978824968	1.614533529852773	-16.80834843263258	0	0.9399999999999999	0	0	0	0	0	0	0	0	0	-0.07576280160649175	-0.02312818312783337	-0.6981317	0	7.360280203999085e-06	0	0	0	0	0	0	0	0	0	0	0	0	0	0	0	0	0	0	0	0
63.28	16.85065452901433	1.613097653624005	-16.69821834312079	0	0.9399999999999999	0	0	0	0	0	0	0	0	0	-0.07093996757211128	-0.02679019819296586	-0.6981317	0	4.09456723754089e-08	0	0	0	0	0	0	0	0	0	0	0	0	0	0	0	0	0	0	0	0
63.3	16.8511235838312	1.613405090354082	-16.69779780116302	0	0.9399999999999999	0	0	0	0	0	0	0	0	0	-0.07031705888800005	-0.027278868603468	-0.6981317	0	-1.854385295157745e-06	0	0	0	0	0	0	0	0	0	0	0	0	0	0	0	0	0	0	0	0
63.32000000000001	16.85137784179275	1.613546597220627	-16.697589053034	0	0.9399999999999999	0	0	0	0	0	0	0	0	0	-0.06962755651587738	-0.02774434009296179	-0.6981317	0	-5.458579249235939e-06	0	0	0	0	0	0	0	0	0	0	0	0	0	0	0	0	0	0	0	0
63.34	16.85179232726683	1.615698087292388	-16.69743795944522	0	0.9399999999999999	0	0	0	0	0	0	0	0	0	-0.07052862347352494	-0.02931252937992829	-0.6981317	0	-2.570970361855097e-06	0	0	0	0	0	0	0	0	0	0	0	0	0	0	0	0	0	0	0	0
63.36000000000001	16.85224354019658	1.617692234908432	-16.69754192862128	0	0.9399999999999999	0	0	0	0	0	0	0	0	0	-0.07150924113834199	-0.03082759543226743	-0.6981317	0	1.332057847092507e-05	0	0	0	0	0	0	0	0	0	0	0	0	0	0	0	0	0	0	0	0
63.38	16.85257355859699	1.61719016353338	-16.6980467837454	0	0.9399999999999999	0	0	0	0	0	0	0	0	0	-0.07021315891035661	-0.03130849212030688	-0.6981317	0	1.710824911719983e-05	0	0	0	0	0	0	0	0	0	0	0	0	0	0	0	0	0	0	0	0
63.40000000000001	16.85276340370666	1.616243472150709	-16.69844782054397	0	0.9399999999999999	0	0	0	0	0	0	0	0	0	-0.06917135713274065	-0.03103580958991909	-0.6981317	0	-6.98403866031203e-06	0	0	0	0	0	0	0	0	0	0	0	0	0	0	0	0	0	0	0	0
