DataType=double
version=3
OpenSimVersion=4.5.1
endheader
time	pelvis_tilt	pelvis_list	pelvis_rotation	pelvis_tx	pelvis_ty	pelvis_tz	hip_flexion_r	hip_adduction_r	hip_rotation_r	knee_angle_r	knee_angle_r_beta	ankle_angle_r	subtalar_angle_r	mtp_angle_r	hip_flexion_l	hip_adduction_l	hip_rotation_l	knee_angle_l	knee_angle_l_beta	ankle_angle_l	subtalar_angle_l	mtp_angle_l	lumbar_extension	lumbar_bending	lumbar_rotation	arm_flex_r	arm_add_r	arm_rot_r	elbow_flex_r	pro_sup_r	wrist_flex_r	wrist_dev_r	arm_flex_l	arm_add_l	arm_rot_l	elbow_flex_l	pro_sup_l	wrist_flex_l	wrist_dev_l
0.02	-0.004629461423113493	1.570865715144663	-0.005844089885801376	0	0.9399999999999999	0	0	0	0	0	0	0	0	0	6.305789391957323e-05	9.427560365223779e-05	0.0004721653129491989	6.864866551599203e-07	8.201106214993686e-07	0	0	0	0	0	0	0	0	0	0	0	0	0	0	0	0	0	0	0	0
0.04	-0.004670316008383162	1.57086906670712	-0.005884946108379625	0	0.9399999999999999	0	0	0	0	0	0	0	0	0	7.53247301049652e-05	9.835568033956098e-05	0.0005311129937267449	5.785465744206232e-06	2.974195422839321e-06	0	0	0	0	0	0	0	0	0	0	0	0	0	0	0	0	0	0	0	0
0.06	-0.004689519149222434	1.570877733407491	-0.005904152550577813	0	0.9399999999999999	0	0	0	0	0	0	0	0	0	0.0001042402518461183	0.0001108213020834571	0.0006285440270277099	5.79871698120857e-06	1.919327688473007e-05	0	0	0	0	0	0	0	0	0	0	0	0	0	0	0	0	0	0	0	0
0.08	-0.00468005527380776	1.570882264485895	-0.005894691185896078	0	0.9399999999999999	0	0	0	0	0	0	0	0	0	0.0001132728166175087	0.000116618483232949	0.0006607843106617196	6.559225228562184e-06	1.957177543464575e-05	0	0	0	0	0	0	0	0	0	0	0	0	0	0	0	0	0	0	0	0
0.1	-0.004550948868659799	1.570956975230349	-0.005765672661940565	0	0.9399999999999999	0	0	0	0	0	0	0	0	0	0.0001665370734592404	0.0002142815740816125	0.001178387432199659	2.983137795768911e-05	3.044606539591674e-05	0	0	0	0	0	0	0	0	0	0	0	0	0	0	0	0	0	0	0	0
0.12	-0.004628909167682986	1.570963254820745	-0.005843642992511148	0	0.9399999999999999	0	0	0	0	0	0	0	0	0	0.0001899565023978222	0.0002242811275282809	0.001297618326473471	3.716073130523504e-05	2.712899621306689e-05	0	0	0	0	0	0	0	0	0	0	0	0	0	0	0	0	0	0	0	0
0.14	-0.004619329029028088	1.570967317690809	-0.005834067024818782	0	0.9399999999999999	0	0	0	0	0	0	0	0	0	0.0001948775185567131	0.0002270395545333845	0.001310654706088583	3.866128818518614e-05	3.25178361533376e-05	0	0	0	0	0	0	0	0	0	0	0	0	0	0	0	0	0	0	0	0
0.16	-0.004466602276758065	1.571048341973827	-0.005681561531521855	0	0.9399999999999999	0	0	0	0	0	0	0	0	0	0.0002525999589414864	0.0003341711495506628	0.001884357194948384	5.297217989810913e-05	5.151838591781602e-05	0	0	0	0	0	0	0	0	0	0	0	0	0	0	0	0	0	0	0	0
0.18	-0.004505096140685012	1.571052480357901	-0.005720086732746334	0	0.9399999999999999	0	0	0	0	0	0	0	0	0	0.0002701652903624222	0.0003414657721439626	0.001951483020560974	4.639325932974746e-05	5.415920617269289e-05	0	0	0	0	0	0	0	0	0	0	0	0	0	0	0	0	0	0	0	0
0.2	-0.00452995719467123	1.571062250370038	-0.005744993782834399	0	0.9399999999999999	0	0	0	0	0	0	0	0	0	0.0002951559061736813	0.0003556197782811167	0.002063626484672971	5.476546226605814e-05	4.520865428369752e-05	0	0	0	0	0	0	0	0	0	0	0	0	0	0	0	0	0	0	0	0
0.22	-0.004368559740675352	1.571154289032932	-0.005584008770524658	0	0.9399999999999999	0	0	0	0	0	0	0	0	0	0.000397930294713263	0.0004757120345021459	0.002816421517056678	7.813533763661934e-05	7.932076251363861e-05	0	0	0	0	0	0	0	0	0	0	0	0	0	0	0	0	0	0	0	0
0.24	-0.00439383700833417	1.571161772812949	-0.005609394752164415	0	0.9399999999999999	0	0	0	0	0	0	0	0	0	0.0003974764462824504	0.0004869766983496265	0.002897133779997143	8.536409391774564e-05	7.567007020371608e-05	0	0	0	0	0	0	0	0	0	0	0	0	0	0	0	0	0	0	0	0
0.26	-0.004420444694791543	1.571171203923496	-0.005636097212953913	0	0.9399999999999999	0	0	0	0	0	0	0	0	0	0.0004120906875471249	0.0005001054669639907	0.003008227701143931	7.754587150495698e-05	8.7494519990598e-05	0	0	0	0	0	0	0	0	0	0	0	0	0	0	0	0	0	0	0	0
0.28	-0.004289462651358058	1.571235899734536	-0.005505871429791991	0	0.9399999999999999	0	0	0	0	0	0	0	0	0	0.0004548588333774992	0.0005845647019971127	0.003525335628226558	9.27273328610738e-05	9.353290230905366e-05	0	0	0	0	0	0	0	0	0	0	0	0	0	0	0	0	0	0	0	0
0.3	-0.00431410200330615	1.571242063823883	-0.005530663693009957	0	0.9399999999999999	0	0	0	0	0	0	0	0	0	0.0004668168780553976	0.0005934895911986853	0.003604480438553017	9.999931876000762e-05	8.60315155773642e-05	0	0	0	0	0	0	0	0	0	0	0	0	0	0	0	0	0	0	0	0
0.32	-0.00433523313609306	1.571251252972371	-0.005551950442090818	0	0.9399999999999999	0	0	0	0	0	0	0	0	0	0.000485133190188618	0.0006062636727226233	0.003722756853625267	9.487377038959822e-05	0.0001053234140033791	0	0	0	0	0	0	0	0	0	0	0	0	0	0	0	0	0	0	0	0
0.34	-0.004210942811720768	1.571307092680601	-0.005428709199962914	0	0.9399999999999999	0	0	0	0	0	0	0	0	0	0.000528289864313178	0.0006792345164087415	0.004227685417390973	0.0001149656809042807	0.000115734594937751	0	0	0	0	0	0	0	0	0	0	0	0	0	0	0	0	0	0	0	0
0.36	-0.004210942811720768	1.571307092680601	-0.005428709199962914	0	0.9399999999999999	0	0	0	0	0	0	0	0	0	0.000528289864313178	0.0006792345164087415	0.004227685417390973	0.0001149656809042807	0.000115734594937751	0	0	0	0	0	0	0	0	0	0	0	0	0	0	0	0	0	0	0	0
0.38	-0.00423544944279788	1.571312719361351	-0.005453420270201552	0	0.9399999999999999	0	0	0	0	0	0	0	0	0	0.0005396389634432122	0.0006873647845894427	0.004306955960935532	0.0001229274023837477	0.0001093206530981833	0	0	0	0	0	0	0	0	0	0	0	0	0	0	0	0	0	0	0	0
0.4	-0.004254357015556476	1.571321526943132	-0.005472544657573771	0	0.9399999999999999	0	0	0	0	0	0	0	0	0	0.0005564653425982331	0.0006996284128368993	0.004428359133866151	0.0001146785279113436	0.0001252091445553993	0	0	0	0	0	0	0	0	0	0	0	0	0	0	0	0	0	0	0	0
0.42	-0.004108409181435612	1.571392454770387	-0.005328101777870399	0	0.9399999999999999	0	0	0	0	0	0	0	0	0	0.0006027948231221407	0.0007902675303997327	0.005162166317042062	0.0001622126684363265	0.0001618991046366016	0	0	0	0	0	0	0	0	0	0	0	0	0	0	0	0	0	0	0	0
0.44	-0.004143754704839167	1.571394662645357	-0.005363609206915698	0	0.9399999999999999	0	0	0	0	0	0	0	0	0	0.0006220224616286167	0.0007960153040451323	0.005226777767421611	0.0001598875658386661	0.0001608557019792244	0	0	0	0	0	0	0	0	0	0	0	0	0	0	0	0	0	0	0	0
0.46	-0.004171871634371268	1.57139936257061	-0.005391880610042035	0	0.9399999999999999	0	0	0	0	0	0	0	0	0	0.0006387610610507179	0.0008031742055492655	0.005313717341282735	0.0001674358404877291	0.0001569224161997403	0	0	0	0	0	0	0	0	0	0	0	0	0	0	0	0	0	0	0	0
0.48	-0.004162759531417743	1.571401322111679	-0.005382835360607375	0	0.9399999999999999	0	0	0	0	0	0	0	0	0	0.0006430224396304667	0.0008057568056930998	0.005331655771900425	0.0001670520941236305	0.0001573222216630129	0	0	0	0	0	0	0	0	0	0	0	0	0	0	0	0	0	0	0	0
0.5	-0.004027376222236197	1.571451459062636	-0.005249179558566299	0	0.9399999999999999	0	0	0	0	0	0	0	0	0	0.0006931947067860504	0.0008710619994877609	0.005867162345524316	0.0001866541941322012	0.0001873801637281154	0	0	0	0	0	0	0	0	0	0	0	0	0	0	0	0	0	0	0	0
0.52	-0.004050656004015369	1.571456168207853	-0.00527279268760594	0	0.9399999999999999	0	0	0	0	0	0	0	0	0	0.0007022353875137723	0.0008780737893976126	0.005945227952459305	0.0001955076293463991	0.0001828226668073888	0	0	0	0	0	0	0	0	0	0	0	0	0	0	0	0	0	0	0	0
0.54	-0.003950639674364493	1.57150289395749	-0.005174492562008027	0	0.9399999999999999	0	0	0	0	0	0	0	0	0	0.0007748985952675705	0.0009397425325891281	0.006552587099051405	0.0002190580464213173	0.0002212982924019023	0	0	0	0	0	0	0	0	0	0	0	0	0	0	0	0	0	0	0	0
0.5600000000000001	-0.003947490363289911	1.57150418537944	-0.005171395216719512	0	0.9399999999999999	0	0	0	0	0	0	0	0	0	0.0007721898519215594	0.0009400664121171836	0.006552964515128979	0.0002197725460608483	0.0002214220295981536	0	0	0	0	0	0	0	0	0	0	0	0	0	0	0	0	0	0	0	0
0.5800000000000001	-0.003975824371573122	1.571512852884897	-0.005200134193185817	0	0.9399999999999999	0	0	0	0	0	0	0	0	0	0.000773448155881594	0.0009508111801470558	0.006673288310500828	0.000232805919838665	0.000216120820052526	0	0	0	0	0	0	0	0	0	0	0	0	0	0	0	0	0	0	0	0
0.6	-0.00402437024752621	1.571519549333806	-0.005249017178867052	0	0.9399999999999999	0	0	0	0	0	0	0	0	0	0.0007915336757648099	0.0009633771625294519	0.006845910366789555	0.0002271080541799656	0.0002422702426751478	0	0	0	0	0	0	0	0	0	0	0	0	0	0	0	0	0	0	0	0
0.62	-0.00384345947171261	1.57157212624212	-0.005071003456818571	0	0.9399999999999999	0	0	0	0	0	0	0	0	0	0.0008296701094235794	0.001031313211809005	0.007492806292115565	0.0002784390954418368	0.0002791279325139128	0	0	0	0	0	0	0	0	0	0	0	0	0	0	0	0	0	0	0	0
0.64	-0.003877155228031945	1.571574402289402	-0.005104987240946068	0	0.9399999999999999	0	0	0	0	0	0	0	0	0	0.0008429071252273974	0.001035252084048826	0.007558413918407747	0.0002834974162088451	0.0002761404493725161	0	0	0	0	0	0	0	0	0	0	0	0	0	0	0	0	0	0	0	0
0.66	-0.0038719379913542	1.571575706646317	-0.005099928453501924	0	0.9399999999999999	0	0	0	0	0	0	0	0	0	0.0008468833442735117	0.00103699842195012	0.007573907592382351	0.0002829712791310243	0.0002763359389105245	0	0	0	0	0	0	0	0	0	0	0	0	0	0	0	0	0	0	0	0
0.68	-0.003821769133104804	1.571588920542998	-0.005050775568409836	0	0.9399999999999999	0	0	0	0	0	0	0	0	0	0.0008798067802479479	0.001055072539204093	0.007767370530455298	0.0002934992997062681	0.0002812357894441788	0	0	0	0	0	0	0	0	0	0	0	0	0	0	0	0	0	0	0	0
0.7000000000000001	-0.003876317383270177	1.571593757812984	-0.005105685211628639	0	0.9399999999999999	0	0	0	0	0	0	0	0	0	0.0008846556153156778	0.0010616873106774	0.007892912534167528	0.0002918140666315543	0.0003017064321037255	0	0	0	0	0	0	0	0	0	0	0	0	0	0	0	0	0	0	0	0
0.7200000000000001	-0.003734636534188875	1.571631459227381	-0.004966920210528939	0	0.9399999999999999	0	0	0	0	0	0	0	0	0	0.0009242107040141596	0.001110825234700048	0.008432416770255961	0.000333717254888196	0.0003343696904867066	0	0	0	0	0	0	0	0	0	0	0	0	0	0	0	0	0	0	0	0
0.74	-0.003759088014465302	1.571634995201985	-0.00499190673402658	0	0.9399999999999999	0	0	0	0	0	0	0	0	0	0.0009327846444391214	0.001116105107667081	0.008511939138375842	0.0003437792634851343	0.0003313553422624236	0	0	0	0	0	0	0	0	0	0	0	0	0	0	0	0	0	0	0	0
0.76	-0.003655580928316915	1.57167056845347	-0.004891176649571774	0	0.9399999999999999	0	0	0	0	0	0	0	0	0	0.0009943409605743748	0.001163010017027232	0.009124418434893913	0.0003783875700589103	0.0003795101435889496	0	0	0	0	0	0	0	0	0	0	0	0	0	0	0	0	0	0	0	0
0.78	-0.003655585125163089	1.571670626615604	-0.004891206272068864	0	0.9399999999999999	0	0	0	0	0	0	0	0	0	0.0009937507696760725	0.001163081654612018	0.009124450941640855	0.0003792441339840763	0.0003788039902642763	0	0	0	0	0	0	0	0	0	0	0	0	0	0	0	0	0	0	0	0
0.8	-0.003707235020477575	1.571673824264489	-0.00494311521880507	0	0.9399999999999999	0	0	0	0	0	0	0	0	0	0.0009946081383758187	0.001166407925216879	0.009206121990086077	0.0003856875182256742	0.0003808328638268587	0	0	0	0	0	0	0	0	0	0	0	0	0	0	0	0	0	0	0	0
0.8200000000000001	-0.003565573549743227	1.571717739953322	-0.004806744275276143	0	0.9399999999999999	0	0	0	0	0	0	0	0	0	0.001035188921919159	0.00121698745274416	0.009851284420000168	0.0004296393164668127	0.000427133778973385	0	0	0	0	0	0	0	0	0	0	0	0	0	0	0	0	0	0	0	0
0.8400000000000001	-0.003593017924939177	1.571715042462859	-0.004834824736781776	0	0.9399999999999999	0	0	0	0	0	0	0	0	0	0.001047293350632062	0.001224331559118633	0.009926400157339839	0.0004270277555578009	0.0004354437904773561	0	0	0	0	0	0	0	0	0	0	0	0	0	0	0	0	0	0	0	0
0.86	-0.003590329647348206	1.571717686645446	-0.004832596414094414	0	0.9399999999999999	0	0	0	0	0	0	0	0	0	0.001049916352312953	0.001225382356011237	0.009955664020032064	0.0004283628170539992	0.000437333067410341	0	0	0	0	0	0	0	0	0	0	0	0	0	0	0	0	0	0	0	0
0.88	-0.003607110809930805	1.571720960810686	-0.00485001136503072	0	0.9399999999999999	0	0	0	0	0	0	0	0	0	0.00105965738943096	0.001230992390303916	0.01005980583136815	0.0004448600076596112	0.0004353464941099214	0	0	0	0	0	0	0	0	0	0	0	0	0	0	0	0	0	0	0	0
0.9	-0.003466836775577352	1.571755212258017	-0.00471350298423054	0	0.9399999999999999	0	0	0	0	0	0	0	0	0	0.001099319594921593	0.001271963361747702	0.01058432519876331	0.0004798023269467327	0.0004803737617876126	0	0	0	0	0	0	0	0	0	0	0	0	0	0	0	0	0	0	0	0
0.92	-0.003503075445857713	1.571754059523639	-0.004750429712539938	0	0.9399999999999999	0	0	0	0	0	0	0	0	0	0.001105401643590694	0.001275415511310797	0.01065394819346656	0.0004871467525248517	0.000481034402624745	0	0	0	0	0	0	0	0	0	0	0	0	0	0	0	0	0	0	0	0
0.9400000000000001	-0.003397289184376539	1.571778163253078	-0.004650827519867525	0	0.9399999999999999	0	0	0	0	0	0	0	0	0	0.001148300456443284	0.00131209249662523	0.01125902981281638	0.000530736503353188	0.0005310419823607727	0	0	0	0	0	0	0	0	0	0	0	0	0	0	0	0	0	0	0	0
0.9600000000000001	-0.003397289184376539	1.571778163253078	-0.004650827519867525	0	0.9399999999999999	0	0	0	0	0	0	0	0	0	0.001148300456443284	0.00131209249662523	0.01125902981281638	0.000530736503353188	0.0005310419823607727	0	0	0	0	0	0	0	0	0	0	0	0	0	0	0	0	0	0	0	0
0.98	-0.003468749602635625	1.571782779204385	-0.004722777161493495	0	0.9399999999999999	0	0	0	0	0	0	0	0	0	0.001160394586841369	0.001314219533255062	0.01138901701260166	0.0005468429827895364	0.0005326644097255279	0	0	0	0	0	0	0	0	0	0	0	0	0	0	0	0	0	0	0	0
1	-0.003458901867366944	1.571784277041607	-0.004713209039779994	0	0.9399999999999999	0	0	0	0	0	0	0	0	0	0.001164782316473037	0.001315896781341159	0.01141975083365166	0.0005482035041373615	0.0005355170565431146	0	0	0	0	0	0	0	0	0	0	0	0	0	0	0	0	0	0	0	0
1.02	-0.003303790103822822	1.571815095183094	-0.004562743922306082	0	0.9399999999999999	0	0	0	0	0	0	0	0	0	0.001197832192674867	0.001355036583070643	0.01204577763703243	0.0005711768596066882	0.0005712821191618902	0	0	0	0	0	0	0	0	0	0	0	0	0	0	0	0	0	0	0	0
1.04	-0.003352969079301566	1.571816687738285	-0.004612704208754748	0	0.9399999999999999	0	0	0	0	0	0	0	0	0	0.001212080121367781	0.001359672493511518	0.01217258844840024	0.0005931735653616821	0.0005716722600289998	0	0	0	0	0	0	0	0	0	0	0	0	0	0	0	0	0	0	0	0
1.06	-0.003356705996974476	1.571821527549838	-0.004617423691006262	0	0.9399999999999999	0	0	0	0	0	0	0	0	0	0.001227590843338498	0.001366015960191588	0.01232971729417841	0.0005921275700577144	0.0006034187554091675	0	0	0	0	0	0	0	0	0	0	0	0	0	0	0	0	0	0	0	0
1.08	-0.003350004016367084	1.571822542320154	-0.004610971885512555	0	0.9399999999999999	0	0	0	0	0	0	0	0	0	0.001229821721718916	0.001367315030500928	0.01235527182216689	0.0005955434024596175	0.0006057156454863583	0	0	0	0	0	0	0	0	0	0	0	0	0	0	0	0	0	0	0	0
1.1	-0.003196777108842742	1.571851677473595	-0.004463207038009532	0	0.9399999999999999	0	0	0	0	0	0	0	0	0	0.001274714818382451	0.001403931468661276	0.01308565796597715	0.0006789088813801176	0.0006780962988394037	0	0	0	0	0	0	0	0	0	0	0	0	0	0	0	0	0	0	0	0
1.12	-0.003196602449850105	1.571851607435223	-0.004463074069477218	0	0.9399999999999999	0	0	0	0	0	0	0	0	0	0.001275517283306446	0.001404043286407998	0.01308553324624626	0.0006777585599208096	0.0006786981820807913	0	0	0	0	0	0	0	0	0	0	0	0	0	0	0	0	0	0	0	0
1.14	-0.003220880115619764	1.571852703870245	-0.004488188073715591	0	0.9399999999999999	0	0	0	0	0	0	0	0	0	0.00129365860612018	0.001407890358272759	0.01316655461840882	0.0006873138424931767	0.0006750873792984116	0	0	0	0	0	0	0	0	0	0	0	0	0	0	0	0	0	0	0	0
1.16	-0.00324250109492271	1.571855865131794	-0.004510607138034421	0	0.9399999999999999	0	0	0	0	0	0	0	0	0	0.001304272976060433	0.001412103640320245	0.01328358479405312	0.000685514519337075	0.0006955881675002237	0	0	0	0	0	0	0	0	0	0	0	0	0	0	0	0	0	0	0	0
1.18	-0.003114308760765083	1.571874837744768	-0.00438735507376238	0	0.9399999999999999	0	0	0	0	0	0	0	0	0	0.001343247355852092	0.00143712721013881	0.01378826671096404	0.0007366842064349022	0.0007373022882187456	0	0	0	0	0	0	0	0	0	0	0	0	0	0	0	0	0	0	0	0
1.2	-0.003052929596211858	1.571894508667236	-0.004334219450459803	0	0.9399999999999999	0	0	0	0	0	0	0	0	0	0.001373838725932624	0.001458513654798247	0.01426292240064837	0.0007750085393812545	0.00077643735347544	0	0	0	0	0	0	0	0	0	0	0	0	0	0	0	0	0	0	0	0
1.22	-0.003049955978343984	1.571894309118016	-0.004331362689857643	0	0.9399999999999999	0	0	0	0	0	0	0	0	0	0.001373923527447743	0.001459011763417241	0.01426250900392427	0.0007751078490643982	0.0007760244665344216	0	0	0	0	0	0	0	0	0	0	0	0	0	0	0	0	0	0	0	0
1.24	-0.002989078288469385	1.571907950080001	-0.00427889460142208	0	0.9399999999999999	0	0	0	0	0	0	0	0	0	0.00140379186102533	0.001479424744618473	0.01474858902430561	0.0008176018530090023	0.0008202804761265163	0	0	0	0	0	0	0	0	0	0	0	0	0	0	0	0	0	0	0	0
1.26	-0.003036729093954004	1.571907488040651	-0.004326930356762139	0	0.9399999999999999	0	0	0	0	0	0	0	0	0	0.00140835766039329	0.001480983484069727	0.01480593040991567	0.000823447201265261	0.0008221639608068445	0	0	0	0	0	0	0	0	0	0	0	0	0	0	0	0	0	0	0	0
1.28	-0.003060130517972229	1.571908822476498	-0.004350969794001613	0	0.9399999999999999	0	0	0	0	0	0	0	0	0	0.001417657174839443	0.001483688761837177	0.01489911809246159	0.00082916338546331	0.0008309451130815586	0	0	0	0	0	0	0	0	0	0	0	0	0	0	0	0	0	0	0	0
1.3	-0.003027631538054655	1.571912747153138	-0.004319575111193292	0	0.9399999999999999	0	0	0	0	0	0	0	0	0	0.001432826020138447	0.001489170724874158	0.0150509129695232	0.0008605601692700268	0.0008271342969210275	0	0	0	0	0	0	0	0	0	0	0	0	0	0	0	0	0	0	0	0
1.32	-0.002898123437033211	1.57193031700225	-0.004196072482503174	0	0.9399999999999999	0	0	0	0	0	0	0	0	0	0.001469835360792218	0.001512074721874066	0.01564101908979024	0.0009009553232996165	0.0009005321109442339	0	0	0	0	0	0	0	0	0	0	0	0	0	0	0	0	0	0	0	0
1.34	-0.002934860250779973	1.571930827347607	-0.004233235034211382	0	0.9399999999999999	0	0	0	0	0	0	0	0	0	0.001473839511248541	0.001513310888448015	0.01569702926712923	0.0009066527446519865	0.0009028384435933243	0	0	0	0	0	0	0	0	0	0	0	0	0	0	0	0	0	0	0	0
1.36	-0.002931438517007292	1.571931040272355	-0.004229956374624744	0	0.9399999999999999	0	0	0	0	0	0	0	0	0	0.001474906293508949	0.00151363438773636	0.01570335478440014	0.000906968851255592	0.0009033258264759016	0	0	0	0	0	0	0	0	0	0	0	0	0	0	0	0	0	0	0	0
1.38	-0.002943853168858676	1.571934190909048	-0.004243046579217017	0	0.9399999999999999	0	0	0	0	0	0	0	0	0	0.001482962973889675	0.001516668723530571	0.01580680764686697	0.0009066494797110984	0.0009204205457704595	0	0	0	0	0	0	0	0	0	0	0	0	0	0	0	0	0	0	0	0
1.4	-0.002784909607951145	1.57195460356305	-0.004090550941569915	0	0.9399999999999999	0	0	0	0	0	0	0	0	0	0.001530959226289185	0.00154331812928889	0.01657315791126942	0.0009877197341475997	0.0009883281398768726	0	0	0	0	0	0	0	0	0	0	0	0	0	0	0	0	0	0	0	0
1.42	-0.002784909607951145	1.57195460356305	-0.004090550941569915	0	0.9399999999999999	0	0	0	0	0	0	0	0	0	0.001530959226289185	0.00154331812928889	0.01657315791126942	0.0009877197341475997	0.0009883281398768726	0	0	0	0	0	0	0	0	0	0	0	0	0	0	0	0	0	0	0	0
1.44	-0.00282884619184272	1.571955370909998	-0.004135083652204853	0	0.9399999999999999	0	0	0	0	0	0	0	0	0	0.00153846147738819	0.001546004875439483	0.01666347943870526	0.0009959805250995576	0.0009860581468463267	0	0	0	0	0	0	0	0	0	0	0	0	0	0	0	0	0	0	0	0
1.46	-0.002838033313331285	1.571955514112178	-0.004144398474925275	0	0.9399999999999999	0	0	0	0	0	0	0	0	0	0.001539972681320839	0.001546563269386825	0.01668496817137842	0.0009962864419738502	0.0009892752501905156	0	0	0	0	0	0	0	0	0	0	0	0	0	0	0	0	0	0	0	0
1.48	-0.002671164434958994	1.571979424033088	-0.00398643196231679	0	0.9399999999999999	0	0	0	0	0	0	0	0	0	0.001597973060125624	0.001572368797002475	0.01751407582443994	0.001072086263402808	0.001070667580501434	0	0	0	0	0	0	0	0	0	0	0	0	0	0	0	0	0	0	0	0
1.5	-0.002711821306938121	1.571977253206365	-0.004027534425719879	0	0.9399999999999999	0	0	0	0	0	0	0	0	0	0.001600858236695916	0.001575175407186704	0.01756964107440026	0.001074358186658752	0.001076946452595325	0	0	0	0	0	0	0	0	0	0	0	0	0	0	0	0	0	0	0	0
1.52	-0.002669683851796126	1.571979746169426	-0.003987484004627857	0	0.9399999999999999	0	0	0	0	0	0	0	0	0	0.001618924933041457	0.001581506827319147	0.01775584914131205	0.001091720002352143	0.001093213696517437	0	0	0	0	0	0	0	0	0	0	0	0	0	0	0	0	0	0	0	0
1.54	-0.00268228725680783	1.571980204681888	-0.004000318585161896	0	0.9399999999999999	0	0	0	0	0	0	0	0	0	0.001619149991204258	0.001581770231755793	0.01777911255250786	0.001094291832843047	0.001094981294334686	0	0	0	0	0	0	0	0	0	0	0	0	0	0	0	0	0	0	0	0
1.56	-0.002564947537026028	1.57199408243918	-0.00389169574887188	0	0.9399999999999999	0	0	0	0	0	0	0	0	0	0.001660455595133786	0.001601794634740402	0.0184308598035081	0.001156585604258256	0.001156622117428965	0	0	0	0	0	0	0	0	0	0	0	0	0	0	0	0	0	0	0	0
1.58	-0.002564947537026028	1.57199408243918	-0.00389169574887188	0	0.9399999999999999	0	0	0	0	0	0	0	0	0	0.001660455595133786	0.001601794634740402	0.0184308598035081	0.001156585604258256	0.001156622117428965	0	0	0	0	0	0	0	0	0	0	0	0	0	0	0	0	0	0	0	0
1.6	-0.002599421580341575	1.571995324921094	-0.003926882333210656	0	0.9399999999999999	0	0	0	0	0	0	0	0	0	0.001663349855734094	0.001602377601228891	0.01849777680291254	0.001166130297863438	0.00115855344241679	0	0	0	0	0	0	0	0	0	0	0	0	0	0	0	0	0	0	0	0
1.62	-0.002543007262537587	1.571999151310175	-0.003872893659511918	0	0.9399999999999999	0	0	0	0	0	0	0	0	0	0.001680503815526324	0.001607699263965457	0.01870052311216884	0.001189135114469052	0.001174812497277458	0	0	0	0	0	0	0	0	0	0	0	0	0	0	0	0	0	0	0	0
1.64	-0.002463165582079376	1.572009915772622	-0.003797962356620894	0	0.9399999999999999	0	0	0	0	0	0	0	0	0	0.001722928073584353	0.001622823804988568	0.01933926603249593	0.001243393930638347	0.001247512035863715	0	0	0	0	0	0	0	0	0	0	0	0	0	0	0	0	0	0	0	0
1.66	-0.002463174884043723	1.57200994023433	-0.003798009669724903	0	0.9399999999999999	0	0	0	0	0	0	0	0	0	0.001722815962253228	0.001622842132586806	0.01933949704042294	0.001245514570217649	0.001245460396234907	0	0	0	0	0	0	0	0	0	0	0	0	0	0	0	0	0	0	0	0
1.68	-0.002498194227986845	1.572010735458215	-0.003833713051717652	0	0.9399999999999999	0	0	0	0	0	0	0	0	0	0.00172434228231911	0.001624031647453564	0.01940796059039793	0.001255512843956128	0.001247770208986953	0	0	0	0	0	0	0	0	0	0	0	0	0	0	0	0	0	0	0	0
1.7	-0.002373860451941866	1.572027125406278	-0.003717611321496218	0	0.9399999999999999	0	0	0	0	0	0	0	0	0	0.001752781432514826	0.001638515498275954	0.02005468808265313	0.001317257243687442	0.001317601937011771	0	0	0	0	0	0	0	0	0	0	0	0	0	0	0	0	0	0	0	0
1.72	-0.002373860451941866	1.572027125406278	-0.003717611321496218	0	0.9399999999999999	0	0	0	0	0	0	0	0	0	0.001752781432514826	0.001638515498275954	0.02005468808265313	0.001317257243687442	0.001317601937011771	0	0	0	0	0	0	0	0	0	0	0	0	0	0	0	0	0	0	0	0
1.74	-0.002402709064071637	1.572025098092045	-0.00374710359685263	0	0.9399999999999999	0	0	0	0	0	0	0	0	0	0.001761833723511721	0.001642027751415279	0.02012260236084812	0.001325293004322636	0.00131728466157703	0	0	0	0	0	0	0	0	0	0	0	0	0	0	0	0	0	0	0	0
1.76	-0.002282608837481007	1.572038143794842	-0.003637303777609564	0	0.9399999999999999	0	0	0	0	0	0	0	0	0	0.001806426177866352	0.001655080871010976	0.02077385164649117	0.001384359474046105	0.001383220211185248	0	0	0	0	0	0	0	0	0	0	0	0	0	0	0	0	0	0	0	0
1.78	-0.002282583583990032	1.572037835039458	-0.003637326071964557	0	0.9399999999999999	0	0	0	0	0	0	0	0	0	0.001806612495765829	0.001655320451209826	0.02077353654987966	0.001383441987847361	0.00138390717988849	0	0	0	0	0	0	0	0	0	0	0	0	0	0	0	0	0	0	0	0
1.8	-0.002335400415072119	1.572035418885475	-0.003691302482675179	0	0.9399999999999999	0	0	0	0	0	0	0	0	0	0.001817465955687209	0.001660354825436822	0.02093141343278348	0.00141040662828145	0.001384740139782083	0	0	0	0	0	0	0	0	0	0	0	0	0	0	0	0	0	0	0	0
1.82	-0.002210967463155652	1.572043245660447	-0.003574258096985051	0	0.9399999999999999	0	0	0	0	0	0	0	0	0	0.001851433050789344	0.001671197526547149	0.02144690993250049	0.001450201944307288	0.001449891722651693	0	0	0	0	0	0	0	0	0	0	0	0	0	0	0	0	0	0	0	0
1.84	-0.002246893352241625	1.572044018946717	-0.003610777106042971	0	0.9399999999999999	0	0	0	0	0	0	0	0	0	0.00185396550630046	0.001671584414222846	0.02150624919865071	0.00145789277035595	0.001452322089911551	0	0	0	0	0	0	0	0	0	0	0	0	0	0	0	0	0	0	0	0
1.86	-0.002203393655613849	1.57204664177872	-0.003569589100999011	0	0.9399999999999999	0	0	0	0	0	0	0	0	0	0.001868941749373037	0.001675235748262488	0.02169544637645946	0.001475505445742417	0.001472345005360472	0	0	0	0	0	0	0	0	0	0	0	0	0	0	0	0	0	0	0	0
1.88	-0.002216139988476291	1.572046835460982	-0.003582590809404488	0	0.9399999999999999	0	0	0	0	0	0	0	0	0	0.001869456800312073	0.001675522249558498	0.02171919473244897	0.001476965879305373	0.001475281021055513	0	0	0	0	0	0	0	0	0	0	0	0	0	0	0	0	0	0	0	0
1.9	-0.002202203418127411	1.572049559650583	-0.003571088063490419	0	0.9399999999999999	0	0	0	0	0	0	0	0	0	0.001882967423718376	0.0016796706948307	0.02195101709780636	0.001500365792459177	0.001498649698057476	0	0	0	0	0	0	0	0	0	0	0	0	0	0	0	0	0	0	0	0
1.92	-0.002276193054576241	1.57205040079177	-0.003645607119802358	0	0.9399999999999999	0	0	0	0	0	0	0	0	0	0.001887488688292709	0.001681200522621751	0.02209195655395674	0.001516906623601511	0.001508566904651726	0	0	0	0	0	0	0	0	0	0	0	0	0	0	0	0	0	0	0	0
1.94	-0.002265875366440618	1.572050653298888	-0.003635447221799919	0	0.9399999999999999	0	0	0	0	0	0	0	0	0	0.001888948827220636	0.00168155869070766	0.02210770657216358	0.001518417387936662	0.00151049996735626	0	0	0	0	0	0	0	0	0	0	0	0	0	0	0	0	0	0	0	0
1.96	-0.002017818377592486	1.572066252806837	-0.003395385100198792	0	0.9399999999999999	0	0	0	0	0	0	0	0	0	0.001950100788979967	0.00169822010851424	0.02307081581869597	0.001615350435579553	0.001615511762445011	0	0	0	0	0	0	0	0	0	0	0	0	0	0	0	0	0	0	0	0
1.98	-0.002051760116676666	1.572064372791036	-0.003430139260825296	0	0.9399999999999999	0	0	0	0	0	0	0	0	0	0.001955014172791844	0.001700883550987808	0.0231386053836466	0.001624523503818953	0.001616759356975626	0	0	0	0	0	0	0	0	0	0	0	0	0	0	0	0	0	0	0	0
2	-0.001994008937650758	1.572066566883513	-0.003375128821592137	0	0.9399999999999999	0	0	0	0	0	0	0	0	0	0.001972186498059413	0.001704865509604656	0.0233438163866372	0.001648304821644094	0.001633016976223104	0	0	0	0	0	0	0	0	0	0	0	0	0	0	0	0	0	0	0	0
2.02	-0.002005953261516873	1.572066699541018	-0.003387239168019875	0	0.9399999999999999	0	0	0	0	0	0	0	0	0	0.001972353574870691	0.001704988457781163	0.02336026923577014	0.001646682233832937	0.001637559204822782	0	0	0	0	0	0	0	0	0	0	0	0	0	0	0	0	0	0	0	0
2.04	-0.001907022852813739	1.572075639465957	-0.003297454450009663	0	0.9399999999999999	0	0	0	0	0	0	0	0	0	0.002014324225533536	0.00171511985756649	0.02399937730110643	0.001704665772561712	0.001704604944489037	0	0	0	0	0	0	0	0	0	0	0	0	0	0	0	0	0	0	0	0
2.06	-0.001907022852813739	1.572075639465957	-0.003297454450009663	0	0.9399999999999999	0	0	0	0	0	0	0	0	0	0.002014324225533536	0.00171511985756649	0.02399937730110643	0.001704665772561712	0.001704604944489037	0	0	0	0	0	0	0	0	0	0	0	0	0	0	0	0	0	0	0	0
2.08	-0.001940738800239935	1.57207481813463	-0.003332007477732196	0	0.9399999999999999	0	0	0	0	0	0	0	0	0	0.002013876832714382	0.001716702559924929	0.02406728845948726	0.001715586225117903	0.001707685423311008	0	0	0	0	0	0	0	0	0	0	0	0	0	0	0	0	0	0	0	0
2.1	-0.001882663660406457	1.572076679406146	-0.003276732356999577	0	0.9399999999999999	0	0	0	0	0	0	0	0	0	0.002025689034942606	0.001719971605887906	0.02427282800933729	0.00174165265468626	0.001726233488431031	0	0	0	0	0	0	0	0	0	0	0	0	0	0	0	0	0	0	0	0
2.12	-0.001930588189189656	1.572077567362567	-0.003325762415665992	0	0.9399999999999999	0	0	0	0	0	0	0	0	0	0.002031624005327991	0.001721352936702176	0.02440959393969724	0.001740838740387287	0.00175285272125284	0	0	0	0	0	0	0	0	0	0	0	0	0	0	0	0	0	0	0	0
2.14	-0.001795896273943748	1.572083057475091	-0.00319843870584122	0	0.9399999999999999	0	0	0	0	0	0	0	0	0	0.002066775840420313	0.001729464795041742	0.02493198341869476	0.001800966140415633	0.001801326800210994	0	0	0	0	0	0	0	0	0	0	0	0	0	0	0	0	0	0	0	0
2.16	-0.001739498528307528	1.572090195978824	-0.003151332321560191	0	0.9399999999999999	0	0	0	0	0	0	0	0	0	0.00209502270045989	0.001734451670960308	0.02539151467595622	0.00184643524673781	0.001846422945368425	0	0	0	0	0	0	0	0	0	0	0	0	0	0	0	0	0	0	0	0
2.18	-0.001773145023201423	1.572088052782902	-0.003185836131915307	0	0.9399999999999999	0	0	0	0	0	0	0	0	0	0.002096001525999191	0.001736929203293686	0.02545954960280815	0.001857115093636864	0.001849196111081005	0	0	0	0	0	0	0	0	0	0	0	0	0	0	0	0	0	0	0	0
2.2	-0.001767617103000423	1.57208806971805	-0.003180788633040863	0	0.9399999999999999	0	0	0	0	0	0	0	0	0	0.002096922567059002	0.00173728049958823	0.02547655069711588	0.001858525346120512	0.00185146816204464	0	0	0	0	0	0	0	0	0	0	0	0	0	0	0	0	0	0	0	0
2.22	-0.001715839095294494	1.572089561162832	-0.003131795950435144	0	0.9399999999999999	0	0	0	0	0	0	0	0	0	0.002109334260388264	0.001739904693568561	0.02567038966729455	0.001881584242201248	0.001870291616642008	0	0	0	0	0	0	0	0	0	0	0	0	0	0	0	0	0	0	0	0
2.24	-0.001644381969487208	1.572092330265229	-0.003064735742338767	0	0.9399999999999999	0	0	0	0	0	0	0	0	0	0.002131080653532088	0.001744139748188366	0.02599839661518971	0.001923354305493511	0.00189783503312721	0	0	0	0	0	0	0	0	0	0	0	0	0	0	0	0	0	0	0	0
2.26	-0.001625719581142196	1.572095459785633	-0.003056081663348755	0	0.9399999999999999	0	0	0	0	0	0	0	0	0	0.002149460547738116	0.001748621824171706	0.02631950784182623	0.001941350393475517	0.001941338773134624	0	0	0	0	0	0	0	0	0	0	0	0	0	0	0	0	0	0	0	0
2.28	-0.001659314950752588	1.572095554158422	-0.00309054528913597	0	0.9399999999999999	0	0	0	0	0	0	0	0	0	0.002150649400286791	0.001749268937219425	0.0263875938020626	0.001952066585599632	0.001944128141832887	0	0	0	0	0	0	0	0	0	0	0	0	0	0	0	0	0	0	0	0
2.3	-0.001542303527242949	1.572102966929648	-0.002982899072759889	0	0.9399999999999999	0	0	0	0	0	0	0	0	0	0.002197806921132066	0.00175499444737036	0.02701538911878065	0.002012099565612319	0.0020119403634387	0	0	0	0	0	0	0	0	0	0	0	0	0	0	0	0	0	0	0	0
2.32	-0.001575896443507045	1.572100783802497	-0.003017369829897142	0	0.9399999999999999	0	0	0	0	0	0	0	0	0	0.002194792346306036	0.001757430115008894	0.02708330872596167	0.00202392017331547	0.002015930008676415	0	0	0	0	0	0	0	0	0	0	0	0	0	0	0	0	0	0	0	0
2.34	-0.001570358885078115	1.572100775966982	-0.003012322080192637	0	0.9399999999999999	0	0	0	0	0	0	0	0	0	0.002194653090223841	0.001757759773221387	0.02710023798061368	0.002025628925855908	0.002018536414308497	0	0	0	0	0	0	0	0	0	0	0	0	0	0	0	0	0	0	0	0
2.36	-0.001456825627470288	1.57210308667388	-0.002909271578496268	0	0.9399999999999999	0	0	0	0	0	0	0	0	0	0.002233240035846026	0.001766826913402126	0.02771382805596506	0.002086096561279241	0.002086080989049922	0	0	0	0	0	0	0	0	0	0	0	0	0	0	0	0	0	0	0	0
2.38	-0.001456825627470288	1.57210308667388	-0.002909271578496268	0	0.9399999999999999	0	0	0	0	0	0	0	0	0	0.002233240035846026	0.001766826913402126	0.02771382805596506	0.002086096561279241	0.002086080989049922	0	0	0	0	0	0	0	0	0	0	0	0	0	0	0	0	0	0	0	0
2.4	-0.001482040317877825	1.572105911600834	-0.002935790798510435	0	0.9399999999999999	0	0	0	0	0	0	0	0	0	0.002234021246998164	0.001765552947279634	0.02779493951385724	0.002102223403722494	0.002087181722524058	0	0	0	0	0	0	0	0	0	0	0	0	0	0	0	0	0	0	0	0
2.42	-0.001498276212196206	1.572106098065366	-0.002953391618837079	0	0.9399999999999999	0	0	0	0	0	0	0	0	0	0.002239567138033433	0.001766938034506463	0.02791815510886249	0.002102221323257355	0.002112382005130002	0	0	0	0	0	0	0	0	0	0	0	0	0	0	0	0	0	0	0	0
2.44	-0.001507212977815418	1.572106825615033	-0.002963681921430057	0	0.9399999999999999	0	0	0	0	0	0	0	0	0	0.002246916514905035	0.001768342128999743	0.02807180188727872	0.002130032538025663	0.002116837224337614	0	0	0	0	0	0	0	0	0	0	0	0	0	0	0	0	0	0	0	0
2.46	-0.001347000923885336	1.572110724865392	-0.002811038405614824	0	0.9399999999999999	0	0	0	0	0	0	0	0	0	0.002286189716683374	0.001774692807050433	0.02864318597169718	0.002184902800819392	0.002184641688609962	0	0	0	0	0	0	0	0	0	0	0	0	0	0	0	0	0	0	0	0
2.48	-0.001383040378689265	1.572110893914061	-0.002847815618757981	0	0.9399999999999999	0	0	0	0	0	0	0	0	0	0.002287342974604708	0.001775170774683835	0.02870520813744074	0.00219384304430697	0.00218742682400274	0	0	0	0	0	0	0	0	0	0	0	0	0	0	0	0	0	0	0	0
2.5	-0.001264247938284742	1.572117141720477	-0.002738441269248807	0	0.9399999999999999	0	0	0	0	0	0	0	0	0	0.002335899565630367	0.00178030798681171	0.02933455697992458	0.002253860878084623	0.002253658574798742	0	0	0	0	0	0	0	0	0	0	0	0	0	0	0	0	0	0	0	0
2.52	-0.001297779669537255	1.572115253845879	-0.00277287351118373	0	0.9399999999999999	0	0	0	0	0	0	0	0	0	0.002331459229027173	0.001782407754665732	0.02940248694736251	0.002266078576831823	0.002258045585537637	0	0	0	0	0	0	0	0	0	0	0	0	0	0	0	0	0	0	0	0
2.54	-0.001292240455155422	1.572115238139886	-0.002767836522493823	0	0.9399999999999999	0	0	0	0	0	0	0	0	0	0.002330940826440005	0.001782688663663011	0.02941944353188663	0.002267879236869649	0.002260767405716256	0	0	0	0	0	0	0	0	0	0	0	0	0	0	0	0	0	0	0	0
2.56	-0.001240468063754859	1.572116172599493	-0.002718969295228825	0	0.9399999999999999	0	0	0	0	0	0	0	0	0	0.00233944651409442	0.001784650573920602	0.02961300804648984	0.002292106025364057	0.002280886122022957	0	0	0	0	0	0	0	0	0	0	0	0	0	0	0	0	0	0	0	0
2.58	-0.001169258448010365	1.572117945766431	-0.002652320307392324	0	0.9399999999999999	0	0	0	0	0	0	0	0	0	0.002362990116857359	0.00178773818670385	0.02994012510248398	0.002333421678174664	0.002308205553122151	0	0	0	0	0	0	0	0	0	0	0	0	0	0	0	0	0	0	0	0
2.6	-0.001124922064211484	1.572120805086498	-0.002615790434837854	0	0.9399999999999999	0	0	0	0	0	0	0	0	0	0.002394765781686314	0.001792771823313264	0.03049668290487201	0.002378835131463903	0.002378528222102638	0	0	0	0	0	0	0	0	0	0	0	0	0	0	0	0	0	0	0	0
2.62	-0.00116121356691582	1.572120860144913	-0.002652826365430674	0	0.9399999999999999	0	0	0	0	0	0	0	0	0	0.002395220792755468	0.001793246269121305	0.03055892131579784	0.002388014938411005	0.002381587818139855	0	0	0	0	0	0	0	0	0	0	0	0	0	0	0	0	0	0	0	0
2.64	-0.001154340038413744	1.572120981507746	-0.002646174163443579	0	0.9399999999999999	0	0	0	0	0	0	0	0	0	0.00239557894726619	0.001793335166657121	0.03056638372885022	0.002388454338251269	0.002382801415374804	0	0	0	0	0	0	0	0	0	0	0	0	0	0	0	0	0	0	0	0
2.66	-0.001040618855183736	1.572123965635586	-0.002541367604058442	0	0.9399999999999999	0	0	0	0	0	0	0	0	0	0.002412433450688625	0.001798468764889978	0.03108102170001273	0.002409706795705129	0.002409793956678868	0	0	0	0	0	0	0	0	0	0	0	0	0	0	0	0	0	0	0	0
2.68	-0.001090373943356585	1.572124026925298	-0.002592456245699027	0	0.9399999999999999	0	0	0	0	0	0	0	0	0	0.002415871887872684	0.001799365460680176	0.03120870504723071	0.002435411149029183	0.002417825315051094	0	0	0	0	0	0	0	0	0	0	0	0	0	0	0	0	0	0	0	0
2.7	-0.001099563488086991	1.572124488105475	-0.002603135701197874	0	0.9399999999999999	0	0	0	0	0	0	0	0	0	0.002424738534987157	0.001800377805806841	0.03135676812408504	0.002439810276968654	0.002451171296695566	0	0	0	0	0	0	0	0	0	0	0	0	0	0	0	0	0	0	0	0
2.72	-0.001090340824796993	1.572124602410929	-0.002594329055371486	0	0.9399999999999999	0	0	0	0	0	0	0	0	0	0.002426983485263831	0.001800587496275817	0.0313816029428115	0.002443875254762078	0.002454296728613923	0	0	0	0	0	0	0	0	0	0	0	0	0	0	0	0	0	0	0	0
2.74	-0.0009301502566378356	1.57212827569242	-0.002443371791433809	0	0.9399999999999999	0	0	0	0	0	0	0	0	0	0.002487738090368061	0.001806424975466959	0.03211778531565155	0.002541123198319954	0.002540456214336885	0	0	0	0	0	0	0	0	0	0	0	0	0	0	0	0	0	0	0	0
2.76	-0.0009301502566378356	1.57212827569242	-0.002443371791433809	0	0.9399999999999999	0	0	0	0	0	0	0	0	0	0.002487738090368061	0.001806424975466959	0.03211778531565155	0.002541123198319954	0.002540456214336885	0	0	0	0	0	0	0	0	0	0	0	0	0	0	0	0	0	0	0	0
2.78	-0.0009695186312203926	1.572127975636865	-0.002483411991330175	0	0.9399999999999999	0	0	0	0	0	0	0	0	0	0.002486238190726284	0.001807091047146378	0.03217886409206692	0.002550622953328893	0.002544992389308483	0	0	0	0	0	0	0	0	0	0	0	0	0	0	0	0	0	0	0	0
2.8	-0.0009264579428067343	1.572128516986037	-0.002442972212333479	0	0.9399999999999999	0	0	0	0	0	0	0	0	0	0.002493944436132279	0.001808771003583057	0.03236617576258248	0.002572779409954994	0.002569591664114858	0	0	0	0	0	0	0	0	0	0	0	0	0	0	0	0	0	0	0	0
2.82	-0.0008427191065301878	1.572130618573237	-0.002364375359229971	0	0.9399999999999999	0	0	0	0	0	0	0	0	0	0.002533283922219809	0.001813414510897982	0.03299223039410234	0.002641351801747384	0.002640710872368851	0	0	0	0	0	0	0	0	0	0	0	0	0	0	0	0	0	0	0	0
2.84	-0.0008805471533985846	1.572130798648278	-0.002402811254053795	0	0.9399999999999999	0	0	0	0	0	0	0	0	0	0.002535075025407521	0.001813769525298788	0.03305722662090786	0.002649851382180169	0.00264464004336772	0	0	0	0	0	0	0	0	0	0	0	0	0	0	0	0	0	0	0	0
2.86	-0.0008385550749878161	1.572131482225106	-0.002363031659060571	0	0.9399999999999999	0	0	0	0	0	0	0	0	0	0.002546278468123608	0.001815269207231029	0.03323635574613247	0.002669043319283977	0.00266541425819803	0	0	0	0	0	0	0	0	0	0	0	0	0	0	0	0	0	0	0	0
2.88	-0.0008500640192750684	1.572131560403819	-0.002374826124337796	0	0.9399999999999999	0	0	0	0	0	0	0	0	0	0.002547251472703697	0.001815427058480781	0.0332629308480818	0.002670894852346065	0.002668707784069173	0	0	0	0	0	0	0	0	0	0	0	0	0	0	0	0	0	0	0	0
2.9	-0.0009332939227460921	1.57213177492562	-0.002458661520044617	0	0.9399999999999999	0	0	0	0	0	0	0	0	0	0.00255089748253645	0.001816263902663542	0.03341803224994257	0.002689058223505614	0.002681126962162103	0	0	0	0	0	0	0	0	0	0	0	0	0	0	0	0	0	0	0	0
2.92	-0.0009218001453739315	1.572131848091041	-0.002447352818071011	0	0.9399999999999999	0	0	0	0	0	0	0	0	0	0.002552312988635534	0.001816423416980889	0.03343558599471131	0.002690960026231627	0.002683425793534482	0	0	0	0	0	0	0	0	0	0	0	0	0	0	0	0	0	0	0	0
2.94	-0.0006847544957533042	1.572134747437981	-0.002217386536332216	0	0.9399999999999999	0	0	0	0	0	0	0	0	0	0.002605555983520348	0.00182249374650171	0.03420804676923741	0.002773256111563303	0.002773031179840003	0	0	0	0	0	0	0	0	0	0	0	0	0	0	0	0	0	0	0	0
2.96	-0.0007548667553418783	1.572134915769109	-0.002288358488115597	0	0.9399999999999999	0	0	0	0	0	0	0	0	0	0.002608369637337499	0.001823259610011823	0.03433955456022755	0.002793356131346045	0.00277860487808012	0	0	0	0	0	0	0	0	0	0	0	0	0	0	0	0	0	0	0	0
2.98	-0.0006029170997124529	1.572137004192806	-0.002144318982633851	0	0.9399999999999999	0	0	0	0	0	0	0	0	0	0.002645676486632615	0.001827736903293427	0.03490422323047549	0.002846940269105821	0.002846629239920719	0	0	0	0	0	0	0	0	0	0	0	0	0	0	0	0	0	0	0	0
3	-0.0006029170997124529	1.572137004192806	-0.002144318982633851	0	0.9399999999999999	0	0	0	0	0	0	0	0	0	0.002645676486632615	0.001827736903293427	0.03490422323047549	0.002846940269105821	0.002846629239920719	0	0	0	0	0	0	0	0	0	0	0	0	0	0	0	0	0	0	0	0
3.02	-0.0006391276693329801	1.57213708093078	-0.002181278423628398	0	0.9399999999999999	0	0	0	0	0	0	0	0	0	0.00264652049374649	0.001828085927264242	0.03496543382065326	0.002855765281581446	0.002849560625988934	0	0	0	0	0	0	0	0	0	0	0	0	0	0	0	0	0	0	0	0
3.04	-0.0006679142536104867	1.572137273074034	-0.002211192841025925	0	0.9399999999999999	0	0	0	0	0	0	0	0	0	0.002650412196811218	0.00182880808066549	0.03508327903438876	0.002862534206850106	0.002866968057726712	0	0	0	0	0	0	0	0	0	0	0	0	0	0	0	0	0	0	0	0
3.06	-0.000493513514618757	1.572139397876537	-0.002044162843895393	0	0.9399999999999999	0	0	0	0	0	0	0	0	0	0.002686017712149317	0.001833200665312136	0.03565153205057396	0.002923587986147332	0.002924136442156819	0	0	0	0	0	0	0	0	0	0	0	0	0	0	0	0	0	0	0	0
3.08	-0.0004630477907007849	1.572143652761954	-0.002023984369254021	0	0.9399999999999999	0	0	0	0	0	0	0	0	0	0.002717440236690066	0.00183336180762669	0.03605896954260204	0.002965301256179047	0.002965125772635972	0	0	0	0	0	0	0	0	0	0	0	0	0	0	0	0	0	0	0	0
3.1	-0.0004876327004684462	1.572139828895114	-0.00204995723231254	0	0.9399999999999999	0	0	0	0	0	0	0	0	0	0.002712810001037967	0.001836865644030678	0.03614049749035562	0.002983544555323756	0.002967910437667789	0	0	0	0	0	0	0	0	0	0	0	0	0	0	0	0	0	0	0	0
3.12	-0.0005030932896790853	1.572140572195315	-0.002066881794643529	0	0.9399999999999999	0	0	0	0	0	0	0	0	0	0.002717250250532597	0.001837119877182103	0.03626538824956647	0.002984069623826313	0.002994264354386188	0	0	0	0	0	0	0	0	0	0	0	0	0	0	0	0	0	0	0	0
3.14	-0.0005121433364367831	1.572140799275779	-0.002077358010447639	0	0.9399999999999999	0	0	0	0	0	0	0	0	0	0.002723864941336732	0.001837995945128046	0.03641905749146964	0.003012438865866211	0.002999200626316382	0	0	0	0	0	0	0	0	0	0	0	0	0	0	0	0	0	0	0	0
3.16	-0.0004998121089790139	1.572140863021119	-0.002065392311503802	0	0.9399999999999999	0	0	0	0	0	0	0	0	0	0.002725614654994291	0.001838144555932493	0.03644049806857767	0.003014292835678042	0.003002326476881487	0	0	0	0	0	0	0	0	0	0	0	0	0	0	0	0	0	0	0	0
3.18	-0.0003517569755553587	1.572142198583416	-0.001925008095635956	0	0.9399999999999999	0	0	0	0	0	0	0	0	0	0.002762734925385283	0.001841761477990488	0.03699410018767205	0.003069063381742278	0.003069557731984409	0	0	0	0	0	0	0	0	0	0	0	0	0	0	0	0	0	0	0	0
3.2	-0.0003753059701860448	1.572142318329695	-0.001949936011052942	0	0.9399999999999999	0	0	0	0	0	0	0	0	0	0.00276497030678413	0.001842241493850415	0.03707259322443471	0.003082646071625309	0.003071878274489875	0	0	0	0	0	0	0	0	0	0	0	0	0	0	0	0	0	0	0	0
3.22	-0.0004000151719243117	1.572142469577798	-0.001975830002692561	0	0.9399999999999999	0	0	0	0	0	0	0	0	0	0.002769089483098199	0.001842861948634164	0.03718297762112319	0.003083895387626199	0.003093256364103522	0	0	0	0	0	0	0	0	0	0	0	0	0	0	0	0	0	0	0	0
3.24	-0.0002684154091268102	1.572143665560822	-0.001852026727347844	0	0.9399999999999999	0	0	0	0	0	0	0	0	0	0.002801912587899823	0.001846184999289633	0.03768760099827655	0.003143407436202435	0.003144043926767856	0	0	0	0	0	0	0	0	0	0	0	0	0	0	0	0	0	0	0	0
3.26	-0.0002921728207856604	1.572143770147565	-0.00187716600068372	0	0.9399999999999999	0	0	0	0	0	0	0	0	0	0.002804060301953755	0.001846652727382912	0.03776676800158309	0.003156786455199266	0.003146730952528294	0	0	0	0	0	0	0	0	0	0	0	0	0	0	0	0	0	0	0	0
3.28	-0.0001851784634991323	1.572144862683707	-0.001776836409794078	0	0.9399999999999999	0	0	0	0	0	0	0	0	0	0.002838909920990621	0.001850345692465589	0.03837839942273211	0.003218725742342169	0.003219316028482779	0	0	0	0	0	0	0	0	0	0	0	0	0	0	0	0	0	0	0	0
3.3	-0.000210678209227801	1.572144996550123	-0.00180371749100124	0	0.9399999999999999	0	0	0	0	0	0	0	0	0	0.002842843799498654	0.001850824561046262	0.03845979238180362	0.003232030201812299	0.003221325302155748	0	0	0	0	0	0	0	0	0	0	0	0	0	0	0	0	0	0	0	0
3.32	-0.0002075844745441662	1.57214510227906	-0.001801610548310304	0	0.9399999999999999	0	0	0	0	0	0	0	0	0	0.002844896711054801	0.001851049901059669	0.03849297479233935	0.003234842994284553	0.003225107740036323	0	0	0	0	0	0	0	0	0	0	0	0	0	0	0	0	0	0	0	0
3.34	-0.0002146142074166711	1.57214535749255	-0.001810037166636248	0	0.9399999999999999	0	0	0	0	0	0	0	0	0	0.002849480220195477	0.001851774870318521	0.03861581671768111	0.003237569065691093	0.003247108360289181	0	0	0	0	0	0	0	0	0	0	0	0	0	0	0	0	0	0	0	0
3.36	-7.505694383616774e-05	1.572146943842569	-0.001679120245788125	0	0.9399999999999999	0	0	0	0	0	0	0	0	0	0.002896043557715336	0.001855730911063974	0.03930728589233867	0.003316516128824232	0.003316819032245093	0	0	0	0	0	0	0	0	0	0	0	0	0	0	0	0	0	0	0	0
3.38	-9.965668262685738e-05	1.572146579718431	-0.001705112383851147	0	0.9399999999999999	0	0	0	0	0	0	0	0	0	0.002895400765472068	0.001856547517762909	0.03938782409599581	0.003331550333244079	0.003319740598356423	0	0	0	0	0	0	0	0	0	0	0	0	0	0	0	0	0	0	0	0
3.4	-9.670751881581379e-05	1.572146765482913	-0.001703152925717174	0	0.9399999999999999	0	0	0	0	0	0	0	0	0	0.002896830775194832	0.001856677858744895	0.03942093403860823	0.003333552057315621	0.003324747140804543	0	0	0	0	0	0	0	0	0	0	0	0	0	0	0	0	0	0	0	0
3.42	8.627687978322366e-06	1.572148872861092	-0.00160754097307634	0	0.9399999999999999	0	0	0	0	0	0	0	0	0	0.002942041635917465	0.001859400704397769	0.03999990786773217	0.003388482724694132	0.003388134681665884	0	0	0	0	0	0	0	0	0	0	0	0	0	0	0	0	0	0	0	0
3.44	8.627687978322366e-06	1.572148872861092	-0.00160754097307634	0	0.9399999999999999	0	0	0	0	0	0	0	0	0	0.002942041635917465	0.001859400704397769	0.03999990786773217	0.003388482724694132	0.003388134681665884	0	0	0	0	0	0	0	0	0	0	0	0	0	0	0	0	0	0	0	0
3.46	-5.959717518539589e-05	1.572147884106752	-0.001676693466562293	0	0.9399999999999999	0	0	0	0	0	0	0	0	0	0.002938014627058239	0.001860833086087161	0.04013456347825501	0.003411579035141428	0.003395875024596863	0	0	0	0	0	0	0	0	0	0	0	0	0	0	0	0	0	0	0	0
3.48	-4.874354930912612e-05	1.572147858761195	-0.001666351997250937	0	0.9399999999999999	0	0	0	0	0	0	0	0	0	0.002938257203869849	0.001861081868992749	0.04016738587312954	0.003414976871745107	0.003400941591043967	0	0	0	0	0	0	0	0	0	0	0	0	0	0	0	0	0	0	0	0
3.5	9.237078516127734e-05	1.572148634055676	-0.001533206765977909	0	0.9399999999999999	0	0	0	0	0	0	0	0	0	0.002970480289984951	0.001864215051289132	0.04070063691816363	0.003467416690631824	0.003467024551730621	0	0	0	0	0	0	0	0	0	0	0	0	0	0	0	0	0	0	0	0
3.52	5.560371582019278e-05	1.572148666154578	-0.001570696267321892	0	0.9399999999999999	0	0	0	0	0	0	0	0	0	0.002971344900156978	0.001864503556983176	0.04076043037668671	0.003475849503939472	0.003470105104849285	0	0	0	0	0	0	0	0	0	0	0	0	0	0	0	0	0	0	0	0
3.54	0.0001481258564180937	1.572149261921428	-0.001485244827563048	0	0.9399999999999999	0	0	0	0	0	0	0	0	0	0.00299514454989359	0.001866872051271352	0.04115841243880106	0.003516559671679814	0.003516535731689062	0	0	0	0	0	0	0	0	0	0	0	0	0	0	0	0	0	0	0	0
3.56	8.045755544131389e-05	1.572149285124933	-0.001553854845026366	0	0.9399999999999999	0	0	0	0	0	0	0	0	0	0.002998138736097248	0.00186752048953552	0.04129458089835131	0.003538051093674066	0.003522165583927681	0	0	0	0	0	0	0	0	0	0	0	0	0	0	0	0	0	0	0	0
3.58	0.0002315154207516186	1.572150084701614	-0.001411054612341282	0	0.9399999999999999	0	0	0	0	0	0	0	0	0	0.003035687211857124	0.001870796099145431	0.04185801324987282	0.003591778048769384	0.003591551102050726	0	0	0	0	0	0	0	0	0	0	0	0	0	0	0	0	0	0	0	0
3.6	0.0002315154207516186	1.572150084701614	-0.001411054612341282	0	0.9399999999999999	0	0	0	0	0	0	0	0	0	0.003035687211857124	0.001870796099145431	0.04185801324987282	0.003591778048769384	0.003591551102050726	0	0	0	0	0	0	0	0	0	0	0	0	0	0	0	0	0	0	0	0
3.62	0.0001961954629839762	1.572150103818091	-0.00144719660601133	0	0.9399999999999999	0	0	0	0	0	0	0	0	0	0.003036363022952611	0.001871117408793328	0.04192120994996151	0.003601320387478612	0.003594511868871645	0	0	0	0	0	0	0	0	0	0	0	0	0	0	0	0	0	0	0	0
3.64	0.0002524151907452396	1.57215042617767	-0.001393826907839066	0	0.9399999999999999	0	0	0	0	0	0	0	0	0	0.003045795117206627	0.001872471669738423	0.04217254699512729	0.003615798697844075	0.00361230387719867	0	0	0	0	0	0	0	0	0	0	0	0	0	0	0	0	0	0	0	0
3.66	0.0003406893195749111	1.57215091237337	-0.001312015256593155	0	0.9399999999999999	0	0	0	0	0	0	0	0	0	0.003079687529265564	0.001875830763631496	0.04278168529566926	0.003687418164481106	0.003687503451760422	0	0	0	0	0	0	0	0	0	0	0	0	0	0	0	0	0	0	0	0
3.68	0.0003499705556360194	1.572151117126062	-0.001304158549674461	0	0.9399999999999999	0	0	0	0	0	0	0	0	0	0.003083413971620882	0.001875954477654527	0.04279342528188359	0.003687730028453837	0.003687451649971724	0	0	0	0	0	0	0	0	0	0	0	0	0	0	0	0	0	0	0	0
3.7	0.0002767317706073743	1.572151081516137	-0.001378307418484724	0	0.9399999999999999	0	0	0	0	0	0	0	0	0	0.003086348219025788	0.001876622662492986	0.04292768264850031	0.003708690657378805	0.003693743366311248	0	0	0	0	0	0	0	0	0	0	0	0	0	0	0	0	0	0	0	0
3.72	0.0002872937821781328	1.572151112468872	-0.001368250470785119	0	0.9399999999999999	0	0	0	0	0	0	0	0	0	0.003088473772668692	0.00187681142155191	0.04295883264534324	0.003711646357131464	0.003698193746374048	0	0	0	0	0	0	0	0	0	0	0	0	0	0	0	0	0	0	0	0
3.74	0.0004515268090723144	1.57215221653524	-0.001212601113130241	0	0.9399999999999999	0	0	0	0	0	0	0	0	0	0.003142035361696583	0.001880817407009633	0.04371210217065244	0.003788960968229167	0.003788511772886136	0	0	0	0	0	0	0	0	0	0	0	0	0	0	0	0	0	0	0	0
3.76	0.0004406590896079605	1.572152074422585	-0.00122394589501745	0	0.9399999999999999	0	0	0	0	0	0	0	0	0	0.003140415421990841	0.001881061173297347	0.04373217063215219	0.003789251297511384	0.003788658086731998	0	0	0	0	0	0	0	0	0	0	0	0	0	0	0	0	0	0	0	0
3.78	0.0003802730350329041	1.572151962033737	-0.00128510026349668	0	0.9399999999999999	0	0	0	0	0	0	0	0	0	0.003140399104478215	0.001881684511104103	0.04384489854061806	0.003807154001270695	0.003794865691887101	0	0	0	0	0	0	0	0	0	0	0	0	0	0	0	0	0	0	0	0
3.8	0.000389679746777223	1.572151966693947	-0.001276053496213	0	0.9399999999999999	0	0	0	0	0	0	0	0	0	0.003141267621289663	0.001881829348499825	0.04386659082827229	0.003809483353169925	0.003798066843627682	0	0	0	0	0	0	0	0	0	0	0	0	0	0	0	0	0	0	0	0
3.82	0.0005342391645677036	1.572152502495502	-0.001139301339890732	0	0.9399999999999999	0	0	0	0	0	0	0	0	0	0.003175769881487793	0.00188496227815332	0.04441287302046953	0.003865773912466999	0.003866330999159501	0	0	0	0	0	0	0	0	0	0	0	0	0	0	0	0	0	0	0	0
3.84	0.0005930318496300571	1.572151626464029	-0.001092114987061425	0	0.9399999999999999	0	0	0	0	0	0	0	0	0	0.003202877951069566	0.00188889905554516	0.04487013957942929	0.003914624277822492	0.00391460462361332	0	0	0	0	0	0	0	0	0	0	0	0	0	0	0	0	0	0	0	0
3.86	0.0005930318496300571	1.572151626464029	-0.001092114987061425	0	0.9399999999999999	0	0	0	0	0	0	0	0	0	0.003202877951069566	0.00188889905554516	0.04487013957942929	0.003914624277822492	0.00391460462361332	0	0	0	0	0	0	0	0	0	0	0	0	0	0	0	0	0	0	0	0
3.88	0.0005424019216150363	1.572153299477204	-0.001144147990239824	0	0.9399999999999999	0	0	0	0	0	0	0	0	0	0.003205766052371138	0.001888329684273469	0.04503293786888716	0.003947281866713042	0.003917055004237832	0	0	0	0	0	0	0	0	0	0	0	0	0	0	0	0	0	0	0	0
3.9	0.0006749887540742313	1.572153752638798	-0.001020983371479224	0	0.9399999999999999	0	0	0	0	0	0	0	0	0	0.003243472036681632	0.001891202736316681	0.04556286187639067	0.003989465497592565	0.003989330668770236	0	0	0	0	0	0	0	0	0	0	0	0	0	0	0	0	0	0	0	0
3.92	0.0006749887540742313	1.572153752638798	-0.001020983371479224	0	0.9399999999999999	0	0	0	0	0	0	0	0	0	0.003243472036681632	0.001891202736316681	0.04556286187639067	0.003989465497592565	0.003989330668770236	0	0	0	0	0	0	0	0	0	0	0	0	0	0	0	0	0	0	0	0
3.94	0.0006078029006946337	1.572153478919988	-0.00108911410638862	0	0.9399999999999999	0	0	0	0	0	0	0	0	0	0.003243873365099993	0.001892022599612672	0.04569819248877033	0.004011610483610763	0.003995760375687073	0	0	0	0	0	0	0	0	0	0	0	0	0	0	0	0	0	0	0	0
3.96	0.0006186431586130368	1.572153480284996	-0.001078800627823679	0	0.9399999999999999	0	0	0	0	0	0	0	0	0	0.003245345821633113	0.001892219515711689	0.04573187653700556	0.004014748092196409	0.004000624491106865	0	0	0	0	0	0	0	0	0	0	0	0	0	0	0	0	0	0	0	0
3.98	0.0007870033188484238	1.572154054977426	-0.0009184964692624753	0	0.9399999999999999	0	0	0	0	0	0	0	0	0	0.003294928629068234	0.001896181662243857	0.04649917651359264	0.0040918756734952	0.00409205239753056	0	0	0	0	0	0	0	0	0	0	0	0	0	0	0	0	0	0	0	0
4	0.0007416373623915459	1.571785408827209	-0.0009608216863113236	0	0.9399999999999999	0	0	0	0	0	0	0	0	0	0.01676564828460761	-0.0006148602112751193	0.06185651954078059	0	8.549764486995041e-07	0	0	0	0	0	0	0	0	0	0	0	0	0	0	0	0	0	0	0	0
4.02	0.000740856794346506	1.571780826464977	-0.0009621196917086329	0	0.9399999999999999	0	0	0	0	0	0	0	0	0	0.01676603311885153	-0.0006203776957726392	0.06185569190331141	0	7.897276034418252e-07	0	0	0	0	0	0	0	0	0	0	0	0	0	0	0	0	0	0	0	0
4.04	0.0004187524438406487	1.573087391082662	-0.001289743340936692	0	0.9399999999999999	0	0	0	0	0	0	0	0	0	0.02860848301452792	-0.003517406188864776	0.07741507832126071	0	1.246725884304612e-07	0	0	0	0	0	0	0	0	0	0	0	0	0	0	0	0	0	0	0	0
4.06	-0.0008829500492008538	1.578907163860934	-0.002907864789890804	0	0.9399999999999999	0	0	0	0	0	0	0	0	0	0.03818274647150548	-0.02041802739803204	0.1075130683770243	0	1.85124571387964e-08	0	0	0	0	0	0	0	0	0	0	0	0	0	0	0	0	0	0	0	0
4.08	-0.001563597574625458	1.581829412980766	-0.004112158759097915	0	0.9399999999999999	0	0	0	0	0	0	0	0	0	0.03971788666836774	-0.0307522662737072	0.1168251646884087	0	-9.227883068589342e-07	0	0	0	0	0	0	0	0	0	0	0	0	0	0	0	0	0	0	0	0
4.1	-0.002412592198907607	1.584211572640657	-0.005117377764578418	0	0.9399999999999999	0	0	0	0	0	0	0	0	0	0.04926710445571326	-0.03750084588587015	0.1245211058021471	0	-5.961828680145838e-06	0	0	0	0	0	0	0	0	0	0	0	0	0	0	0	0	0	0	0	0
4.119999999999999	-0.002410332309260025	1.584199979186298	-0.005125036484963505	0	0.9399999999999999	0	0	0	0	0	0	0	0	0	0.04926546999363562	-0.03750861604371701	0.1245154140422576	0	-5.316913258514658e-06	0	0	0	0	0	0	0	0	0	0	0	0	0	0	0	0	0	0	0	0
4.14	-0.004291482551208443	1.584492654994367	-0.006897619224718008	0	0.9399999999999999	0	0	0	0	0	0	0	0	0	0.0786387280714725	-0.03535482064758229	0.1447738082045169	0	1.636794392592855e-06	0	0	0	0	0	0	0	0	0	0	0	0	0	0	0	0	0	0	0	0
4.159999999999999	-0.004713569975785706	1.583128438908514	-0.007860531258872195	0	0.9399999999999999	0	0	0	0	0	0	0	0	0	0.08828735944777548	-0.04318112085718501	0.1638600837427306	0	6.535904023385044e-06	0	0	0	0	0	0	0	0	0	0	0	0	0	0	0	0	0	0	0	0
4.18	-0.004699313474643705	1.583132452449436	-0.007872071515223672	0	0.9399999999999999	0	0	0	0	0	0	0	0	0	0.08828575153378987	-0.04317451934328057	0.1638607734135691	0	4.496505894875802e-06	0	0	0	0	0	0	0	0	0	0	0	0	0	0	0	0	0	0	0	0
4.199999999999999	-0.00488519905288497	1.582026741052285	-0.008561319279894503	0	0.9399999999999999	0	0	0	0	0	0	0	0	0	0.09230366155605434	-0.05787395625361753	0.1808775051710226	0	1.139146221633304e-06	0	0	0	0	0	0	0	0	0	0	0	0	0	0	0	0	0	0	0	0
4.22	-0.004781016595022972	1.581957377405554	-0.009037850943799696	0	0.9399999999999999	0	0	0	0	0	0	0	0	0	0.0948808224204167	-0.07311748087824768	0.1899747040386377	0	-4.699046290197607e-06	0	0	0	0	0	0	0	0	0	0	0	0	0	0	0	0	0	0	0	0
4.239999999999999	-0.004489841505586928	1.582307988155158	-0.009028897510668984	0	0.9399999999999999	0	0	0	0	0	0	0	0	0	0.1035430579468406	-0.08421371079022147	0.1922689116774612	0	-2.743524684702548e-06	0	0	0	0	0	0	0	0	0	0	0	0	0	0	0	0	0	0	0	0
4.26	-0.003244423435688253	1.58357857301014	-0.0079571274945213	0	0.9399999999999999	0	0	0	0	0	0	0	0	0	0.1322596550572833	-0.09208473108161894	0.1831456959338739	0	3.492798892674721e-06	0	0	0	0	0	0	0	0	0	0	0	0	0	0	0	0	0	0	0	0
4.279999999999999	-0.003238076142346365	1.583577724489537	-0.007963354412982016	0	0.9399999999999999	0	0	0	0	0	0	0	0	0	0.1322602566529806	-0.09208856460738074	0.1831515669000813	0	3.234802228101683e-06	0	0	0	0	0	0	0	0	0	0	0	0	0	0	0	0	0	0	0	0
4.3	-0.00117014679187527	1.58328039956297	-0.006363304707012846	0	0.9399999999999999	0	0	0	0	0	0	0	0	0	0.1513783511393394	-0.09826907604475212	0.1735872427784012	0	-4.601702203730222e-06	0	0	0	0	0	0	0	0	0	0	0	0	0	0	0	0	0	0	0	0
4.319999999999999	0.6907402373784456	1.586922363990591	-0.6982393582385972	0	0.9399999999999999	0	0	0	0	0	0	0	0	0	0.1698579485857699	-0.102159652038834	0.1735336099584009	0	9.223100539683437e-08	0	0	0	0	0	0	0	0	0	0	0	0	0	0	0	0	0	0	0	0
4.34	0.691607853368992	1.587938194152659	-0.6972531837467062	0	0.9399999999999999	0	0	0	0	0	0	0	0	0	0.1847032070413773	-0.1072037144231718	0.1707864783631943	0	-5.558175803489315e-07	0	0	0	0	0	0	0	0	0	0	0	0	0	0	0	0	0	0	0	0
4.359999999999999	0.6927962676208044	1.590102928644781	-0.6959040406539635	0	0.9399999999999999	0	0	0	0	0	0	0	0	0	0.2167626829576731	-0.112204939911267	0.1663381473472598	0	1.345043360712002e-05	0	0	0	0	0	0	0	0	0	0	0	0	0	0	0	0	0	0	0	0
4.38	0.6931533891269529	1.591766166825642	-0.6957841694558341	0	0.9399999999999999	0	0	0	0	0	0	0	0	0	0.2326925688995296	-0.112217871654742	0.165656149757547	0	1.837928143957204e-06	0	0	0	0	0	0	0	0	0	0	0	0	0	0	0	0	0	0	0	0
4.399999999999999	0.6931589396242968	1.591765084317941	-0.6957913348058484	0	0.9399999999999999	0	0	0	0	0	0	0	0	0	0.2326927166314342	-0.1122177297862382	0.1656582980532128	0	1.785753350549509e-06	0	0	0	0	0	0	0	0	0	0	0	0	0	0	0	0	0	0	0	0
4.42	0.6926075967777341	1.597980834748454	-0.6963831676012873	0	0.9399999999999999	0	0	0	0	0	0	0	0	0	0.2622145789353286	-0.1108235996908552	0.1619293650102248	0	-2.396003379292229e-05	0	0	0	0	0	0	0	0	0	0	0	0	0	0	0	0	0	0	0	0
4.44	0.8937688399595014	1.601927671984708	-0.8987634679946738	0	0.9399999999999999	0	0	0	0	0	0	0	0	0	0.2813991914633084	-0.1134003139721062	0.1579384437531761	0	7.418757297464685e-07	0	0	0	0	0	0	0	0	0	0	0	0	0	0	0	0	0	0	0	0
4.46	0.8937688399595014	1.601927671984708	-0.8987634679946738	0	0.9399999999999999	0	0	0	0	0	0	0	0	0	0.2813991914633084	-0.1134003139721062	0.1579384437531761	0	7.418757297464685e-07	0	0	0	0	0	0	0	0	0	0	0	0	0	0	0	0	0	0	0	0
4.48	0.8915932957754976	1.60909983126853	-0.9010003881251529	0	0.9399999999999999	0	0	0	0	0	0	0	0	0	0.3115567510050291	-0.1097157879515275	0.1377431458405949	0	-7.762880705762441e-07	0	0	0	0	0	0	0	0	0	0	0	0	0	0	0	0	0	0	0	0
4.5	0.8915985714159304	1.609099315214745	-0.9010064122985032	0	0.9399999999999999	0	0	0	0	0	0	0	0	0	0.3115563447565904	-0.1097164323235095	0.1377422455382675	0	-7.74076304317077e-07	0	0	0	0	0	0	0	0	0	0	0	0	0	0	0	0	0	0	0	0
4.52	0.991811319252738	1.616421263415494	-1.006837248468075	0	0.9399999999999999	0	0	0	0	0	0	0	0	0	0.3463548793234233	-0.1038919134887954	0.1138386853109951	0	4.457426297864952e-08	0	0	0	0	0	0	0	0	0	0	0	0	0	0	0	0	0	0	0	0
4.54	0.9906316167847057	1.619524160509646	-1.008551581881157	0	0.9399999999999999	0	0	0	0	0	0	0	0	0	0.3586935804818983	-0.09674725762387469	0.1028639003458704	0	-7.338543958776724e-07	0	0	0	0	0	0	0	0	0	0	0	0	0	0	0	0	0	0	0	0
4.56	0.9906392871536129	1.619523496083846	-1.008557405550103	0	0.9399999999999999	0	0	0	0	0	0	0	0	0	0.3586930241670319	-0.09674921258434002	0.1028616360302085	0	-7.579341829582531e-07	0	0	0	0	0	0	0	0	0	0	0	0	0	0	0	0	0	0	0	0
4.58	0.9888354549907736	1.623933974205354	-1.012039366282386	0	0.9399999999999999	0	0	0	0	0	0	0	0	0	0.3805618152156415	-0.0837275024052465	0.08871701384616455	0.008350067061694636	0.008354263005987222	0	0	0	0	0	0	0	0	0	0	0	0	0	0	0	0	0	0	0	0
4.6	0.9888350677885885	1.623933279419647	-1.012048728963746	0	0.9399999999999999	0	0	0	0	0	0	0	0	0	0.3805614069538176	-0.08372639189515853	0.0887209087097473	0.008350097302619618	0.008353354691395217	0	0	0	0	0	0	0	0	0	0	0	0	0	0	0	0	0	0	0	0
4.62	0.9869278911899262	1.62560386587417	-1.01506008616533	0	0.9399999999999999	0	0	0	0	0	0	0	0	0	0.4334049500677993	-0.07203272379025036	0.07862045631111526	0.09462862977140306	0.09461512892625153	0	0	0	0	0	0	0	0	0	0	0	0	0	0	0	0	0	0	0	0
4.64	0.9869592127546827	1.625600342165668	-1.015081762953796	0	0.9399999999999999	0	0	0	0	0	0	0	0	0	0.4334091244521056	-0.07202596104493685	0.07863897357073343	0.09462713297387831	0.09461535679729403	0	0	0	0	0	0	0	0	0	0	0	0	0	0	0	0	0	0	0	0
4.659999999999999	0.9861283046957072	1.625537967608788	-1.016343479996309	0	0.9399999999999999	0	0	0	0	0	0	0	0	0	0.4622913072883386	-0.0678236485171404	0.0739635086692281	0.1506031148412776	0.1506024524972221	0	0	0	0	0	0	0	0	0	0	0	0	0	0	0	0	0	0	0	0
4.68	0.9846178218897119	1.624802816036329	-1.016651231433619	0	0.9399999999999999	0	0	0	0	0	0	0	0	0	0.4925449073617628	-0.06643999910527887	0.068666218444411	0.2113805329215158	0.2113787313614145	0	0	0	0	0	0	0	0	0	0	0	0	0	0	0	0	0	0	0	0
4.699999999999999	0.9809560928513325	1.625852636012874	-1.016206566624183	0	0.9399999999999999	0	0	0	0	0	0	0	0	0	0.5573173126846767	-0.06249919403895988	0.05501207113571933	0.3028207238418043	0.302814148340722	0	0	0	0	0	0	0	0	0	0	0	0	0	0	0	0	0	0	0	0
4.72	0.8248529389232868	1.629378226253428	-0.8618639773462304	0	0.9399999999999999	0	0	0	0	0	0	0	0	0	0.5872106979546876	-0.0453131265232672	0.04593086161444834	0.3268795577885812	0.3268793560661682	0	0	0	0	0	0	0	0	0	0	0	0	0	0	0	0	0	0	0	0
4.739999999999999	0.8248529389232868	1.629378226253428	-0.8618639773462304	0	0.9399999999999999	0	0	0	0	0	0	0	0	0	0.5872106979546876	-0.0453131265232672	0.04593086161444834	0.3268795577885812	0.3268793560661682	0	0	0	0	0	0	0	0	0	0	0	0	0	0	0	0	0	0	0	0
4.76	0.7680059938902334	1.635037383812158	-0.8077018551337275	0	0.9399999999999999	0	0	0	0	0	0	0	0	0	0.6259871441810912	-0.04460822701477662	0.04909545764300699	0.3959484213431708	0.3959482214996622	0	0	0	0	0	0	0	0	0	0	0	0	0	0	0	0	0	0	0	0
4.779999999999999	0.7104062271890121	1.642188388164074	-0.7541870976064128	0	0.9399999999999999	0	0	0	0	0	0	0	0	0	0.6598249451025128	-0.0392589834763863	0.04143819507938518	0.4893213338690625	0.4893215547907651	0	0	0	0	0	0	0	0	0	0	0	0	0	0	0	0	0	0	0	0
4.8	0.6601464612130403	1.650133316202216	-0.7094109850814733	0	0.9399999999999999	0	0	0	0	0	0	0	0	0	0.6888266618500065	-0.02726308016138346	0.03277171199021275	0.5653434281661044	0.5653413558091284	0	0	0	0	0	0	0	0	0	0	0	0	0	0	0	0	0	0	0	0
4.819999999999999	0.6519150591132081	1.664779136533234	-0.7162802823068395	0	0.9399999999999999	0	0	0	0	0	0	0	0	0	0.7308092995328215	-0.00319392678311054	0.03208468202623213	0.6392577836458586	0.639258000319568	0	0	0	0	0	0	0	0	0	0	0	0	0	0	0	0	0	0	0	0
4.84	0.6986074000759143	1.669655142403771	-0.7725223878426212	0	0.9399999999999999	0	0	0	0	0	0	0	0	0	0.742782830760484	0.004419724294219872	0.04709473617141957	0.6740994638865875	0.6740995069618427	0	0	0	0	0	0	0	0	0	0	0	0	0	0	0	0	0	0	0	0
4.859999999999999	0.6986074000759143	1.669655142403771	-0.7725223878426212	0	0.9399999999999999	0	0	0	0	0	0	0	0	0	0.742782830760484	0.004419724294219872	0.04709473617141957	0.6740994638865875	0.6740995069618427	0	0	0	0	0	0	0	0	0	0	0	0	0	0	0	0	0	0	0	0
4.88	0.7808100755544947	1.672890363655139	-0.8648037465754499	0	0.9399999999999999	0	0	0	0	0	0	0	0	0	0.749108435507191	0.006767989480291245	0.06498015289626695	0.7086201778741665	0.7086202612768489	0	0	0	0	0	0	0	0	0	0	0	0	0	0	0	0	0	0	0	0
4.899999999999999	0.959312831622991	1.681129867957273	-1.060045812167628	0	0.9399999999999999	0	0	0	0	0	0	0	0	0	0.7605588924400155	-0.008676610837737207	0.07143301708207744	0.7338290781336362	0.7338287522235616	0	0	0	0	0	0	0	0	0	0	0	0	0	0	0	0	0	0	0	0
4.92	1.058381459325213	1.684362114820587	-1.165784244972181	0	0.9399999999999999	0	0	0	0	0	0	0	0	0	0.7482384169021081	-0.02586602464935774	0.06704589248202387	0.7522159247719137	0.7522166160352299	0	0	0	0	0	0	0	0	0	0	0	0	0	0	0	0	0	0	0	0
4.94	1.14861123096334	1.687154864347406	-1.26138558622295	0	0.9399999999999999	0	0	0	0	0	0	0	0	0	0.7374262759282255	-0.03658770410363267	0.06333276166644876	0.7392575741868278	0.7392575694714962	0	0	0	0	0	0	0	0	0	0	0	0	0	0	0	0	0	0	0	0
4.96	1.224579545705113	1.690412603747797	-1.340771060350738	0	0.9399999999999999	0	0	0	0	0	0	0	0	0	0.7231016564058985	-0.03938931219824187	0.06375620109648729	0.7179205585122203	0.7179205506229226	0	0	0	0	0	0	0	0	0	0	0	0	0	0	0	0	0	0	0	0
4.98	1.288105069149286	1.694154730095504	-1.40558978873298	0	0.9399999999999999	0	0	0	0	0	0	0	0	0	0.7108204934639911	-0.03539872042481111	0.06863156070180933	0.6993469430106403	0.699346924649604	0	0	0	0	0	0	0	0	0	0	0	0	0	0	0	0	0	0	0	0
5	1.288105069149286	1.694154730095504	-1.40558978873298	0	0.9399999999999999	0	0	0	0	0	0	0	0	0	0.7108204934639911	-0.03539872042481111	0.06863156070180933	0.6993469430106403	0.699346924649604	0	0	0	0	0	0	0	0	0	0	0	0	0	0	0	0	0	0	0	0
5.02	1.338441798245752	1.698497121866228	-1.454948845282606	0	0.9399999999999999	0	0	0	0	0	0	0	0	0	0.7028988766860549	-0.02776559156947293	0.07678031882701061	0.6888861900983597	0.6888860586795946	0	0	0	0	0	0	0	0	0	0	0	0	0	0	0	0	0	0	0	0
5.04	1.375644528747533	1.703298972134862	-1.488971645496522	0	0.9399999999999999	0	0	0	0	0	0	0	0	0	0.6968399245086589	-0.01783121276066781	0.08773969453388861	0.6807012663364292	0.6807012322008796	0	0	0	0	0	0	0	0	0	0	0	0	0	0	0	0	0	0	0	0
5.06	1.396127486169735	1.7081546783663	-1.50448077426216	0	0.9399999999999999	0	0	0	0	0	0	0	0	0	0.6893522424858981	-0.006839064990972751	0.1012076072193755	0.6700324374279283	0.6700323565213478	0	0	0	0	0	0	0	0	0	0	0	0	0	0	0	0	0	0	0	0
5.08	1.399069026850133	1.712999048180299	-1.501194134940267	0	0.9399999999999999	0	0	0	0	0	0	0	0	0	0.6803428034102785	0.003631951638479295	0.1145808279813822	0.6570172086464725	0.6570189246823206	0	0	0	0	0	0	0	0	0	0	0	0	0	0	0	0	0	0	0	0
5.1	1.381009534638856	1.717179913439404	-1.476435452722679	0	0.9399999999999999	0	0	0	0	0	0	0	0	0	0.669126524791505	0.01450453559252345	0.1243565752080405	0.6402000683402599	0.6402001139034178	0	0	0	0	0	0	0	0	0	0	0	0	0	0	0	0	0	0	0	0
5.12	1.353425335121403	1.720338799871274	-1.442150332844251	0	0.9399999999999999	0	0	0	0	0	0	0	0	0	0.6547126171141529	0.02631134392410401	0.1305926217605283	0.6178764500277362	0.6178764539326722	0	0	0	0	0	0	0	0	0	0	0	0	0	0	0	0	0	0	0	0
5.14	1.31851233525674	1.722698755242095	-1.401110888469791	0	0.9399999999999999	0	0	0	0	0	0	0	0	0	0.6367456403546612	0.03961344653929384	0.1345759198208678	0.5909157886406378	0.5909157676144312	0	0	0	0	0	0	0	0	0	0	0	0	0	0	0	0	0	0	0	0
5.159999999999999	1.232814138525335	1.724158086539119	-1.305608320306099	0	0.9399999999999999	0	0	0	0	0	0	0	0	0	0.591850722717856	0.06918777708696339	0.137802205022844	0.5321095325062473	0.5321094836561793	0	0	0	0	0	0	0	0	0	0	0	0	0	0	0	0	0	0	0	0
5.18	1.232814138525335	1.724158086539119	-1.305608320306099	0	0.9399999999999999	0	0	0	0	0	0	0	0	0	0.591850722717856	0.06918777708696339	0.137802205022844	0.5321095325062473	0.5321094836561793	0	0	0	0	0	0	0	0	0	0	0	0	0	0	0	0	0	0	0	0
5.199999999999999	1.155343611544505	1.719752598524497	-1.221857893128988	0	0.9399999999999999	0	0	0	0	0	0	0	0	0	0.5409462220691895	0.09431322242754772	0.1311566781849487	0.4771596831276661	0.4771598501717104	0	0	0	0	0	0	0	0	0	0	0	0	0	0	0	0	0	0	0	0
5.22	1.155343611544505	1.719752598524497	-1.221857893128988	0	0.9399999999999999	0	0	0	0	0	0	0	0	0	0.5409462220691895	0.09431322242754772	0.1311566781849487	0.4771596831276661	0.4771598501717104	0	0	0	0	0	0	0	0	0	0	0	0	0	0	0	0	0	0	0	0
5.239999999999999	1.121789900165031	1.716092517313526	-1.186346332783477	0	0.9399999999999999	0	0	0	0	0	0	0	0	0	0.5132478612619553	0.1046642570362463	0.1250536222020576	0.4467781285847595	0.4467784238831369	0	0	0	0	0	0	0	0	0	0	0	0	0	0	0	0	0	0	0	0
5.26	1.058135578896791	1.710912731075752	-1.120322882192241	0	0.9399999999999999	0	0	0	0	0	0	0	0	0	0.4625039439918013	0.1204812789989964	0.1124173325099155	0.3923306123244182	0.3923311071795839	0	0	0	0	0	0	0	0	0	0	0	0	0	0	0	0	0	0	0	0
5.279999999999999	1.025921970202427	1.709933558276695	-1.087585671109205	0	0.9399999999999999	0	0	0	0	0	0	0	0	0	0.4396073706072591	0.1265852787483499	0.1061263986264842	0.3664373014142789	0.3664373403448156	0	0	0	0	0	0	0	0	0	0	0	0	0	0	0	0	0	0	0	0
5.3	0.9872572283967949	1.709022993468186	-1.048431723501842	0	0.9399999999999999	0	0	0	0	0	0	0	0	0	0.4169550270796212	0.1328182195104257	0.1003267273560605	0.3393598741739103	0.3393598799939657	0	0	0	0	0	0	0	0	0	0	0	0	0	0	0	0	0	0	0	0
5.319999999999999	0.941881199566056	1.707497718092903	-1.002238699161467	0	0.9399999999999999	0	0	0	0	0	0	0	0	0	0.3942073075812439	0.1389726734031076	0.09664214047143213	0.3124631595333036	0.3124630168707827	0	0	0	0	0	0	0	0	0	0	0	0	0	0	0	0	0	0	0	0
5.34	0.8978061907610441	1.705354660949872	-0.9570538325264322	0	0.9399999999999999	0	0	0	0	0	0	0	0	0	0.3727458499761552	0.1448487307754179	0.09457981583501124	0.2863260769040706	0.286326143986069	0	0	0	0	0	0	0	0	0	0	0	0	0	0	0	0	0	0	0	0
5.359999999999999	0.8978061907610441	1.705354660949872	-0.9570538325264322	0	0.9399999999999999	0	0	0	0	0	0	0	0	0	0.3727458499761552	0.1448487307754179	0.09457981583501124	0.2863260769040706	0.286326143986069	0	0	0	0	0	0	0	0	0	0	0	0	0	0	0	0	0	0	0	0
5.38	0.8599226726528905	1.703052209711269	-0.9176335600850598	0	0.9399999999999999	0	0	0	0	0	0	0	0	0	0.3537429534698726	0.151046433942036	0.09451781684439375	0.2616917735899713	0.2616911315906882	0	0	0	0	0	0	0	0	0	0	0	0	0	0	0	0	0	0	0	0
5.399999999999999	0.8055497533113968	1.699852728487609	-0.8583802058212849	0	0.9399999999999999	0	0	0	0	0	0	0	0	0	0.3244023036789772	0.1601152355759259	0.1013438990490555	0.2222271190551782	0.2222273650715417	0	0	0	0	0	0	0	0	0	0	0	0	0	0	0	0	0	0	0	0
5.42	0.8055497533113968	1.699852728487609	-0.8583802058212849	0	0.9399999999999999	0	0	0	0	0	0	0	0	0	0.3244023036789772	0.1601152355759259	0.1013438990490555	0.2222271190551782	0.2222273650715417	0	0	0	0	0	0	0	0	0	0	0	0	0	0	0	0	0	0	0	0
5.44	0.7717947177730328	1.697128819014032	-0.8169425567215163	0	0.9399999999999999	0	0	0	0	0	0	0	0	0	0.299048514866534	0.166085746572325	0.1185876420533526	0.1868440078024089	0.1868434032435612	0	0	0	0	0	0	0	0	0	0	0	0	0	0	0	0	0	0	0	0
5.46	0.7538901350219737	1.696137593647557	-0.7941196378512891	0	0.9399999999999999	0	0	0	0	0	0	0	0	0	0.2858373224463432	0.168789423532214	0.1308307984263632	0.1709374850360603	0.1709376586434501	0	0	0	0	0	0	0	0	0	0	0	0	0	0	0	0	0	0	0	0
5.48	0.7367931427360374	1.695398732976365	-0.771450655848378	0	0.9399999999999999	0	0	0	0	0	0	0	0	0	0.2723573431268905	0.1710913136266902	0.1433433630351916	0.1571657811935917	0.1571658153990412	0	0	0	0	0	0	0	0	0	0	0	0	0	0	0	0	0	0	0	0
5.5	0.7170900141828851	1.694410659912971	-0.7457793221292809	0	0.9399999999999999	0	0	0	0	0	0	0	0	0	0.2689296462799967	0.1736508318644266	0.1490638166117841	0.1571698042279735	0.1571703314008673	0	0	0	0	0	0	0	0	0	0	0	0	0	0	0	0	0	0	0	0
5.52	0.6925667340080385	1.693398423591843	-0.7148692647627766	0	0.9399999999999999	0	0	0	0	0	0	0	0	0	0.2431599007069405	0.1750799121233794	0.1652657046407917	0.1289425337685688	0.1289426589755676	0	0	0	0	0	0	0	0	0	0	0	0	0	0	0	0	0	0	0	0
5.54	0.6616743927547029	1.692568482601004	-0.67721648874645	0	0.9399999999999999	0	0	0	0	0	0	0	0	0	0.2290559239232703	0.1776703965772016	0.1748510848237583	0.1145882934937401	0.1145874786864619	0	0	0	0	0	0	0	0	0	0	0	0	0	0	0	0	0	0	0	0
5.56	0.626253962319854	1.69076980990947	-0.6344959120376608	0	0.9399999999999999	0	0	0	0	0	0	0	0	0	0.2155506218320243	0.1798921341341528	0.183850763860462	0.1033084423874777	0.1033084280075207	0	0	0	0	0	0	0	0	0	0	0	0	0	0	0	0	0	0	0	0
5.58	0.591394187693867	1.688107572280837	-0.5921460321500029	0	0.9399999999999999	0	0	0	0	0	0	0	0	0	0.203336932962435	0.1817348866916595	0.1910699329727401	0.09757267907445444	0.09757203082646684	0	0	0	0	0	0	0	0	0	0	0	0	0	0	0	0	0	0	0	0
5.6	0.5578134762057188	1.684375444002574	-0.5508779833515002	0	0.9399999999999999	0	0	0	0	0	0	0	0	0	0.1927751001396313	0.1808149139428461	0.1974105119697109	0.09201336171883535	0.09201337255446528	0	0	0	0	0	0	0	0	0	0	0	0	0	0	0	0	0	0	0	0
5.62	0.5254219027934316	1.67998940736793	-0.5107067429299094	0	0.9399999999999999	0	0	0	0	0	0	0	0	0	0.1835241740837173	0.1795454398585203	0.2015886437823662	0.09054820089088152	0.09054786869568303	0	0	0	0	0	0	0	0	0	0	0	0	0	0	0	0	0	0	0	0
5.64	0.4885906479467938	1.674807303385604	-0.4660063498514613	0	0.9399999999999999	0	0	0	0	0	0	0	0	0	0.1754681172002708	0.1770430435761506	0.2043521952102548	0.09205211816281739	0.09205227122649649	0	0	0	0	0	0	0	0	0	0	0	0	0	0	0	0	0	0	0	0
5.659999999999999	0.4446678408826564	1.66949768621281	-0.4139766180029461	0	0.9399999999999999	0	0	0	0	0	0	0	0	0	0.1684014431299462	0.1743847320157807	0.2060711658713872	0.09568383841302183	0.09568369506008995	0	0	0	0	0	0	0	0	0	0	0	0	0	0	0	0	0	0	0	0
5.68	0.4446678408826564	1.66949768621281	-0.4139766180029461	0	0.9399999999999999	0	0	0	0	0	0	0	0	0	0.1684014431299462	0.1743847320157807	0.2060711658713872	0.09568383841302183	0.09568369506008995	0	0	0	0	0	0	0	0	0	0	0	0	0	0	0	0	0	0	0	0
5.699999999999999	0.3928119424245144	1.664326909725909	-0.3537820588154456	0	0.9399999999999999	0	0	0	0	0	0	0	0	0	0.1626200771541681	0.1716576173562939	0.2070284183370314	0.1013347801970097	0.1013344647490963	0	0	0	0	0	0	0	0	0	0	0	0	0	0	0	0	0	0	0	0
5.72	0.2589115991003598	1.654312332733001	-0.2018398516786457	0	0.9399999999999999	0	0	0	0	0	0	0	0	0	0.1488458139061744	0.167403720645319	0.2183099314594752	0.1081699412707878	0.1081698060689358	0	0	0	0	0	0	0	0	0	0	0	0	0	0	0	0	0	0	0	0
5.739999999999999	0.2586942681551495	1.654306325161321	-0.2016183282248945	0	0.9399999999999999	0	0	0	0	0	0	0	0	0	0.1540836909403515	0.1666924811197937	0.210307178924887	0.116515939310478	0.1165160200536083	0	0	0	0	0	0	0	0	0	0	0	0	0	0	0	0	0	0	0	0
5.76	0.1779946621760697	1.649863211675509	-0.1110748801724694	0	0.9399999999999999	0	0	0	0	0	0	0	0	0	0.1513268238788386	0.1644524345500488	0.2135084610320682	0.1261063752813618	0.1261065700588314	0	0	0	0	0	0	0	0	0	0	0	0	0	0	0	0	0	0	0	0
5.779999999999999	-0.006251640543282953	1.6412215216486	0.09423664187924803	0	0.9399999999999999	0	0	0	0	0	0	0	0	0	0.1498948776844558	0.1586479228239887	0.2228553405645846	0.1535810838336847	0.1535811112028392	0	0	0	0	0	0	0	0	0	0	0	0	0	0	0	0	0	0	0	0
5.8	-0.1146924873729806	1.636937997731656	0.2137743928646453	0	0.9399999999999999	0	0	0	0	0	0	0	0	0	0.1498461659546892	0.1539552137372951	0.229423661198729	0.1684424870159913	0.1684426785013414	0	0	0	0	0	0	0	0	0	0	0	0	0	0	0	0	0	0	0	0
5.819999999999999	-0.1146924873729806	1.636937997731656	0.2137743928646453	0	0.9399999999999999	0	0	0	0	0	0	0	0	0	0.1498461659546892	0.1539552137372951	0.229423661198729	0.1684424870159913	0.1684426785013414	0	0	0	0	0	0	0	0	0	0	0	0	0	0	0	0	0	0	0	0
5.84	-0.3496944660346264	1.630956611042155	0.4712257162789863	0	0.9399999999999999	0	0	0	0	0	0	0	0	0	0.145264946959689	0.143885010088936	0.246030479550997	0.1905458769083285	0.1905458983921944	0	0	0	0	0	0	0	0	0	0	0	0	0	0	0	0	0	0	0	0
5.859999999999999	-0.4845550146122599	1.629631508498002	0.6170503452689455	0	0.9399999999999999	0	0	0	0	0	0	0	0	0	0.1398175752072292	0.1402273603626339	0.2555848812163573	0.1989576286823854	0.1989568965363043	0	0	0	0	0	0	0	0	0	0	0	0	0	0	0	0	0	0	0	0
5.88	-0.4845550146122599	1.629631508498002	0.6170503452689455	0	0.9399999999999999	0	0	0	0	0	0	0	0	0	0.1398175752072292	0.1402273603626339	0.2555848812163573	0.1989576286823854	0.1989568965363043	0	0	0	0	0	0	0	0	0	0	0	0	0	0	0	0	0	0	0	0
5.899999999999999	-0.6199325911494143	1.629980331161599	0.7632713718050914	0	0.9399999999999999	0	0	0	0	0	0	0	0	0	0.1332359272200877	0.138029240786445	0.2657641625040802	0.2068094098864684	0.206809819193139	0	0	0	0	0	0	0	0	0	0	0	0	0	0	0	0	0	0	0	0
5.92	-0.8462680171134861	1.63524801174791	1.01211774491019	0	0.9399999999999999	0	0	0	0	0	0	0	0	0	0.1192267120175971	0.1339767402176735	0.2860649299291594	0.2192955942569612	0.2192956018625646	0	0	0	0	0	0	0	0	0	0	0	0	0	0	0	0	0	0	0	0
5.94	-0.8462680171134861	1.63524801174791	1.01211774491019	0	0.9399999999999999	0	0	0	0	0	0	0	0	0	0.1192267120175971	0.1339767402176735	0.2860649299291594	0.2192955942569612	0.2192956018625646	0	0	0	0	0	0	0	0	0	0	0	0	0	0	0	0	0	0	0	0
5.96	-0.9421592334723715	1.63949608792498	1.119942409702677	0	0.9399999999999999	0	0	0	0	0	0	0	0	0	0.1109306857564976	0.1304340381730416	0.2964922647159007	0.2244760251671772	0.2244761209177688	0	0	0	0	0	0	0	0	0	0	0	0	0	0	0	0	0	0	0	0
5.98	-1.070877201126448	1.649713937340338	1.274301902257768	0	0.9399999999999999	0	0	0	0	0	0	0	0	0	0.09171258747649576	0.1215063705791755	0.3170434310847171	0.2319654873787351	0.2319655079531973	0	0	0	0	0	0	0	0	0	0	0	0	0	0	0	0	0	0	0	0
6	-1.070877201126448	1.649713937340338	1.274301902257768	0	0.9399999999999999	0	0	0	0	0	0	0	0	0	0.09171258747649576	0.1215063705791755	0.3170434310847171	0.2319654873787351	0.2319655079531973	0	0	0	0	0	0	0	0	0	0	0	0	0	0	0	0	0	0	0	0
6.02	-1.101423598655104	1.654486689141646	1.318198491611762	0	0.9399999999999999	0	0	0	0	0	0	0	0	0	0.08105543482321213	0.1160976630778939	0.3257166756699839	0.2320101928795821	0.2320101416261716	0	0	0	0	0	0	0	0	0	0	0	0	0	0	0	0	0	0	0	0
6.04	-1.095155674336278	1.659180791297652	1.325225510124545	0	0.9399999999999999	0	0	0	0	0	0	0	0	0	0.0683189935724863	0.1120236597261457	0.3335201619269749	0.2260440732562148	0.2260512467382433	0	0	0	0	0	0	0	0	0	0	0	0	0	0	0	0	0	0	0	0
6.06	-1.116767278927476	1.663117095266746	1.360164158529401	0	0.9399999999999999	0	0	0	0	0	0	0	0	0	0.05227122551366187	0.1041380908211413	0.3428254586083448	0.2126991131399153	0.2126994145408188	0	0	0	0	0	0	0	0	0	0	0	0	0	0	0	0	0	0	0	0
6.08	-1.109523678228185	1.666381384013365	1.365897105436402	0	0.9399999999999999	0	0	0	0	0	0	0	0	0	0.0345868029024974	0.09741222894368884	0.3534043031888472	0.1927723094502312	0.1927724035868968	0	0	0	0	0	0	0	0	0	0	0	0	0	0	0	0	0	0	0	0
6.1	-1.101781851894119	1.668519151799117	1.370864767178951	0	0.9399999999999999	0	0	0	0	0	0	0	0	0	0.01526838864749825	0.08908898057489681	0.3660340166188781	0.1674792273354926	0.167474062902645	0	0	0	0	0	0	0	0	0	0	0	0	0	0	0	0	0	0	0	0
6.12	-1.094166065815736	1.669894317112839	1.37539621092747	0	0.9399999999999999	0	0	0	0	0	0	0	0	0	-0.006418069609909778	0.07908836028908248	0.3797793830600311	0.1371180331570554	0.1371051707622997	0	0	0	0	0	0	0	0	0	0	0	0	0	0	0	0	0	0	0	0
6.14	-1.086755732522661	1.670835414201566	1.379409768677525	0	0.9399999999999999	0	0	0	0	0	0	0	0	0	-0.03036213392932404	0.06678643388112547	0.3942092214344384	0.101802730243324	0.1017902894147638	0	0	0	0	0	0	0	0	0	0	0	0	0	0	0	0	0	0	0	0
6.16	-1.067406990983246	1.671526611197934	1.370590376981261	0	0.9399999999999999	0	0	0	0	0	0	0	0	0	-0.05527684326813537	0.05278114543869165	0.4094259087948996	0.06260522990105123	0.06260613583096397	0	0	0	0	0	0	0	0	0	0	0	0	0	0	0	0	0	0	0	0
6.18	-1.061597783966818	1.671578626338675	1.374308396687806	0	0.9399999999999999	0	0	0	0	0	0	0	0	0	-0.08167986473286415	0.0339528470362175	0.4235761113361479	0.0187583948341276	0.01875961669137043	0	0	0	0	0	0	0	0	0	0	0	0	0	0	0	0	0	0	0	0
6.199999999999999	-1.056324935666296	1.670464550010961	1.37773543720865	0	0.9399999999999999	0	0	0	0	0	0	0	0	0	-0.09698211610106014	0.01483436721384045	0.4308840138697472	0	4.64967342873886e-06	0	0	0	0	0	0	0	0	0	0	0	0	0	0	0	0	0	0	0	0
6.22	-1.051492811056928	1.667410909167818	1.380510226801421	0	0.9399999999999999	0	0	0	0	0	0	0	0	0	-0.1009430643506817	-0.003339865460518185	0.4341004956585787	0	6.063661514193303e-06	0	0	0	0	0	0	0	0	0	0	0	0	0	0	0	0	0	0	0	0
6.239999999999999	-1.014594523299441	1.662110548046664	1.350111818254479	0	0.9399999999999999	0	0	0	0	0	0	0	0	0	-0.1001165960063249	-0.0199696052087815	0.4355717939143664	0	-9.773597608464579e-08	0	0	0	0	0	0	0	0	0	0	0	0	0	0	0	0	0	0	0	0
6.26	-0.8939501401925155	1.651351547277033	1.238154524257834	0	0.9399999999999999	0	0	0	0	0	0	0	0	0	-0.09282722442755349	-0.05179449647955819	0.4303672535952088	0	2.693071990796474e-06	0	0	0	0	0	0	0	0	0	0	0	0	0	0	0	0	0	0	0	0
6.279999999999999	-0.893950295903471	1.651347333240844	1.238154298726196	0	0.9399999999999999	0	0	0	0	0	0	0	0	0	-0.09283020647371763	-0.05179414381984015	0.4303663447254188	0	1.244557152111137e-06	0	0	0	0	0	0	0	0	0	0	0	0	0	0	0	0	0	0	0	0
6.3	-0.7991620083112757	1.648997532804397	1.14614661657438	0	0.9399999999999999	0	0	0	0	0	0	0	0	0	-0.08896761640751358	-0.06491582762876723	0.42367389981056	0	-1.791175297535477e-08	0	0	0	0	0	0	0	0	0	0	0	0	0	0	0	0	0	0	0	0
6.319999999999999	-0.7237887785578421	1.64876248420551	1.073242470371285	0	0.9399999999999999	0	0	0	0	0	0	0	0	0	-0.08471052692493691	-0.07949614625333269	0.4162331950133515	0	-1.169820586616827e-07	0	0	0	0	0	0	0	0	0	0	0	0	0	0	0	0	0	0	0	0
6.34	-0.6317456383301621	1.652242319497458	0.9867113645972133	0	0.9399999999999999	0	0	0	0	0	0	0	0	0	-0.0762179149461415	-0.1200476680425106	0.4119675222809322	0	-7.747033414103304e-07	0	0	0	0	0	0	0	0	0	0	0	0	0	0	0	0	0	0	0	0
6.359999999999999	-0.6317456383301621	1.652242319497458	0.9867113645972133	0	0.9399999999999999	0	0	0	0	0	0	0	0	0	-0.0762179149461415	-0.1200476680425106	0.4119675222809322	0	-7.747033414103304e-07	0	0	0	0	0	0	0	0	0	0	0	0	0	0	0	0	0	0	0	0
6.38	-0.6291018525355603	1.656708089072468	0.9877081639917652	0	0.9399999999999999	0	0	0	0	0	0	0	0	0	-0.07566570778582495	-0.1446981785648009	0.4185489510372031	0	3.420207410404708e-06	0	0	0	0	0	0	0	0	0	0	0	0	0	0	0	0	0	0	0	0
6.399999999999999	-0.6952946874831804	1.667895922936495	1.064008685333427	0	0.9399999999999999	0	0	0	0	0	0	0	0	0	-0.08693364533415363	-0.1693587115713094	0.4342120228516742	0	-7.87701557181114e-07	0	0	0	0	0	0	0	0	0	0	0	0	0	0	0	0	0	0	0	0
6.42	-0.7510694927015504	1.674475038952242	1.127360665696672	0	0.9399999999999999	0	0	0	0	0	0	0	0	0	-0.1005419996134234	-0.210328954105128	0.4507095142523972	0	-8.318991850767778e-07	0	0	0	0	0	0	0	0	0	0	0	0	0	0	0	0	0	0	0	0
6.44	-0.8070808400753283	1.681800965609082	1.192613935929171	0	0.9399999999999999	0	0	0	0	0	0	0	0	0	-0.109198118928474	-0.2283081197329539	0.458892763501709	0	6.751811322817325e-07	0	0	0	0	0	0	0	0	0	0	0	0	0	0	0	0	0	0	0	0
6.46	-0.8070808400753283	1.681800965609082	1.192613935929171	0	0.9399999999999999	0	0	0	0	0	0	0	0	0	-0.109198118928474	-0.2283081197329539	0.458892763501709	0	6.751811322817325e-07	0	0	0	0	0	0	0	0	0	0	0	0	0	0	0	0	0	0	0	0
6.48	-0.8603234695486282	1.689509589284464	1.256077943774867	0	0.9399999999999999	0	0	0	0	0	0	0	0	0	-0.1156971170834986	-0.2437962667506748	0.4620076768178658	0	4.010564145709255e-07	0	0	0	0	0	0	0	0	0	0	0	0	0	0	0	0	0	0	0	0
6.5	-0.9454179141742504	1.702996582198502	1.363125326736775	0	0.9399999999999999	0	0	0	0	0	0	0	0	0	-0.1189665180806303	-0.2627453476714697	0.4519703171173073	0	-2.461402588524642e-07	0	0	0	0	0	0	0	0	0	0	0	0	0	0	0	0	0	0	0	0
6.52	-0.9788973471742936	1.709000623299557	1.40860795562408	0	0.9399999999999999	0	0	0	0	0	0	0	0	0	-0.1128744207132463	-0.2681469185746452	0.4448762055250795	0	-2.429232908034725e-07	0	0	0	0	0	0	0	0	0	0	0	0	0	0	0	0	0	0	0	0
6.54	-1.01314926002977	1.715893995130779	1.455737215581536	0	0.9399999999999999	0	0	0	0	0	0	0	0	0	-0.1007202475588212	-0.2741761587501391	0.4421341438321254	0	1.025375021020583e-06	0	0	0	0	0	0	0	0	0	0	0	0	0	0	0	0	0	0	0	0
6.56	-1.01314926002977	1.715893995130779	1.455737215581536	0	0.9399999999999999	0	0	0	0	0	0	0	0	0	-0.1007202475588212	-0.2741761587501391	0.4421341438321254	0	1.025375021020583e-06	0	0	0	0	0	0	0	0	0	0	0	0	0	0	0	0	0	0	0	0
6.58	-1.050718461208184	1.722696583140438	1.506603560955117	0	0.9399999999999999	0	0	0	0	0	0	0	0	0	-0.08096748219955126	-0.2829294711582494	0.4435412699910728	0	-7.111428089740914e-07	0	0	0	0	0	0	0	0	0	0	0	0	0	0	0	0	0	0	0	0
6.6	-1.090293574981945	1.727844575555481	1.559704985695372	0	0.9399999999999999	0	0	0	0	0	0	0	0	0	-0.05168132793481555	-0.2937194508548174	0.447791842953713	0	-1.795044231461449e-06	0	0	0	0	0	0	0	0	0	0	0	0	0	0	0	0	0	0	0	0
6.62	-1.190333569715591	1.732116975073127	1.686906300139089	0	0.9399999999999999	0	0	0	0	0	0	0	0	0	0.02465025489907538	-0.3246863064723926	0.468354791184756	0	-2.101321322813332e-06	0	0	0	0	0	0	0	0	0	0	0	0	0	0	0	0	0	0	0	0
6.64	-1.251111805317323	1.734593086696216	1.761652552901053	0	0.9399999999999999	0	0	0	0	0	0	0	0	0	0.06698314569075266	-0.3427960153052517	0.4835108881201404	0	2.272135197626021e-07	0	0	0	0	0	0	0	0	0	0	0	0	0	0	0	0	0	0	0	0
6.66	-1.307927870413977	1.737655952295123	1.833029273270615	0	0.9399999999999999	0	0	0	0	0	0	0	0	0	0.1103048344097539	-0.3593023571596241	0.5011901720328724	0	2.175410692004546e-06	0	0	0	0	0	0	0	0	0	0	0	0	0	0	0	0	0	0	0	0
6.68	-1.307927870413977	1.737655952295123	1.833029273270615	0	0.9399999999999999	0	0	0	0	0	0	0	0	0	0.1103048344097539	-0.3593023571596241	0.5011901720328724	0	2.175410692004546e-06	0	0	0	0	0	0	0	0	0	0	0	0	0	0	0	0	0	0	0	0
6.699999999999999	-1.357889637005656	1.741416764903776	1.897755014955385	0	0.9399999999999999	0	0	0	0	0	0	0	0	0	0.1525999643586844	-0.3734912851439947	0.5197803981927059	0	2.412510476364059e-06	0	0	0	0	0	0	0	0	0	0	0	0	0	0	0	0	0	0	0	0
6.72	-1.424994669715854	1.749999280838145	1.992924684638681	0	0.9399999999999999	0	0	0	0	0	0	0	0	0	0.2287757149343724	-0.3944727500611616	0.5561944938184712	0	-2.573213706363075e-07	0	0	0	0	0	0	0	0	0	0	0	0	0	0	0	0	0	0	0	0
6.739999999999999	-1.435357982034657	1.753958066758543	2.016050658400384	0	0.9399999999999999	0	0	0	0	0	0	0	0	0	0.2592030043472687	-0.3992021588832828	0.5709695520378359	0	-2.385997221881158e-06	0	0	0	0	0	0	0	0	0	0	0	0	0	0	0	0	0	0	0	0
6.76	-1.435357982034657	1.753958066758543	2.016050658400384	0	0.9399999999999999	0	0	0	0	0	0	0	0	0	0.2592030043472687	-0.3992021588832828	0.5709695520378359	0	-2.385997221881158e-06	0	0	0	0	0	0	0	0	0	0	0	0	0	0	0	0	0	0	0	0
6.779999999999999	-1.428561764183184	1.756934686581863	2.020882533131291	0	0.9399999999999999	0	0	0	0	0	0	0	0	0	0.2817069625560662	-0.3989791534324582	0.5797930123232207	0	-4.823372884313517e-07	0	0	0	0	0	0	0	0	0	0	0	0	0	0	0	0	0	0	0	0
6.8	-1.421625224005554	1.759285612609722	2.024074829250597	0	0.9399999999999999	0	0	0	0	0	0	0	0	0	0.3030125084099272	-0.397536700044226	0.5895728750669418	0	1.924358068420364e-05	0	0	0	0	0	0	0	0	0	0	0	0	0	0	0	0	0	0	0	0
6.819999999999999	-1.392484871218715	1.760052650993225	2.003096769669175	0	0.9399999999999999	0	0	0	0	0	0	0	0	0	0.3134721518592217	-0.3883251606508765	0.5931041523810773	0	4.140636465733105e-07	0	0	0	0	0	0	0	0	0	0	0	0	0	0	0	0	0	0	0	0
6.84	-1.360337182296301	1.759293598260453	1.977194693057984	0	0.9399999999999999	0	0	0	0	0	0	0	0	0	0.3152147692362621	-0.3738479473467203	0.5906972751026637	0	1.978080323772766e-06	0	0	0	0	0	0	0	0	0	0	0	0	0	0	0	0	0	0	0	0
6.859999999999999	-1.291093111399216	1.754143737913164	1.915014507091677	0	0.9399999999999999	0	0	0	0	0	0	0	0	0	0.2960686994839978	-0.335285888870868	0.5629691929503651	0	-6.984534386401299e-09	0	0	0	0	0	0	0	0	0	0	0	0	0	0	0	0	0	0	0	0
6.88	-1.291093111399216	1.754143737913164	1.915014507091677	0	0.9399999999999999	0	0	0	0	0	0	0	0	0	0.2960686994839978	-0.335285888870868	0.5629691929503651	0	-6.984534386401299e-09	0	0	0	0	0	0	0	0	0	0	0	0	0	0	0	0	0	0	0	0
6.899999999999999	-1.228708755991106	1.744393698066016	1.854000307262337	0	0.9399999999999999	0	0	0	0	0	0	0	0	0	0.2643020732550166	-0.309486337950713	0.5172095133999515	0	-5.277770832694296e-07	0	0	0	0	0	0	0	0	0	0	0	0	0	0	0	0	0	0	0	0
6.92	-1.20317730323918	1.738894334271592	1.828258486905876	0	0.9399999999999999	0	0	0	0	0	0	0	0	0	0.2466612712089935	-0.3048864299503578	0.4953769389237666	0	-8.690504427484064e-07	0	0	0	0	0	0	0	0	0	0	0	0	0	0	0	0	0	0	0	0
6.94	-1.181420516089461	1.733722837710096	1.806131832315281	0	0.9399999999999999	0	0	0	0	0	0	0	0	0	0.2502319362762185	-0.3004584498999177	0.4934811617395179	0	6.191401946204885e-07	0	0	0	0	0	0	0	0	0	0	0	0	0	0	0	0	0	0	0	0
6.96	-1.182154014118638	1.733628985798828	1.806769271010642	0	0.9399999999999999	0	0	0	0	0	0	0	0	0	0.2282249845530698	-0.3032892761384251	0.4795494584593031	0	-2.282027680924733e-06	0	0	0	0	0	0	0	0	0	0	0	0	0	0	0	0	0	0	0	0
6.98	-1.157641707686752	1.727935846259991	1.782303664225878	0	0.9399999999999999	0	0	0	0	0	0	0	0	0	0.2096206667311249	-0.3008883881261961	0.4694440864676118	0	1.22833008287121e-06	0	0	0	0	0	0	0	0	0	0	0	0	0	0	0	0	0	0	0	0
7	-1.158018488375422	1.726079607487169	1.783058451086172	0	0.9399999999999999	0	0	0	0	0	0	0	0	0	0.1541242601956484	-0.3244881877245873	0.465433171449704	0	-7.701090069930428e-06	0	0	0	0	0	0	0	0	0	0	0	0	0	0	0	0	0	0	0	0
7.02	-1.189312381663409	1.723739168278604	1.815020710288731	0	0.9399999999999999	0	0	0	0	0	0	0	0	0	0.1206524282086601	-0.3435268142401225	0.4628860253844275	0	-6.500951446432116e-07	0	0	0	0	0	0	0	0	0	0	0	0	0	0	0	0	0	0	0	0
7.04	-1.189312381663409	1.723739168278604	1.815020710288731	0	0.9399999999999999	0	0	0	0	0	0	0	0	0	0.1206524282086601	-0.3435268142401225	0.4628860253844275	0	-6.500951446432116e-07	0	0	0	0	0	0	0	0	0	0	0	0	0	0	0	0	0	0	0	0
7.06	-1.250278474750926	1.717353796342495	1.87713693913312	0	0.9399999999999999	0	0	0	0	0	0	0	0	0	0.04117627791466983	-0.3791550192723803	0.4577823542926287	0	-7.438608384884564e-07	0	0	0	0	0	0	0	0	0	0	0	0	0	0	0	0	0	0	0	0
7.08	-1.282105857181167	1.714374575501677	1.908888096941486	0	0.9399999999999999	0	0	0	0	0	0	0	0	0	-0.003631222098263036	-0.3969082846106699	0.4539489393696614	0	-2.215978509634875e-07	0	0	0	0	0	0	0	0	0	0	0	0	0	0	0	0	0	0	0	0
7.1	-1.30871919596542	1.712267240369038	1.934632280296501	0	0.9399999999999999	0	0	0	0	0	0	0	0	0	-0.05058433803256294	-0.4142072967876747	0.4483384893106855	0	-9.6413458546221e-08	0	0	0	0	0	0	0	0	0	0	0	0	0	0	0	0	0	0	0	0
7.12	-1.30871919596542	1.712267240369038	1.934632280296501	0	0.9399999999999999	0	0	0	0	0	0	0	0	0	-0.05058433803256294	-0.4142072967876747	0.4483384893106855	0	-9.6413458546221e-08	0	0	0	0	0	0	0	0	0	0	0	0	0	0	0	0	0	0	0	0
7.14	-1.350318303930026	1.710735992835329	1.97286678784136	0	0.9399999999999999	0	0	0	0	0	0	0	0	0	-0.09927102343584834	-0.4327710641240395	0.4376261019244495	0	-3.779682190984308e-08	0	0	0	0	0	0	0	0	0	0	0	0	0	0	0	0	0	0	0	0
7.16	-1.37124678742415	1.710420876890232	1.991419035945453	0	0.9399999999999999	0	0	0	0	0	0	0	0	0	-0.199668241711246	-0.4611032576179847	0.4097417745655215	0	4.386923525204276e-07	0	0	0	0	0	0	0	0	0	0	0	0	0	0	0	0	0	0	0	0
7.18	-1.37124678742415	1.710420876890232	1.991419035945453	0	0.9399999999999999	0	0	0	0	0	0	0	0	0	-0.199668241711246	-0.4611032576179847	0.4097417745655215	0	4.386923525204276e-07	0	0	0	0	0	0	0	0	0	0	0	0	0	0	0	0	0	0	0	0
7.199999999999999	-1.397719010624441	1.707647629891204	2.014990595299474	0	0.9399999999999999	0	0	0	0	0	0	0	0	0	-0.2499341637704091	-0.4750755161214985	0.3876172960993183	0	3.689884434554969e-08	0	0	0	0	0	0	0	0	0	0	0	0	0	0	0	0	0	0	0	0
7.22	-1.424883395795573	1.705292595706521	2.038382291619161	0	0.9399999999999999	0	0	0	0	0	0	0	0	0	-0.3106361072769669	-0.484007655330616	0.3603255229914915	0	3.578976913161868e-07	0	0	0	0	0	0	0	0	0	0	0	0	0	0	0	0	0	0	0	0
7.239999999999999	-1.489726519298709	1.701792407285064	2.094751197887585	0	0.9399999999999999	0	0	0	0	0	0	0	0	0	-0.4425554295005744	-0.4846201632120294	0.3233146033475469	0	-7.556708498657082e-08	0	0	0	0	0	0	0	0	0	0	0	0	0	0	0	0	0	0	0	0
7.26	-1.489726519298709	1.701792407285064	2.094751197887585	0	0.9399999999999999	0	0	0	0	0	0	0	0	0	-0.4425554295005744	-0.4846201632120294	0.3233146033475469	0	-7.556708498657082e-08	0	0	0	0	0	0	0	0	0	0	0	0	0	0	0	0	0	0	0	0
7.279999999999999	-1.550949967193602	1.697340328745096	2.144992685937618	0	0.9399999999999999	0	0	0	0	0	0	0	0	0	-0.52359878	-0.4815966987898398	0.2740936363299756	0	-1.765079757711887e-07	0	0	0	0	0	0	0	0	0	0	0	0	0	0	0	0	0	0	0	0
7.3	-1.550949967193602	1.697340328745096	2.144992685937618	0	0.9399999999999999	0	0	0	0	0	0	0	0	0	-0.52359878	-0.4815966987898398	0.2740936363299756	0	-1.765079757711887e-07	0	0	0	0	0	0	0	0	0	0	0	0	0	0	0	0	0	0	0	0
7.319999999999999	-1.608891721357866	1.679840146399475	2.203976619514409	0	0.9399999999999999	0	0	0	0	0	0	0	0	0	-0.52359878	-0.4729842994698408	0.2320535901122712	0	5.85548710006241e-08	0	0	0	0	0	0	0	0	0	0	0	0	0	0	0	0	0	0	0	0
7.34	-1.682106869790288	1.65180916695352	2.271870714883006	0	0.9399999999999999	0	0	0	0	0	0	0	0	0	-0.52359878	-0.4437627123122638	0.1341410393868232	0	1.151869144064191e-07	0	0	0	0	0	0	0	0	0	0	0	0	0	0	0	0	0	0	0	0
7.359999999999999	-1.684752394237621	1.643064695528851	2.268422616473991	0	0.9399999999999999	0	0	0	0	0	0	0	0	0	-0.52359878	-0.4282698885862533	0.1036714519586467	0	-6.843287676162862e-07	0	0	0	0	0	0	0	0	0	0	0	0	0	0	0	0	0	0	0	0
7.38	-1.687591334350433	1.633500844531205	2.265544418084061	0	0.9399999999999999	0	0	0	0	0	0	0	0	0	-0.52359878	-0.4173525640686238	0.09822258644933117	0	6.640959128800425e-06	0	0	0	0	0	0	0	0	0	0	0	0	0	0	0	0	0	0	0	0
7.399999999999999	-1.555900218246636	1.636758938554791	2.123142424095551	0	0.9399999999999999	0	0	0	0	0	0	0	0	0	-0.52359878	-0.401993975871359	0.06737529656740285	0	-4.297160739066129e-07	0	0	0	0	0	0	0	0	0	0	0	0	0	0	0	0	0	0	0	0
7.42	-1.558444252830822	1.627184156100802	2.120981688157881	0	0.9399999999999999	0	0	0	0	0	0	0	0	0	-0.52359878	-0.3943806468355046	0.0709595205423488	0	-2.338047814324909e-07	0	0	0	0	0	0	0	0	0	0	0	0	0	0	0	0	0	0	0	0
7.44	-1.460825393048043	1.640407070491143	2.011951580718911	0	0.9399999999999999	0	0	0	0	0	0	0	0	0	-0.52359878	-0.3879901891716572	0.04845151076369576	0	-2.947106447132753e-07	0	0	0	0	0	0	0	0	0	0	0	0	0	0	0	0	0	0	0	0
7.46	-1.463403805499976	1.643961537843459	2.008922625627837	0	0.9399999999999999	0	0	0	0	0	0	0	0	0	-0.52359878	-0.3912772228051302	0.03669486932454422	0	-2.564234717887569e-06	0	0	0	0	0	0	0	0	0	0	0	0	0	0	0	0	0	0	0	0
7.48	-1.420451077451202	1.664808631084548	1.95855576114552	0	0.9399999999999999	0	0	0	0	0	0	0	0	0	-0.52359878	-0.389580714750436	0.01598972808099426	0	-1.307502463599083e-07	0	0	0	0	0	0	0	0	0	0	0	0	0	0	0	0	0	0	0	0
7.5	-1.451276465539278	1.705547337782332	1.971772876261821	0	0.9399999999999999	0	0	0	0	0	0	0	0	0	-0.52359878	-0.4032062494543519	-0.02117350084642913	0	1.075698325313754e-07	0	0	0	0	0	0	0	0	0	0	0	0	0	0	0	0	0	0	0	0
7.52	-1.469950864069752	1.727363122392989	1.98364080608923	0	0.9399999999999999	0	0	0	0	0	0	0	0	0	-0.52359878	-0.4107312659616724	-0.0307247357771524	0	3.776341887684799e-07	0	0	0	0	0	0	0	0	0	0	0	0	0	0	0	0	0	0	0	0
7.54	-1.482285884788763	1.747861840658683	1.990997287990336	0	0.9399999999999999	0	0	0	0	0	0	0	0	0	-0.52359878	-0.4179100981776415	-0.03013545841449208	0	1.106825774363204e-07	0	0	0	0	0	0	0	0	0	0	0	0	0	0	0	0	0	0	0	0
7.56	-1.482285884788763	1.747861840658683	1.990997287990336	0	0.9399999999999999	0	0	0	0	0	0	0	0	0	-0.52359878	-0.4179100981776415	-0.03013545841449208	0	1.106825774363204e-07	0	0	0	0	0	0	0	0	0	0	0	0	0	0	0	0	0	0	0	0
7.58	-1.494841833962586	1.771003837554308	2.001044423555565	0	0.9399999999999999	0	0	0	0	0	0	0	0	0	-0.5067221243863488	-0.4294911931550739	0.003008550171036828	0	4.40298180712436e-08	0	0	0	0	0	0	0	0	0	0	0	0	0	0	0	0	0	0	0	0
7.6	-1.499926308216732	1.774665542547859	2.006916761369895	0	0.9399999999999999	0	0	0	0	0	0	0	0	0	-0.509811148591067	-0.4320751003330833	0.002539549295834095	0	5.000842881097901e-09	0	0	0	0	0	0	0	0	0	0	0	0	0	0	0	0	0	0	0	0
7.62	-1.500119198790887	1.77695016042645	2.007465654613199	0	0.9399999999999999	0	0	0	0	0	0	0	0	0	-0.4765310238977883	-0.4408118582165106	0.05414226636435273	0	-6.166329304025575e-07	0	0	0	0	0	0	0	0	0	0	0	0	0	0	0	0	0	0	0	0
7.64	-1.500119198790887	1.77695016042645	2.007465654613199	0	0.9399999999999999	0	0	0	0	0	0	0	0	0	-0.4765310238977883	-0.4408118582165106	0.05414226636435273	0	-6.166329304025575e-07	0	0	0	0	0	0	0	0	0	0	0	0	0	0	0	0	0	0	0	0
7.66	-1.477876761958728	1.776980187732917	1.983118956303583	0	0.9399999999999999	0	0	0	0	0	0	0	0	0	-0.4437072160189067	-0.4518747365983519	0.09421579721661079	0	9.221130062564684e-07	0	0	0	0	0	0	0	0	0	0	0	0	0	0	0	0	0	0	0	0
7.68	-1.477876761958728	1.776980187732917	1.983118956303583	0	0.9399999999999999	0	0	0	0	0	0	0	0	0	-0.4437072160189067	-0.4518747365983519	0.09421579721661079	0	9.221130062564684e-07	0	0	0	0	0	0	0	0	0	0	0	0	0	0	0	0	0	0	0	0
7.699999999999999	-1.432630875896529	1.7724832730224	1.932760124066904	0	0.9399999999999999	0	0	0	0	0	0	0	0	0	-0.412969572676352	-0.4466165822699579	0.1274778753772747	0	-1.691801515295205e-06	0	0	0	0	0	0	0	0	0	0	0	0	0	0	0	0	0	0	0	0
7.72	-1.404558198402995	1.768841126605775	1.901136756871763	0	0.9399999999999999	0	0	0	0	0	0	0	0	0	-0.4119840074983183	-0.4390258966581738	0.1261889690382226	0	-9.497993545507253e-07	0	0	0	0	0	0	0	0	0	0	0	0	0	0	0	0	0	0	0	0
7.739999999999999	-1.377760170182948	1.765032368771354	1.870269200461046	0	0.9399999999999999	0	0	0	0	0	0	0	0	0	-0.394177396139854	-0.4333654147657501	0.144159907883706	0	2.139809670549715e-06	0	0	0	0	0	0	0	0	0	0	0	0	0	0	0	0	0	0	0	0
7.76	-1.356636331697359	1.760368628725896	1.844651641277493	0	0.9399999999999999	0	0	0	0	0	0	0	0	0	-0.3902480713343225	-0.4243454773514654	0.1440208704001034	0	3.916799314078482e-07	0	0	0	0	0	0	0	0	0	0	0	0	0	0	0	0	0	0	0	0
7.779999999999999	-1.356636331697359	1.760368628725896	1.844651641277493	0	0.9399999999999999	0	0	0	0	0	0	0	0	0	-0.3902480713343225	-0.4243454773514654	0.1440208704001034	0	3.916799314078482e-07	0	0	0	0	0	0	0	0	0	0	0	0	0	0	0	0	0	0	0	0
7.8	-1.337873157921931	1.748937277725557	1.816030897189805	0	0.9399999999999999	0	0	0	0	0	0	0	0	0	-0.3882960620101565	-0.4109789996256918	0.1370230869145432	0	2.221002595106348e-07	0	0	0	0	0	0	0	0	0	0	0	0	0	0	0	0	0	0	0	0
7.819999999999999	-1.341302412363677	1.744256403694549	1.81399317681002	0	0.9399999999999999	0	0	0	0	0	0	0	0	0	-0.4157659739294227	-0.4045163399754987	0.130495962930901	0	-7.543080633695563e-08	0	0	0	0	0	0	0	0	0	0	0	0	0	0	0	0	0	0	0	0
7.84	-1.341302412363677	1.744256403694549	1.81399317681002	0	0.9399999999999999	0	0	0	0	0	0	0	0	0	-0.4157659739294227	-0.4045163399754987	0.130495962930901	0	-7.543080633695563e-08	0	0	0	0	0	0	0	0	0	0	0	0	0	0	0	0	0	0	0	0
7.859999999999999	-1.360814467365893	1.740499514766765	1.822010020704381	0	0.9399999999999999	0	0	0	0	0	0	0	0	0	-0.4405624213612649	-0.4047148370772474	0.1193401710634716	0	1.035166660123055e-07	0	0	0	0	0	0	0	0	0	0	0	0	0	0	0	0	0	0	0	0
7.88	-1.370440643131348	1.740549869402621	1.825972204977099	0	0.9399999999999999	0	0	0	0	0	0	0	0	0	-0.513113825527868	-0.4090070452660843	0.08753582609539953	0	-9.244534872518506e-08	0	0	0	0	0	0	0	0	0	0	0	0	0	0	0	0	0	0	0	0
7.899999999999999	-1.388330993225676	1.721774738653324	1.845354601055422	0	0.9399999999999999	0	0	0	0	0	0	0	0	0	-0.52359878	-0.4056629625841385	0.08040296365276929	0	1.627415959125606e-07	0	0	0	0	0	0	0	0	0	0	0	0	0	0	0	0	0	0	0	0
7.92	-1.416701273139618	1.696343075510607	1.877639444168348	0	0.9399999999999999	0	0	0	0	0	0	0	0	0	-0.52359878	-0.4026506079551896	0.07532609004302686	0	2.819828696179148e-07	0	0	0	0	0	0	0	0	0	0	0	0	0	0	0	0	0	0	0	0
7.94	-1.430726190287217	1.695837997875557	1.886690637740369	0	0.9399999999999999	0	0	0	0	0	0	0	0	0	-0.52359878	-0.4013976665542963	0.07036471585918476	0	1.888201693234497e-07	0	0	0	0	0	0	0	0	0	0	0	0	0	0	0	0	0	0	0	0
7.96	-1.52996422844019	1.649246539424843	1.995748404630258	0	0.9399999999999999	0	0	0	0	0	0	0	0	0	-0.52359878	-0.3835854134147453	0.05603911059309566	0	-1.16248935047649e-07	0	0	0	0	0	0	0	0	0	0	0	0	0	0	0	0	0	0	0	0
7.98	-1.52996422844019	1.649246539424843	1.995748404630258	0	0.9399999999999999	0	0	0	0	0	0	0	0	0	-0.52359878	-0.3835854134147453	0.05603911059309566	0	-1.16248935047649e-07	0	0	0	0	0	0	0	0	0	0	0	0	0	0	0	0	0	0	0	0
8	-1.669720538432248	1.626467459030406	2.136016239502362	0	0.9399999999999999	0	0	0	0	0	0	0	0	0	-0.52359878	-0.3643709748195594	0.0441376974694618	0	-5.377848180477963e-07	0	0	0	0	0	0	0	0	0	0	0	0	0	0	0	0	0	0	0	0
8.02	-2.024950452091411	1.604119409225852	2.491304500253036	0	0.9399999999999999	0	0	0	0	0	0	0	0	0	-0.52359878	-0.3449478015733927	0.03246514959888833	0	2.185446874663561e-07	0	0	0	0	0	0	0	0	0	0	0	0	0	0	0	0	0	0	0	0
8.039999999999999	-2.025134562292256	1.576434367878979	2.493863663764849	0	0.9399999999999999	0	0	0	0	0	0	0	0	0	-0.52359878	-0.3136861401796378	0.03713662524623453	0	1.466491528459767e-07	0	0	0	0	0	0	0	0	0	0	0	0	0	0	0	0	0	0	0	0
8.06	-0.8670159054919769	1.508433027277582	1.328041643138565	0	0.9399999999999999	0	0	0	0	0	0	0	0	0	-0.52359878	-0.2952132152750057	0.02337474168197569	0	-4.180618372045617e-07	0	0	0	0	0	0	0	0	0	0	0	0	0	0	0	0	0	0	0	0
8.08	-0.8013490654901466	1.515812310821956	1.250014702409693	0	0.9399999999999999	0	0	0	0	0	0	0	0	0	-0.52359878	-0.2777643264687844	0.02938256570509046	0.1044255339993707	0.1044257517340114	0	0	0	0	0	0	0	0	0	0	0	0	0	0	0	0	0	0	0	0
8.1	-0.8013490654901466	1.515812310821956	1.250014702409693	0	0.9399999999999999	0	0	0	0	0	0	0	0	0	-0.52359878	-0.2777643264687844	0.02938256570509046	0.1044255339993707	0.1044257517340114	0	0	0	0	0	0	0	0	0	0	0	0	0	0	0	0	0	0	0	0
8.119999999999999	-0.558672198439795	1.53108425963678	0.9906690128958542	0	0.9399999999999999	0	0	0	0	0	0	0	0	0	-0.52359878	-0.2491817427320773	0.03892778005354122	0.2465673959049327	0.24656726833963	0	0	0	0	0	0	0	0	0	0	0	0	0	0	0	0	0	0	0	0
8.140000000000001	0.5020207198517286	1.542937912726544	-0.09932209544043788	0	0.9399999999999999	0	0	0	0	0	0	0	0	0	-0.52359878	-0.1984079488658418	0.01391627553473767	0.4834145120657412	0.4834147297588816	0	0	0	0	0	0	0	0	0	0	0	0	0	0	0	0	0	0	0	0
8.16	0.497938191234409	1.54562364664648	-0.1029358702184131	0	0.9399999999999999	0	0	0	0	0	0	0	0	0	-0.52359878	-0.1918505857813779	0.008543801158428397	0.4840070779073194	0.4840152187896447	0	0	0	0	0	0	0	0	0	0	0	0	0	0	0	0	0	0	0	0
8.18	1.120066939041122	1.539888331635252	-0.735495081421589	0	0.9399999999999999	0	0	0	0	0	0	0	0	0	-0.52359878	-0.1997595258497232	-0.06216007654285579	0.6290556993529707	0.6290560035775898	0	0	0	0	0	0	0	0	0	0	0	0	0	0	0	0	0	0	0	0
8.199999999999999	1.120066939041122	1.539888331635252	-0.735495081421589	0	0.9399999999999999	0	0	0	0	0	0	0	0	0	-0.52359878	-0.1997595258497232	-0.06216007654285579	0.6290556993529707	0.6290560035775898	0	0	0	0	0	0	0	0	0	0	0	0	0	0	0	0	0	0	0	0
8.219999999999999	1.115827500906892	1.544454758535659	-0.7404322125173891	0	0.9399999999999999	0	0	0	0	0	0	0	0	0	-0.52359878	-0.2018952451587944	-0.1018212551222604	0.6579669442403079	0.6579670545714593	0	0	0	0	0	0	0	0	0	0	0	0	0	0	0	0	0	0	0	0
8.24	1.109990496693128	1.557361511773432	-0.7459291267145488	0	0.9399999999999999	0	0	0	0	0	0	0	0	0	-0.52359878	-0.1883906316674141	-0.1305273183039107	0.6655294700199087	0.6655264370956405	0	0	0	0	0	0	0	0	0	0	0	0	0	0	0	0	0	0	0	0
8.26	1.850567992057834	1.59508131912456	-1.519059494220318	0	0.9399999999999999	0	0	0	0	0	0	0	0	0	-0.52359878	-0.1222003672657114	-0.1579613509348832	0.6061536019601743	0.6061531092425021	0	0	0	0	0	0	0	0	0	0	0	0	0	0	0	0	0	0	0	0
8.279999999999999	1.691286653159857	1.612464343670065	-1.376656341630062	0	0.9399999999999999	0	0	0	0	0	0	0	0	0	-0.52359878	-0.08644744584968277	-0.1459125625608679	0.5513824734600837	0.5513824540495963	0	0	0	0	0	0	0	0	0	0	0	0	0	0	0	0	0	0	0	0
8.299999999999999	1.683558820984001	1.629818474590363	-1.384411831212987	0	0.9399999999999999	0	0	0	0	0	0	0	0	0	-0.52359878	-0.06543891100062314	-0.1290524430841602	0.4829332878793068	0.482930235420634	0	0	0	0	0	0	0	0	0	0	0	0	0	0	0	0	0	0	0	0
8.32	1.683553238312189	1.629818579734105	-1.384408100208538	0	0.9399999999999999	0	0	0	0	0	0	0	0	0	-0.52359878	-0.06543695478120057	-0.1290537448935178	0.4829331606887204	0.4829301384790226	0	0	0	0	0	0	0	0	0	0	0	0	0	0	0	0	0	0	0	0
8.34	1.783554259639065	1.667147969593332	-1.50800703825207	0	0.9399999999999999	0	0	0	0	0	0	0	0	0	-0.52359878	-0.05132910597210636	-0.09559800835001513	0.3007861327146541	0.3007861402069018	0	0	0	0	0	0	0	0	0	0	0	0	0	0	0	0	0	0	0	0
8.359999999999999	1.853834828175422	1.686775576383451	-1.582703604379997	0	0.9399999999999999	0	0	0	0	0	0	0	0	0	-0.52359878	-0.05450839795287949	-0.07538486564501742	0.1891831686558798	0.1891833890116513	0	0	0	0	0	0	0	0	0	0	0	0	0	0	0	0	0	0	0	0
8.379999999999999	1.910237866554727	1.705650132317786	-1.639224741426709	0	0.9399999999999999	0	0	0	0	0	0	0	0	0	-0.52359878	-0.06293505152634979	-0.05132353394595845	0.06915541784211313	0.06915515532718623	0	0	0	0	0	0	0	0	0	0	0	0	0	0	0	0	0	0	0	0
8.4	1.910237866554727	1.705650132317786	-1.639224741426709	0	0.9399999999999999	0	0	0	0	0	0	0	0	0	-0.52359878	-0.06293505152634979	-0.05132353394595845	0.06915541784211313	0.06915515532718623	0	0	0	0	0	0	0	0	0	0	0	0	0	0	0	0	0	0	0	0
8.42	1.961378372507071	1.705349499175877	-1.686904391976824	0	0.9399999999999999	0	0	0	0	0	0	0	0	0	-0.52359878	-0.07808309742259799	-0.03162113454454489	0	1.832946524295352e-07	0	0	0	0	0	0	0	0	0	0	0	0	0	0	0	0	0	0	0	0
8.44	2.157321838212999	1.654892075587465	-1.870827301653785	0	0.9399999999999999	0	0	0	0	0	0	0	0	0	-0.52359878	-0.1188907639156178	-0.00976453806149701	0	2.766135059760003e-07	0	0	0	0	0	0	0	0	0	0	0	0	0	0	0	0	0	0	0	0
8.459999999999999	2.334240745085241	1.630687307707447	-2.040113984971735	0	0.9399999999999999	0	0	0	0	0	0	0	0	0	-0.52359878	-0.1401425280116605	0.005218592273089758	0	1.055352432093156e-07	0	0	0	0	0	0	0	0	0	0	0	0	0	0	0	0	0	0	0	0
8.48	2.672355703660493	1.610903418751481	-2.370653837317385	0	0.9399999999999999	0	0	0	0	0	0	0	0	0	-0.52359878	-0.1617841328183383	0.01970848417671009	0	-4.131964526687624e-06	0	0	0	0	0	0	0	0	0	0	0	0	0	0	0	0	0	0	0	0
8.5	3.340297265259868	1.601429797907234	-3.032504012869429	0	0.9399999999999999	0	0	0	0	0	0	0	0	0	-0.52359878	-0.1832431592027038	0.0314500172545916	0	3.924610962312059e-09	0	0	0	0	0	0	0	0	0	0	0	0	0	0	0	0	0	0	0	0
8.52	3.340297265259868	1.601429797907234	-3.032504012869429	0	0.9399999999999999	0	0	0	0	0	0	0	0	0	-0.52359878	-0.1832431592027038	0.0314500172545916	0	3.924610962312059e-09	0	0	0	0	0	0	0	0	0	0	0	0	0	0	0	0	0	0	0	0
8.539999999999999	4.048515032281474	1.609307713422303	-3.736991844544341	0	0.9399999999999999	0	0	0	0	0	0	0	0	0	-0.52359878	-0.2015868294148027	0.03988064763076912	0	-8.747817228122166e-07	0	0	0	0	0	0	0	0	0	0	0	0	0	0	0	0	0	0	0	0
8.56	4.405785428477764	1.627199681203928	-4.093095740352624	0	0.9399999999999999	0	0	0	0	0	0	0	0	0	-0.52359878	-0.2162152640813764	0.04505529011363355	0	-5.441465786533109e-07	0	0	0	0	0	0	0	0	0	0	0	0	0	0	0	0	0	0	0	0
8.58	4.582295984858738	1.647685270681059	-4.269998955721293	0	0.9399999999999999	0	0	0	0	0	0	0	0	0	-0.52359878	-0.2301566029800399	0.04841331561212404	0	2.009751485962156e-07	0	0	0	0	0	0	0	0	0	0	0	0	0	0	0	0	0	0	0	0
8.6	4.692477358620773	1.668893542960688	-4.381767782361576	0	0.9399999999999999	0	0	0	0	0	0	0	0	0	-0.52359878	-0.2423483944178295	0.0491458657828894	0	-2.309211444154574e-07	0	0	0	0	0	0	0	0	0	0	0	0	0	0	0	0	0	0	0	0
8.619999999999999	4.770272693365377	1.689667369488739	-4.46277259577842	0	0.9399999999999999	0	0	0	0	0	0	0	0	0	-0.52359878	-0.250735682007708	0.04391263492339333	0	3.236420490268462e-07	0	0	0	0	0	0	0	0	0	0	0	0	0	0	0	0	0	0	0	0
8.640000000000001	4.825106889336004	1.709092987682335	-4.522293476652337	0	0.9399999999999999	0	0	0	0	0	0	0	0	0	-0.52359878	-0.2557277750023503	0.03301478878327285	0	7.250545703616147e-07	0	0	0	0	0	0	0	0	0	0	0	0	0	0	0	0	0	0	0	0
8.66	4.881369473562177	1.739978694534102	-4.589940921315889	0	0.9399999999999999	0	0	0	0	0	0	0	0	0	-0.52359878	-0.2568099375167713	0.003325355623011912	0	1.274342451922359e-07	0	0	0	0	0	0	0	0	0	0	0	0	0	0	0	0	0	0	0	0
8.68	4.896097735516526	1.737732319869132	-4.607040946233382	0	0.9399999999999999	0	0	0	0	0	0	0	0	0	-0.52359878	-0.2531698701119215	0.001969204643193324	0	3.761891713499691e-08	0	0	0	0	0	0	0	0	0	0	0	0	0	0	0	0	0	0	0	0
8.699999999999999	4.896576070543548	1.739502785725792	-4.610795863325809	0	0.9399999999999999	0	0	0	0	0	0	0	0	0	-0.496190696463938	-0.2619896183239996	-0.01499561087281674	0	-9.899895883526275e-06	0	0	0	0	0	0	0	0	0	0	0	0	0	0	0	0	0	0	0	0
8.720000000000001	4.896595494484668	1.739505660380115	-4.610816702647385	0	0.9399999999999999	0	0	0	0	0	0	0	0	0	-0.4961966229128971	-0.2619828667621558	-0.01500057662622916	0	-9.713780852645634e-06	0	0	0	0	0	0	0	0	0	0	0	0	0	0	0	0	0	0	0	0
8.74	4.897126790357443	1.716738954906679	-4.611883127864784	0	0.9399999999999999	0	0	0	0	0	0	0	0	0	-0.4457704768199259	-0.271470697219058	-0.0008675649539576858	0	3.511766604500775e-07	0	0	0	0	0	0	0	0	0	0	0	0	0	0	0	0	0	0	0	0
8.76	4.897146054824588	1.716736828907789	-4.611908316179933	0	0.9399999999999999	0	0	0	0	0	0	0	0	0	-0.4457710938322124	-0.2714664854154468	-0.0008682197349717053	0	2.362851351885764e-06	0	0	0	0	0	0	0	0	0	0	0	0	0	0	0	0	0	0	0	0
8.779999999999999	4.864862433315692	1.687483271601905	-4.579685318801562	0	0.9399999999999999	0	0	0	0	0	0	0	0	0	-0.4103308238397652	-0.283938689978523	0.02139980428861052	0	1.387656648701926e-07	0	0	0	0	0	0	0	0	0	0	0	0	0	0	0	0	0	0	0	0
8.799999999999999	4.830054016979536	1.674977659556497	-4.544627848114487	0	0.9399999999999999	0	0	0	0	0	0	0	0	0	-0.3965875467244855	-0.2903020244261502	0.02335532240833515	0	5.990563095512115e-07	0	0	0	0	0	0	0	0	0	0	0	0	0	0	0	0	0	0	0	0
8.82	4.830054016979536	1.674977659556497	-4.544627848114487	0	0.9399999999999999	0	0	0	0	0	0	0	0	0	-0.3965875467244855	-0.2903020244261502	0.02335532240833515	0	5.990563095512115e-07	0	0	0	0	0	0	0	0	0	0	0	0	0	0	0	0	0	0	0	0
8.84	4.731158195723759	1.656329028497855	-4.444697099061038	0	0.9399999999999999	0	0	0	0	0	0	0	0	0	-0.3437239868595414	-0.2896915625358421	0.02528059674481287	0	-4.998497428811854e-08	0	0	0	0	0	0	0	0	0	0	0	0	0	0	0	0	0	0	0	0
8.859999999999999	4.658039150428612	1.646641120804614	-4.370911043679595	0	0.9399999999999999	0	0	0	0	0	0	0	0	0	-0.3574029296881542	-0.2546836005650958	-0.01100232529202191	0	-9.237008813118177e-08	0	0	0	0	0	0	0	0	0	0	0	0	0	0	0	0	0	0	0	0
8.879999999999999	4.552489201795624	1.636223307807894	-4.265041764205713	0	0.9399999999999999	0	0	0	0	0	0	0	0	0	-0.3549742271637496	-0.2268249164864803	-0.02863618717017086	0	-4.945362030558585e-07	0	0	0	0	0	0	0	0	0	0	0	0	0	0	0	0	0	0	0	0
8.9	4.552497473285561	1.636240675306367	-4.265033565406068	0	0.9399999999999999	0	0	0	0	0	0	0	0	0	-0.3549775771283668	-0.2268330030674243	-0.02862114034136736	0	-8.957058285326983e-07	0	0	0	0	0	0	0	0	0	0	0	0	0	0	0	0	0	0	0	0
8.92	4.263230739841954	1.621354199359226	-3.976646342314583	0	0.9399999999999999	0	0	0	0	0	0	0	0	0	-0.3695697072770521	-0.1923670008368643	-0.06807103886423449	0	-2.105071138999867e-08	0	0	0	0	0	0	0	0	0	0	0	0	0	0	0	0	0	0	0	0
8.94	4.126094135995591	1.619452825457788	-3.840245310881206	0	0.9399999999999999	0	0	0	0	0	0	0	0	0	-0.3753839228792408	-0.1875773387608995	-0.09581610309938332	0	-2.169539470905619e-07	0	0	0	0	0	0	0	0	0	0	0	0	0	0	0	0	0	0	0	0
8.959999999999999	4.009773423462399	1.621307095607062	-3.725034903012309	0	0.9399999999999999	0	0	0	0	0	0	0	0	0	-0.371408656546388	-0.1856507640628231	-0.1175957529941452	0	6.853761935351475e-08	0	0	0	0	0	0	0	0	0	0	0	0	0	0	0	0	0	0	0	0
8.98	4.008692968653708	1.625273880962719	-3.725395386410614	0	0.9399999999999999	0	0	0	0	0	0	0	0	0	-0.3666031905953856	-0.177053245420783	-0.1261652659781538	0	8.754747099262634e-06	0	0	0	0	0	0	0	0	0	0	0	0	0	0	0	0	0	0	0	0
9	3.907336307582918	1.628277824492004	-3.625110684326174	0	0.9399999999999999	0	0	0	0	0	0	0	0	0	-0.3550747499267504	-0.1746727751764748	-0.1321380491913435	0	-6.585157569435501e-07	0	0	0	0	0	0	0	0	0	0	0	0	0	0	0	0	0	0	0	0
9.02	3.838688472451266	1.628591205430078	-3.557609636785844	0	0.9399999999999999	0	0	0	0	0	0	0	0	0	-0.3435317714488327	-0.170651187416106	-0.1341577405001284	0	-7.43134950508207e-07	0	0	0	0	0	0	0	0	0	0	0	0	0	0	0	0	0	0	0	0
9.039999999999999	3.730453029656116	1.627022909127193	-3.451624432302416	0	0.9399999999999999	0	0	0	0	0	0	0	0	0	-0.3233472716709701	-0.1650221359241747	-0.1568950344959427	0.003295484598195471	0.003295505343978632	0	0	0	0	0	0	0	0	0	0	0	0	0	0	0	0	0	0	0	0
9.06	3.630765375444732	1.62438600022127	-3.356122655597459	0	0.9399999999999999	0	0	0	0	0	0	0	0	0	-0.2865567579242961	-0.1713411308594989	-0.1525856456331086	0.02903123740328717	0.02903113206632501	0	0	0	0	0	0	0	0	0	0	0	0	0	0	0	0	0	0	0	0
9.08	3.630765375444732	1.62438600022127	-3.356122655597459	0	0.9399999999999999	0	0	0	0	0	0	0	0	0	-0.2865567579242961	-0.1713411308594989	-0.1525856456331086	0.02903123740328717	0.02903113206632501	0	0	0	0	0	0	0	0	0	0	0	0	0	0	0	0	0	0	0	0
9.1	3.62840400522863	1.619989769186961	-3.358406937442713	0	0.9399999999999999	0	0	0	0	0	0	0	0	0	-0.2773365975722316	-0.1682230072819327	-0.1889671272543584	0	1.827523417728921e-06	0	0	0	0	0	0	0	0	0	0	0	0	0	0	0	0	0	0	0	0
9.119999999999999	3.625982351927926	1.613497066568984	-3.361276024156688	0	0.9399999999999999	0	0	0	0	0	0	0	0	0	-0.2513577793684858	-0.162931844354319	-0.2250471371475319	0	-7.005171232303295e-06	0	0	0	0	0	0	0	0	0	0	0	0	0	0	0	0	0	0	0	0
9.140000000000001	3.124206773433149	1.59847677012104	-2.871344960859542	0	0.9399999999999999	0	0	0	0	0	0	0	0	0	-0.1689931560869159	-0.1639050626611802	-0.2803363637937673	0	-3.585351084987969e-08	0	0	0	0	0	0	0	0	0	0	0	0	0	0	0	0	0	0	0	0
9.16	3.124206773433149	1.59847677012104	-2.871344960859542	0	0.9399999999999999	0	0	0	0	0	0	0	0	0	-0.1689931560869159	-0.1639050626611802	-0.2803363637937673	0	-3.585351084987969e-08	0	0	0	0	0	0	0	0	0	0	0	0	0	0	0	0	0	0	0	0
9.18	2.748015331518855	1.597062854070455	-2.500623990865341	0	0.9399999999999999	0	0	0	0	0	0	0	0	0	-0.1153346179601914	-0.1824220520810804	-0.2954831828438529	0	3.534764625319355e-08	0	0	0	0	0	0	0	0	0	0	0	0	0	0	0	0	0	0	0	0
9.199999999999999	2.400783265827194	1.600510509682546	-2.157967115767829	0	0.9399999999999999	0	0	0	0	0	0	0	0	0	-0.0485638724201022	-0.2070242949734902	-0.2993526489255243	0	-1.294553736818727e-07	0	0	0	0	0	0	0	0	0	0	0	0	0	0	0	0	0	0	0	0
9.220000000000001	1.891567324754426	1.615637894394106	-1.65513861538757	0	0.9399999999999999	0	0	0	0	0	0	0	0	0	0.1194523683026437	-0.238010194689726	-0.2842858432615418	0	7.084128655020998e-07	0	0	0	0	0	0	0	0	0	0	0	0	0	0	0	0	0	0	0	0
9.24	1.718869385472968	1.625029608050605	-1.485245143705304	0	0.9399999999999999	0	0	0	0	0	0	0	0	0	0.1986776141388666	-0.2440955890163276	-0.2581306614662772	0	-3.657965514278631e-07	0	0	0	0	0	0	0	0	0	0	0	0	0	0	0	0	0	0	0	0
9.26	1.580713326344699	1.635818720483393	-1.350868123250347	0	0.9399999999999999	0	0	0	0	0	0	0	0	0	0.2658133925859527	-0.2481466929000036	-0.217455530967421	0	-1.016421399430911e-06	0	0	0	0	0	0	0	0	0	0	0	0	0	0	0	0	0	0	0	0
9.279999999999999	1.580713293842317	1.635818997623275	-1.350868125879011	0	0.9399999999999999	0	0	0	0	0	0	0	0	0	0.2658133638180712	-0.2481471291682015	-0.2174554293480127	0	1.770527010801452e-07	0	0	0	0	0	0	0	0	0	0	0	0	0	0	0	0	0	0	0	0
9.299999999999999	1.371154275399363	1.667344575442686	-1.1547749600671	0	0.9399999999999999	0	0	0	0	0	0	0	0	0	0.3668066814729171	-0.2499123922446269	-0.115312972372655	0	-2.746641413371692e-08	0	0	0	0	0	0	0	0	0	0	0	0	0	0	0	0	0	0	0	0
9.32	1.282088878339475	1.686576513032289	-1.076056578626764	0	0.9399999999999999	0	0	0	0	0	0	0	0	0	0.3919222703606915	-0.2466590218103734	-0.06719981119604715	0	-2.135469265350528e-07	0	0	0	0	0	0	0	0	0	0	0	0	0	0	0	0	0	0	0	0
9.34	1.198002804214215	1.706682454774821	-1.004652490749395	0	0.9399999999999999	0	0	0	0	0	0	0	0	0	0.4092120845883832	-0.2434147932306914	-0.03041054672117077	0	2.141294966884727e-08	0	0	0	0	0	0	0	0	0	0	0	0	0	0	0	0	0	0	0	0
9.359999999999999	1.198002804214215	1.706682454774821	-1.004652490749395	0	0.9399999999999999	0	0	0	0	0	0	0	0	0	0.4092120845883832	-0.2434147932306914	-0.03041054672117077	0	2.141294966884727e-08	0	0	0	0	0	0	0	0	0	0	0	0	0	0	0	0	0	0	0	0
9.379999999999999	1.131904815683702	1.728423761293288	-0.9535713858070842	0	0.9399999999999999	0	0	0	0	0	0	0	0	0	0.426308560683178	-0.2392219390337602	-0.01726883640838939	0	1.994135696273138e-07	0	0	0	0	0	0	0	0	0	0	0	0	0	0	0	0	0	0	0	0
9.4	1.089452935667734	1.751534088678408	-0.9277820786958111	0	0.9399999999999999	0	0	0	0	0	0	0	0	0	0.4430801790995224	-0.2286049755234647	-0.03693328003661158	0	3.556691229805798e-07	0	0	0	0	0	0	0	0	0	0	0	0	0	0	0	0	0	0	0	0
9.42	1.067399333771055	1.774484527285906	-0.923572653559796	0	0.9399999999999999	0	0	0	0	0	0	0	0	0	0.4508920240982201	-0.2142499673189223	-0.07936692044888291	0	-5.550872676827554e-07	0	0	0	0	0	0	0	0	0	0	0	0	0	0	0	0	0	0	0	0
9.44	1.060090986751425	1.796094746382135	-0.9353350577085348	0	0.9399999999999999	0	0	0	0	0	0	0	0	0	0.4606637066994267	-0.1913379038383773	-0.1397858090322023	0	4.045970211347558e-06	0	0	0	0	0	0	0	0	0	0	0	0	0	0	0	0	0	0	0	0
9.459999999999999	1.079084222022548	1.831680216486643	-0.9957881322872491	0	0.9399999999999999	0	0	0	0	0	0	0	0	0	0.517074980365859	-0.1671482901852496	-0.2278638183049638	0	4.470745298393222e-07	0	0	0	0	0	0	0	0	0	0	0	0	0	0	0	0	0	0	0	0
9.48	1.09012275692548	1.845734867023545	-1.026748367940925	0	0.9399999999999999	0	0	0	0	0	0	0	0	0	0.5361109268538846	-0.1689617934074682	-0.2222643362318187	0	4.818863046454991e-07	0	0	0	0	0	0	0	0	0	0	0	0	0	0	0	0	0	0	0	0
9.5	1.107380604374459	1.857737535470313	-1.064163270007729	0	0.9399999999999999	0	0	0	0	0	0	0	0	0	0.5398638941385216	-0.1689524844370461	-0.2206101856319089	0	4.032575739571643e-08	0	0	0	0	0	0	0	0	0	0	0	0	0	0	0	0	0	0	0	0
9.52	1.133701648709663	1.86647190677648	-1.111156615261548	0	0.9399999999999999	0	0	0	0	0	0	0	0	0	0.5436960064637552	-0.1677018290393543	-0.2304727185822747	0	4.550161009689172e-08	0	0	0	0	0	0	0	0	0	0	0	0	0	0	0	0	0	0	0	0
9.539999999999999	1.161471201581166	1.874385772559412	-1.158494670155943	0	0.9399999999999999	0	0	0	0	0	0	0	0	0	0.5483228475911196	-0.1632874740530227	-0.2272704163872608	0	2.973016935362754e-08	0	0	0	0	0	0	0	0	0	0	0	0	0	0	0	0	0	0	0	0
9.56	1.161471201581166	1.874385772559412	-1.158494670155943	0	0.9399999999999999	0	0	0	0	0	0	0	0	0	0.5483228475911196	-0.1632874740530227	-0.2272704163872608	0	2.973016935362754e-08	0	0	0	0	0	0	0	0	0	0	0	0	0	0	0	0	0	0	0	0
9.58	1.188166818678408	1.881483934894097	-1.20346439614194	0	0.9399999999999999	0	0	0	0	0	0	0	0	0	0.5476605319302932	-0.1610128262074319	-0.2129192484902081	0	5.478980831156888e-07	0	0	0	0	0	0	0	0	0	0	0	0	0	0	0	0	0	0	0	0
9.6	1.242047108505249	1.88896910419146	-1.290429134848422	0	0.9399999999999999	0	0	0	0	0	0	0	0	0	0.5451635669148093	-0.1763244295700886	-0.2081779843396531	0	-9.849058586488518e-07	0	0	0	0	0	0	0	0	0	0	0	0	0	0	0	0	0	0	0	0
9.619999999999999	1.268513181116554	1.892034279694548	-1.33266839248261	0	0.9399999999999999	0	0	0	0	0	0	0	0	0	0.5332547890657278	-0.157451559164254	-0.175808218363448	0	-3.481695699709805e-07	0	0	0	0	0	0	0	0	0	0	0	0	0	0	0	0	0	0	0	0
9.640000000000001	1.268513181116554	1.892034279694548	-1.33266839248261	0	0.9399999999999999	0	0	0	0	0	0	0	0	0	0.5332547890657278	-0.157451559164254	-0.175808218363448	0	-3.481695699709805e-07	0	0	0	0	0	0	0	0	0	0	0	0	0	0	0	0	0	0	0	0
9.66	1.305465087406229	1.903025827844204	-1.400880205645422	0	0.9399999999999999	0	0	0	0	0	0	0	0	0	0.5401007268758082	-0.1430212184359674	-0.1735948344438559	0	5.213776551592351e-08	0	0	0	0	0	0	0	0	0	0	0	0	0	0	0	0	0	0	0	0
9.68	1.308930355576775	1.908224148085962	-1.419056368857049	0	0.9399999999999999	0	0	0	0	0	0	0	0	0	0.5414672467186791	-0.1363995914571024	-0.1726531776007739	0	-1.246650848407171e-07	0	0	0	0	0	0	0	0	0	0	0	0	0	0	0	0	0	0	0	0
9.699999999999999	1.308930355576775	1.908224148085962	-1.419056368857049	0	0.9399999999999999	0	0	0	0	0	0	0	0	0	0.5414672467186791	-0.1363995914571024	-0.1726531776007739	0	-1.246650848407171e-07	0	0	0	0	0	0	0	0	0	0	0	0	0	0	0	0	0	0	0	0
9.720000000000001	1.300876306775859	1.910964636529795	-1.424278960834587	0	0.9399999999999999	0	0	0	0	0	0	0	0	0	0.53782935971487	-0.1299512740466832	-0.1698350351387419	0	-1.040392645874507e-07	0	0	0	0	0	0	0	0	0	0	0	0	0	0	0	0	0	0	0	0
9.74	1.283480870725704	1.911850012062859	-1.418712946928268	0	0.9399999999999999	0	0	0	0	0	0	0	0	0	0.5294956423256294	-0.1222663418434411	-0.165105441948826	0	2.246400596664081e-07	0	0	0	0	0	0	0	0	0	0	0	0	0	0	0	0	0	0	0	0
9.76	1.260263263169721	1.912138580077662	-1.406196287077712	0	0.9399999999999999	0	0	0	0	0	0	0	0	0	0.517639771816555	-0.1132776930458236	-0.1616754413458893	0	-1.535124417780379e-07	0	0	0	0	0	0	0	0	0	0	0	0	0	0	0	0	0	0	0	0
9.779999999999999	1.206190747902345	1.912511838332194	-1.370380528090279	0	0.9399999999999999	0	0	0	0	0	0	0	0	0	0.4895458425519759	-0.09253631024162128	-0.1711939632178354	0	3.560790346122806e-07	0	0	0	0	0	0	0	0	0	0	0	0	0	0	0	0	0	0	0	0
9.799999999999999	1.177312566453806	1.911866938838801	-1.349501757503034	0	0.9399999999999999	0	0	0	0	0	0	0	0	0	0.4827719073360288	-0.08496793608975806	-0.1818024904411544	0	2.015455198436755e-07	0	0	0	0	0	0	0	0	0	0	0	0	0	0	0	0	0	0	0	0
9.82	1.154443500426308	1.909941630873703	-1.33459434827726	0	0.9399999999999999	0	0	0	0	0	0	0	0	0	0.4728323835481131	-0.07489174618532393	-0.1940578954358749	0	6.60857925066288e-08	0	0	0	0	0	0	0	0	0	0	0	0	0	0	0	0	0	0	0	0
9.84	1.137080106785411	1.907953292062441	-1.325271343583028	0	0.9399999999999999	0	0	0	0	0	0	0	0	0	0.4700331771690351	-0.06270941996639094	-0.2120487493705267	0	7.403878797386038e-07	0	0	0	0	0	0	0	0	0	0	0	0	0	0	0	0	0	0	0	0
9.859999999999999	1.137080106785411	1.907953292062441	-1.325271343583028	0	0.9399999999999999	0	0	0	0	0	0	0	0	0	0.4700331771690351	-0.06270941996639094	-0.2120487493705267	0	7.403878797386038e-07	0	0	0	0	0	0	0	0	0	0	0	0	0	0	0	0	0	0	0	0
9.879999999999999	1.1222910492469	1.906987027104046	-1.318389877916727	0	0.9399999999999999	0	0	0	0	0	0	0	0	0	0.4713470692298148	-0.05534164521769575	-0.2213868947109118	0	-1.852985987326709e-06	0	0	0	0	0	0	0	0	0	0	0	0	0	0	0	0	0	0	0	0
9.9	1.092902121677873	1.908359189223438	-1.303610496033815	0	0.9399999999999999	0	0	0	0	0	0	0	0	0	0.4749911104782969	-0.03898537017409372	-0.2282375373480736	0	2.913669158783565e-08	0	0	0	0	0	0	0	0	0	0	0	0	0	0	0	0	0	0	0	0
9.92	1.092902121677873	1.908359189223438	-1.303610496033815	0	0.9399999999999999	0	0	0	0	0	0	0	0	0	0.4749911104782969	-0.03898537017409372	-0.2282375373480736	0	2.913669158783565e-08	0	0	0	0	0	0	0	0	0	0	0	0	0	0	0	0	0	0	0	0
9.94	1.0693079438726	1.910010155730839	-1.291218472916999	0	0.9399999999999999	0	0	0	0	0	0	0	0	0	0.476973848955192	-0.02866424788888767	-0.2238716342673281	0	-8.622810279365462e-08	0	0	0	0	0	0	0	0	0	0	0	0	0	0	0	0	0	0	0	0
9.959999999999999	1.059393731761722	1.91110751445559	-1.284852063612371	0	0.9399999999999999	0	0	0	0	0	0	0	0	0	0.4697025515725136	-0.01905813989909396	-0.2127416041084113	0	-1.142024962119584e-06	0	0	0	0	0	0	0	0	0	0	0	0	0	0	0	0	0	0	0	0
9.98	1.059393508260555	1.91110683568882	-1.284852055784076	0	0.9399999999999999	0	0	0	0	0	0	0	0	0	0.4697027579903422	-0.01905866616889421	-0.2127414544338208	0	3.723342503424255e-07	0	0	0	0	0	0	0	0	0	0	0	0	0	0	0	0	0	0	0	0
10	1.051378584009473	1.912468281405525	-1.279155159652573	0	0.9399999999999999	0	0	0	0	0	0	0	0	0	0.4655687172817286	-0.01305708810639557	-0.2054237069913702	0	2.724993558587989e-07	0	0	0	0	0	0	0	0	0	0	0	0	0	0	0	0	0	0	0	0
10.02	1.039269418505588	1.915263098133947	-1.26953890176755	0	0.9399999999999999	0	0	0	0	0	0	0	0	0	0.4606560633356735	-0.004799509361674968	-0.19696437935591	0	-2.289455947889776e-07	0	0	0	0	0	0	0	0	0	0	0	0	0	0	0	0	0	0	0	0
10.04	1.030448776404203	1.916532132909392	-1.260861666688861	0	0.9399999999999999	0	0	0	0	0	0	0	0	0	0.4508699352416651	0.005221008897628921	-0.1925585112674919	0	2.448804458897618e-07	0	0	0	0	0	0	0	0	0	0	0	0	0	0	0	0	0	0	0	0
10.06	1.030448776404203	1.916532132909392	-1.260861666688861	0	0.9399999999999999	0	0	0	0	0	0	0	0	0	0.4508699352416651	0.005221008897628921	-0.1925585112674919	0	2.448804458897618e-07	0	0	0	0	0	0	0	0	0	0	0	0	0	0	0	0	0	0	0	0
10.08	1.009873335391167	1.916889637492343	-1.239122670923976	0	0.9399999999999999	0	0	0	0	0	0	0	0	0	0.4409329276843902	0.0210697575588571	-0.189808314683524	0	-1.263145142696437e-07	0	0	0	0	0	0	0	0	0	0	0	0	0	0	0	0	0	0	0	0
10.1	1.000076475436109	1.915892251102076	-1.228133595533456	0	0.9399999999999999	0	0	0	0	0	0	0	0	0	0.4354961226795168	0.02894049922276	-0.1888513774862877	0	-2.008108708111462e-08	0	0	0	0	0	0	0	0	0	0	0	0	0	0	0	0	0	0	0	0
10.12	0.9897955727682707	1.914057849853039	-1.216052604690057	0	0.9399999999999999	0	0	0	0	0	0	0	0	0	0.4300526816959644	0.03695790241806222	-0.1872214416329455	0	-1.518723784766035e-06	0	0	0	0	0	0	0	0	0	0	0	0	0	0	0	0	0	0	0	0
10.14	0.989793918033582	1.914058587761328	-1.216053608713594	0	0.9399999999999999	0	0	0	0	0	0	0	0	0	0.4300524757418049	0.03695687495195087	-0.1872207942583681	0	9.901528180431661e-07	0	0	0	0	0	0	0	0	0	0	0	0	0	0	0	0	0	0	0	0
10.16	0.979716158262815	1.911287815612547	-1.203574124812921	0	0.9399999999999999	0	0	0	0	0	0	0	0	0	0.4245684426719057	0.04437021574737014	-0.1849398132135348	0	6.707440906554134e-07	0	0	0	0	0	0	0	0	0	0	0	0	0	0	0	0	0	0	0	0
10.18	0.9644421297935949	1.903185035503032	-1.181829790478096	0	0.9399999999999999	0	0	0	0	0	0	0	0	0	0.4115660215350805	0.05535865911225667	-0.1764927689337627	0	-1.490810152545605e-07	0	0	0	0	0	0	0	0	0	0	0	0	0	0	0	0	0	0	0	0
10.2	0.960145962716782	1.899352293608246	-1.173217936993457	0	0.9399999999999999	0	0	0	0	0	0	0	0	0	0.4047605789100605	0.06015062096881581	-0.1701168955626221	0	6.723715340172513e-08	0	0	0	0	0	0	0	0	0	0	0	0	0	0	0	0	0	0	0	0
10.22	0.9582982872171597	1.895843177474238	-1.166376843127586	0	0.9399999999999999	0	0	0	0	0	0	0	0	0	0.3978429267673355	0.06419646708823636	-0.1628975018131376	0	-1.282890877868348e-07	0	0	0	0	0	0	0	0	0	0	0	0	0	0	0	0	0	0	0	0
10.24	0.9577311409874102	1.892481513181014	-1.160150539735987	0	0.9399999999999999	0	0	0	0	0	0	0	0	0	0.3915552940966623	0.06779121474945454	-0.1554186170455012	0	5.324202984033638e-08	0	0	0	0	0	0	0	0	0	0	0	0	0	0	0	0	0	0	0	0
10.26	0.9577311409874102	1.892481513181014	-1.160150539735987	0	0.9399999999999999	0	0	0	0	0	0	0	0	0	0.3915552940966623	0.06779121474945454	-0.1554186170455012	0	5.324202984033638e-08	0	0	0	0	0	0	0	0	0	0	0	0	0	0	0	0	0	0	0	0
10.28	0.956029237443812	1.885370036675808	-1.145178823753985	0	0.9399999999999999	0	0	0	0	0	0	0	0	0	0.3803777352521369	0.07393214204178906	-0.1394062982480137	0	1.568319620350566e-06	0	0	0	0	0	0	0	0	0	0	0	0	0	0	0	0	0	0	0	0
10.3	0.9554438364644996	1.881258213172157	-1.137049640599702	0	0.9399999999999999	0	0	0	0	0	0	0	0	0	0.3744899402738887	0.07635119227882796	-0.130827939975722	0	-4.535474819721578e-08	0	0	0	0	0	0	0	0	0	0	0	0	0	0	0	0	0	0	0	0
10.32	0.9551408505269374	1.877310350213778	-1.128481833157799	0	0.9399999999999999	0	0	0	0	0	0	0	0	0	0.3689315124985547	0.07907952067291055	-0.1222950326815714	0	-5.731302177586013e-08	0	0	0	0	0	0	0	0	0	0	0	0	0	0	0	0	0	0	0	0
10.34	0.9551408505269374	1.877310350213778	-1.128481833157799	0	0.9399999999999999	0	0	0	0	0	0	0	0	0	0.3689315124985547	0.07907952067291055	-0.1222950326815714	0	-5.731302177586013e-08	0	0	0	0	0	0	0	0	0	0	0	0	0	0	0	0	0	0	0	0
10.36	0.9487712748752932	1.870155361824691	-1.103174886422486	0	0.9399999999999999	0	0	0	0	0	0	0	0	0	0.3594646498409247	0.08604987015582054	-0.107175579944343	0	3.286855629685037e-07	0	0	0	0	0	0	0	0	0	0	0	0	0	0	0	0	0	0	0	0
10.38	0.9431116177647031	1.866282567304875	-1.0871924871711	0	0.9399999999999999	0	0	0	0	0	0	0	0	0	0.3559484363177813	0.0901371219348831	-0.1007683350355609	0	-8.626882258513873e-08	0	0	0	0	0	0	0	0	0	0	0	0	0	0	0	0	0	0	0	0
10.4	0.936404812753862	1.862093074078896	-1.069792166084358	0	0.9399999999999999	0	0	0	0	0	0	0	0	0	0.3528019251069784	0.09439078169074046	-0.09446870781348268	0	1.886829440882271e-07	0	0	0	0	0	0	0	0	0	0	0	0	0	0	0	0	0	0	0	0
10.42	0.9286898144189476	1.85743757472625	-1.050945179787448	0	0.9399999999999999	0	0	0	0	0	0	0	0	0	0.3491181446924601	0.09923974606626389	-0.08824210106113078	0	1.055861037502223e-06	0	0	0	0	0	0	0	0	0	0	0	0	0	0	0	0	0	0	0	0
10.44	0.9212937044096344	1.852414948485724	-1.031880422989201	0	0.9399999999999999	0	0	0	0	0	0	0	0	0	0.3450386070393912	0.1044090632863613	-0.08191203128433504	0	1.450115999587012e-07	0	0	0	0	0	0	0	0	0	0	0	0	0	0	0	0	0	0	0	0
10.46	0.9212937044096344	1.852414948485724	-1.031880422989201	0	0.9399999999999999	0	0	0	0	0	0	0	0	0	0.3450386070393912	0.1044090632863613	-0.08191203128433504	0	1.450115999587012e-07	0	0	0	0	0	0	0	0	0	0	0	0	0	0	0	0	0	0	0	0
10.48	0.9180436948442356	1.846583209800382	-1.016269066379287	0	0.9399999999999999	0	0	0	0	0	0	0	0	0	0.3409329706370557	0.1087445898937958	-0.07508493006290934	0	-4.38125518388968e-07	0	0	0	0	0	0	0	0	0	0	0	0	0	0	0	0	0	0	0	0
10.5	0.9174342927219252	1.836073977764625	-0.9883105327279296	0	0.9399999999999999	0	0	0	0	0	0	0	0	0	0.336483116996869	0.1173726805605294	-0.06084684665451223	0	4.840636112610111e-08	0	0	0	0	0	0	0	0	0	0	0	0	0	0	0	0	0	0	0	0
10.52	0.9174342927219252	1.836073977764625	-0.9883105327279296	0	0.9399999999999999	0	0	0	0	0	0	0	0	0	0.336483116996869	0.1173726805605294	-0.06084684665451223	0	4.840636112610111e-08	0	0	0	0	0	0	0	0	0	0	0	0	0	0	0	0	0	0	0	0
10.54	0.9184201800186005	1.827221595369007	-0.9611946704945176	0	0.9399999999999999	0	0	0	0	0	0	0	0	0	0.3633168854814696	0.1162913492119994	-0.06046187595654658	0.05782708276550812	0.05782613567523908	0	0	0	0	0	0	0	0	0	0	0	0	0	0	0	0	0	0	0	0
10.56	0.9174343627154634	1.823350111804437	-0.9459088434791088	0	0.9399999999999999	0	0	0	0	0	0	0	0	0	0.3804732009709428	0.1138872905585048	-0.06146083639301131	0.09423739536326117	0.09423735288690854	0	0	0	0	0	0	0	0	0	0	0	0	0	0	0	0	0	0	0	0
10.58	0.9174343627154634	1.823350111804437	-0.9459088434791088	0	0.9399999999999999	0	0	0	0	0	0	0	0	0	0.3804732009709428	0.1138872905585048	-0.06146083639301131	0.09423739536326117	0.09423735288690854	0	0	0	0	0	0	0	0	0	0	0	0	0	0	0	0	0	0	0	0
10.6	0.9178205503066305	1.815939749546232	-0.9177265669250299	0	0.9399999999999999	0	0	0	0	0	0	0	0	0	0.4130251394796733	0.1086405523365076	-0.06269899248531977	0.169827807279742	0.1698276756826191	0	0	0	0	0	0	0	0	0	0	0	0	0	0	0	0	0	0	0	0
10.62	0.9191368818028209	1.812389004330505	-0.9049846260210312	0	0.9399999999999999	0	0	0	0	0	0	0	0	0	0.4248840469245135	0.1065327252900816	-0.06389032571954438	0.1907189945599637	0.1907186704342839	0	0	0	0	0	0	0	0	0	0	0	0	0	0	0	0	0	0	0	0
10.64	0.9189275341337377	1.81234059118423	-0.9048151754354408	0	0.9399999999999999	0	0	0	0	0	0	0	0	0	0.426921011214263	0.106416180979237	-0.06324528910432271	0.2065459823110345	0.2065468975919234	0	0	0	0	0	0	0	0	0	0	0	0	0	0	0	0	0	0	0	0
10.66	0.9234841201964366	1.809107478859837	-0.8953954991116391	0	0.9399999999999999	0	0	0	0	0	0	0	0	0	0.4391166279515382	0.1046638525316501	-0.0626091167926192	0.2407381299199196	0.2407379605790203	0	0	0	0	0	0	0	0	0	0	0	0	0	0	0	0	0	0	0	0
10.68	0.9257698681752333	1.805752488108861	-0.8838475017834782	0	0.9399999999999999	0	0	0	0	0	0	0	0	0	0.4478601512307424	0.1038575380122373	-0.06040858223486547	0.2728274101034655	0.2728276810882553	0	0	0	0	0	0	0	0	0	0	0	0	0	0	0	0	0	0	0	0
10.7	0.93937912735909	1.799108690264399	-0.8697589347901916	0	0.9399999999999999	0	0	0	0	0	0	0	0	0	0.4546057153950906	0.101711954930027	-0.05175059645438071	0.3255040982535417	0.3255063902471652	0	0	0	0	0	0	0	0	0	0	0	0	0	0	0	0	0	0	0	0
10.72	0.9471557724868732	1.795621755449537	-0.8633205155454103	0	0.9399999999999999	0	0	0	0	0	0	0	0	0	0.4498278181225906	0.1011574829855782	-0.04651871061125722	0.337340269941113	0.3373404971756643	0	0	0	0	0	0	0	0	0	0	0	0	0	0	0	0	0	0	0	0
10.74	0.9549872817700219	1.790904031606301	-0.8566977830013498	0	0.9399999999999999	0	0	0	0	0	0	0	0	0	0.4394362568114461	0.1017386937126829	-0.03910316148336799	0.3392643444390078	0.3392643685324145	0	0	0	0	0	0	0	0	0	0	0	0	0	0	0	0	0	0	0	0
10.76	0.9549872817700219	1.790904031606301	-0.8566977830013498	0	0.9399999999999999	0	0	0	0	0	0	0	0	0	0.4394362568114461	0.1017386937126829	-0.03910316148336799	0.3392643444390078	0.3392643685324145	0	0	0	0	0	0	0	0	0	0	0	0	0	0	0	0	0	0	0	0
10.78	0.9631568100268131	1.784587055341339	-0.8502364378787546	0	0.9399999999999999	0	0	0	0	0	0	0	0	0	0.4247081647151004	0.1029504678162288	-0.02926491704927312	0.3334573254065737	0.3334573278225178	0	0	0	0	0	0	0	0	0	0	0	0	0	0	0	0	0	0	0	0
10.8	0.9714259886370993	1.777328752068535	-0.8435774809383795	0	0.9399999999999999	0	0	0	0	0	0	0	0	0	0.4073698894873668	0.1045018419401865	-0.01766966514674545	0.3225772877587934	0.3225766595308618	0	0	0	0	0	0	0	0	0	0	0	0	0	0	0	0	0	0	0	0
10.82	0.9818725917895598	1.761294213328266	-0.8237555563257539	0	0.9399999999999999	0	0	0	0	0	0	0	0	0	0.3706256887406043	0.1059332863878917	0.007824437988422792	0.2933852674507206	0.2933854190779532	0	0	0	0	0	0	0	0	0	0	0	0	0	0	0	0	0	0	0	0
10.84	0.9808682787601092	1.752630620612594	-0.807706980000506	0	0.9399999999999999	0	0	0	0	0	0	0	0	0	0.3533019188444648	0.1049389474206974	0.02084084498810406	0.2781280233551898	0.2781280700033101	0	0	0	0	0	0	0	0	0	0	0	0	0	0	0	0	0	0	0	0
10.86	0.9723291091378019	1.74403803561284	-0.7842445335394802	0	0.9399999999999999	0	0	0	0	0	0	0	0	0	0.3376892272163635	0.1028090769417607	0.0333652428527394	0.2642360527057625	0.2642360249374163	0	0	0	0	0	0	0	0	0	0	0	0	0	0	0	0	0	0	0	0
10.88	0.9723291091378019	1.74403803561284	-0.7842445335394802	0	0.9399999999999999	0	0	0	0	0	0	0	0	0	0.3376892272163635	0.1028090769417607	0.0333652428527394	0.2642360527057625	0.2642360249374163	0	0	0	0	0	0	0	0	0	0	0	0	0	0	0	0	0	0	0	0
10.9	0.9549734487546029	1.735763264092188	-0.7520787138992289	0	0.9399999999999999	0	0	0	0	0	0	0	0	0	0.323303860229765	0.1000176968530591	0.0453186447377066	0.2515416211213836	0.251541632641632	0	0	0	0	0	0	0	0	0	0	0	0	0	0	0	0	0	0	0	0
10.92	0.8923454825822428	1.720849124652707	-0.6611074418992661	0	0.9399999999999999	0	0	0	0	0	0	0	0	0	0.2960944233371218	0.09405274760971477	0.06548011849749491	0.2285928128858518	0.2285925919251839	0	0	0	0	0	0	0	0	0	0	0	0	0	0	0	0	0	0	0	0
10.94	0.8923454825822428	1.720849124652707	-0.6611074418992661	0	0.9399999999999999	0	0	0	0	0	0	0	0	0	0.2960944233371218	0.09405274760971477	0.06548011849749491	0.2285928128858518	0.2285925919251839	0	0	0	0	0	0	0	0	0	0	0	0	0	0	0	0	0	0	0	0
10.96	0.8425597274488127	1.715187326327727	-0.5980162239533315	0	0.9399999999999999	0	0	0	0	0	0	0	0	0	0.2810841090989633	0.09228512609405938	0.07354117124097227	0.214932922426	0.2149328710054284	0	0	0	0	0	0	0	0	0	0	0	0	0	0	0	0	0	0	0	0
10.98	0.7153386182189365	1.706066906908794	-0.4469561262799653	0	0.9399999999999999	0	0	0	0	0	0	0	0	0	0.2459497449315935	0.08821294809088503	0.08710114803632896	0.1802675712343389	0.1802675890249392	0	0	0	0	0	0	0	0	0	0	0	0	0	0	0	0	0	0	0	0
11	0.6491462376851154	1.702467571373674	-0.3700337635985812	0	0.9399999999999999	0	0	0	0	0	0	0	0	0	0.2273298893827071	0.08480230493691604	0.09334217885678649	0.1603668712014824	0.160366872276029	0	0	0	0	0	0	0	0	0	0	0	0	0	0	0	0	0	0	0	0
11.02	0.5835489067397428	1.699850843778131	-0.2941234684741983	0	0.9399999999999999	0	0	0	0	0	0	0	0	0	0.207884528597568	0.07986389493702141	0.09924422163925158	0.1388057333500248	0.1388057238996497	0	0	0	0	0	0	0	0	0	0	0	0	0	0	0	0	0	0	0	0
11.04	0.5157742272135709	1.69748365274675	-0.2162155833659874	0	0.9399999999999999	0	0	0	0	0	0	0	0	0	0.1861403576831737	0.07373504922622096	0.1058735064091213	0.1141821536620811	0.1141821364307419	0	0	0	0	0	0	0	0	0	0	0	0	0	0	0	0	0	0	0	0
11.06	0.4394816251683075	1.695443773122362	-0.129675841253699	0	0.9399999999999999	0	0	0	0	0	0	0	0	0	0.1755761168102514	0.07533037494362811	0.1166382449704626	0.1141908048472421	0.1141902956898882	0	0	0	0	0	0	0	0	0	0	0	0	0	0	0	0	0	0	0	0
11.08	0.4402551166665583	1.695400659352095	-0.1304171835956733	0	0.9399999999999999	0	0	0	0	0	0	0	0	0	0.1617175080404338	0.06608642306734909	0.1140214052640987	0.08777382491581462	0.08777595241158448	0	0	0	0	0	0	0	0	0	0	0	0	0	0	0	0	0	0	0	0
11.1	0.2671774749838081	1.694811519016344	0.06416261360852152	0	0.9399999999999999	0	0	0	0	0	0	0	0	0	0.1046272057291047	0.04532061663264864	0.1364133756550956	0.02839176084822762	0.02839164070776065	0	0	0	0	0	0	0	0	0	0	0	0	0	0	0	0	0	0	0	0
11.12	0.1763622054323671	1.697093796060382	0.1667661433636048	0	0.9399999999999999	0	0	0	0	0	0	0	0	0	0.07521228061746897	0.03161119899512092	0.1497759656339028	0	1.406237369407484e-07	0	0	0	0	0	0	0	0	0	0	0	0	0	0	0	0	0	0	0	0
11.14	0.08730430864788971	1.701530946417589	0.2677994900102619	0	0.9399999999999999	0	0	0	0	0	0	0	0	0	0.05857022771324367	0.01588316617930565	0.1573276233502081	0	1.7466681941122e-06	0	0	0	0	0	0	0	0	0	0	0	0	0	0	0	0	0	0	0	0
11.16	0.01554287071209028	1.708763767896967	0.3511122348406985	0	0.9399999999999999	0	0	0	0	0	0	0	0	0	0.04699826473012855	0.02048480802713427	0.1692912770010254	0	-2.314748092074965e-06	0	0	0	0	0	0	0	0	0	0	0	0	0	0	0	0	0	0	0	0
11.18	-0.03305382152491552	1.716173021765242	0.4103743264600994	0	0.9399999999999999	0	0	0	0	0	0	0	0	0	0.01225546585895707	-0.003404859850157312	0.1748010777490949	0	-1.712378549176806e-07	0	0	0	0	0	0	0	0	0	0	0	0	0	0	0	0	0	0	0	0
11.2	-0.06620116643470418	1.723457684681829	0.4530382191148351	0	0.9399999999999999	0	0	0	0	0	0	0	0	0	0.01699994413173754	-0.02711932511263344	0.1746289528533124	0	6.919766620341911e-07	0	0	0	0	0	0	0	0	0	0	0	0	0	0	0	0	0	0	0	0
11.22	-0.0932616128493912	1.730655963863152	0.4889389871614774	0	0.9399999999999999	0	0	0	0	0	0	0	0	0	0.008034870551487	-0.03801136050504664	0.1812301687039328	0	-1.775057648553055e-06	0	0	0	0	0	0	0	0	0	0	0	0	0	0	0	0	0	0	0	0
11.24	-0.1229984070352411	1.737139607777726	0.5273637962387762	0	0.9399999999999999	0	0	0	0	0	0	0	0	0	-0.002772324881374856	-0.04752294226629276	0.1887573160979825	0	1.790508317826833e-07	0	0	0	0	0	0	0	0	0	0	0	0	0	0	0	0	0	0	0	0
11.26	-0.1229984070352411	1.737139607777726	0.5273637962387762	0	0.9399999999999999	0	0	0	0	0	0	0	0	0	-0.002772324881374856	-0.04752294226629276	0.1887573160979825	0	1.790508317826833e-07	0	0	0	0	0	0	0	0	0	0	0	0	0	0	0	0	0	0	0	0
11.28	-0.156111573590012	1.742158531049579	0.5693133476322995	0	0.9399999999999999	0	0	0	0	0	0	0	0	0	-0.01487853451320658	-0.05862254345418386	0.1954327985601275	0	9.924650100624452e-08	0	0	0	0	0	0	0	0	0	0	0	0	0	0	0	0	0	0	0	0
11.3	-0.191692607149084	1.745546774602097	0.6143915053390665	0	0.9399999999999999	0	0	0	0	0	0	0	0	0	-0.0265335846917117	-0.07235289929717897	0.1999637039732207	0	2.576735428845938e-08	0	0	0	0	0	0	0	0	0	0	0	0	0	0	0	0	0	0	0	0
11.32	-0.2642794728995699	1.749228929818075	0.7091244735712586	0	0.9399999999999999	0	0	0	0	0	0	0	0	0	-0.0663638816582416	-0.1062467914601464	0.2003400113527817	0	5.689676114921303e-07	0	0	0	0	0	0	0	0	0	0	0	0	0	0	0	0	0	0	0	0
11.34	-0.3071511822343134	1.749266654296747	0.763975013573413	0	0.9399999999999999	0	0	0	0	0	0	0	0	0	-0.04690831016962121	-0.1422313892684017	0.1987670944312376	0	-2.036648557645618e-07	0	0	0	0	0	0	0	0	0	0	0	0	0	0	0	0	0	0	0	0
11.36	-0.3579083947232523	1.749695842961873	0.827330012126191	0	0.9399999999999999	0	0	0	0	0	0	0	0	0	-0.05359484260593696	-0.1739109584823827	0.1964122403242442	0	2.629415729508992e-07	0	0	0	0	0	0	0	0	0	0	0	0	0	0	0	0	0	0	0	0
11.38	-0.4100126355770365	1.751833442721636	0.892760157191269	0	0.9399999999999999	0	0	0	0	0	0	0	0	0	-0.06742835594234781	-0.2040430754000112	0.1946186480308188	0	-4.526251609693592e-08	0	0	0	0	0	0	0	0	0	0	0	0	0	0	0	0	0	0	0	0
11.4	-0.4573085217038111	1.755740157157489	0.9536412918711633	0	0.9399999999999999	0	0	0	0	0	0	0	0	0	-0.08622984904948759	-0.2293869926786001	0.1918096590541946	0	-9.017507447371715e-08	0	0	0	0	0	0	0	0	0	0	0	0	0	0	0	0	0	0	0	0
11.42	-0.5051548151418516	1.762301992186222	1.015002578611872	0	0.9399999999999999	0	0	0	0	0	0	0	0	0	-0.1091498533370986	-0.2484569665657089	0.1784394576068538	0	-4.764390547441471e-07	0	0	0	0	0	0	0	0	0	0	0	0	0	0	0	0	0	0	0	0
11.44	-0.5051548151418516	1.762301992186222	1.015002578611872	0	0.9399999999999999	0	0	0	0	0	0	0	0	0	-0.1091498533370986	-0.2484569665657089	0.1784394576068538	0	-4.764390547441471e-07	0	0	0	0	0	0	0	0	0	0	0	0	0	0	0	0	0	0	0	0
11.46	-0.5501731354240748	1.771978464943907	1.073908170342329	0	0.9399999999999999	0	0	0	0	0	0	0	0	0	-0.1341019485075928	-0.2636869839041054	0.156969111602972	0	-8.460847761758797e-08	0	0	0	0	0	0	0	0	0	0	0	0	0	0	0	0	0	0	0	0
11.48	-0.5894553148947383	1.784179268386369	1.127522666344306	0	0.9399999999999999	0	0	0	0	0	0	0	0	0	-0.162517110690561	-0.2770808097724782	0.133216039762135	0	2.240463804906269e-07	0	0	0	0	0	0	0	0	0	0	0	0	0	0	0	0	0	0	0	0
11.5	-0.627560754898138	1.797504555534469	1.180085249551181	0	0.9399999999999999	0	0	0	0	0	0	0	0	0	-0.1939208873458518	-0.2899330929071876	0.1090575898857614	0	8.924519957182271e-07	0	0	0	0	0	0	0	0	0	0	0	0	0	0	0	0	0	0	0	0
11.52	-0.7109471950903781	1.82341040827697	1.291647620527986	0	0.9399999999999999	0	0	0	0	0	0	0	0	0	-0.2621184025725588	-0.3188115217184399	0.0641239507746493	0	-5.7414091877803e-07	0	0	0	0	0	0	0	0	0	0	0	0	0	0	0	0	0	0	0	0
11.54	-0.7517780498434572	1.835389933320741	1.34535101615656	0	0.9399999999999999	0	0	0	0	0	0	0	0	0	-0.2955871627627366	-0.3369660901258183	0.0499598712456527	0	-1.458583226811788e-07	0	0	0	0	0	0	0	0	0	0	0	0	0	0	0	0	0	0	0	0
11.56	-0.7910980077572454	1.845947513965235	1.39661958532409	0	0.9399999999999999	0	0	0	0	0	0	0	0	0	-0.3272260947134549	-0.3585986089328316	0.0415681802318786	0	-3.695861468562387e-07	0	0	0	0	0	0	0	0	0	0	0	0	0	0	0	0	0	0	0	0
11.58	-0.7910980077572454	1.845947513965235	1.39661958532409	0	0.9399999999999999	0	0	0	0	0	0	0	0	0	-0.3272260947134549	-0.3585986089328316	0.0415681802318786	0	-3.695861468562387e-07	0	0	0	0	0	0	0	0	0	0	0	0	0	0	0	0	0	0	0	0
11.6	-0.8273945578225417	1.854601655553018	1.444112712734068	0	0.9399999999999999	0	0	0	0	0	0	0	0	0	-0.3571444795850286	-0.3822599044637697	0.03615420491361623	0	-7.176968694142752e-07	0	0	0	0	0	0	0	0	0	0	0	0	0	0	0	0	0	0	0	0
11.62	-0.8615768093021867	1.862180395218394	1.488684325533002	0	0.9399999999999999	0	0	0	0	0	0	0	0	0	-0.3879210426899342	-0.405777557491079	0.03072207222953952	0	1.983483031508809e-06	0	0	0	0	0	0	0	0	0	0	0	0	0	0	0	0	0	0	0	0
11.64	-0.8923476978256973	1.869022240963916	1.529007609511846	0	0.9399999999999999	0	0	0	0	0	0	0	0	0	-0.4221734370346323	-0.4256516298709489	0.02195606889320291	0	-1.180556576116521e-06	0	0	0	0	0	0	0	0	0	0	0	0	0	0	0	0	0	0	0	0
11.66	-0.9433791745572356	1.880675168386896	1.596233061765406	0	0.9399999999999999	0	0	0	0	0	0	0	0	0	-0.5018882171231572	-0.4460081967860187	-0.006146084410003029	0	5.779607602230214e-07	0	0	0	0	0	0	0	0	0	0	0	0	0	0	0	0	0	0	0	0
11.68	-0.9542944711633626	1.872153651129771	1.619814312356013	0	0.9399999999999999	0	0	0	0	0	0	0	0	0	-0.52359878	-0.4441170714498711	-0.01196392466689169	0	-1.172819686287695e-06	0	0	0	0	0	0	0	0	0	0	0	0	0	0	0	0	0	0	0	0
11.7	-0.9567882957367457	1.849375641477787	1.639534364765818	0	0.9399999999999999	0	0	0	0	0	0	0	0	0	-0.52359878	-0.435459281500023	-0.008737466770855363	0	-1.229227179878404e-06	0	0	0	0	0	0	0	0	0	0	0	0	0	0	0	0	0	0	0	0
11.72	-0.9621631969685975	1.825371063025857	1.661196006869592	0	0.9399999999999999	0	0	0	0	0	0	0	0	0	-0.52359878	-0.4224597578825769	-0.006751516782514819	0	1.341272661265178e-06	0	0	0	0	0	0	0	0	0	0	0	0	0	0	0	0	0	0	0	0
11.74	-0.9621631969685975	1.825371063025857	1.661196006869592	0	0.9399999999999999	0	0	0	0	0	0	0	0	0	-0.52359878	-0.4224597578825769	-0.006751516782514819	0	1.341272661265178e-06	0	0	0	0	0	0	0	0	0	0	0	0	0	0	0	0	0	0	0	0
11.76	-0.9749860240293253	1.801150413705366	1.688655487126182	0	0.9399999999999999	0	0	0	0	0	0	0	0	0	-0.52359878	-0.4070293872794431	-0.007221812881252671	0	-8.221629782528856e-07	0	0	0	0	0	0	0	0	0	0	0	0	0	0	0	0	0	0	0	0
11.78	-1.027683411621236	1.753959590099562	1.764002300983619	0	0.9399999999999999	0	0	0	0	0	0	0	0	0	-0.52359878	-0.3693408273115861	-0.01565933981068489	0	1.59791629561276e-06	0	0	0	0	0	0	0	0	0	0	0	0	0	0	0	0	0	0	0	0
11.8	-1.073016573521582	1.732565915894993	1.81705213245086	0	0.9399999999999999	0	0	0	0	0	0	0	0	0	-0.52359878	-0.3483019754008093	-0.02168209011932502	0	-2.042221372304445e-07	0	0	0	0	0	0	0	0	0	0	0	0	0	0	0	0	0	0	0	0
11.82	-1.130168218989968	1.714315177760757	1.880331975117723	0	0.9399999999999999	0	0	0	0	0	0	0	0	0	-0.52359878	-0.3272402310243416	-0.02827071637536597	0	-3.614197250523499e-07	0	0	0	0	0	0	0	0	0	0	0	0	0	0	0	0	0	0	0	0
11.84	-1.151567151991809	1.715603289591882	1.9065995731033	0	0.9399999999999999	0	0	0	0	0	0	0	0	0	-0.52359878	-0.3329191328576451	-0.02558390137117124	0	1.579613133544102e-06	0	0	0	0	0	0	0	0	0	0	0	0	0	0	0	0	0	0	0	0
11.86	-1.239634276574836	1.690212188445481	1.998767454966196	0	0.9399999999999999	0	0	0	0	0	0	0	0	0	-0.52359878	-0.2858288828924179	-0.04453223255919957	0	-8.406154558866367e-08	0	0	0	0	0	0	0	0	0	0	0	0	0	0	0	0	0	0	0	0
11.88	-1.239634276574836	1.690212188445481	1.998767454966196	0	0.9399999999999999	0	0	0	0	0	0	0	0	0	-0.52359878	-0.2858288828924179	-0.04453223255919957	0	-8.406154558866367e-08	0	0	0	0	0	0	0	0	0	0	0	0	0	0	0	0	0	0	0	0
11.9	-1.307714228881271	1.678941524083904	2.070897994516296	0	0.9399999999999999	0	0	0	0	0	0	0	0	0	-0.52359878	-0.2566401554909299	-0.06431305069497766	0	7.224125283380559e-07	0	0	0	0	0	0	0	0	0	0	0	0	0	0	0	0	0	0	0	0
11.92	-1.307714228881271	1.678941524083904	2.070897994516296	0	0.9399999999999999	0	0	0	0	0	0	0	0	0	-0.52359878	-0.2566401554909299	-0.06431305069497766	0	7.224125283380559e-07	0	0	0	0	0	0	0	0	0	0	0	0	0	0	0	0	0	0	0	0
11.94	-1.306602381777644	1.682175895943381	2.072540600529057	0	0.9399999999999999	0	0	0	0	0	0	0	0	0	-0.52359878	-0.2460074968185511	-0.07356453266545238	0	2.201443327032035e-07	0	0	0	0	0	0	0	0	0	0	0	0	0	0	0	0	0	0	0	0
11.96	-1.284580156268917	1.689180813633766	2.051680813668402	0	0.9399999999999999	0	0	0	0	0	0	0	0	0	-0.52359878	-0.2482744366591476	-0.07566894857878238	0	1.175624239150972e-06	0	0	0	0	0	0	0	0	0	0	0	0	0	0	0	0	0	0	0	0
11.98	-1.248078723885913	1.699377658818784	2.015522403714915	0	0.9399999999999999	0	0	0	0	0	0	0	0	0	-0.52359878	-0.2547031614512962	-0.07623717379296722	0	1.391320484109993e-07	0	0	0	0	0	0	0	0	0	0	0	0	0	0	0	0	0	0	0	0
12	-1.207144642003958	1.712743792634141	1.974230121697022	0	0.9399999999999999	0	0	0	0	0	0	0	0	0	-0.52359878	-0.2657770435210929	-0.07538935165619048	0	-1.595264765617478e-07	0	0	0	0	0	0	0	0	0	0	0	0	0	0	0	0	0	0	0	0
12.02	-1.168412643483713	1.728827909220633	1.933668247485965	0	0.9399999999999999	0	0	0	0	0	0	0	0	0	-0.52359878	-0.2802726912716775	-0.07426962482357627	0	5.415960734323803e-08	0	0	0	0	0	0	0	0	0	0	0	0	0	0	0	0	0	0	0	0
12.04	-1.133581815271462	1.747235161952995	1.895024915029758	0	0.9399999999999999	0	0	0	0	0	0	0	0	0	-0.52359878	-0.2962020709205342	-0.074365746275788	0	2.678180852401055e-08	0	0	0	0	0	0	0	0	0	0	0	0	0	0	0	0	0	0	0	0
12.06	-1.133581815271462	1.747235161952995	1.895024915029758	0	0.9399999999999999	0	0	0	0	0	0	0	0	0	-0.52359878	-0.2962020709205342	-0.074365746275788	0	2.678180852401055e-08	0	0	0	0	0	0	0	0	0	0	0	0	0	0	0	0	0	0	0	0
12.08	-1.076578051137267	1.7926188036552	1.822405256294019	0	0.9399999999999999	0	0	0	0	0	0	0	0	0	-0.52359878	-0.3243275429171578	-0.07980547963384671	0	2.02001092372329e-06	0	0	0	0	0	0	0	0	0	0	0	0	0	0	0	0	0	0	0	0
12.1	-1.059287155148722	1.820811756851043	1.792195515774316	0	0.9399999999999999	0	0	0	0	0	0	0	0	0	-0.52359878	-0.3350018380824079	-0.08719428175259319	0	-6.692760225762848e-06	0	0	0	0	0	0	0	0	0	0	0	0	0	0	0	0	0	0	0	0
12.12	-1.053574278655954	1.811357804643274	1.782451217621337	0	0.9399999999999999	0	0	0	0	0	0	0	0	0	-0.4575469841229083	-0.3437013928814359	-0.07220748229815924	0	3.106341677771698e-06	0	0	0	0	0	0	0	0	0	0	0	0	0	0	0	0	0	0	0	0
12.14	-1.05298131682008	1.796795372452969	1.777806646190831	0	0.9399999999999999	0	0	0	0	0	0	0	0	0	-0.3802613959689908	-0.3500299189198303	-0.05400846490241033	0	4.317188932590118e-06	0	0	0	0	0	0	0	0	0	0	0	0	0	0	0	0	0	0	0	0
12.16	-1.038559050590853	1.781935381449344	1.758108283604581	0	0.9399999999999999	0	0	0	0	0	0	0	0	0	-0.300208212654233	-0.3521370773848755	-0.03436070412018488	0	-2.005667214870121e-06	0	0	0	0	0	0	0	0	0	0	0	0	0	0	0	0	0	0	0	0
12.18	-1.038559050590853	1.781935381449344	1.758108283604581	0	0.9399999999999999	0	0	0	0	0	0	0	0	0	-0.300208212654233	-0.3521370773848755	-0.03436070412018488	0	-2.005667214870121e-06	0	0	0	0	0	0	0	0	0	0	0	0	0	0	0	0	0	0	0	0
12.2	-1.029438291890257	1.76696867635292	1.742259707138517	0	0.9399999999999999	0	0	0	0	0	0	0	0	0	-0.2179288499927263	-0.3555859056927796	-0.01521881626800233	0	8.249517589144452e-07	0	0	0	0	0	0	0	0	0	0	0	0	0	0	0	0	0	0	0	0
12.22	-1.00185536321135	1.737477841797715	1.697257780758172	0	0.9399999999999999	0	0	0	0	0	0	0	0	0	-0.04822710892347922	-0.36247058648606	0.02782684407240261	0	1.2127580882921e-06	0	0	0	0	0	0	0	0	0	0	0	0	0	0	0	0	0	0	0	0
12.24	-0.9822296477745476	1.72509458880889	1.667845538620443	0	0.9399999999999999	0	0	0	0	0	0	0	0	0	0.03513988429619896	-0.3667935465813216	0.0507624728120972	0	3.027364028357608e-07	0	0	0	0	0	0	0	0	0	0	0	0	0	0	0	0	0	0	0	0
12.26	-0.960530267795552	1.715028522193847	1.636224652389064	0	0.9399999999999999	0	0	0	0	0	0	0	0	0	0.1154702179488021	-0.3719781017625819	0.07477990814021	0	1.744640997517708e-06	0	0	0	0	0	0	0	0	0	0	0	0	0	0	0	0	0	0	0	0
12.28	-0.960530267795552	1.715028522193847	1.636224652389064	0	0.9399999999999999	0	0	0	0	0	0	0	0	0	0.1154702179488021	-0.3719781017625819	0.07477990814021	0	1.744640997517708e-06	0	0	0	0	0	0	0	0	0	0	0	0	0	0	0	0	0	0	0	0
12.3	-0.9371761964079551	1.706530443856357	1.603468993582472	0	0.9399999999999999	0	0	0	0	0	0	0	0	0	0.1927939478156314	-0.3764108917151391	0.1003401895828545	0	4.504293623528082e-07	0	0	0	0	0	0	0	0	0	0	0	0	0	0	0	0	0	0	0	0
12.32	-0.8857743209363844	1.692047382887552	1.534462393781512	0	0.9399999999999999	0	0	0	0	0	0	0	0	0	0.3428266940621633	-0.3812687664854338	0.1551592395691594	0	1.178748481682657e-06	0	0	0	0	0	0	0	0	0	0	0	0	0	0	0	0	0	0	0	0
12.34	-0.8596259057637302	1.685477385367081	1.500519643470198	0	0.9399999999999999	0	0	0	0	0	0	0	0	0	0.4173520590625904	-0.3829437250731911	0.1852899950079661	0	-5.498396229402194e-07	0	0	0	0	0	0	0	0	0	0	0	0	0	0	0	0	0	0	0	0
12.36	-0.8288669080846431	1.679347558181243	1.462997885845984	0	0.9399999999999999	0	0	0	0	0	0	0	0	0	0.4911922614624745	-0.3834663176036362	0.2153959111550136	0	1.453574399159185e-07	0	0	0	0	0	0	0	0	0	0	0	0	0	0	0	0	0	0	0	0
12.38	-0.7927284016696144	1.674015971577271	1.421095559225948	0	0.9399999999999999	0	0	0	0	0	0	0	0	0	0.5631840763085858	-0.3814511358147706	0.2443236341561923	0	8.412928922700527e-07	0	0	0	0	0	0	0	0	0	0	0	0	0	0	0	0	0	0	0	0
12.4	-0.7556697312040286	1.669928587354075	1.37934944334891	0	0.9399999999999999	0	0	0	0	0	0	0	0	0	0.6317014564156825	-0.3771176797586169	0.272315424989526	0	6.131587024811505e-07	0	0	0	0	0	0	0	0	0	0	0	0	0	0	0	0	0	0	0	0
12.42	-0.7556697312040286	1.669928587354075	1.37934944334891	0	0.9399999999999999	0	0	0	0	0	0	0	0	0	0.6317014564156825	-0.3771176797586169	0.272315424989526	0	6.131587024811505e-07	0	0	0	0	0	0	0	0	0	0	0	0	0	0	0	0	0	0	0	0
12.44	-0.7155539357213584	1.667591402442195	1.335818728944564	0	0.9399999999999999	0	0	0	0	0	0	0	0	0	0.6958302931966283	-0.3712214867835597	0.2992513785121598	0	1.871388505937764e-06	0	0	0	0	0	0	0	0	0	0	0	0	0	0	0	0	0	0	0	0
12.46	-0.6267200142481836	1.666127557529503	1.243212115074932	0	0.9399999999999999	0	0	0	0	0	0	0	0	0	0.8137424625536935	-0.3606143492531956	0.3527260623136886	0	-3.824697662622464e-08	0	0	0	0	0	0	0	0	0	0	0	0	0	0	0	0	0	0	0	0
12.48	-0.6267200142481836	1.666127557529503	1.243212115074932	0	0.9399999999999999	0	0	0	0	0	0	0	0	0	0.8137424625536935	-0.3606143492531956	0.3527260623136886	0	-3.824697662622464e-08	0	0	0	0	0	0	0	0	0	0	0	0	0	0	0	0	0	0	0	0
12.5	-0.5246727042975695	1.664573547575937	1.138214500279336	0	0.9399999999999999	0	0	0	0	0	0	0	0	0	0.9184121335647499	-0.3549911608667545	0.3965795980820684	0	8.91178110415078e-07	0	0	0	0	0	0	0	0	0	0	0	0	0	0	0	0	0	0	0	0
12.52	-0.4630749718012196	1.664803172475382	1.074311281391401	0	0.9399999999999999	0	0	0	0	0	0	0	0	0	0.9628557693054759	-0.3537096728089547	0.4105940965482626	0	-2.638208962481064e-07	0	0	0	0	0	0	0	0	0	0	0	0	0	0	0	0	0	0	0	0
12.54	-0.3935188272142623	1.66623264140716	1.002394714241783	0	0.9399999999999999	0	0	0	0	0	0	0	0	0	0.9624821075594617	-0.3522495268646122	0.403383116225118	0	4.263698344738356e-08	0	0	0	0	0	0	0	0	0	0	0	0	0	0	0	0	0	0	0	0
12.56	-0.3933846223731751	1.666216000104156	1.002130749398548	0	0.9399999999999999	0	0	0	0	0	0	0	0	0	1.000828963538878	-0.3538621036864942	0.4198850640542657	0	-1.246357685173997e-06	0	0	0	0	0	0	0	0	0	0	0	0	0	0	0	0	0	0	0	0
12.58	-0.2760833092153275	1.66882878367537	0.880662973305564	0	0.9399999999999999	0	0	0	0	0	0	0	0	0	1.060151088227942	-0.3557127579055874	0.4319596935171093	0	-1.199633219236732e-06	0	0	0	0	0	0	0	0	0	0	0	0	0	0	0	0	0	0	0	0
12.6	-0.2147190721429503	1.666309765616277	0.8169183866356523	0	0.9399999999999999	0	0	0	0	0	0	0	0	0	1.088262311938295	-0.3561133454022234	0.4324878461750634	0	-5.512519781251383e-07	0	0	0	0	0	0	0	0	0	0	0	0	0	0	0	0	0	0	0	0
12.62	-0.1567378309614001	1.66173627955195	0.7570182504343885	0	0.9399999999999999	0	0	0	0	0	0	0	0	0	1.115586015645587	-0.3547728362878065	0.4270536907805469	0	2.832841438233254e-07	0	0	0	0	0	0	0	0	0	0	0	0	0	0	0	0	0	0	0	0
12.64	-0.1567378309614001	1.66173627955195	0.7570182504343885	0	0.9399999999999999	0	0	0	0	0	0	0	0	0	1.115586015645587	-0.3547728362878065	0.4270536907805469	0	2.832841438233254e-07	0	0	0	0	0	0	0	0	0	0	0	0	0	0	0	0	0	0	0	0
12.66	0.0307965119983695	1.649383414838278	0.5687900333956822	0	0.9399999999999999	0	0	0	0	0	0	0	0	0	1.152617982116453	-0.3514787289210508	0.4126118837310194	0	-3.529074570824558e-07	0	0	0	0	0	0	0	0	0	0	0	0	0	0	0	0	0	0	0	0
12.68	0.0299173390582615	1.649395169968218	0.5696649504897722	0	0.9399999999999999	0	0	0	0	0	0	0	0	0	1.166047371735218	-0.3462259900477356	0.3885681159172267	0	8.765839034598901e-07	0	0	0	0	0	0	0	0	0	0	0	0	0	0	0	0	0	0	0	0
12.7	0.3418785309902737	1.637454472935055	0.2591945189423055	0	0.9399999999999999	0	0	0	0	0	0	0	0	0	1.202262519805896	-0.3395724810411677	0.3583900842126506	0	5.84322039568939e-07	0	0	0	0	0	0	0	0	0	0	0	0	0	0	0	0	0	0	0	0
12.72	0.5502880978902422	1.633739095820632	0.05182487179810465	0	0.9399999999999999	0	0	0	0	0	0	0	0	0	1.228881229089813	-0.3187403197326645	0.2777964753143631	0	-1.812256423243303e-08	0	0	0	0	0	0	0	0	0	0	0	0	0	0	0	0	0	0	0	0
12.74	0.7927429863573661	1.632795476484245	-0.1898187934123983	0	0.9399999999999999	0	0	0	0	0	0	0	0	0	1.247978375360513	-0.3094034279635801	0.2361242588318858	0	-4.30108768822402e-08	0	0	0	0	0	0	0	0	0	0	0	0	0	0	0	0	0	0	0	0
12.76	0.7927429863573661	1.632795476484245	-0.1898187934123983	0	0.9399999999999999	0	0	0	0	0	0	0	0	0	1.247978375360513	-0.3094034279635801	0.2361242588318858	0	-4.30108768822402e-08	0	0	0	0	0	0	0	0	0	0	0	0	0	0	0	0	0	0	0	0
12.78	1.038050387828098	1.635286877064753	-0.4351690305040936	0	0.9399999999999999	0	0	0	0	0	0	0	0	0	1.266310497275269	-0.3030040680591736	0.1956260685337696	0	-8.677247199625976e-08	0	0	0	0	0	0	0	0	0	0	0	0	0	0	0	0	0	0	0	0
12.8	1.244318103885383	1.640652990738227	-0.6422703268239727	0	0.9399999999999999	0	0	0	0	0	0	0	0	0	1.285448766261083	-0.2985994186307451	0.1699080691848424	0	7.387864003060824e-07	0	0	0	0	0	0	0	0	0	0	0	0	0	0	0	0	0	0	0	0
12.82	1.543387769870363	1.656848588484212	-0.9450661956066123	0	0.9399999999999999	0	0	0	0	0	0	0	0	0	1.314497206968956	-0.2903285638545223	0.1524714719284261	0	7.246863647469859e-07	0	0	0	0	0	0	0	0	0	0	0	0	0	0	0	0	0	0	0	0
12.84	1.647398171130548	1.665778467904788	-1.052561001727139	0	0.9399999999999999	0	0	0	0	0	0	0	0	0	1.322602241385786	-0.2868759268518699	0.1558820233432163	0	8.612849082952829e-07	0	0	0	0	0	0	0	0	0	0	0	0	0	0	0	0	0	0	0	0
12.86	1.72797282648499	1.673971450100288	-1.137668328140066	0	0.9399999999999999	0	0	0	0	0	0	0	0	0	1.326538732878988	-0.2846051268142818	0.1672459417223437	0	2.009966937871317e-07	0	0	0	0	0	0	0	0	0	0	0	0	0	0	0	0	0	0	0	0
12.88	1.790025831531163	1.681572623696415	-1.205402135526732	0	0.9399999999999999	0	0	0	0	0	0	0	0	0	1.334865357528038	-0.2936662577929669	0.1807387752256258	0	6.319676926306907e-07	0	0	0	0	0	0	0	0	0	0	0	0	0	0	0	0	0	0	0	0
12.9	1.840954652317451	1.688196713375777	-1.262843835732142	0	0.9399999999999999	0	0	0	0	0	0	0	0	0	1.324012974353533	-0.2835788218927772	0.2128082709414997	0	4.570722191768816e-07	0	0	0	0	0	0	0	0	0	0	0	0	0	0	0	0	0	0	0	0
12.92	1.840954652317451	1.688196713375777	-1.262843835732142	0	0.9399999999999999	0	0	0	0	0	0	0	0	0	1.324012974353533	-0.2835788218927772	0.2128082709414997	0	4.570722191768816e-07	0	0	0	0	0	0	0	0	0	0	0	0	0	0	0	0	0	0	0	0
12.94	1.930655538515299	1.697443976742384	-1.366981773556006	0	0.9399999999999999	0	0	0	0	0	0	0	0	0	1.304879077942398	-0.2851291316664212	0.2784625450995919	0	-5.111049855678863e-08	0	0	0	0	0	0	0	0	0	0	0	0	0	0	0	0	0	0	0	0
12.96	1.968991209983806	1.700424078059267	-1.412699960556006	0	0.9399999999999999	0	0	0	0	0	0	0	0	0	1.288819945083614	-0.2851512140263354	0.3145488865562985	0	1.27441269336155e-06	0	0	0	0	0	0	0	0	0	0	0	0	0	0	0	0	0	0	0	0
12.98	2.002170389192511	1.702340958488743	-1.453058728103773	0	0.9399999999999999	0	0	0	0	0	0	0	0	0	1.278212870608725	-0.3006887554977625	0.3358496123707974	0	-8.197647353145599e-07	0	0	0	0	0	0	0	0	0	0	0	0	0	0	0	0	0	0	0	0
13	2.033217408591861	1.702745654650672	-1.491023145704952	0	0.9399999999999999	0	0	0	0	0	0	0	0	0	1.242813554380056	-0.2839517893520006	0.390774591282169	0	1.886472074115024e-07	0	0	0	0	0	0	0	0	0	0	0	0	0	0	0	0	0	0	0	0
13.02	2.060767465882718	1.702203675106249	-1.52511546526552	0	0.9399999999999999	0	0	0	0	0	0	0	0	0	1.242873981534872	-0.2915447887998228	0.3920953695022547	0	-2.781085774862897e-08	0	0	0	0	0	0	0	0	0	0	0	0	0	0	0	0	0	0	0	0
13.04	2.059328321978183	1.702199735387181	-1.523680295966789	0	0.9399999999999999	0	0	0	0	0	0	0	0	0	1.212846047275287	-0.2833537488656713	0.4289389611509551	0	-1.760541751947255e-07	0	0	0	0	0	0	0	0	0	0	0	0	0	0	0	0	0	0	0	0
13.06	2.079757690874362	1.7011241508801	-1.550215316996775	0	0.9399999999999999	0	0	0	0	0	0	0	0	0	1.178729366832077	-0.2830854544259644	0.464715577686422	0	-1.257904034309133e-07	0	0	0	0	0	0	0	0	0	0	0	0	0	0	0	0	0	0	0	0
13.08	2.089518955149982	1.699216209736631	-1.565548886080534	0	0.9399999999999999	0	0	0	0	0	0	0	0	0	1.140365831867229	-0.2830612599761165	0.4961055025120825	0	9.161569295119498e-10	0	0	0	0	0	0	0	0	0	0	0	0	0	0	0	0	0	0	0	0
13.1	2.086647814026191	1.696436651972	-1.567834610080929	0	0.9399999999999999	0	0	0	0	0	0	0	0	0	1.097869448092574	-0.2834440510459662	0.5207760432571756	0	2.618283047389412e-07	0	0	0	0	0	0	0	0	0	0	0	0	0	0	0	0	0	0	0	0
13.12	2.082580010385679	1.686074357112448	-1.57319581295846	0	0.9399999999999999	0	0	0	0	0	0	0	0	0	0.9960198618992396	-0.2870673048123579	0.5412654496180568	0	8.772877311619381e-07	0	0	0	0	0	0	0	0	0	0	0	0	0	0	0	0	0	0	0	0
13.14	2.080832207883831	1.678506059807645	-1.575969521171793	0	0.9399999999999999	0	0	0	0	0	0	0	0	0	0.9391470993197069	-0.2893704972626324	0.5397976142497076	0	-1.095861260160045e-06	0	0	0	0	0	0	0	0	0	0	0	0	0	0	0	0	0	0	0	0
13.16	2.054597441436574	1.669928295591101	-1.554308134567735	0	0.9399999999999999	0	0	0	0	0	0	0	0	0	0.8790167303619993	-0.2893969622367692	0.5289712825274194	0	2.804898020100303e-07	0	0	0	0	0	0	0	0	0	0	0	0	0	0	0	0	0	0	0	0
13.18	2.052716885580335	1.661430806620179	-1.557362199307523	0	0.9399999999999999	0	0	0	0	0	0	0	0	0	0.8182364190556276	-0.291097652207669	0.5137517637798374	0	-8.677960517460511e-06	0	0	0	0	0	0	0	0	0	0	0	0	0	0	0	0	0	0	0	0
13.2	1.993264951448654	1.653416699128034	-1.503292468284581	0	0.9399999999999999	0	0	0	0	0	0	0	0	0	0.7547675647106246	-0.2889108507716717	0.4882475590829199	0	8.790175111535189e-07	0	0	0	0	0	0	0	0	0	0	0	0	0	0	0	0	0	0	0	0
13.22	1.993264951448654	1.653416699128034	-1.503292468284581	0	0.9399999999999999	0	0	0	0	0	0	0	0	0	0.7547675647106246	-0.2889108507716717	0.4882475590829199	0	8.790175111535189e-07	0	0	0	0	0	0	0	0	0	0	0	0	0	0	0	0	0	0	0	0
13.24	1.907743683895927	1.635785495134001	-1.429363321399341	0	0.9399999999999999	0	0	0	0	0	0	0	0	0	0.6201280865089661	-0.2845572512728936	0.4196466245081948	0	1.973116162217635e-07	0	0	0	0	0	0	0	0	0	0	0	0	0	0	0	0	0	0	0	0
13.26	1.855193072497145	1.625514003660202	-1.382850470216764	0	0.9399999999999999	0	0	0	0	0	0	0	0	0	0.5494488446339356	-0.2813504272808829	0.3803326712249328	0	5.221252945821752e-07	0	0	0	0	0	0	0	0	0	0	0	0	0	0	0	0	0	0	0	0
13.28	1.852454319625834	1.612169687138354	-1.387290462970491	0	0.9399999999999999	0	0	0	0	0	0	0	0	0	0.4761352339648225	-0.2815548592990793	0.3416187243620243	0	1.71127797746475e-06	0	0	0	0	0	0	0	0	0	0	0	0	0	0	0	0	0	0	0	0
13.3	1.477779525618905	1.596567128035778	-1.019868517920053	0	0.9399999999999999	0	0	0	0	0	0	0	0	0	0.39551938863433	-0.2743016169351583	0.3012019185227835	0	-6.361303805475706e-07	0	0	0	0	0	0	0	0	0	0	0	0	0	0	0	0	0	0	0	0
13.32	1.474652154950742	1.579708710668444	-1.023211448472192	0	0.9399999999999999	0	0	0	0	0	0	0	0	0	0.320302683623239	-0.2814551541808654	0.2705052566992291	0	-2.203823662130146e-05	0	0	0	0	0	0	0	0	0	0	0	0	0	0	0	0	0	0	0	0
13.34	2.708051684602674	1.543992836268378	-2.262306905976128	0	0.9399999999999999	0	0	0	0	0	0	0	0	0	0.2283031680466289	-0.26832598603128	0.2365937020698378	0	-2.985458102989117e-08	0	0	0	0	0	0	0	0	0	0	0	0	0	0	0	0	0	0	0	0
13.36	2.708051684602674	1.543992836268378	-2.262306905976128	0	0.9399999999999999	0	0	0	0	0	0	0	0	0	0.2283031680466289	-0.26832598603128	0.2365937020698378	0	-2.985458102989117e-08	0	0	0	0	0	0	0	0	0	0	0	0	0	0	0	0	0	0	0	0
13.38	2.399961833020778	1.524163719423272	-1.958729978815855	0	0.9399999999999999	0	0	0	0	0	0	0	0	0	0.1410953606722663	-0.2651456912873003	0.2089647744139225	0	-4.100613132822336e-07	0	0	0	0	0	0	0	0	0	0	0	0	0	0	0	0	0	0	0	0
13.4	2.259642277035634	1.502608270565018	-1.821820823968601	0	0.9399999999999999	0	0	0	0	0	0	0	0	0	0.05176235314550345	-0.2621615728598766	0.183221539486182	0	-9.878830026692308e-09	0	0	0	0	0	0	0	0	0	0	0	0	0	0	0	0	0	0	0	0
13.42	2.140750345151986	1.457201892085772	-1.706177040524999	0	0.9399999999999999	0	0	0	0	0	0	0	0	0	-0.132632434822276	-0.2505866806551957	0.1313116928509027	0	2.853464129699469e-06	0	0	0	0	0	0	0	0	0	0	0	0	0	0	0	0	0	0	0	0
13.44	2.140750345151986	1.457201892085772	-1.706177040524999	0	0.9399999999999999	0	0	0	0	0	0	0	0	0	-0.132632434822276	-0.2505866806551957	0.1313116928509027	0	2.853464129699469e-06	0	0	0	0	0	0	0	0	0	0	0	0	0	0	0	0	0	0	0	0
13.46	2.112395960837806	1.433834835115116	-1.67788303410781	0	0.9399999999999999	0	0	0	0	0	0	0	0	0	-0.2262051836606318	-0.2417507419700138	0.1031165354783318	0	-3.563777698710207e-08	0	0	0	0	0	0	0	0	0	0	0	0	0	0	0	0	0	0	0	0
13.48	2.080528119437242	1.384686113929277	-1.642742194459445	0	0.9399999999999999	0	0	0	0	0	0	0	0	0	-0.415979532034494	-0.2214539741170317	0.04589032349946567	0	-4.029235026025326e-07	0	0	0	0	0	0	0	0	0	0	0	0	0	0	0	0	0	0	0	0
13.5	2.073167966239868	1.361313138712818	-1.632457188601153	0	0.9399999999999999	0	0	0	0	0	0	0	0	0	-0.5086794869961651	-0.2090524419382118	0.01809604288371822	0	-1.646118394514774e-07	0	0	0	0	0	0	0	0	0	0	0	0	0	0	0	0	0	0	0	0
13.52	2.104177090421415	1.386850949530966	-1.651028806379126	0	0.9399999999999999	0	0	0	0	0	0	0	0	0	-0.52359878	-0.1969891866787225	0.007065850876911176	0	3.373527779359648e-06	0	0	0	0	0	0	0	0	0	0	0	0	0	0	0	0	0	0	0	0
13.54	2.145254980698838	1.421698944822361	-1.679123361166855	0	0.9399999999999999	0	0	0	0	0	0	0	0	0	-0.52359878	-0.1857923003582133	-0.0008521360108908028	0	-1.81069870063849e-06	0	0	0	0	0	0	0	0	0	0	0	0	0	0	0	0	0	0	0	0
13.56	2.193666378093213	1.456039284517533	-1.716594833826622	0	0.9399999999999999	0	0	0	0	0	0	0	0	0	-0.52359878	-0.1744939562197451	-0.00878231964500009	0	-6.590346880954326e-07	0	0	0	0	0	0	0	0	0	0	0	0	0	0	0	0	0	0	0	0
13.58	2.249409538354969	1.488720185159534	-1.762633963984059	0	0.9399999999999999	0	0	0	0	0	0	0	0	0	-0.52359878	-0.1653729759789598	-0.01621448750982174	0	-2.288307469950975e-07	0	0	0	0	0	0	0	0	0	0	0	0	0	0	0	0	0	0	0	0
13.6	2.249409538354969	1.488720185159534	-1.762633963984059	0	0.9399999999999999	0	0	0	0	0	0	0	0	0	-0.52359878	-0.1653729759789598	-0.01621448750982174	0	-2.288307469950975e-07	0	0	0	0	0	0	0	0	0	0	0	0	0	0	0	0	0	0	0	0
13.62	2.259318740762258	1.548933216627273	-1.754120529815198	0	0.9399999999999999	0	0	0	0	0	0	0	0	0	-0.52359878	-0.1609726004834183	-0.02824443142696446	0	-1.006924491950372e-06	0	0	0	0	0	0	0	0	0	0	0	0	0	0	0	0	0	0	0	0
13.64	2.259318740762258	1.548933216627273	-1.754120529815198	0	0.9399999999999999	0	0	0	0	0	0	0	0	0	-0.52359878	-0.1609726004834183	-0.02824443142696446	0	-1.006924491950372e-06	0	0	0	0	0	0	0	0	0	0	0	0	0	0	0	0	0	0	0	0
13.66	2.268494039800759	1.586388647896102	-1.744806637596299	0	0.9399999999999999	0	0	0	0	0	0	0	0	0	-0.52359878	-0.1646552073000653	-0.0221394220285277	0	-3.051175212877899e-06	0	0	0	0	0	0	0	0	0	0	0	0	0	0	0	0	0	0	0	0
13.68	2.270402902993633	1.619746762570588	-1.742653065493464	0	0.9399999999999999	0	0	0	0	0	0	0	0	0	-0.52359878	-0.1571514073719859	-0.0375668704850036	0	1.025021509031617e-06	0	0	0	0	0	0	0	0	0	0	0	0	0	0	0	0	0	0	0	0
13.7	2.270402902993633	1.619746762570588	-1.742653065493464	0	0.9399999999999999	0	0	0	0	0	0	0	0	0	-0.52359878	-0.1571514073719859	-0.0375668704850036	0	1.025021509031617e-06	0	0	0	0	0	0	0	0	0	0	0	0	0	0	0	0	0	0	0	0
13.72	2.341236671015552	1.657901857229241	-1.817039221087094	0	0.9399999999999999	0	0	0	0	0	0	0	0	0	-0.52359878	-0.1447571763868602	-0.0625189110830814	0	-2.331686589586678e-07	0	0	0	0	0	0	0	0	0	0	0	0	0	0	0	0	0	0	0	0
13.74	2.366869871537056	1.672741670053825	-1.850886690970233	0	0.9399999999999999	0	0	0	0	0	0	0	0	0	-0.52359878	-0.1334825298454503	-0.08037770021551886	0	-2.408991724706958e-06	0	0	0	0	0	0	0	0	0	0	0	0	0	0	0	0	0	0	0	0
13.76	2.366869871537056	1.672741670053825	-1.850886690970233	0	0.9399999999999999	0	0	0	0	0	0	0	0	0	-0.52359878	-0.1334825298454503	-0.08037770021551886	0	-2.408991724706958e-06	0	0	0	0	0	0	0	0	0	0	0	0	0	0	0	0	0	0	0	0
13.78	2.386875999189068	1.684420326961773	-1.881296876524434	0	0.9399999999999999	0	0	0	0	0	0	0	0	0	-0.52359878	-0.1212193781754894	-0.1004513847652211	0	-2.181595416494451e-06	0	0	0	0	0	0	0	0	0	0	0	0	0	0	0	0	0	0	0	0
13.8	2.410870557885007	1.69913842457616	-1.933745541196741	0	0.9399999999999999	0	0	0	0	0	0	0	0	0	-0.52359878	-0.09053651151038915	-0.1379628108793622	0	1.520665831159565e-06	0	0	0	0	0	0	0	0	0	0	0	0	0	0	0	0	0	0	0	0
13.82	2.411539956124801	1.69954739400362	-1.930773439723462	0	0.9399999999999999	0	0	0	0	0	0	0	0	0	-0.52359878	-0.09704127807206928	-0.1417459166809061	0	-4.058562917311945e-06	0	0	0	0	0	0	0	0	0	0	0	0	0	0	0	0	0	0	0	0
13.84	2.399053296218889	1.703628610823955	-1.942184603390872	0	0.9399999999999999	0	0	0	0	0	0	0	0	0	-0.52359878	-0.07883187810772056	-0.1782266895724666	0	-9.059950862160862e-07	0	0	0	0	0	0	0	0	0	0	0	0	0	0	0	0	0	0	0	0
13.86	2.394378893924035	1.701175955802056	-1.944580915483375	0	0.9399999999999999	0	0	0	0	0	0	0	0	0	-0.52359878	-0.07895797122317605	-0.1924315901309792	0	-9.653730939010538e-06	0	0	0	0	0	0	0	0	0	0	0	0	0	0	0	0	0	0	0	0
13.88	2.374224897709407	1.695492097609486	-1.927655508375135	0	0.9399999999999999	0	0	0	0	0	0	0	0	0	-0.52359878	-0.08390969854092059	-0.2017514563012857	0	2.01649333214543e-06	0	0	0	0	0	0	0	0	0	0	0	0	0	0	0	0	0	0	0	0
13.9	2.366976202821197	1.69588123229061	-1.93431304847794	0	0.9399999999999999	0	0	0	0	0	0	0	0	0	-0.52359878	-0.07182380490831138	-0.2142650649387284	0	-1.134067288124143e-06	0	0	0	0	0	0	0	0	0	0	0	0	0	0	0	0	0	0	0	0
13.92	2.354203593217922	1.677170362366576	-1.90567855112681	0	0.9399999999999999	0	0	0	0	0	0	0	0	0	-0.52359878	-0.1095006062293649	-0.2108865559809262	0	-3.532777923844097e-06	0	0	0	0	0	0	0	0	0	0	0	0	0	0	0	0	0	0	0	0
13.94	2.356180645892255	1.664427046908382	-1.901556864292576	0	0.9399999999999999	0	0	0	0	0	0	0	0	0	-0.52359878	-0.130609052039752	-0.2105647027338861	0	1.167821210603473e-06	0	0	0	0	0	0	0	0	0	0	0	0	0	0	0	0	0	0	0	0
13.96	2.358525184334398	1.646544856591132	-1.897566238168113	0	0.9399999999999999	0	0	0	0	0	0	0	0	0	-0.52359878	-0.1536731408484442	-0.2081987634280367	0	-3.366957918078621e-07	0	0	0	0	0	0	0	0	0	0	0	0	0	0	0	0	0	0	0	0
13.98	2.358525184334398	1.646544856591132	-1.897566238168113	0	0.9399999999999999	0	0	0	0	0	0	0	0	0	-0.52359878	-0.1536731408484442	-0.2081987634280367	0	-3.366957918078621e-07	0	0	0	0	0	0	0	0	0	0	0	0	0	0	0	0	0	0	0	0
14	2.36111298338251	1.626178290807508	-1.893724179437547	0	0.9399999999999999	0	0	0	0	0	0	0	0	0	-0.52359878	-0.1793717576670773	-0.2032961403097769	0	-4.348056884606766e-07	0	0	0	0	0	0	0	0	0	0	0	0	0	0	0	0	0	0	0	0
14.02	2.36259747022635	1.574829147736651	-1.891640995971368	0	0.9399999999999999	0	0	0	0	0	0	0	0	0	-0.52359878	-0.2241234286120966	-0.1866270980405257	0	-2.165092726209785e-06	0	0	0	0	0	0	0	0	0	0	0	0	0	0	0	0	0	0	0	0
14.04	2.359791476927227	1.545357963358489	-1.893388886867146	0	0.9399999999999999	0	0	0	0	0	0	0	0	0	-0.52359878	-0.2404060963083715	-0.1792964666258964	0	-1.055054454534685e-05	0	0	0	0	0	0	0	0	0	0	0	0	0	0	0	0	0	0	0	0
14.06	2.16146094070661	1.534317410362046	-1.70570344649499	0	0.9399999999999999	0	0	0	0	0	0	0	0	0	-0.52359878	-0.242746408588953	-0.1910715975374289	0	1.087840205141877e-07	0	0	0	0	0	0	0	0	0	0	0	0	0	0	0	0	0	0	0	0
14.08	2.126287191982537	1.482145070768313	-1.677536329837812	0	0.9399999999999999	0	0	0	0	0	0	0	0	0	-0.52359878	-0.2834347367508765	-0.1780695155409335	0	-4.246836622567437e-06	0	0	0	0	0	0	0	0	0	0	0	0	0	0	0	0	0	0	0	0
14.1	2.1193979327466	1.447610107757081	-1.685122420859825	0	0.9399999999999999	0	0	0	0	0	0	0	0	0	-0.52359878	-0.3001467493833495	-0.1810175405985054	0	7.108407336198641e-07	0	0	0	0	0	0	0	0	0	0	0	0	0	0	0	0	0	0	0	0
14.12	2.094877581781785	1.411599352006841	-1.677866245011233	0	0.9399999999999999	0	0	0	0	0	0	0	0	0	-0.52359878	-0.3167664303497291	-0.1870067558860589	0	6.902159102014635e-07	0	0	0	0	0	0	0	0	0	0	0	0	0	0	0	0	0	0	0	0
14.14	2.070629416224111	1.373810576981112	-1.673726136877873	0	0.9399999999999999	0	0	0	0	0	0	0	0	0	-0.52359878	-0.332402525438129	-0.1944537016294224	0	3.254792503812184e-06	0	0	0	0	0	0	0	0	0	0	0	0	0	0	0	0	0	0	0	0
14.16	2.062237241156927	1.354983524921994	-1.68332513811702	0	0.9399999999999999	0	0	0	0	0	0	0	0	0	-0.52359878	-0.3309463422126799	-0.2103237994823605	0	4.15345845056885e-06	0	0	0	0	0	0	0	0	0	0	0	0	0	0	0	0	0	0	0	0
14.18	2.018964376670098	1.296290683197424	-1.671019104336781	0	0.9399999999999999	0	0	0	0	0	0	0	0	0	-0.52359878	-0.3590094175877976	-0.2176248085190362	0	-8.300463052522983e-07	0	0	0	0	0	0	0	0	0	0	0	0	0	0	0	0	0	0	0	0
14.2	2.019406825770159	1.285764413948612	-1.688900974234995	0	0.9399999999999999	0	0	0	0	0	0	0	0	0	-0.4740116331200141	-0.3700915548824867	-0.2132139669502984	0	9.187929866488223e-07	0	0	0	0	0	0	0	0	0	0	0	0	0	0	0	0	0	0	0	0
14.22	2.019406825770159	1.285764413948612	-1.688900974234995	0	0.9399999999999999	0	0	0	0	0	0	0	0	0	-0.4740116331200141	-0.3700915548824867	-0.2132139669502984	0	9.187929866488223e-07	0	0	0	0	0	0	0	0	0	0	0	0	0	0	0	0	0	0	0	0
14.24	2.092642830556951	1.318123611738348	-1.775815605558378	0	0.9399999999999999	0	0	0	0	0	0	0	0	0	-0.3024969009426537	-0.371866116457594	-0.1748171291532775	0	2.404785883010883e-07	0	0	0	0	0	0	0	0	0	0	0	0	0	0	0	0	0	0	0	0
14.26	2.134040452224002	1.330936289131893	-1.823702372705926	0	0.9399999999999999	0	0	0	0	0	0	0	0	0	-0.173046554279504	-0.3875299642885556	-0.1257935725298136	0	3.144354693229522e-07	0	0	0	0	0	0	0	0	0	0	0	0	0	0	0	0	0	0	0	0
14.28	2.134040452224002	1.330936289131893	-1.823702372705926	0	0.9399999999999999	0	0	0	0	0	0	0	0	0	-0.173046554279504	-0.3875299642885556	-0.1257935725298136	0	3.144354693229522e-07	0	0	0	0	0	0	0	0	0	0	0	0	0	0	0	0	0	0	0	0
14.3	2.174890056969744	1.342033260223026	-1.870759647694123	0	0.9399999999999999	0	0	0	0	0	0	0	0	0	-0.07526080638552114	-0.3882047393543959	-0.0915112064273805	0	-3.291378877291139e-08	0	0	0	0	0	0	0	0	0	0	0	0	0	0	0	0	0	0	0	0
14.32	2.216276720997973	1.353115232449976	-1.918165125703576	0	0.9399999999999999	0	0	0	0	0	0	0	0	0	0.02174462276053281	-0.3858542691430494	-0.05639915165759832	0	-2.164123123155335e-06	0	0	0	0	0	0	0	0	0	0	0	0	0	0	0	0	0	0	0	0
14.34	2.313751933083445	1.375698633617274	-2.027594285506383	0	0.9399999999999999	0	0	0	0	0	0	0	0	0	0.2115363632789619	-0.3802615949451756	0.009341712421544862	0	4.201885789523688e-07	0	0	0	0	0	0	0	0	0	0	0	0	0	0	0	0	0	0	0	0
14.36	2.372848635995002	1.386869804912307	-2.092554030673253	0	0.9399999999999999	0	0	0	0	0	0	0	0	0	0.3051864365921299	-0.379190024188656	0.04303459978064449	0	-6.972257454797497e-07	0	0	0	0	0	0	0	0	0	0	0	0	0	0	0	0	0	0	0	0
14.38	2.372848635995002	1.386869804912307	-2.092554030673253	0	0.9399999999999999	0	0	0	0	0	0	0	0	0	0.3051864365921299	-0.379190024188656	0.04303459978064449	0	-6.972257454797497e-07	0	0	0	0	0	0	0	0	0	0	0	0	0	0	0	0	0	0	0	0
14.4	2.52498429304531	1.408144255814191	-2.257761109324395	0	0.9399999999999999	0	0	0	0	0	0	0	0	0	0.486513157813267	-0.3758108298399359	0.1044862163301702	0	9.243593242406499e-08	0	0	0	0	0	0	0	0	0	0	0	0	0	0	0	0	0	0	0	0
14.42	2.618754536233663	1.418289773379575	-2.35880377036667	0	0.9399999999999999	0	0	0	0	0	0	0	0	0	0.5718050207965539	-0.3720786360689946	0.1264926707482689	0	1.445013896274421e-07	0	0	0	0	0	0	0	0	0	0	0	0	0	0	0	0	0	0	0	0
14.44	2.726940086417006	1.427457615330954	-2.474992119386465	0	0.9399999999999999	0	0	0	0	0	0	0	0	0	0.6526507406946023	-0.3690063293278368	0.1416611008827971	0	1.147618782994237e-06	0	0	0	0	0	0	0	0	0	0	0	0	0	0	0	0	0	0	0	0
14.46	2.843160991518723	1.433777014324385	-2.600096969840606	0	0.9399999999999999	0	0	0	0	0	0	0	0	0	0.7278180241666122	-0.3668356441211006	0.1535829394106723	0	-1.319300385566749e-06	0	0	0	0	0	0	0	0	0	0	0	0	0	0	0	0	0	0	0	0
14.48	2.843160991518723	1.433777014324385	-2.600096969840606	0	0.9399999999999999	0	0	0	0	0	0	0	0	0	0.7278180241666122	-0.3668356441211006	0.1535829394106723	0	-1.319300385566749e-06	0	0	0	0	0	0	0	0	0	0	0	0	0	0	0	0	0	0	0	0
14.5	3.070185341721047	1.438480962889258	-2.847523900839238	0	0.9399999999999999	0	0	0	0	0	0	0	0	0	0.8613928697496019	-0.3675203356260277	0.1710836165120739	0	-6.662923574778902e-07	0	0	0	0	0	0	0	0	0	0	0	0	0	0	0	0	0	0	0	0
14.52	3.070185341721047	1.438480962889258	-2.847523900839238	0	0.9399999999999999	0	0	0	0	0	0	0	0	0	0.8613928697496019	-0.3675203356260277	0.1710836165120739	0	-6.662923574778902e-07	0	0	0	0	0	0	0	0	0	0	0	0	0	0	0	0	0	0	0	0
14.54	3.309656857852792	1.439143806846157	-3.107839547916527	0	0.9399999999999999	0	0	0	0	0	0	0	0	0	0.9802194017710651	-0.3737834178172163	0.1719465070759656	0	-1.975081446732959e-06	0	0	0	0	0	0	0	0	0	0	0	0	0	0	0	0	0	0	0	0
14.56	3.447932098314076	1.438191196103235	-3.256681873605365	0	0.9399999999999999	0	0	0	0	0	0	0	0	0	1.035895775187085	-0.381097461955974	0.1666980308968281	0	-7.593579264582261e-08	0	0	0	0	0	0	0	0	0	0	0	0	0	0	0	0	0	0	0	0
14.58	3.447932098314076	1.438191196103235	-3.256681873605365	0	0.9399999999999999	0	0	0	0	0	0	0	0	0	1.035895775187085	-0.381097461955974	0.1666980308968281	0	-7.593579264582261e-08	0	0	0	0	0	0	0	0	0	0	0	0	0	0	0	0	0	0	0	0
14.6	3.582455587619946	1.436003069338142	-3.401478719206673	0	0.9399999999999999	0	0	0	0	0	0	0	0	0	1.088218291058669	-0.3903168704918698	0.160801343201332	0	1.523121157070108e-07	0	0	0	0	0	0	0	0	0	0	0	0	0	0	0	0	0	0	0	0
14.62	3.706862496399272	1.432800933663039	-3.535168934120147	0	0.9399999999999999	0	0	0	0	0	0	0	0	0	1.136860217046181	-0.4004505008454922	0.1527422912175296	0	-1.111337651393044e-06	0	0	0	0	0	0	0	0	0	0	0	0	0	0	0	0	0	0	0	0
14.64	3.934658105496732	1.420944800756191	-3.776631651180514	0	0.9399999999999999	0	0	0	0	0	0	0	0	0	1.22540436413555	-0.4171329864737434	0.1267410306005828	0	2.189808441258101e-07	0	0	0	0	0	0	0	0	0	0	0	0	0	0	0	0	0	0	0	0
14.66	4.029365052360609	1.412138354606356	-3.87705215150456	0	0.9399999999999999	0	0	0	0	0	0	0	0	0	1.265847335966223	-0.4221673967343996	0.1124363669048778	0	1.999927721232347e-07	0	0	0	0	0	0	0	0	0	0	0	0	0	0	0	0	0	0	0	0
14.68	4.112567559935685	1.402310020614042	-3.963315203572401	0	0.9399999999999999	0	0	0	0	0	0	0	0	0	1.303526765843956	-0.4220563105945485	0.1087299058457582	0	-2.994982454996433e-08	0	0	0	0	0	0	0	0	0	0	0	0	0	0	0	0	0	0	0	0
14.7	4.185711252378883	1.390505724279171	-4.038531151046433	0	0.9399999999999999	0	0	0	0	0	0	0	0	0	1.342163334581854	-0.4208169671897996	0.09240001789489219	0	-2.179901256791967e-08	0	0	0	0	0	0	0	0	0	0	0	0	0	0	0	0	0	0	0	0
14.72	4.250215593337236	1.377604374981996	-4.104145291777536	0	0.9399999999999999	0	0	0	0	0	0	0	0	0	1.378036379773969	-0.4166653193868011	0.08722072796205908	0	1.710811493229794e-07	0	0	0	0	0	0	0	0	0	0	0	0	0	0	0	0	0	0	0	0
14.74	4.307152827860038	1.36476798355449	-4.161413797183902	0	0.9399999999999999	0	0	0	0	0	0	0	0	0	1.410800420773065	-0.4106294988246306	0.08712887218713096	0	6.126024378328868e-08	0	0	0	0	0	0	0	0	0	0	0	0	0	0	0	0	0	0	0	0
14.76	4.360843673137683	1.352094581777138	-4.214954092064816	0	0.9399999999999999	0	0	0	0	0	0	0	0	0	1.440810751412554	-0.402911381805482	0.09425001445013823	0	1.63928591336725e-06	0	0	0	0	0	0	0	0	0	0	0	0	0	0	0	0	0	0	0	0
14.78	4.360843754763101	1.35209360903819	-4.21495365246155	0	0.9399999999999999	0	0	0	0	0	0	0	0	0	1.440810607655233	-0.4029103254606667	0.09425226015498449	0	-1.227844141670185e-06	0	0	0	0	0	0	0	0	0	0	0	0	0	0	0	0	0	0	0	0
14.8	4.455933225005306	1.329577075074784	-4.308481767040625	0	0.9399999999999999	0	0	0	0	0	0	0	0	0	1.487230058105192	-0.3960062908694331	0.1235285705849557	0	1.173859648764656e-06	0	0	0	0	0	0	0	0	0	0	0	0	0	0	0	0	0	0	0	0
14.82	4.499587317949324	1.319977611705676	-4.350610869690245	0	0.9399999999999999	0	0	0	0	0	0	0	0	0	1.502576477885416	-0.3729580497195421	0.1444516810022571	0	3.548614241710376e-07	0	0	0	0	0	0	0	0	0	0	0	0	0	0	0	0	0	0	0	0
14.84	4.539544101221739	1.312343653062802	-4.388442570937012	0	0.9399999999999999	0	0	0	0	0	0	0	0	0	1.508819011329354	-0.3614049768407728	0.1705795963426503	0	-3.765508993300856e-07	0	0	0	0	0	0	0	0	0	0	0	0	0	0	0	0	0	0	0	0
14.86	4.539544101221739	1.312343653062802	-4.388442570937012	0	0.9399999999999999	0	0	0	0	0	0	0	0	0	1.508819011329354	-0.3614049768407728	0.1705795963426503	0	-3.765508993300856e-07	0	0	0	0	0	0	0	0	0	0	0	0	0	0	0	0	0	0	0	0
14.88	4.611846887079786	1.304203939631017	-4.455200984383892	0	0.9399999999999999	0	0	0	0	0	0	0	0	0	1.501680505496882	-0.3364594424297025	0.2258466804188636	0	1.48851151000462e-08	0	0	0	0	0	0	0	0	0	0	0	0	0	0	0	0	0	0	0	0
14.9	4.611846887079786	1.304203939631017	-4.455200984383892	0	0.9399999999999999	0	0	0	0	0	0	0	0	0	1.501680505496882	-0.3364594424297025	0.2258466804188636	0	1.48851151000462e-08	0	0	0	0	0	0	0	0	0	0	0	0	0	0	0	0	0	0	0	0
14.92	4.640761523086452	1.302550837337751	-4.481059848990895	0	0.9399999999999999	0	0	0	0	0	0	0	0	0	1.487830421121	-0.32377080572156	0.2499287169911888	0	-2.770558398374283e-07	0	0	0	0	0	0	0	0	0	0	0	0	0	0	0	0	0	0	0	0
14.94	4.662489651916813	1.301831510964346	-4.499560170883285	0	0.9399999999999999	0	0	0	0	0	0	0	0	0	1.467543143674773	-0.311174881798037	0.269498438195784	0	9.950004982704776e-08	0	0	0	0	0	0	0	0	0	0	0	0	0	0	0	0	0	0	0	0
14.96	4.689713495081001	1.304431174483663	-4.519918025232896	0	0.9399999999999999	0	0	0	0	0	0	0	0	0	1.409226378871651	-0.2857965503342439	0.2926431821916723	0	-1.895013653338817e-07	0	0	0	0	0	0	0	0	0	0	0	0	0	0	0	0	0	0	0	0
14.98	4.694885825417976	1.308352129619984	-4.521083335722953	0	0.9399999999999999	0	0	0	0	0	0	0	0	0	1.370847987206026	-0.272238877962963	0.2968606986986716	0	2.953539859953339e-06	0	0	0	0	0	0	0	0	0	0	0	0	0	0	0	0	0	0	0	0
15	4.69489213903588	1.308350890409047	-4.521092586859007	0	0.9399999999999999	0	0	0	0	0	0	0	0	0	1.370850146490386	-0.2722349606215994	0.2968645374005051	0	2.735084571797296e-06	0	0	0	0	0	0	0	0	0	0	0	0	0	0	0	0	0	0	0	0
15.02	4.700616294810647	1.31292020228793	-4.522300962231185	0	0.9399999999999999	0	0	0	0	0	0	0	0	0	1.328626534480831	-0.2596460275380868	0.2984662570716333	0	1.068521652888474e-06	0	0	0	0	0	0	0	0	0	0	0	0	0	0	0	0	0	0	0	0
15.04	4.71000390621805	1.327140350689876	-4.522721791477653	0	0.9399999999999999	0	0	0	0	0	0	0	0	0	1.241405788155305	-0.2493157253483539	0.2998165066771186	0	8.179451106963823e-06	0	0	0	0	0	0	0	0	0	0	0	0	0	0	0	0	0	0	0	0
15.06	4.700272312284869	1.336236772808924	-4.508869993431809	0	0.9399999999999999	0	0	0	0	0	0	0	0	0	1.184734155238626	-0.2385120416574763	0.2897854305412041	0	-1.487584397455342e-07	0	0	0	0	0	0	0	0	0	0	0	0	0	0	0	0	0	0	0	0
15.08	4.682813794843579	1.345865019958222	-4.487943990479769	0	0.9399999999999999	0	0	0	0	0	0	0	0	0	1.110349298303844	-0.2194906706919605	0.2639436760553458	0	-4.139112761909642e-08	0	0	0	0	0	0	0	0	0	0	0	0	0	0	0	0	0	0	0	0
15.1	4.682813794843579	1.345865019958222	-4.487943990479769	0	0.9399999999999999	0	0	0	0	0	0	0	0	0	1.110349298303844	-0.2194906706919605	0.2639436760553458	0	-4.139112761909642e-08	0	0	0	0	0	0	0	0	0	0	0	0	0	0	0	0	0	0	0	0
15.12	4.656163583343568	1.356629233667626	-4.458995239109623	0	0.9399999999999999	0	0	0	0	0	0	0	0	0	1.042832418030489	-0.2104110129600844	0.2449323050392893	0	1.436925362131923e-07	0	0	0	0	0	0	0	0	0	0	0	0	0	0	0	0	0	0	0	0
15.14	4.570886944106086	1.380204681237739	-4.373196020018317	0	0.9399999999999999	0	0	0	0	0	0	0	0	0	0.9547256793190215	-0.1971180804752637	0.2171335744752813	0	4.32881473046761e-07	0	0	0	0	0	0	0	0	0	0	0	0	0	0	0	0	0	0	0	0
15.16	4.506568494747767	1.394430622723614	-4.311140871045689	0	0.9399999999999999	0	0	0	0	0	0	0	0	0	0.8064577054633917	-0.1787662705260079	0.1655979631836153	0	1.327948459436477e-06	0	0	0	0	0	0	0	0	0	0	0	0	0	0	0	0	0	0	0	0
15.18	4.421447693651257	1.410462146919048	-4.229569565917123	0	0.9399999999999999	0	0	0	0	0	0	0	0	0	0.7151523020919813	-0.1692077718308628	0.1364236640170686	0	-2.105851906617699e-07	0	0	0	0	0	0	0	0	0	0	0	0	0	0	0	0	0	0	0	0
15.2	4.421447693651257	1.410462146919048	-4.229569565917123	0	0.9399999999999999	0	0	0	0	0	0	0	0	0	0.7151523020919813	-0.1692077718308628	0.1364236640170686	0	-2.105851906617699e-07	0	0	0	0	0	0	0	0	0	0	0	0	0	0	0	0	0	0	0	0
15.22	4.313464787529191	1.427160811636061	-4.126476085088013	0	0.9399999999999999	0	0	0	0	0	0	0	0	0	0.6185741095056092	-0.161457724681367	0.1063853349282607	0	-2.220266416282193e-06	0	0	0	0	0	0	0	0	0	0	0	0	0	0	0	0	0	0	0	0
15.24	4.181197081856272	1.442739781567626	-3.999932923264269	0	0.9399999999999999	0	0	0	0	0	0	0	0	0	0.5170760654058477	-0.1533749348949284	0.07644828357651748	0	1.767085954615431e-06	0	0	0	0	0	0	0	0	0	0	0	0	0	0	0	0	0	0	0	0
15.26	3.81867329733102	1.470602217942986	-3.649313664912162	0	0.9399999999999999	0	0	0	0	0	0	0	0	0	0.3310545411102468	-0.1493821267075753	0.03753227024542103	0	-9.132965677242595e-07	0	0	0	0	0	0	0	0	0	0	0	0	0	0	0	0	0	0	0	0
15.28	3.552657287115882	1.480863898586928	-3.388607619810976	0	0.9399999999999999	0	0	0	0	0	0	0	0	0	0.2175233342054122	-0.1376038200008246	0.01135594208577461	0	2.798623671535896e-06	0	0	0	0	0	0	0	0	0	0	0	0	0	0	0	0	0	0	0	0
15.3	3.227791433918163	1.484760088868363	-3.067890181531695	0	0.9399999999999999	0	0	0	0	0	0	0	0	0	0.06436930858676587	-0.1096260639983824	-0.02634009706791456	0	1.000754485892105e-06	0	0	0	0	0	0	0	0	0	0	0	0	0	0	0	0	0	0	0	0
15.32	3.227791433918163	1.484760088868363	-3.067890181531695	0	0.9399999999999999	0	0	0	0	0	0	0	0	0	0.06436930858676587	-0.1096260639983824	-0.02634009706791456	0	1.000754485892105e-06	0	0	0	0	0	0	0	0	0	0	0	0	0	0	0	0	0	0	0	0
15.34	2.607074094204158	1.471081613903225	-2.451820878847805	0	0.9399999999999999	0	0	0	0	0	0	0	0	0	-0.1808861480451704	-0.1014007699710614	-0.06047431328508721	0	-1.615338395158487e-07	0	0	0	0	0	0	0	0	0	0	0	0	0	0	0	0	0	0	0	0
15.36	2.607074094204158	1.471081613903225	-2.451820878847805	0	0.9399999999999999	0	0	0	0	0	0	0	0	0	-0.1808861480451704	-0.1014007699710614	-0.06047431328508721	0	-1.615338395158487e-07	0	0	0	0	0	0	0	0	0	0	0	0	0	0	0	0	0	0	0	0
15.38	2.165796269867752	1.435439773596346	-2.006553915718971	0	0.9399999999999999	0	0	0	0	0	0	0	0	0	-0.4255541173596604	-0.105945018168694	-0.08299785168285152	0	-1.695124409966385e-06	0	0	0	0	0	0	0	0	0	0	0	0	0	0	0	0	0	0	0	0
15.4	2.046865787561598	1.423186655283724	-1.882503173358041	0	0.9399999999999999	0	0	0	0	0	0	0	0	0	-0.52359878	-0.1092262216016843	-0.0896426833647115	0	9.204355319483376e-07	0	0	0	0	0	0	0	0	0	0	0	0	0	0	0	0	0	0	0	0
15.42	2.017854961371033	1.445553046077911	-1.842552678856473	0	0.9399999999999999	0	0	0	0	0	0	0	0	0	-0.52359878	-0.1223498520796092	-0.07935735751760202	0	-7.101814837147563e-09	0	0	0	0	0	0	0	0	0	0	0	0	0	0	0	0	0	0	0	0
15.44	2.137898799635134	1.506097781295337	-1.946718483177883	0	0.9399999999999999	0	0	0	0	0	0	0	0	0	-0.52359878	-0.1202853437399662	-0.08171542046403789	0	-1.018466839446804e-06	0	0	0	0	0	0	0	0	0	0	0	0	0	0	0	0	0	0	0	0
15.46	2.143527944195475	1.52266793311741	-1.940230401780067	0	0.9399999999999999	0	0	0	0	0	0	0	0	0	-0.52359878	-0.1289585562753908	-0.06331946140875092	0	-1.677468625129898e-05	0	0	0	0	0	0	0	0	0	0	0	0	0	0	0	0	0	0	0	0
15.48	2.149287893898461	1.57672603880917	-1.934762693005622	0	0.9399999999999999	0	0	0	0	0	0	0	0	0	-0.52359878	-0.131626603687559	-0.0767415186655058	0	-1.639802979110027e-07	0	0	0	0	0	0	0	0	0	0	0	0	0	0	0	0	0	0	0	0
15.5	2.149287893898461	1.57672603880917	-1.934762693005622	0	0.9399999999999999	0	0	0	0	0	0	0	0	0	-0.52359878	-0.131626603687559	-0.0767415186655058	0	-1.639802979110027e-07	0	0	0	0	0	0	0	0	0	0	0	0	0	0	0	0	0	0	0	0
15.52	1.906707738625129	1.608286995562079	-1.687809662110189	0	0.9399999999999999	0	0	0	0	0	0	0	0	0	-0.52359878	-0.1217798855504879	-0.06863110247334304	0	2.097770498269598e-06	0	0	0	0	0	0	0	0	0	0	0	0	0	0	0	0	0	0	0	0
15.54	2.0030253372379	1.664468880990714	-1.7893375223534	0	0.9399999999999999	0	0	0	0	0	0	0	0	0	-0.52359878	-0.1022562084748921	-0.06002062309742509	0	-2.327661963618594e-06	0	0	0	0	0	0	0	0	0	0	0	0	0	0	0	0	0	0	0	0
15.56	2.023471286713511	1.684684333507467	-1.817426235094782	0	0.9399999999999999	0	0	0	0	0	0	0	0	0	-0.52359878	-0.0896994495339032	-0.06126308660991026	0	1.999577996274953e-06	0	0	0	0	0	0	0	0	0	0	0	0	0	0	0	0	0	0	0	0
15.58	2.039542670822653	1.69957053924142	-1.841374404591548	0	0.9399999999999999	0	0	0	0	0	0	0	0	0	-0.52359878	-0.07932870042024466	-0.06713311362088012	0	1.416425839222576e-07	0	0	0	0	0	0	0	0	0	0	0	0	0	0	0	0	0	0	0	0
15.6	2.077834730175785	1.696919541263429	-1.883741829904796	0	0.9399999999999999	0	0	0	0	0	0	0	0	0	-0.52359878	-0.07895654730791575	-0.0727696495055193	0	-2.155409664025986e-07	0	0	0	0	0	0	0	0	0	0	0	0	0	0	0	0	0	0	0	0
15.62	2.053599321438352	1.709739920771178	-1.863435692698117	0	0.9399999999999999	0	0	0	0	0	0	0	0	0	-0.52359878	-0.0693467453892099	-0.07554443483103311	0	7.555644816863934e-08	0	0	0	0	0	0	0	0	0	0	0	0	0	0	0	0	0	0	0	0
15.64	2.081202719622096	1.723335246716309	-1.904523714525445	0	0.9399999999999999	0	0	0	0	0	0	0	0	0	-0.52359878	-0.05282866653388503	-0.1000287227166448	0	-3.041883913153544e-06	0	0	0	0	0	0	0	0	0	0	0	0	0	0	0	0	0	0	0	0
15.66	2.0806136866846	1.725374231429453	-1.904974008687723	0	0.9399999999999999	0	0	0	0	0	0	0	0	0	-0.52359878	-0.05166786561416639	-0.116530279264814	0	-6.843298186779964e-07	0	0	0	0	0	0	0	0	0	0	0	0	0	0	0	0	0	0	0	0
15.68	2.081132811285408	1.725366770088198	-1.903108160894956	0	0.9399999999999999	0	0	0	0	0	0	0	0	0	-0.52359878	-0.05583608477664418	-0.1323298463859308	0	-1.259327000762427e-07	0	0	0	0	0	0	0	0	0	0	0	0	0	0	0	0	0	0	0	0
15.7	2.077374790011362	1.719186170901242	-1.89434658803153	0	0.9399999999999999	0	0	0	0	0	0	0	0	0	-0.52359878	-0.0638643014386025	-0.1447817171200901	0	1.273768058290804e-07	0	0	0	0	0	0	0	0	0	0	0	0	0	0	0	0	0	0	0	0
15.72	2.077374790011362	1.719186170901242	-1.89434658803153	0	0.9399999999999999	0	0	0	0	0	0	0	0	0	-0.52359878	-0.0638643014386025	-0.1447817171200901	0	1.273768058290804e-07	0	0	0	0	0	0	0	0	0	0	0	0	0	0	0	0	0	0	0	0
15.74	2.043794129913562	1.697002732640999	-1.852926148261154	0	0.9399999999999999	0	0	0	0	0	0	0	0	0	-0.52359878	-0.07799104740696061	-0.1528368469961096	0	-1.345933436671377e-06	0	0	0	0	0	0	0	0	0	0	0	0	0	0	0	0	0	0	0	0
15.76	2.044226898855073	1.678535240883682	-1.851147942425789	0	0.9399999999999999	0	0	0	0	0	0	0	0	0	-0.52359878	-0.08603501357740334	-0.152759526820325	0	-3.918921642950996e-06	0	0	0	0	0	0	0	0	0	0	0	0	0	0	0	0	0	0	0	0
15.78	2.044184962510675	1.654078754698695	-1.850915936742921	0	0.9399999999999999	0	0	0	0	0	0	0	0	0	-0.52359878	-0.09268261547235265	-0.1513899421242551	0	-5.529961318926161e-07	0	0	0	0	0	0	0	0	0	0	0	0	0	0	0	0	0	0	0	0
15.8	2.044184962510675	1.654078754698695	-1.850915936742921	0	0.9399999999999999	0	0	0	0	0	0	0	0	0	-0.52359878	-0.09268261547235265	-0.1513899421242551	0	-5.529961318926161e-07	0	0	0	0	0	0	0	0	0	0	0	0	0	0	0	0	0	0	0	0
15.82	2.110262049515198	1.623417912798506	-1.919922604860518	0	0.9399999999999999	0	0	0	0	0	0	0	0	0	-0.52359878	-0.09953047634538624	-0.1491523910999306	0	-3.938775775903507e-08	0	0	0	0	0	0	0	0	0	0	0	0	0	0	0	0	0	0	0	0
15.84	2.107251464298172	1.585558224976539	-1.924505944664381	0	0.9399999999999999	0	0	0	0	0	0	0	0	0	-0.52359878	-0.09784506601115098	-0.142469187033057	0	-1.131595044733861e-07	0	0	0	0	0	0	0	0	0	0	0	0	0	0	0	0	0	0	0	0
15.86	1.419748559632971	1.540912671830983	-1.24606417159478	0	0.9399999999999999	0	0	0	0	0	0	0	0	0	-0.52359878	-0.1096649884326537	-0.14397942303339	0	-3.412928880488002e-07	0	0	0	0	0	0	0	0	0	0	0	0	0	0	0	0	0	0	0	0
15.88	1.742518797896862	1.506941910813787	-1.593619152685224	0	0.9399999999999999	0	0	0	0	0	0	0	0	0	-0.52359878	-0.1028409034632949	-0.1533743996320235	0	2.936485610835262e-06	0	0	0	0	0	0	0	0	0	0	0	0	0	0	0	0	0	0	0	0
15.9	1.734405135600056	1.402858019921596	-1.60357905756805	0	0.9399999999999999	0	0	0	0	0	0	0	0	0	-0.52359878	-0.1314683478285894	-0.1462497738932261	0	-9.716958411056691e-07	0	0	0	0	0	0	0	0	0	0	0	0	0	0	0	0	0	0	0	0
15.92	1.734405135600056	1.402858019921596	-1.60357905756805	0	0.9399999999999999	0	0	0	0	0	0	0	0	0	-0.52359878	-0.1314683478285894	-0.1462497738932261	0	-9.716958411056691e-07	0	0	0	0	0	0	0	0	0	0	0	0	0	0	0	0	0	0	0	0
15.94	1.761103729965143	1.362794476896234	-1.659735259141312	0	0.9399999999999999	0	0	0	0	0	0	0	0	0	-0.52359878	-0.1335353939825228	-0.1573799999888668	0	-2.461534709833765e-07	0	0	0	0	0	0	0	0	0	0	0	0	0	0	0	0	0	0	0	0
15.96	1.800466525430646	1.382044627777898	-1.707767339361828	0	0.9399999999999999	0	0	0	0	0	0	0	0	0	-0.3251537745614784	-0.180187967985982	-0.1274736745951487	0	6.324496960067982e-09	0	0	0	0	0	0	0	0	0	0	0	0	0	0	0	0	0	0	0	0
15.98	1.854705531577326	1.405383269651808	-1.768315728168528	0	0.9399999999999999	0	0	0	0	0	0	0	0	0	-0.2105962932683603	-0.2019659120217722	-0.1131672010421056	0	-2.852914472257813e-07	0	0	0	0	0	0	0	0	0	0	0	0	0	0	0	0	0	0	0	0
16	1.917886292406788	1.425550633736122	-1.836213228053569	0	0.9399999999999999	0	0	0	0	0	0	0	0	0	-0.09932063881994127	-0.2232886315539236	-0.09579126722885439	0	5.472332725246929e-08	0	0	0	0	0	0	0	0	0	0	0	0	0	0	0	0	0	0	0	0
16.02	1.98916394327717	1.442756266774013	-1.910640471412013	0	0.9399999999999999	0	0	0	0	0	0	0	0	0	-0.02192228915963332	-0.2242255113305327	-0.09623622032264161	0	-7.456291681613641e-09	0	0	0	0	0	0	0	0	0	0	0	0	0	0	0	0	0	0	0	0
16.04	2.077692472810226	1.457616859495684	-2.000480021889019	0	0.9399999999999999	0	0	0	0	0	0	0	0	0	0.1134289934289205	-0.261749704479511	-0.05309100934666373	0	2.244886797883838e-07	0	0	0	0	0	0	0	0	0	0	0	0	0	0	0	0	0	0	0	0
16.06	2.18186985650563	1.470562761007564	-2.104794135115226	0	0.9399999999999999	0	0	0	0	0	0	0	0	0	0.2150497888493015	-0.2787821587700879	-0.02999358852567707	0	1.621476848431919e-08	0	0	0	0	0	0	0	0	0	0	0	0	0	0	0	0	0	0	0	0
16.08	2.18186985650563	1.470562761007564	-2.104794135115226	0	0.9399999999999999	0	0	0	0	0	0	0	0	0	0.2150497888493015	-0.2787821587700879	-0.02999358852567707	0	1.621476848431919e-08	0	0	0	0	0	0	0	0	0	0	0	0	0	0	0	0	0	0	0	0
16.1	2.448884425282826	1.491161121530399	-2.370121125627289	0	0.9399999999999999	0	0	0	0	0	0	0	0	0	0.4100834603726697	-0.3051946487852892	0.01354048564837276	0	1.800660871927062e-06	0	0	0	0	0	0	0	0	0	0	0	0	0	0	0	0	0	0	0	0
16.12	2.448884425282826	1.491161121530399	-2.370121125627289	0	0.9399999999999999	0	0	0	0	0	0	0	0	0	0.4100834603726697	-0.3051946487852892	0.01354048564837276	0	1.800660871927062e-06	0	0	0	0	0	0	0	0	0	0	0	0	0	0	0	0	0	0	0	0
16.14	2.96356557583486	1.499906470980196	-2.884731386174598	0	0.9399999999999999	0	0	0	0	0	0	0	0	0	0.524094285500506	-0.3106409004562532	0.0268029700141789	0	-5.623185392189538e-07	0	0	0	0	0	0	0	0	0	0	0	0	0	0	0	0	0	0	0	0
16.16	3.219146940778611	1.494821287580023	-3.141160856021372	0	0.9399999999999999	0	0	0	0	0	0	0	0	0	0.6152712975338505	-0.3193651902229013	0.0423337268280761	0	5.882456208860391e-08	0	0	0	0	0	0	0	0	0	0	0	0	0	0	0	0	0	0	0	0
16.18	3.216389678120523	1.494807585495867	-3.138409237741581	0	0.9399999999999999	0	0	0	0	0	0	0	0	0	0.6860316531919441	-0.3321920151811896	0.06389801203194397	0	-9.092214024055611e-07	0	0	0	0	0	0	0	0	0	0	0	0	0	0	0	0	0	0	0	0
16.2	3.417713805646254	1.484527016120202	-3.340715348318726	0	0.9399999999999999	0	0	0	0	0	0	0	0	0	0.766483254780352	-0.3377124396734325	0.07746680676620415	0	1.460966033433014e-06	0	0	0	0	0	0	0	0	0	0	0	0	0	0	0	0	0	0	0	0
16.22	3.651074524537254	1.458011113876299	-3.577636838533328	0	0.9399999999999999	0	0	0	0	0	0	0	0	0	0.9028088083827006	-0.3464245869867416	0.09328131361222969	0	-4.047648013954852e-07	0	0	0	0	0	0	0	0	0	0	0	0	0	0	0	0	0	0	0	0
16.24	3.739206776827064	1.445192588702114	-3.667472504426703	0	0.9399999999999999	0	0	0	0	0	0	0	0	0	0.9636436464034621	-0.350052390169364	0.09774738241581565	0	9.185472881143259e-08	0	0	0	0	0	0	0	0	0	0	0	0	0	0	0	0	0	0	0	0
16.26	3.836603593715321	1.431795617925844	-3.766237222793435	0	0.9399999999999999	0	0	0	0	0	0	0	0	0	1.024206724172419	-0.3514234841429479	0.09924784588059848	0	1.443561866397266e-06	0	0	0	0	0	0	0	0	0	0	0	0	0	0	0	0	0	0	0	0
16.28	3.940004292461126	1.417405471717717	-3.871447320857089	0	0.9399999999999999	0	0	0	0	0	0	0	0	0	1.083915616988678	-0.3509206385900247	0.09008750900467408	0	-1.773093125251349e-07	0	0	0	0	0	0	0	0	0	0	0	0	0	0	0	0	0	0	0	0
16.3	4.036498336251222	1.402758860143726	-3.970493198691529	0	0.9399999999999999	0	0	0	0	0	0	0	0	0	1.138945406835339	-0.3517500819067645	0.0685635595415678	0	-1.920036677343131e-08	0	0	0	0	0	0	0	0	0	0	0	0	0	0	0	0	0	0	0	0
16.32	4.113053963638647	1.388423426887722	-4.050059470353911	0	0.9399999999999999	0	0	0	0	0	0	0	0	0	1.186042286721896	-0.355926018866583	0.03481647931465966	0	-1.196354197751791e-06	0	0	0	0	0	0	0	0	0	0	0	0	0	0	0	0	0	0	0	0
16.34	4.169041643335102	1.375111797149252	-4.108925034063566	0	0.9399999999999999	0	0	0	0	0	0	0	0	0	1.224589498337522	-0.3627812708370953	-0.008253218954808104	0	4.136703272064164e-08	0	0	0	0	0	0	0	0	0	0	0	0	0	0	0	0	0	0	0	0
16.36	4.213873706044879	1.362671731498535	-4.155854702665018	0	0.9399999999999999	0	0	0	0	0	0	0	0	0	1.257646268678386	-0.3698113101712258	-0.05506082542789718	0	1.304155044355734e-06	0	0	0	0	0	0	0	0	0	0	0	0	0	0	0	0	0	0	0	0
16.38	4.213873706044879	1.362671731498535	-4.155854702665018	0	0.9399999999999999	0	0	0	0	0	0	0	0	0	1.257646268678386	-0.3698113101712258	-0.05506082542789718	0	1.304155044355734e-06	0	0	0	0	0	0	0	0	0	0	0	0	0	0	0	0	0	0	0	0
16.4	4.255438755077328	1.350915180957629	-4.197821149180832	0	0.9399999999999999	0	0	0	0	0	0	0	0	0	1.288116705620768	-0.3763848721942099	-0.1008804139571804	0	-4.849586008624519e-07	0	0	0	0	0	0	0	0	0	0	0	0	0	0	0	0	0	0	0	0
16.42	4.339375923744907	1.323051950444013	-4.275186363255377	0	0.9399999999999999	0	0	0	0	0	0	0	0	0	1.345897463841413	-0.3789559093936005	-0.1615030215269675	0	-9.007032985528351e-08	0	0	0	0	0	0	0	0	0	0	0	0	0	0	0	0	0	0	0	0
16.44	4.380936272673151	1.305646448539701	-4.310396840459682	0	0.9399999999999999	0	0	0	0	0	0	0	0	0	1.375730216192416	-0.3898045879038549	-0.2038587979962591	0	1.944359869165592e-07	0	0	0	0	0	0	0	0	0	0	0	0	0	0	0	0	0	0	0	0
16.46	4.416358800796115	1.288092107235712	-4.337614509375451	0	0.9399999999999999	0	0	0	0	0	0	0	0	0	1.403077949555266	-0.3900089313191744	-0.214572438198197	0	-8.456827181185819e-07	0	0	0	0	0	0	0	0	0	0	0	0	0	0	0	0	0	0	0	0
16.48	4.442583701856614	1.272791785307233	-4.353763926995684	0	0.9399999999999999	0	0	0	0	0	0	0	0	0	1.425837937281518	-0.3870359405674876	-0.2123961083777823	0	-9.123112390671226e-07	0	0	0	0	0	0	0	0	0	0	0	0	0	0	0	0	0	0	0	0
16.5	4.442583701856614	1.272791785307233	-4.353763926995684	0	0.9399999999999999	0	0	0	0	0	0	0	0	0	1.425837937281518	-0.3870359405674876	-0.2123961083777823	0	-9.123112390671226e-07	0	0	0	0	0	0	0	0	0	0	0	0	0	0	0	0	0	0	0	0
16.52	4.4606318349189	1.261727066025007	-4.360286158547614	0	0.9399999999999999	0	0	0	0	0	0	0	0	0	1.441473383442573	-0.3810938613397942	-0.1990817286013005	0	5.06899172029194e-06	0	0	0	0	0	0	0	0	0	0	0	0	0	0	0	0	0	0	0	0
16.54	4.489149246455914	1.251169629173012	-4.362838620488612	0	0.9399999999999999	0	0	0	0	0	0	0	0	0	1.449616546892735	-0.3589150240195095	-0.1484168267518727	0	-1.512175399563439e-08	0	0	0	0	0	0	0	0	0	0	0	0	0	0	0	0	0	0	0	0
16.56	4.489149246455914	1.251169629173012	-4.362838620488612	0	0.9399999999999999	0	0	0	0	0	0	0	0	0	1.449616546892735	-0.3589150240195095	-0.1484168267518727	0	-1.512175399563439e-08	0	0	0	0	0	0	0	0	0	0	0	0	0	0	0	0	0	0	0	0
16.58	4.503910639418491	1.248996102759968	-4.364755848327343	0	0.9399999999999999	0	0	0	0	0	0	0	0	0	1.439181177454772	-0.3439429409896222	-0.1194835990436493	0	1.470579145467877e-07	0	0	0	0	0	0	0	0	0	0	0	0	0	0	0	0	0	0	0	0
16.6	4.534869319044534	1.248768170091821	-4.372117199155722	0	0.9399999999999999	0	0	0	0	0	0	0	0	0	1.425254360890822	-0.3163203595829555	-0.0866009666888216	0	-1.8138571184127e-08	0	0	0	0	0	0	0	0	0	0	0	0	0	0	0	0	0	0	0	0
16.62	4.551707696394002	1.250908374239219	-4.378951120246138	0	0.9399999999999999	0	0	0	0	0	0	0	0	0	1.36921078019579	-0.2880757342217197	-0.05370526270747052	0	-5.062731349358625e-08	0	0	0	0	0	0	0	0	0	0	0	0	0	0	0	0	0	0	0	0
16.64	4.566402535705882	1.25513151883521	-4.38512411355	0	0.9399999999999999	0	0	0	0	0	0	0	0	0	1.333650522087805	-0.2662110398832527	-0.04687063342083365	0	-2.139149133463437e-07	0	0	0	0	0	0	0	0	0	0	0	0	0	0	0	0	0	0	0	0
16.66	4.573364506317148	1.261535753173275	-4.38485300378512	0	0.9399999999999999	0	0	0	0	0	0	0	0	0	1.289864010395893	-0.2428132965950814	-0.04758262462761801	0	9.839503475244832e-07	0	0	0	0	0	0	0	0	0	0	0	0	0	0	0	0	0	0	0	0
16.68	4.569793966697699	1.270284489046165	-4.375544224709791	0	0.9399999999999999	0	0	0	0	0	0	0	0	0	1.282091613710776	-0.2376624341567581	-0.04404552038793848	0	-2.274995634011292e-06	0	0	0	0	0	0	0	0	0	0	0	0	0	0	0	0	0	0	0	0
16.7	4.569730700316406	1.27028129550398	-4.375517268783764	0	0.9399999999999999	0	0	0	0	0	0	0	0	0	1.237348582897595	-0.2203962254294012	-0.05517231871217141	0	1.600901472383287e-06	0	0	0	0	0	0	0	0	0	0	0	0	0	0	0	0	0	0	0	0
16.72	4.554907479172071	1.281124089869316	-4.35649392424428	0	0.9399999999999999	0	0	0	0	0	0	0	0	0	1.176734907937564	-0.1979858449679426	-0.06791555144218912	0	1.063350193800083e-06	0	0	0	0	0	0	0	0	0	0	0	0	0	0	0	0	0	0	0	0
16.74	4.526208994808569	1.29320106105568	-4.324909859168557	0	0.9399999999999999	0	0	0	0	0	0	0	0	0	1.107758361971153	-0.175482867411746	-0.08369897492239922	0	3.090990378567581e-08	0	0	0	0	0	0	0	0	0	0	0	0	0	0	0	0	0	0	0	0
16.76	4.428637151472188	1.321098376983648	-4.224973349455046	0	0.9399999999999999	0	0	0	0	0	0	0	0	0	0.9450749303770286	-0.1306960601243914	-0.1167684140878337	0	1.203659481520325e-07	0	0	0	0	0	0	0	0	0	0	0	0	0	0	0	0	0	0	0	0
16.78	4.365844518659958	1.339038162301224	-4.16278843935164	0	0.9399999999999999	0	0	0	0	0	0	0	0	0	0.8505552299840112	-0.1089098831642167	-0.1272042268442115	0	1.836340836215256e-07	0	0	0	0	0	0	0	0	0	0	0	0	0	0	0	0	0	0	0	0
16.8	4.365844518659958	1.339038162301224	-4.16278843935164	0	0.9399999999999999	0	0	0	0	0	0	0	0	0	0.8505552299840112	-0.1089098831642167	-0.1272042268442115	0	1.836340836215256e-07	0	0	0	0	0	0	0	0	0	0	0	0	0	0	0	0	0	0	0	0
16.82	4.293091787247214	1.358384602087163	-4.0903032846681	0	0.9399999999999999	0	0	0	0	0	0	0	0	0	0.7485379063336001	-0.08643273054615723	-0.1316208408953724	0	-6.355689855388071e-07	0	0	0	0	0	0	0	0	0	0	0	0	0	0	0	0	0	0	0	0
16.84	4.204352178322364	1.381016498383344	-4.001506625506083	0	0.9399999999999999	0	0	0	0	0	0	0	0	0	0.6361784484088433	-0.06658155515378429	-0.127376701002061	0	-5.416861920825604e-07	0	0	0	0	0	0	0	0	0	0	0	0	0	0	0	0	0	0	0	0
16.86	3.946681939470685	1.430706740923249	-3.742553125597083	0	0.9399999999999999	0	0	0	0	0	0	0	0	0	0.3863338583839274	-0.03989868044286691	-0.1011366167981287	0	-1.432644423185313e-06	0	0	0	0	0	0	0	0	0	0	0	0	0	0	0	0	0	0	0	0
16.88	3.734849901024027	1.454646352724399	-3.528923040285401	0	0.9399999999999999	0	0	0	0	0	0	0	0	0	0.2511750477367612	-0.03308285355148208	-0.08579458717069045	0	-8.898035895184347e-07	0	0	0	0	0	0	0	0	0	0	0	0	0	0	0	0	0	0	0	0
16.9	3.421690487340396	1.472267521125662	-3.212407647835933	0	0.9399999999999999	0	0	0	0	0	0	0	0	0	0.1105058194982123	-0.02784821509375224	-0.07079481121246727	0	2.066167111551853e-07	0	0	0	0	0	0	0	0	0	0	0	0	0	0	0	0	0	0	0	0
16.92	3.011975281769061	1.477247803319923	-2.796605005011494	0	0.9399999999999999	0	0	0	0	0	0	0	0	0	-0.03109839610681465	-0.0239827965366891	-0.06107796321108133	0	3.100112377035206e-07	0	0	0	0	0	0	0	0	0	0	0	0	0	0	0	0	0	0	0	0
16.94	3.011975281769061	1.477247803319923	-2.796605005011494	0	0.9399999999999999	0	0	0	0	0	0	0	0	0	-0.03109839610681465	-0.0239827965366891	-0.06107796321108133	0	3.100112377035206e-07	0	0	0	0	0	0	0	0	0	0	0	0	0	0	0	0	0	0	0	0
16.96	2.368147049151027	1.444664372639026	-2.134367704472071	0	0.9399999999999999	0	0	0	0	0	0	0	0	0	-0.2993400799150007	-0.02433351971045412	-0.04154287013338767	0	1.139302478512903e-06	0	0	0	0	0	0	0	0	0	0	0	0	0	0	0	0	0	0	0	0
16.98	2.368147049151027	1.444664372639026	-2.134367704472071	0	0.9399999999999999	0	0	0	0	0	0	0	0	0	-0.2993400799150007	-0.02433351971045412	-0.04154287013338767	0	1.139302478512903e-06	0	0	0	0	0	0	0	0	0	0	0	0	0	0	0	0	0	0	0	0
17	2.077035075564413	1.399068407457843	-1.816372716783862	0	0.9399999999999999	0	0	0	0	0	0	0	0	0	-0.52359878	-0.03712487391339413	-0.01727780813051728	0	-3.190654034519048e-07	0	0	0	0	0	0	0	0	0	0	0	0	0	0	0	0	0	0	0	0
17.02	2.033661607450945	1.416872542339477	-1.752832475065241	0	0.9399999999999999	0	0	0	0	0	0	0	0	0	-0.52359878	-0.05654137314206928	0.01519855829530581	0	-1.006797252621643e-06	0	0	0	0	0	0	0	0	0	0	0	0	0	0	0	0	0	0	0	0
17.04	2.069113256593138	1.439247850447396	-1.787318382429866	0	0.9399999999999999	0	0	0	0	0	0	0	0	0	-0.52359878	-0.05032133922750647	0.00628025865749632	0	9.126085232910296e-07	0	0	0	0	0	0	0	0	0	0	0	0	0	0	0	0	0	0	0	0
17.06	1.969796161431758	1.510646372546359	-1.646796089952062	0	0.9399999999999999	0	0	0	0	0	0	0	0	0	-0.52359878	-0.07830857033481928	0.06239420127274133	0	-8.560151046941366e-07	0	0	0	0	0	0	0	0	0	0	0	0	0	0	0	0	0	0	0	0
17.08	1.737125926579538	1.542216345624203	-1.39697642707059	0	0.9399999999999999	0	0	0	0	0	0	0	0	0	-0.52359878	-0.08983243239236288	0.08973822689220913	0	9.810911898354184e-07	0	0	0	0	0	0	0	0	0	0	0	0	0	0	0	0	0	0	0	0
17.1	1.743631990320929	1.571503426013774	-1.390117673239853	0	0.9399999999999999	0	0	0	0	0	0	0	0	0	-0.52359878	-0.09172629116305901	0.1192619322085085	0	-7.001748175375609e-07	0	0	0	0	0	0	0	0	0	0	0	0	0	0	0	0	0	0	0	0
17.12	1.749487079613269	1.584064071273419	-1.385643047542288	0	0.9399999999999999	0	0	0	0	0	0	0	0	0	-0.52359878	-0.1002115191750682	0.1375938845936849	0	-2.657891164570412e-05	0	0	0	0	0	0	0	0	0	0	0	0	0	0	0	0	0	0	0	0
17.14	2.394828935263675	1.614794041426649	-2.02093414388353	0	0.9399999999999999	0	0	0	0	0	0	0	0	0	-0.52359878	-0.1260316365392776	0.1471799967870576	0	-1.340537468657067e-07	0	0	0	0	0	0	0	0	0	0	0	0	0	0	0	0	0	0	0	0
17.16	2.233364257863844	1.641112322435503	-1.855315272053965	0	0.9399999999999999	0	0	0	0	0	0	0	0	0	-0.52359878	-0.1250632319910746	0.1679344997965325	0	-2.386957434030476e-06	0	0	0	0	0	0	0	0	0	0	0	0	0	0	0	0	0	0	0	0
17.18	2.201845231354605	1.651151221832354	-1.823127992244734	0	0.9399999999999999	0	0	0	0	0	0	0	0	0	-0.52359878	-0.1233543482717475	0.178027005430902	0	3.556286799435286e-07	0	0	0	0	0	0	0	0	0	0	0	0	0	0	0	0	0	0	0	0
17.2	2.202505483790721	1.655925630625287	-1.821158673451646	0	0.9399999999999999	0	0	0	0	0	0	0	0	0	-0.52359878	-0.1297814924678276	0.1754103232985398	0	-3.429378937015752e-06	0	0	0	0	0	0	0	0	0	0	0	0	0	0	0	0	0	0	0	0
17.22	2.183467089285227	1.662326792541932	-1.797346519266331	0	0.9399999999999999	0	0	0	0	0	0	0	0	0	-0.52359878	-0.1407944904825809	0.162743669848806	0	1.768642264242487e-08	0	0	0	0	0	0	0	0	0	0	0	0	0	0	0	0	0	0	0	0
17.24	2.234964028362173	1.660478608755454	-1.849559290391955	0	0.9399999999999999	0	0	0	0	0	0	0	0	0	-0.52359878	-0.1432473323453541	0.1603265105472328	0	-7.062149633411619e-07	0	0	0	0	0	0	0	0	0	0	0	0	0	0	0	0	0	0	0	0
17.26	2.185566703500226	1.669924278822397	-1.794214029260186	0	0.9399999999999999	0	0	0	0	0	0	0	0	0	-0.52359878	-0.1532014817614849	0.1432403098671999	0	1.073443524220297e-07	0	0	0	0	0	0	0	0	0	0	0	0	0	0	0	0	0	0	0	0
17.28	2.239974418332555	1.671688996134821	-1.842393318216431	0	0.9399999999999999	0	0	0	0	0	0	0	0	0	-0.52359878	-0.1736494737610544	0.1004931007612723	0	-1.556192095132007e-07	0	0	0	0	0	0	0	0	0	0	0	0	0	0	0	0	0	0	0	0
17.3	2.295140157428578	1.664448869727157	-1.896453432362705	0	0.9399999999999999	0	0	0	0	0	0	0	0	0	-0.52359878	-0.181001752423579	0.08258258826225805	0	-1.780143463359248e-07	0	0	0	0	0	0	0	0	0	0	0	0	0	0	0	0	0	0	0	0
17.32	2.295140157428578	1.664448869727157	-1.896453432362705	0	0.9399999999999999	0	0	0	0	0	0	0	0	0	-0.52359878	-0.181001752423579	0.08258258826225805	0	-1.780143463359248e-07	0	0	0	0	0	0	0	0	0	0	0	0	0	0	0	0	0	0	0	0
17.34	2.360729888740201	1.653133802854053	-1.962974281664723	0	0.9399999999999999	0	0	0	0	0	0	0	0	0	-0.52359878	-0.1840818501246942	0.06783295665360178	0	-1.29953161564731e-06	0	0	0	0	0	0	0	0	0	0	0	0	0	0	0	0	0	0	0	0
17.36	2.622223164304941	1.618358076564827	-2.2350632867956	0	0.9399999999999999	0	0	0	0	0	0	0	0	0	-0.52359878	-0.1754839323455553	0.04615901751904353	0	-8.278961561066526e-07	0	0	0	0	0	0	0	0	0	0	0	0	0	0	0	0	0	0	0	0
17.38	2.622223164304941	1.618358076564827	-2.2350632867956	0	0.9399999999999999	0	0	0	0	0	0	0	0	0	-0.52359878	-0.1754839323455553	0.04615901751904353	0	-8.278961561066526e-07	0	0	0	0	0	0	0	0	0	0	0	0	0	0	0	0	0	0	0	0
17.4	1.32826389411121	1.531695073688425	-0.9629186425663047	0	0.9399999999999999	0	0	0	0	0	0	0	0	0	-0.52359878	-0.1522778011936808	0.03608821408265139	0	4.212482594766225e-06	0	0	0	0	0	0	0	0	0	0	0	0	0	0	0	0	0	0	0	0
17.42	1.32826389411121	1.531695073688425	-0.9629186425663047	0	0.9399999999999999	0	0	0	0	0	0	0	0	0	-0.52359878	-0.1522778011936808	0.03608821408265139	0	4.212482594766225e-06	0	0	0	0	0	0	0	0	0	0	0	0	0	0	0	0	0	0	0	0
17.44	1.707476816593875	1.49453629029435	-1.355958954441954	0	0.9399999999999999	0	0	0	0	0	0	0	0	0	-0.52359878	-0.1392489483993454	0.03290952938839731	0	2.114791001041146e-06	0	0	0	0	0	0	0	0	0	0	0	0	0	0	0	0	0	0	0	0
17.46	1.835700477822162	1.449267748088767	-1.498261972100322	0	0.9399999999999999	0	0	0	0	0	0	0	0	0	-0.52359878	-0.1292873292028694	0.02613088597010318	0	-9.524788265457101e-07	0	0	0	0	0	0	0	0	0	0	0	0	0	0	0	0	0	0	0	0
17.48	1.922096425769679	1.354723049165295	-1.615744459749243	0	0.9399999999999999	0	0	0	0	0	0	0	0	0	-0.52359878	-0.1150841514601905	0.004860858860306019	0	5.27192796628675e-07	0	0	0	0	0	0	0	0	0	0	0	0	0	0	0	0	0	0	0	0
17.5	1.967245060041892	1.363420507375435	-1.672669869332695	0	0.9399999999999999	0	0	0	0	0	0	0	0	0	-0.52359878	-0.1006456800694538	-0.002895003623513826	0	9.084014662783482e-07	0	0	0	0	0	0	0	0	0	0	0	0	0	0	0	0	0	0	0	0
17.52	1.94152056275261	1.322829157816272	-1.651195684799335	0	0.9399999999999999	0	0	0	0	0	0	0	0	0	-0.5032421028148317	-0.1104703466712975	-0.007798038533176685	0	-8.797273120954972e-07	0	0	0	0	0	0	0	0	0	0	0	0	0	0	0	0	0	0	0	0
17.54	1.994529452114604	1.348747491254847	-1.714894132767807	0	0.9399999999999999	0	0	0	0	0	0	0	0	0	-0.3984449249219192	-0.1043814206602501	-0.01453420327300249	0	2.45566958491537e-06	0	0	0	0	0	0	0	0	0	0	0	0	0	0	0	0	0	0	0	0
17.56	2.064424526627653	1.372773247461623	-1.796966634417341	0	0.9399999999999999	0	0	0	0	0	0	0	0	0	-0.2992561384863145	-0.09726723926429053	-0.02533691513548878	0	-8.339802319113168e-07	0	0	0	0	0	0	0	0	0	0	0	0	0	0	0	0	0	0	0	0
17.58	2.25200076250429	1.406108354246645	-2.010349984147563	0	0.9399999999999999	0	0	0	0	0	0	0	0	0	-0.1226953579448184	-0.09030734718621722	-0.05152721609264692	0	-2.706747968291083e-07	0	0	0	0	0	0	0	0	0	0	0	0	0	0	0	0	0	0	0	0
17.6	2.25200076250429	1.406108354246645	-2.010349984147563	0	0.9399999999999999	0	0	0	0	0	0	0	0	0	-0.1226953579448184	-0.09030734718621722	-0.05152721609264692	0	-2.706747968291083e-07	0	0	0	0	0	0	0	0	0	0	0	0	0	0	0	0	0	0	0	0
17.62	2.473333250367613	1.422802382163895	-2.256875569668603	0	0.9399999999999999	0	0	0	0	0	0	0	0	0	0.03035758326019306	-0.08473830639336243	-0.0782857185026589	0	-4.357986211145096e-07	0	0	0	0	0	0	0	0	0	0	0	0	0	0	0	0	0	0	0	0
17.64	2.600086049516657	1.429520614788972	-2.395560525829292	0	0.9399999999999999	0	0	0	0	0	0	0	0	0	0.1030635310880248	-0.07979738539200859	-0.08586652600574129	0	1.341818466089927e-06	0	0	0	0	0	0	0	0	0	0	0	0	0	0	0	0	0	0	0	0
17.66	2.733400523248858	1.434891969909201	-2.54117957672211	0	0.9399999999999999	0	0	0	0	0	0	0	0	0	0.1664616279762721	-0.06355474392235372	-0.09617775742622107	0	1.434993558123975e-06	0	0	0	0	0	0	0	0	0	0	0	0	0	0	0	0	0	0	0	0
17.68	2.733543744514622	1.434850058463578	-2.541204575377951	0	0.9399999999999999	0	0	0	0	0	0	0	0	0	0.17315576459405	-0.0736357578300306	-0.08965719572050999	0	1.389793769648476e-06	0	0	0	0	0	0	0	0	0	0	0	0	0	0	0	0	0	0	0	0
17.7	2.866806939032798	1.438259861687317	-2.687954989094297	0	0.9399999999999999	0	0	0	0	0	0	0	0	0	0.2401303655937836	-0.06768591806529616	-0.08955005330685267	0	7.35583372715285e-07	0	0	0	0	0	0	0	0	0	0	0	0	0	0	0	0	0	0	0	0
17.72	3.120855608053774	1.439350776587224	-2.971539463058553	0	0.9399999999999999	0	0	0	0	0	0	0	0	0	0.3591081826977216	-0.05050535504297254	-0.088478180859863	0	4.35219855435376e-07	0	0	0	0	0	0	0	0	0	0	0	0	0	0	0	0	0	0	0	0
17.74	3.229144696632916	1.436735030906155	-3.096014843969844	0	0.9399999999999999	0	0	0	0	0	0	0	0	0	0.4045740895319764	-0.06132797729887297	-0.0724370670511045	0	3.216103474848908e-07	0	0	0	0	0	0	0	0	0	0	0	0	0	0	0	0	0	0	0	0
17.76	3.229144696632916	1.436735030906155	-3.096014843969844	0	0.9399999999999999	0	0	0	0	0	0	0	0	0	0.4045740895319764	-0.06132797729887297	-0.0724370670511045	0	3.216103474848908e-07	0	0	0	0	0	0	0	0	0	0	0	0	0	0	0	0	0	0	0	0
17.78	3.317640017408356	1.432731872716304	-3.2014396513632	0	0.9399999999999999	0	0	0	0	0	0	0	0	0	0.4457515610107926	-0.06112781896529267	-0.0683098797320128	0	-6.888034744769996e-08	0	0	0	0	0	0	0	0	0	0	0	0	0	0	0	0	0	0	0	0
17.8	3.452707054838393	1.423474310636485	-3.369775833658109	0	0.9399999999999999	0	0	0	0	0	0	0	0	0	0.5175741956685423	-0.06103134916108865	-0.07019769246536041	0	2.855842493867258e-07	0	0	0	0	0	0	0	0	0	0	0	0	0	0	0	0	0	0	0	0
17.82	3.50964284777535	1.420067806295977	-3.442651322387026	0	0.9399999999999999	0	0	0	0	0	0	0	0	0	0.5497913145013281	-0.06169001557937127	-0.08075296976075359	0	-5.52464335045746e-07	0	0	0	0	0	0	0	0	0	0	0	0	0	0	0	0	0	0	0	0
17.84	3.50964284777535	1.420067806295977	-3.442651322387026	0	0.9399999999999999	0	0	0	0	0	0	0	0	0	0.5497913145013281	-0.06169001557937127	-0.08075296976075359	0	-5.52464335045746e-07	0	0	0	0	0	0	0	0	0	0	0	0	0	0	0	0	0	0	0	0
17.86	3.571254020452917	1.417231428472172	-3.519552034837007	0	0.9399999999999999	0	0	0	0	0	0	0	0	0	0.5803219668741898	-0.06426245088013194	-0.09887584106047963	0	1.762052244196037e-07	0	0	0	0	0	0	0	0	0	0	0	0	0	0	0	0	0	0	0	0
17.88	3.638081763755878	1.414962932468869	-3.601376489041683	0	0.9399999999999999	0	0	0	0	0	0	0	0	0	0.6088136466626853	-0.06999747885714709	-0.1210029293518225	0	-1.162078804140848e-06	0	0	0	0	0	0	0	0	0	0	0	0	0	0	0	0	0	0	0	0
17.9	3.70520797964369	1.414168058097064	-3.68360673080845	0	0.9399999999999999	0	0	0	0	0	0	0	0	0	0.6344351004451441	-0.08068864507409949	-0.1416746658307299	0	-2.796825307623106e-07	0	0	0	0	0	0	0	0	0	0	0	0	0	0	0	0	0	0	0	0
17.92	3.771271910314192	1.414044363004758	-3.764692221028563	0	0.9399999999999999	0	0	0	0	0	0	0	0	0	0.6573176997533553	-0.09477158244576907	-0.1602299782892554	0	-4.616307524519498e-07	0	0	0	0	0	0	0	0	0	0	0	0	0	0	0	0	0	0	0	0
17.94	3.884331540101376	1.4125616055789	-3.904384986499572	0	0.9399999999999999	0	0	0	0	0	0	0	0	0	0.6932549787795134	-0.1246941915560058	-0.1896249481491243	0	8.38397168788831e-08	0	0	0	0	0	0	0	0	0	0	0	0	0	0	0	0	0	0	0	0
17.96	3.933721215700118	1.411729435742275	-3.964563516338735	0	0.9399999999999999	0	0	0	0	0	0	0	0	0	0.7061497509546771	-0.1400312500421347	-0.1963125102545362	0	7.99994817016408e-08	0	0	0	0	0	0	0	0	0	0	0	0	0	0	0	0	0	0	0	0
17.98	3.933721215700118	1.411729435742275	-3.964563516338735	0	0.9399999999999999	0	0	0	0	0	0	0	0	0	0.7061497509546771	-0.1400312500421347	-0.1963125102545362	0	7.99994817016408e-08	0	0	0	0	0	0	0	0	0	0	0	0	0	0	0	0	0	0	0	0
18	4.030679681108594	1.409409043378001	-4.078378974158266	0	0.9399999999999999	0	0	0	0	0	0	0	0	0	0.725254666840911	-0.1670311065664011	-0.1939202421982135	0	9.645302127022108e-08	0	0	0	0	0	0	0	0	0	0	0	0	0	0	0	0	0	0	0	0
18.02	4.030679681108594	1.409409043378001	-4.078378974158266	0	0.9399999999999999	0	0	0	0	0	0	0	0	0	0.725254666840911	-0.1670311065664011	-0.1939202421982135	0	9.645302127022108e-08	0	0	0	0	0	0	0	0	0	0	0	0	0	0	0	0	0	0	0	0
18.04	4.075051672489062	1.407384761031476	-4.128559424811241	0	0.9399999999999999	0	0	0	0	0	0	0	0	0	0.7328899352366758	-0.1770394668889625	-0.1850975803948298	0	-2.274922129751179e-07	0	0	0	0	0	0	0	0	0	0	0	0	0	0	0	0	0	0	0	0
18.06	4.161500593881916	1.402676242886744	-4.221357734649394	0	0.9399999999999999	0	0	0	0	0	0	0	0	0	0.7461787378926855	-0.1970234312261443	-0.1537321855200727	0	-3.496393778541787e-07	0	0	0	0	0	0	0	0	0	0	0	0	0	0	0	0	0	0	0	0
18.08	4.201755014483944	1.400147673056607	-4.26227619701854	0	0.9399999999999999	0	0	0	0	0	0	0	0	0	0.7520207779709677	-0.2046293548994164	-0.1355780552446421	0	-2.962079658005882e-07	0	0	0	0	0	0	0	0	0	0	0	0	0	0	0	0	0	0	0	0
18.1	4.236099238541855	1.398112164151627	-4.295855526514933	0	0.9399999999999999	0	0	0	0	0	0	0	0	0	0.7561688051752107	-0.2088944542983418	-0.1181516169284377	0	3.674535251670113e-07	0	0	0	0	0	0	0	0	0	0	0	0	0	0	0	0	0	0	0	0
18.12	4.259885316432621	1.396957126080091	-4.317422135283153	0	0.9399999999999999	0	0	0	0	0	0	0	0	0	0.7576843340235834	-0.2105156919142599	-0.1011548233273201	0	-5.321323589909907e-07	0	0	0	0	0	0	0	0	0	0	0	0	0	0	0	0	0	0	0	0
18.14	4.272732991555914	1.396960786746914	-4.32621371775068	0	0.9399999999999999	0	0	0	0	0	0	0	0	0	0.7563735013937838	-0.2092005349208737	-0.08485016183961981	0	-7.820864656471044e-07	0	0	0	0	0	0	0	0	0	0	0	0	0	0	0	0	0	0	0	0
18.16	4.275281568433147	1.397527256270415	-4.322827632913206	0	0.9399999999999999	0	0	0	0	0	0	0	0	0	0.7523705878716289	-0.2054301231650912	-0.0689833098755163	0	-1.153310318830752e-06	0	0	0	0	0	0	0	0	0	0	0	0	0	0	0	0	0	0	0	0
18.18	4.27528403641112	1.397509443571638	-4.32282173056922	0	0.9399999999999999	0	0	0	0	0	0	0	0	0	0.7523926474957723	-0.2054188399276386	-0.06898120369970193	0	-5.696084540695456e-07	0	0	0	0	0	0	0	0	0	0	0	0	0	0	0	0	0	0	0	0
18.2	4.269672156159948	1.39811267142529	-4.308337948930106	0	0.9399999999999999	0	0	0	0	0	0	0	0	0	0.7462768517463295	-0.2000097833528834	-0.05115064718791843	0	2.551005572832109e-07	0	0	0	0	0	0	0	0	0	0	0	0	0	0	0	0	0	0	0	0
18.22	4.264323343652163	1.399780739223236	-4.292620591326466	0	0.9399999999999999	0	0	0	0	0	0	0	0	0	0.7381254365569437	-0.1961602512622115	-0.03045213071850699	0	1.068804949920737e-07	0	0	0	0	0	0	0	0	0	0	0	0	0	0	0	0	0	0	0	0
18.24	4.26072736125839	1.403177118946377	-4.277661987997896	0	0.9399999999999999	0	0	0	0	0	0	0	0	0	0.7282155245940595	-0.1942230590835431	-0.007403740368089366	0	9.201999861040672e-08	0	0	0	0	0	0	0	0	0	0	0	0	0	0	0	0	0	0	0	0
18.26	4.260938432152393	1.412169983270429	-4.253606352171071	0	0.9399999999999999	0	0	0	0	0	0	0	0	0	0.7130622632317386	-0.1955943971880091	0.0307795796564546	0	3.180527318657783e-07	0	0	0	0	0	0	0	0	0	0	0	0	0	0	0	0	0	0	0	0
18.28	4.255769688402466	1.417389764809831	-4.235885712415915	0	0.9399999999999999	0	0	0	0	0	0	0	0	0	0.6936476277384258	-0.1914599521615747	0.06494522629682623	0	-5.617273656644051e-07	0	0	0	0	0	0	0	0	0	0	0	0	0	0	0	0	0	0	0	0
18.3	4.246022053197064	1.422577596919826	-4.213691869717659	0	0.9399999999999999	0	0	0	0	0	0	0	0	0	0.6786100114083794	-0.1906931107489482	0.08889670157811012	0	9.162793882442375e-07	0	0	0	0	0	0	0	0	0	0	0	0	0	0	0	0	0	0	0	0
18.32	4.235304820040268	1.427584309831845	-4.190984670437309	0	0.9399999999999999	0	0	0	0	0	0	0	0	0	0.6626581063037125	-0.1915351202663552	0.1127731330535154	0	-2.802498260082902e-07	0	0	0	0	0	0	0	0	0	0	0	0	0	0	0	0	0	0	0	0
18.34	4.225862404134179	1.432386647566348	-4.170292134355911	0	0.9399999999999999	0	0	0	0	0	0	0	0	0	0.6467235112367022	-0.1947446930493927	0.1356936983628336	0	1.49139855117082e-07	0	0	0	0	0	0	0	0	0	0	0	0	0	0	0	0	0	0	0	0
18.36	4.219538385832357	1.436350932189205	-4.153676647024283	0	0.9399999999999999	0	0	0	0	0	0	0	0	0	0.630913450320245	-0.1997733567843754	0.156974736630061	0	-7.985313084197297e-09	0	0	0	0	0	0	0	0	0	0	0	0	0	0	0	0	0	0	0	0
18.38	4.223534440042284	1.439464655201325	-4.148352013848065	0	0.9399999999999999	0	0	0	0	0	0	0	0	0	0.6157798922857539	-0.2060669266276528	0.1761450804390849	0	1.960116232405979e-06	0	0	0	0	0	0	0	0	0	0	0	0	0	0	0	0	0	0	0	0
18.4	4.223529292267702	1.439462065521219	-4.148345459477465	0	0.9399999999999999	0	0	0	0	0	0	0	0	0	0.6157796996895278	-0.2060644601510661	0.1761465913199468	0	1.899623225620581e-06	0	0	0	0	0	0	0	0	0	0	0	0	0	0	0	0	0	0	0	0
18.42	4.231598072084855	1.444639827733895	-4.140669218478116	0	0.9399999999999999	0	0	0	0	0	0	0	0	0	0.5805303472780582	-0.2180837074819884	0.2055566563320022	0	1.023340267846841e-06	0	0	0	0	0	0	0	0	0	0	0	0	0	0	0	0	0	0	0	0
18.44	4.231601299528088	1.44463983919416	-4.140670769338782	0	0.9399999999999999	0	0	0	0	0	0	0	0	0	0.5805308704626443	-0.2180839759299963	0.2055566218140674	0	9.493855854426656e-07	0	0	0	0	0	0	0	0	0	0	0	0	0	0	0	0	0	0	0	0
18.46	4.266558805915536	1.448632851808031	-4.16435516575888	0	0.9399999999999999	0	0	0	0	0	0	0	0	0	0.5633157781238982	-0.2309993780046261	0.2232647186387844	0	-1.85305860854165e-08	0	0	0	0	0	0	0	0	0	0	0	0	0	0	0	0	0	0	0	0
18.48	4.292226093762306	1.450142955890964	-4.185779031658038	0	0.9399999999999999	0	0	0	0	0	0	0	0	0	0.5202110424575723	-0.2467734437202183	0.2288315112311986	0	-4.65130785652252e-08	0	0	0	0	0	0	0	0	0	0	0	0	0	0	0	0	0	0	0	0
18.5	4.323983625385905	1.451486794154477	-4.213974115314807	0	0.9399999999999999	0	0	0	0	0	0	0	0	0	0.4998408627263818	-0.2574370158392454	0.2299722225800775	0	-3.975863504637972e-08	0	0	0	0	0	0	0	0	0	0	0	0	0	0	0	0	0	0	0	0
18.52	4.323983625385905	1.451486794154477	-4.213974115314807	0	0.9399999999999999	0	0	0	0	0	0	0	0	0	0.4998408627263818	-0.2574370158392454	0.2299722225800775	0	-3.975863504637972e-08	0	0	0	0	0	0	0	0	0	0	0	0	0	0	0	0	0	0	0	0
18.54	4.396445674738936	1.45264466545043	-4.281376984465979	0	0.9399999999999999	0	0	0	0	0	0	0	0	0	0.4568413997857346	-0.2802903754401986	0.2222779834838872	0	9.612367248221569e-07	0	0	0	0	0	0	0	0	0	0	0	0	0	0	0	0	0	0	0	0
18.56	4.396444052583482	1.45264520835805	-4.281378627780747	0	0.9399999999999999	0	0	0	0	0	0	0	0	0	0.4568421531113728	-0.2802894581013982	0.2222786243676904	0	3.973397844811108e-07	0	0	0	0	0	0	0	0	0	0	0	0	0	0	0	0	0	0	0	0
18.58	4.471183846301996	1.453684421938893	-4.353300958022479	0	0.9399999999999999	0	0	0	0	0	0	0	0	0	0.4061104693168271	-0.3016649608473168	0.1974167556893945	0	5.675105976522783e-08	0	0	0	0	0	0	0	0	0	0	0	0	0	0	0	0	0	0	0	0
18.6	4.471183846301996	1.453684421938893	-4.353300958022479	0	0.9399999999999999	0	0	0	0	0	0	0	0	0	0.4061104693168271	-0.3016649608473168	0.1974167556893945	0	5.675105976522783e-08	0	0	0	0	0	0	0	0	0	0	0	0	0	0	0	0	0	0	0	0
18.62	4.502619476701527	1.454344414392973	-4.384103151658736	0	0.9399999999999999	0	0	0	0	0	0	0	0	0	0.378764341864613	-0.3107888444480512	0.1796170807365634	0	6.35438462872001e-08	0	0	0	0	0	0	0	0	0	0	0	0	0	0	0	0	0	0	0	0
18.64	4.554500757503775	1.455072259548115	-4.436686075988796	0	0.9399999999999999	0	0	0	0	0	0	0	0	0	0.3221048580733433	-0.3212723284600755	0.1291459940200362	0	2.189013874868697e-07	0	0	0	0	0	0	0	0	0	0	0	0	0	0	0	0	0	0	0	0
18.66	4.574555062863281	1.454631567707771	-4.458145303385769	0	0.9399999999999999	0	0	0	0	0	0	0	0	0	0.2927887196559663	-0.3247383789924424	0.1005258412520484	0	-1.498958535310601e-07	0	0	0	0	0	0	0	0	0	0	0	0	0	0	0	0	0	0	0	0
18.68	4.575442963583827	1.453813197757465	-4.461003627130973	0	0.9399999999999999	0	0	0	0	0	0	0	0	0	0.2624859425418628	-0.3238359635627787	0.06717302135748053	0	6.297135054671797e-06	0	0	0	0	0	0	0	0	0	0	0	0	0	0	0	0	0	0	0	0
18.7	4.575455922292089	1.453808104538288	-4.461017086800554	0	0.9399999999999999	0	0	0	0	0	0	0	0	0	0.2624884892451408	-0.3238412008497654	0.06717413411829556	0	6.095440460235899e-06	0	0	0	0	0	0	0	0	0	0	0	0	0	0	0	0	0	0	0	0
18.72	4.602081945503702	1.45237541806896	-4.490143430208952	0	0.9399999999999999	0	0	0	0	0	0	0	0	0	0.2341969026080735	-0.3233349629257287	0.02967748498547664	0	-7.852260579782194e-08	0	0	0	0	0	0	0	0	0	0	0	0	0	0	0	0	0	0	0	0
18.74	4.615348596858444	1.451001949760915	-4.506397769325901	0	0.9399999999999999	0	0	0	0	0	0	0	0	0	0.2057262107439957	-0.3197170926111553	-0.01264394849717352	0	-5.094468312631188e-08	0	0	0	0	0	0	0	0	0	0	0	0	0	0	0	0	0	0	0	0
18.76	4.63608735055492	1.447432225541631	-4.533462285090623	0	0.9399999999999999	0	0	0	0	0	0	0	0	0	0.198145303332171	-0.3147999784905513	-0.09993393218761029	0.08555734202822771	0.08555725984930715	0	0	0	0	0	0	0	0	0	0	0	0	0	0	0	0	0	0	0	0
18.78	4.644200001195885	1.444472893339613	-4.544910626267638	0	0.9399999999999999	0	0	0	0	0	0	0	0	0	0.2045638472742482	-0.3166030370671251	-0.1427562877179299	0.1454971155323033	0.1454971851982695	0	0	0	0	0	0	0	0	0	0	0	0	0	0	0	0	0	0	0	0
18.8	4.644200001195885	1.444472893339613	-4.544910626267638	0	0.9399999999999999	0	0	0	0	0	0	0	0	0	0.2045638472742482	-0.3166030370671251	-0.1427562877179299	0.1454971155323033	0.1454971851982695	0	0	0	0	0	0	0	0	0	0	0	0	0	0	0	0	0	0	0	0
18.82	4.643360691303225	1.441275526680838	-4.547580369913243	0	0.9399999999999999	0	0	0	0	0	0	0	0	0	0.2130559817907093	-0.3204242055680335	-0.1828083103063041	0.2095834531419503	0.2095873762184922	0	0	0	0	0	0	0	0	0	0	0	0	0	0	0	0	0	0	0	0
18.84	4.638955401057537	1.436606968477431	-4.550095084540589	0	0.9399999999999999	0	0	0	0	0	0	0	0	0	0.2352612159726162	-0.3356811965379466	-0.2475270426163251	0.3538655445037541	0.3538661901674283	0	0	0	0	0	0	0	0	0	0	0	0	0	0	0	0	0	0	0	0
18.86	4.621170196310114	1.434845043295741	-4.535636777965691	0	0.9399999999999999	0	0	0	0	0	0	0	0	0	0.2511229591703287	-0.3457548357060264	-0.2720859530377639	0.4381876896272593	0.4381877055653237	0	0	0	0	0	0	0	0	0	0	0	0	0	0	0	0	0	0	0	0
18.88	4.596138474569239	1.432193836224486	-4.51374673057532	0	0.9399999999999999	0	0	0	0	0	0	0	0	0	0.2685274540114994	-0.3578116895551037	-0.29084790483741	0.521147323081984	0.5211471907819412	0	0	0	0	0	0	0	0	0	0	0	0	0	0	0	0	0	0	0	0
18.9	4.566372730898303	1.428598957157966	-4.487107007021931	0	0.9399999999999999	0	0	0	0	0	0	0	0	0	0.2796809270368398	-0.3639257813606202	-0.3110756499545831	0.5655656651342394	0.5655657143882485	0	0	0	0	0	0	0	0	0	0	0	0	0	0	0	0	0	0	0	0
18.92	4.529414480885284	1.424537341848348	-4.45338979786041	0	0.9399999999999999	0	0	0	0	0	0	0	0	0	0.2788504491620509	-0.3590211093096143	-0.3311473265204231	0.5502475929636672	0.5502475256658932	0	0	0	0	0	0	0	0	0	0	0	0	0	0	0	0	0	0	0	0
18.94	4.529414480885284	1.424537341848348	-4.45338979786041	0	0.9399999999999999	0	0	0	0	0	0	0	0	0	0.2788504491620509	-0.3590211093096143	-0.3311473265204231	0.5502475929636672	0.5502475256658932	0	0	0	0	0	0	0	0	0	0	0	0	0	0	0	0	0	0	0	0
18.96	4.441683818408228	1.423630067208026	-4.371151512518094	0	0.9399999999999999	0	0	0	0	0	0	0	0	0	0.2477707951516452	-0.3353841142020935	-0.3476746496221321	0.4211721537814261	0.4211719498382514	0	0	0	0	0	0	0	0	0	0	0	0	0	0	0	0	0	0	0	0
18.98	4.441683818408228	1.423630067208026	-4.371151512518094	0	0.9399999999999999	0	0	0	0	0	0	0	0	0	0.2477707951516452	-0.3353841142020935	-0.3476746496221321	0.4211721537814261	0.4211719498382514	0	0	0	0	0	0	0	0	0	0	0	0	0	0	0	0	0	0	0	0
19	4.416666312714083	1.422955527355102	-4.347882764690226	0	0.9399999999999999	0	0	0	0	0	0	0	0	0	0.2494282036470701	-0.3234839798119228	-0.3144719015300962	0.4589791121674737	0.4589786279298081	0	0	0	0	0	0	0	0	0	0	0	0	0	0	0	0	0	0	0	0
19.02	4.437731679383148	1.419742043633263	-4.372595933190412	0	0.9399999999999999	0	0	0	0	0	0	0	0	0	0.2792861181484615	-0.3183852939684889	-0.3066743612222831	0.512855092325596	0.5128550084298908	0	0	0	0	0	0	0	0	0	0	0	0	0	0	0	0	0	0	0	0
19.04	4.453893622982188	1.419641638937385	-4.39004993535647	0	0.9399999999999999	0	0	0	0	0	0	0	0	0	0.2946201986090282	-0.3190916748807073	-0.3181522456259417	0.520017073821299	0.5200167767944336	0	0	0	0	0	0	0	0	0	0	0	0	0	0	0	0	0	0	0	0
19.06	4.453779440185886	1.421030404352879	-4.390624008993171	0	0.9399999999999999	0	0	0	0	0	0	0	0	0	0.310842370305321	-0.3156137180546629	-0.3140223708024727	0.5437657333640505	0.5437593515173594	0	0	0	0	0	0	0	0	0	0	0	0	0	0	0	0	0	0	0	0
19.08	4.452303233171204	1.423084268984091	-4.389249130863122	0	0.9399999999999999	0	0	0	0	0	0	0	0	0	0.3241582236843892	-0.3150164780739059	-0.3043238663325263	0.5565670486946588	0.5565701592449046	0	0	0	0	0	0	0	0	0	0	0	0	0	0	0	0	0	0	0	0
19.1	4.43280760326576	1.424137295452107	-4.369586237474612	0	0.9399999999999999	0	0	0	0	0	0	0	0	0	0.3364770473348248	-0.3131626679480825	-0.2886628071595083	0.5964499280406136	0.5964497310163694	0	0	0	0	0	0	0	0	0	0	0	0	0	0	0	0	0	0	0	0
19.12	4.43280760326576	1.424137295452107	-4.369586237474612	0	0.9399999999999999	0	0	0	0	0	0	0	0	0	0.3364770473348248	-0.3131626679480825	-0.2886628071595083	0.5964499280406136	0.5964497310163694	0	0	0	0	0	0	0	0	0	0	0	0	0	0	0	0	0	0	0	0
19.14	4.417637403339678	1.424189399625588	-4.354081078040279	0	0.9399999999999999	0	0	0	0	0	0	0	0	0	0.3464962775883756	-0.3084531521365833	-0.2755626593446203	0.6022101202520328	0.6022103208030476	0	0	0	0	0	0	0	0	0	0	0	0	0	0	0	0	0	0	0	0
19.16	4.393222931814661	1.422902323561287	-4.328487377395095	0	0.9399999999999999	0	0	0	0	0	0	0	0	0	0.3618976497793076	-0.3020437188837592	-0.2255551999731727	0.6154417953928489	0.6154413799712627	0	0	0	0	0	0	0	0	0	0	0	0	0	0	0	0	0	0	0	0
19.18	4.380088034478868	1.423455089272506	-4.314869900599601	0	0.9399999999999999	0	0	0	0	0	0	0	0	0	0.3556632855086775	-0.2936821118448031	-0.2099849986860463	0.6089816374083968	0.6089816617673267	0	0	0	0	0	0	0	0	0	0	0	0	0	0	0	0	0	0	0	0
19.2	4.380088034478868	1.423455089272506	-4.314869900599601	0	0.9399999999999999	0	0	0	0	0	0	0	0	0	0.3556632855086775	-0.2936821118448031	-0.2099849986860463	0.6089816374083968	0.6089816617673267	0	0	0	0	0	0	0	0	0	0	0	0	0	0	0	0	0	0	0	0
19.22	4.35057246602531	1.425500024034158	-4.284475218399837	0	0.9399999999999999	0	0	0	0	0	0	0	0	0	0.3260789003045377	-0.2652669964637381	-0.2078927660967313	0.573917071662716	0.5739169989353635	0	0	0	0	0	0	0	0	0	0	0	0	0	0	0	0	0	0	0	0
19.24	4.341880612207589	1.425899694071317	-4.275790469522868	0	0.9399999999999999	0	0	0	0	0	0	0	0	0	0.3123552270727679	-0.2536735256621176	-0.2164363807012649	0.5578043160794633	0.5578038651810615	0	0	0	0	0	0	0	0	0	0	0	0	0	0	0	0	0	0	0	0
19.26	4.333913224968178	1.425742904797588	-4.268152756044207	0	0.9399999999999999	0	0	0	0	0	0	0	0	0	0.3015630432237459	-0.2435527220160317	-0.2305301310017041	0.5427718689973869	0.542771830675386	0	0	0	0	0	0	0	0	0	0	0	0	0	0	0	0	0	0	0	0
19.28	4.323519993144648	1.424957468905836	-4.258239647785153	0	0.9399999999999999	0	0	0	0	0	0	0	0	0	0.3015456908020377	-0.2421345121872152	-0.2314122203599615	0.5430289541492171	0.543031558881658	0	0	0	0	0	0	0	0	0	0	0	0	0	0	0	0	0	0	0	0
19.3	4.309840141476657	1.424101733426236	-4.244991693881113	0	0.9399999999999999	0	0	0	0	0	0	0	0	0	0.2929355798790312	-0.2322773909453195	-0.24952390818701	0.5290740030046142	0.5290741719292147	0	0	0	0	0	0	0	0	0	0	0	0	0	0	0	0	0	0	0	0
19.32	4.294552097219266	1.42340126503921	-4.230162038853102	0	0.9399999999999999	0	0	0	0	0	0	0	0	0	0.2817550246056532	-0.2168708141724681	-0.2896361371300225	0.5055469958622406	0.5055470630060238	0	0	0	0	0	0	0	0	0	0	0	0	0	0	0	0	0	0	0	0
19.34	4.276654176797291	1.422920663996322	-4.212749085996627	0	0.9399999999999999	0	0	0	0	0	0	0	0	0	0.2783835258654791	-0.2087344026853376	-0.3099544016808339	0.4953383634355503	0.4953383792730333	0	0	0	0	0	0	0	0	0	0	0	0	0	0	0	0	0	0	0	0
19.36	4.276654176797291	1.422920663996322	-4.212749085996627	0	0.9399999999999999	0	0	0	0	0	0	0	0	0	0.2783835258654791	-0.2087344026853376	-0.3099544016808339	0.4953383634355503	0.4953383792730333	0	0	0	0	0	0	0	0	0	0	0	0	0	0	0	0	0	0	0	0
19.38	4.237846932053331	1.422814922066702	-4.174557220706127	0	0.9399999999999999	0	0	0	0	0	0	0	0	0	0.2769287216768035	-0.1933951552962364	-0.342323909879457	0.4799801061161387	0.4799801485258207	0	0	0	0	0	0	0	0	0	0	0	0	0	0	0	0	0	0	0	0
19.4	4.222809024592671	1.423538519897046	-4.159678141705371	0	0.9399999999999999	0	0	0	0	0	0	0	0	0	0.278197426315337	-0.187354250050643	-0.353841358570098	0.4753283102475559	0.4753283409515519	0	0	0	0	0	0	0	0	0	0	0	0	0	0	0	0	0	0	0	0
19.42	4.222809024592671	1.423538519897046	-4.159678141705371	0	0.9399999999999999	0	0	0	0	0	0	0	0	0	0.278197426315337	-0.187354250050643	-0.353841358570098	0.4753283102475559	0.4753283409515519	0	0	0	0	0	0	0	0	0	0	0	0	0	0	0	0	0	0	0	0
19.44	4.210853091336118	1.424459006672459	-4.147651667383057	0	0.9399999999999999	0	0	0	0	0	0	0	0	0	0.2803577735216514	-0.1817810490773586	-0.3623491106001013	0.4717492741280944	0.4717492990810308	0	0	0	0	0	0	0	0	0	0	0	0	0	0	0	0	0	0	0	0
19.46	4.194575104292178	1.426646072403092	-4.130810920025566	0	0.9399999999999999	0	0	0	0	0	0	0	0	0	0.2881894440841879	-0.170398240772442	-0.3705256970051376	0.4671721704963226	0.4671725791474441	0	0	0	0	0	0	0	0	0	0	0	0	0	0	0	0	0	0	0	0
19.48	4.194575104292178	1.426646072403092	-4.130810920025566	0	0.9399999999999999	0	0	0	0	0	0	0	0	0	0.2881894440841879	-0.170398240772442	-0.3705256970051376	0.4671721704963226	0.4671725791474441	0	0	0	0	0	0	0	0	0	0	0	0	0	0	0	0	0	0	0	0
19.5	4.179358609007375	1.427896991915509	-4.115090628654259	0	0.9399999999999999	0	0	0	0	0	0	0	0	0	0.3010984633304587	-0.1606531766119327	-0.3685319630781221	0.4663831717405125	0.4663832011340666	0	0	0	0	0	0	0	0	0	0	0	0	0	0	0	0	0	0	0	0
19.52	4.167131885039407	1.427470555234312	-4.10292906466221	0	0.9399999999999999	0	0	0	0	0	0	0	0	0	0.3094070986318089	-0.1570582515161909	-0.3645238178217284	0.4689181318045147	0.4689180233253616	0	0	0	0	0	0	0	0	0	0	0	0	0	0	0	0	0	0	0	0
19.54	4.15174817033962	1.426584101166808	-4.088106809502229	0	0.9399999999999999	0	0	0	0	0	0	0	0	0	0.3179264314649172	-0.1546711034926272	-0.3593818850341038	0.4737241921154245	0.4737241900758553	0	0	0	0	0	0	0	0	0	0	0	0	0	0	0	0	0	0	0	0
19.56	4.15174817033962	1.426584101166808	-4.088106809502229	0	0.9399999999999999	0	0	0	0	0	0	0	0	0	0.3179264314649172	-0.1546711034926272	-0.3593818850341038	0.4737241921154245	0.4737241900758553	0	0	0	0	0	0	0	0	0	0	0	0	0	0	0	0	0	0	0	0
19.58	4.107723766188607	1.423113180325407	-4.047853190385858	0	0.9399999999999999	0	0	0	0	0	0	0	0	0	0.3304877100634001	-0.1508104972666404	-0.3502661568637487	0.4838975946126333	0.4838976175555798	0	0	0	0	0	0	0	0	0	0	0	0	0	0	0	0	0	0	0	0
19.6	4.084622773062048	1.419787325834464	-4.028157225406841	0	0.9399999999999999	0	0	0	0	0	0	0	0	0	0.3342099837368927	-0.1476280370941211	-0.3481360517504166	0.4861817845567952	0.4861818391622068	0	0	0	0	0	0	0	0	0	0	0	0	0	0	0	0	0	0	0	0
19.62	4.066784332804425	1.41622998665796	-4.014607492616705	0	0.9399999999999999	0	0	0	0	0	0	0	0	0	0.3365476987394289	-0.1440431844616913	-0.3478733046012157	0.4865042385285106	0.4865041673140619	0	0	0	0	0	0	0	0	0	0	0	0	0	0	0	0	0	0	0	0
19.64	4.05380490335365	1.411324589218931	-4.006532790653623	0	0.9399999999999999	0	0	0	0	0	0	0	0	0	0.3394593504166935	-0.1388749795928805	-0.3498778416580705	0.4857234034046453	0.4857235625070355	0	0	0	0	0	0	0	0	0	0	0	0	0	0	0	0	0	0	0	0
19.66	4.042397441294983	1.407322524685064	-4.000528351009349	0	0.9399999999999999	0	0	0	0	0	0	0	0	0	0.3406686059454785	-0.1336045328168241	-0.3531011564177612	0.4840513338722074	0.4840512544683352	0	0	0	0	0	0	0	0	0	0	0	0	0	0	0	0	0	0	0	0
19.68	4.032479091051044	1.40435612615446	-3.996373825360072	0	0.9399999999999999	0	0	0	0	0	0	0	0	0	0.341032417709089	-0.1285546597303981	-0.3571439031847055	0.4820803170318128	0.4820800885637035	0	0	0	0	0	0	0	0	0	0	0	0	0	0	0	0	0	0	0	0
19.7	4.029662623074104	1.401766942362296	-3.999459493383281	0	0.9399999999999999	0	0	0	0	0	0	0	0	0	0.3417662315140138	-0.1236943526353844	-0.3618026168254248	0.4805565819583354	0.4805563563988812	0	0	0	0	0	0	0	0	0	0	0	0	0	0	0	0	0	0	0	0
19.72	4.029660261042783	1.4017667077927	-3.999458056391125	0	0.9399999999999999	0	0	0	0	0	0	0	0	0	0.3417656189660801	-0.1236951163292684	-0.3618033573971222	0.4805568900715338	0.4805566704905998	0	0	0	0	0	0	0	0	0	0	0	0	0	0	0	0	0	0	0	0
19.74	4.027419953392232	1.399346039133845	-4.003148653535185	0	0.9399999999999999	0	0	0	0	0	0	0	0	0	0.3426815144946256	-0.1181476414437465	-0.3672228772026846	0.479280551667611	0.4792814157350596	0	0	0	0	0	0	0	0	0	0	0	0	0	0	0	0	0	0	0	0
19.76	4.037203768938218	1.39635673272416	-4.02446285342499	0	0.9399999999999999	0	0	0	0	0	0	0	0	0	0.3449674004306266	-0.1093830783639204	-0.3788671111602896	0.4788578624251916	0.4788577260586543	0	0	0	0	0	0	0	0	0	0	0	0	0	0	0	0	0	0	0	0
19.78	4.04567620788879	1.395551744883676	-4.038389755697447	0	0.9399999999999999	0	0	0	0	0	0	0	0	0	0.3460913074750182	-0.1119525323359945	-0.3839350203356393	0.4790693841112526	0.4790734413360037	0	0	0	0	0	0	0	0	0	0	0	0	0	0	0	0	0	0	0	0
19.8	4.056314041395943	1.394316963282873	-4.053995465077484	0	0.9399999999999999	0	0	0	0	0	0	0	0	0	0.3459298866777523	-0.1033513100825466	-0.3916716730103779	0.4776494675001431	0.4776495318176104	0	0	0	0	0	0	0	0	0	0	0	0	0	0	0	0	0	0	0	0
19.82	4.066425930863369	1.393353572010453	-4.068591629170427	0	0.9399999999999999	0	0	0	0	0	0	0	0	0	0.3452905131519941	-0.1005126789794245	-0.3974131552731355	0.4744500915844798	0.474449793341757	0	0	0	0	0	0	0	0	0	0	0	0	0	0	0	0	0	0	0	0
19.84	4.074284735203374	1.394116622037578	-4.080361744484465	0	0.9399999999999999	0	0	0	0	0	0	0	0	0	0.3416474485934772	-0.09809292346704546	-0.4017384211631861	0.4686276257160248	0.4686276177256725	0	0	0	0	0	0	0	0	0	0	0	0	0	0	0	0	0	0	0	0
19.86	4.074284735203374	1.394116622037578	-4.080361744484465	0	0.9399999999999999	0	0	0	0	0	0	0	0	0	0.3416474485934772	-0.09809292346704546	-0.4017384211631861	0.4686276257160248	0.4686276177256725	0	0	0	0	0	0	0	0	0	0	0	0	0	0	0	0	0	0	0	0
19.88	4.096884589648508	1.392728730264871	-4.10925616694287	0	0.9399999999999999	0	0	0	0	0	0	0	0	0	0.3401436038196217	-0.09667540966624272	-0.407658766766275	0.4609199640646405	0.4609201889326933	0	0	0	0	0	0	0	0	0	0	0	0	0	0	0	0	0	0	0	0
19.9	4.09756244818016	1.39267638123505	-4.109918740975002	0	0.9399999999999999	0	0	0	0	0	0	0	0	0	0.334700737859134	-0.09049978358785116	-0.4077671990804164	0.4516458784924701	0.451644606282357	0	0	0	0	0	0	0	0	0	0	0	0	0	0	0	0	0	0	0	0
19.92	4.105046348554295	1.392731576741749	-4.11973111140503	0	0.9399999999999999	0	0	0	0	0	0	0	0	0	0.3283137540469749	-0.08561746852116764	-0.4097042382783434	0.439874161979357	0.4398741942167723	0	0	0	0	0	0	0	0	0	0	0	0	0	0	0	0	0	0	0	0
19.94	4.11226526221917	1.393797167542965	-4.129062773503501	0	0.9399999999999999	0	0	0	0	0	0	0	0	0	0.3203808208161342	-0.08089301899205309	-0.4112800447187807	0.4258759104268828	0.4258748039287988	0	0	0	0	0	0	0	0	0	0	0	0	0	0	0	0	0	0	0	0
19.96	4.125575053218771	1.395017722941062	-4.145243483114779	0	0.9399999999999999	0	0	0	0	0	0	0	0	0	0.3043046369771841	-0.06980795703673114	-0.4131570821885165	0.3920520619764482	0.3920521047765427	0	0	0	0	0	0	0	0	0	0	0	0	0	0	0	0	0	0	0	0
19.98	4.126646253155099	1.395980254497518	-4.147210631927511	0	0.9399999999999999	0	0	0	0	0	0	0	0	0	0.2965412198751748	-0.06402885681965141	-0.4134196110622727	0.3757011962824572	0.3757058584210767	0	0	0	0	0	0	0	0	0	0	0	0	0	0	0	0	0	0	0	0
20	4.132886516607686	1.397519550659628	-4.154075938625429	0	0.9399999999999999	0	0	0	0	0	0	0	0	0	0.2897160449963222	-0.0600420324781487	-0.4131456901273274	0.360857670568972	0.3608576624007952	0	0	0	0	0	0	0	0	0	0	0	0	0	0	0	0	0	0	0	0
20.02	4.133534050651036	1.398604151280187	-4.155032464181632	0	0.9399999999999999	0	0	0	0	0	0	0	0	0	0.2832849490423577	-0.05559838177971237	-0.4130578346725007	0.3466019725875694	0.3466015782673754	0	0	0	0	0	0	0	0	0	0	0	0	0	0	0	0	0	0	0	0
20.04	4.133499344564755	1.39933242892195	-4.155203336466137	0	0.9399999999999999	0	0	0	0	0	0	0	0	0	0.2826802624528238	-0.05602993866307865	-0.4131570314292545	0.3466415207569842	0.346639964646047	0	0	0	0	0	0	0	0	0	0	0	0	0	0	0	0	0	0	0	0
20.06	4.134762420974201	1.400184280115826	-4.156489151263477	0	0.9399999999999999	0	0	0	0	0	0	0	0	0	0.2709981120075578	-0.04752898454086554	-0.4142288211448668	0.3174504189547161	0.3174504026276512	0	0	0	0	0	0	0	0	0	0	0	0	0	0	0	0	0	0	0	0
20.08	4.134904323429386	1.401460312559301	-4.156587257490783	0	0.9399999999999999	0	0	0	0	0	0	0	0	0	0.2649898697205929	-0.04344739269053548	-0.4150750784678365	0.3024087158501613	0.3024049729834742	0	0	0	0	0	0	0	0	0	0	0	0	0	0	0	0	0	0	0	0
20.1	4.134898516526073	1.401457686091006	-4.156581874061721	0	0.9399999999999999	0	0	0	0	0	0	0	0	0	0.2649898056281445	-0.04344951791050256	-0.4150766806365044	0.3024079192470424	0.3024044936994351	0	0	0	0	0	0	0	0	0	0	0	0	0	0	0	0	0	0	0	0
20.12	4.125207519623678	1.403326523647686	-4.146803188938116	0	0.9399999999999999	0	0	0	0	0	0	0	0	0	0.2579879114894865	-0.03808226953163264	-0.4160056913280985	0.2872110237800516	0.2872103765518162	0	0	0	0	0	0	0	0	0	0	0	0	0	0	0	0	0	0	0	0
20.14	4.106332440046276	1.406647051396243	-4.127263169700734	0	0.9399999999999999	0	0	0	0	0	0	0	0	0	0.2454598343292677	-0.02694137290122864	-0.4171956180322742	0.2589011994099881	0.2589058508165134	0	0	0	0	0	0	0	0	0	0	0	0	0	0	0	0	0	0	0	0
20.16	4.105960706295588	1.407757741409914	-4.126619682991294	0	0.9399999999999999	0	0	0	0	0	0	0	0	0	0.2411400605220857	-0.02232801628262449	-0.4179749580786222	0.245929916860069	0.2459346355010453	0	0	0	0	0	0	0	0	0	0	0	0	0	0	0	0	0	0	0	0
20.18	4.092309624592695	1.409063374958404	-4.112841172422012	0	0.9399999999999999	0	0	0	0	0	0	0	0	0	0.2358112404626206	-0.01672347263467294	-0.4191305064212257	0.2343112177176677	0.2343111570130602	0	0	0	0	0	0	0	0	0	0	0	0	0	0	0	0	0	0	0	0
20.2	4.092177540814949	1.40968854790485	-4.112415767684739	0	0.9399999999999999	0	0	0	0	0	0	0	0	0	0.2326862849510246	-0.01301913649935214	-0.4194824778536894	0.2241712379954142	0.2241755652670777	0	0	0	0	0	0	0	0	0	0	0	0	0	0	0	0	0	0	0	0
20.22	4.092169745184971	1.409688417085194	-4.112410592713434	0	0.9399999999999999	0	0	0	0	0	0	0	0	0	0.2326842862251753	-0.01301974545725577	-0.4194854076308372	0.2241718375936599	0.2241761052018256	0	0	0	0	0	0	0	0	0	0	0	0	0	0	0	0	0	0	0	0
20.24	4.092066446658897	1.411007443851875	-4.112089290461182	0	0.9399999999999999	0	0	0	0	0	0	0	0	0	0.2265375189320241	-0.007168790825233658	-0.4194270776054155	0.2070031166132838	0.2070082151272068	0	0	0	0	0	0	0	0	0	0	0	0	0	0	0	0	0	0	0	0
20.26	4.084119461467441	1.41173594904763	-4.10409400734241	0	0.9399999999999999	0	0	0	0	0	0	0	0	0	0.2223927229109709	-0.00351144875534001	-0.4188789061069992	0.1990549143134405	0.1990544446157688	0	0	0	0	0	0	0	0	0	0	0	0	0	0	0	0	0	0	0	0
20.28	4.084030142986857	1.411936280657672	-4.103993258391735	0	0.9399999999999999	0	0	0	0	0	0	0	0	0	0.219167548118068	-0.0007558994270936343	-0.418020986948376	0.1915427309620017	0.1915461926375158	0	0	0	0	0	0	0	0	0	0	0	0	0	0	0	0	0	0	0	0
20.3	4.083719697078102	1.412051106101888	-4.103655907139673	0	0.9399999999999999	0	0	0	0	0	0	0	0	0	0.2156122593298466	0.002120888433669982	-0.4170849644909568	0.184112835918819	0.1841158749201963	0	0	0	0	0	0	0	0	0	0	0	0	0	0	0	0	0	0	0	0
20.32	4.083718067880788	1.412058888763075	-4.103649223831882	0	0.9399999999999999	0	0	0	0	0	0	0	0	0	0.2156178479018319	0.002124351460518319	-0.4170900750476965	0.1841125968720873	0.1841147855406372	0	0	0	0	0	0	0	0	0	0	0	0	0	0	0	0	0	0	0	0
20.34	4.069410993060763	1.41203436159745	-4.088606578573094	0	0.9399999999999999	0	0	0	0	0	0	0	0	0	0.2065930372023578	0.01027477609370445	-0.414526193515649	0.1675468742504192	0.1675471943163413	0	0	0	0	0	0	0	0	0	0	0	0	0	0	0	0	0	0	0	0
20.36	4.069877395094547	1.412619537130583	-4.088301947368864	0	0.9399999999999999	0	0	0	0	0	0	0	0	0	0.2020841903100838	0.01314567566758902	-0.4127090762659407	0.1590644341145114	0.1590572211966616	0	0	0	0	0	0	0	0	0	0	0	0	0	0	0	0	0	0	0	0
20.38	4.069870771799708	1.412612136602053	-4.088299704102845	0	0.9399999999999999	0	0	0	0	0	0	0	0	0	0.2020848515858787	0.0131506332306872	-0.4127210230244329	0.1590624194527226	0.1590559089568372	0	0	0	0	0	0	0	0	0	0	0	0	0	0	0	0	0	0	0	0
20.4	4.060752499401338	1.414079759068916	-4.077162350685756	0	0.9399999999999999	0	0	0	0	0	0	0	0	0	0.1922525853558803	0.02022853498821956	-0.4096542345164549	0.1431746067992983	0.143174556411043	0	0	0	0	0	0	0	0	0	0	0	0	0	0	0	0	0	0	0	0
20.42	4.061574260232563	1.414996287000718	-4.076357776725422	0	0.9399999999999999	0	0	0	0	0	0	0	0	0	0.1878514534374867	0.02284019125433781	-0.4080216351427563	0.1358795199380673	0.1358777358957201	0	0	0	0	0	0	0	0	0	0	0	0	0	0	0	0	0	0	0	0
20.44	4.06273112483422	1.415227275943871	-4.075444806267959	0	0.9399999999999999	0	0	0	0	0	0	0	0	0	0.184190532682194	0.02574057224527131	-0.4062424839601423	0.1289782584245089	0.1289834087301679	0	0	0	0	0	0	0	0	0	0	0	0	0	0	0	0	0	0	0	0
20.46	4.064042767170797	1.416240787658468	-4.074389411865762	0	0.9399999999999999	0	0	0	0	0	0	0	0	0	0.1797856645479029	0.02824210108772899	-0.4042937343215734	0.1218083471602081	0.1218084699237199	0	0	0	0	0	0	0	0	0	0	0	0	0	0	0	0	0	0	0	0
20.48	4.065634302556952	1.416577447032416	-4.0730951325856	0	0.9399999999999999	0	0	0	0	0	0	0	0	0	0.175902118814268	0.03111765709337141	-0.4022403103260851	0.1146943018951503	0.1146943743383464	0	0	0	0	0	0	0	0	0	0	0	0	0	0	0	0	0	0	0	0
20.5	4.065628788422418	1.416577456262047	-4.073089224105594	0	0.9399999999999999	0	0	0	0	0	0	0	0	0	0.1759016714127175	0.03111838528699433	-0.402239736877482	0.1146943472743923	0.1146945241581923	0	0	0	0	0	0	0	0	0	0	0	0	0	0	0	0	0	0	0	0
20.52	4.067377512003546	1.416869834158913	-4.071781553749157	0	0.9399999999999999	0	0	0	0	0	0	0	0	0	0.1721809480150701	0.03393619837664801	-0.4002414072094237	0.1076676114017589	0.1076679192907714	0	0	0	0	0	0	0	0	0	0	0	0	0	0	0	0	0	0	0	0
20.54	4.069085508069471	1.417226620883123	-4.070419591254968	0	0.9399999999999999	0	0	0	0	0	0	0	0	0	0.1684521025676863	0.03674388270324137	-0.3986167076593319	0.1004922709594456	0.1004922787062174	0	0	0	0	0	0	0	0	0	0	0	0	0	0	0	0	0	0	0	0
20.56	4.057636696034757	1.417765812946737	-4.052709280652127	0	0.9399999999999999	0	0	0	0	0	0	0	0	0	0.1594657641661993	0.04406756244320707	-0.3956175665092069	0.08444344208079219	0.08444340695347829	0	0	0	0	0	0	0	0	0	0	0	0	0	0	0	0	0	0	0	0
20.58	4.048304297640552	1.417952998747458	-4.040323457253819	0	0.9399999999999999	0	0	0	0	0	0	0	0	0	0.1554366314266849	0.04745867019377834	-0.3941950296422587	0.08127871033126154	0.0812785256027137	0	0	0	0	0	0	0	0	0	0	0	0	0	0	0	0	0	0	0	0
20.6	4.039314423227903	1.418194803380534	-4.028402937170784	0	0.9399999999999999	0	0	0	0	0	0	0	0	0	0.1507944268921641	0.05153291443573198	-0.3934354624094573	0.06799692028954296	0.06799656211399831	0	0	0	0	0	0	0	0	0	0	0	0	0	0	0	0	0	0	0	0
20.62	4.039314423227903	1.418194803380534	-4.028402937170784	0	0.9399999999999999	0	0	0	0	0	0	0	0	0	0.1507944268921641	0.05153291443573198	-0.3934354624094573	0.06799692028954296	0.06799656211399831	0	0	0	0	0	0	0	0	0	0	0	0	0	0	0	0	0	0	0	0
20.64	4.030395907470735	1.417249261965804	-4.016835545236572	0	0.9399999999999999	0	0	0	0	0	0	0	0	0	0.1485524760537573	0.05516127929334569	-0.3927587146359672	0.06158188007570018	0.06158174911738102	0	0	0	0	0	0	0	0	0	0	0	0	0	0	0	0	0	0	0	0
20.66	4.012047797758118	1.416617838547858	-3.993874382570899	0	0.9399999999999999	0	0	0	0	0	0	0	0	0	0.1444924092476908	0.06025249825851547	-0.3916213443251257	0.05120147474770008	0.05119836177262479	0	0	0	0	0	0	0	0	0	0	0	0	0	0	0	0	0	0	0	0
20.68	4.003495417578333	1.416893635405956	-3.983106536128779	0	0.9399999999999999	0	0	0	0	0	0	0	0	0	0.1427710198607843	0.06170729614974161	-0.39072000466741	0.04686037485901576	0.04686084505591734	0	0	0	0	0	0	0	0	0	0	0	0	0	0	0	0	0	0	0	0
20.7	3.99467899153237	1.416790913961955	-3.972242228468614	0	0.9399999999999999	0	0	0	0	0	0	0	0	0	0.1418205234448788	0.06307496033743547	-0.3887418102576191	0.04686766510362604	0.04686725229963888	0	0	0	0	0	0	0	0	0	0	0	0	0	0	0	0	0	0	0	0
20.72	3.985166605430048	1.416550056684094	-3.960715281553568	0	0.9399999999999999	0	0	0	0	0	0	0	0	0	0.1414756943156375	0.06364897624160402	-0.3876281615902758	0.04178126964619507	0.04178115253851999	0	0	0	0	0	0	0	0	0	0	0	0	0	0	0	0	0	0	0	0
20.74	3.985166605430048	1.416550056684094	-3.960715281553568	0	0.9399999999999999	0	0	0	0	0	0	0	0	0	0.1414756943156375	0.06364897624160402	-0.3876281615902758	0.04178126964619507	0.04178115253851999	0	0	0	0	0	0	0	0	0	0	0	0	0	0	0	0	0	0	0	0
20.76	3.968284293417294	1.415705075563531	-3.940339848716154	0	0.9399999999999999	0	0	0	0	0	0	0	0	0	0.1403116382572826	0.06533951467863081	-0.3828610148586614	0.03714333133049374	0.03714380773284109	0	0	0	0	0	0	0	0	0	0	0	0	0	0	0	0	0	0	0	0
20.78	3.968284293417294	1.415705075563531	-3.940339848716154	0	0.9399999999999999	0	0	0	0	0	0	0	0	0	0.1403116382572826	0.06533951467863081	-0.3828610148586614	0.03714333133049374	0.03714380773284109	0	0	0	0	0	0	0	0	0	0	0	0	0	0	0	0	0	0	0	0
20.8	3.959829969556704	1.414729837645103	-3.930298155591177	0	0.9399999999999999	0	0	0	0	0	0	0	0	0	0.1395649236442794	0.0668015853686241	-0.3793280390582865	0.03418040056580898	0.03418010780068544	0	0	0	0	0	0	0	0	0	0	0	0	0	0	0	0	0	0	0	0
20.82	3.947902630701839	1.412979454261509	-3.915358581299758	0	0.9399999999999999	0	0	0	0	0	0	0	0	0	0.1372993820108261	0.06928012481199097	-0.3708892802763897	0.02918873428985308	0.02918873133887636	0	0	0	0	0	0	0	0	0	0	0	0	0	0	0	0	0	0	0	0
20.84	3.948157154587964	1.41289478880194	-3.914182682762244	0	0.9399999999999999	0	0	0	0	0	0	0	0	0	0.1350047210209531	0.06996971376700183	-0.3676714518563217	0.0264847710877248	0.0264813861792633	0	0	0	0	0	0	0	0	0	0	0	0	0	0	0	0	0	0	0	0
20.86	3.939476321729214	1.412602535648455	-3.904022408600655	0	0.9399999999999999	0	0	0	0	0	0	0	0	0	0.1313733189322478	0.07154241502655877	-0.3612447331637139	0.02034220586211629	0.02034217839729242	0	0	0	0	0	0	0	0	0	0	0	0	0	0	0	0	0	0	0	0
20.88	3.934323033795669	1.412174867772706	-3.897444682276051	0	0.9399999999999999	0	0	0	0	0	0	0	0	0	0.127012458215026	0.07340076676558133	-0.3562045121128041	0.01420905078179092	0.01420901500723295	0	0	0	0	0	0	0	0	0	0	0	0	0	0	0	0	0	0	0	0
20.9	3.934323033795669	1.412174867772706	-3.897444682276051	0	0.9399999999999999	0	0	0	0	0	0	0	0	0	0.127012458215026	0.07340076676558133	-0.3562045121128041	0.01420905078179092	0.01420901500723295	0	0	0	0	0	0	0	0	0	0	0	0	0	0	0	0	0	0	0	0
20.92	3.924277151365112	1.411701043171611	-3.886044391023189	0	0.9399999999999999	0	0	0	0	0	0	0	0	0	0.1209978233844172	0.07619956455901884	-0.3514024263267018	0.006814133812763044	0.006814259863629933	0	0	0	0	0	0	0	0	0	0	0	0	0	0	0	0	0	0	0	0
20.94	3.907948853181574	1.410617915600182	-3.868165803224595	0	0.9399999999999999	0	0	0	0	0	0	0	0	0	0.1147442524218582	0.08009230499668037	-0.3471373491917565	0	-6.567554240176406e-07	0	0	0	0	0	0	0	0	0	0	0	0	0	0	0	0	0	0	0	0
20.96	3.88436044876526	1.409158946368419	-3.84287681145965	0	0.9399999999999999	0	0	0	0	0	0	0	0	0	0.110767886729068	0.08316339070444854	-0.344690820004807	0	2.10082042224804e-08	0	0	0	0	0	0	0	0	0	0	0	0	0	0	0	0	0	0	0	0
20.98	3.835915100510717	1.407112321896	-3.791531623354252	0	0.9399999999999999	0	0	0	0	0	0	0	0	0	0.1027329846728977	0.08794740077331635	-0.3414928573684357	0	1.19901573771057e-06	0	0	0	0	0	0	0	0	0	0	0	0	0	0	0	0	0	0	0	0
21	3.835913167523834	1.407116806160463	-3.791533446393679	0	0.9399999999999999	0	0	0	0	0	0	0	0	0	0.1027280362604513	0.08794239831967705	-0.3414918790235399	0	1.083101198551134e-06	0	0	0	0	0	0	0	0	0	0	0	0	0	0	0	0	0	0	0	0
21.02	3.816482972424409	1.406952292781667	-3.77066996654857	0	0.9399999999999999	0	0	0	0	0	0	0	0	0	0.09907579930130277	0.08863742177908963	-0.3402029884509047	0	-7.123111332975956e-07	0	0	0	0	0	0	0	0	0	0	0	0	0	0	0	0	0	0	0	0
21.04	3.801648468204679	1.407755513060892	-3.753942405676955	0	0.9399999999999999	0	0	0	0	0	0	0	0	0	0.09541615669627182	0.08808854193360305	-0.338320358209965	0	5.004102587187382e-07	0	0	0	0	0	0	0	0	0	0	0	0	0	0	0	0	0	0	0	0
21.06	3.78941919607718	1.409539875545993	-3.739504451336625	0	0.9399999999999999	0	0	0	0	0	0	0	0	0	0.09132432882560719	0.08639656749566266	-0.3363273935444374	0	4.889734428333735e-07	0	0	0	0	0	0	0	0	0	0	0	0	0	0	0	0	0	0	0	0
21.08	3.775683054077161	1.412943295255289	-3.719816436528978	0	0.9399999999999999	0	0	0	0	0	0	0	0	0	0.08478626531812745	0.0812363496249497	-0.331960430490697	0	9.178547714453069e-07	0	0	0	0	0	0	0	0	0	0	0	0	0	0	0	0	0	0	0	0
21.1	3.771353140913804	1.414197199524605	-3.711691824773939	0	0.9399999999999999	0	0	0	0	0	0	0	0	0	0.0824140192989785	0.07812818832365603	-0.3289453094604078	0	-3.417486386999305e-08	0	0	0	0	0	0	0	0	0	0	0	0	0	0	0	0	0	0	0	0
21.12	3.767714768362139	1.415508109772664	-3.704031829996562	0	0.9399999999999999	0	0	0	0	0	0	0	0	0	0.08003978850576565	0.07493385083218113	-0.3254954511230858	0	-6.330631854101576e-08	0	0	0	0	0	0	0	0	0	0	0	0	0	0	0	0	0	0	0	0
21.14	3.767714768362139	1.415508109772664	-3.704031829996562	0	0.9399999999999999	0	0	0	0	0	0	0	0	0	0.08003978850576565	0.07493385083218113	-0.3254954511230858	0	-6.330631854101576e-08	0	0	0	0	0	0	0	0	0	0	0	0	0	0	0	0	0	0	0	0
21.16	3.749698017817573	1.419789342379223	-3.677621439686455	0	0.9399999999999999	0	0	0	0	0	0	0	0	0	0.07216265157653821	0.06838524765624188	-0.3179080571754742	0	-3.300443682458249e-08	0	0	0	0	0	0	0	0	0	0	0	0	0	0	0	0	0	0	0	0
21.18	3.738941271525532	1.421830524452838	-3.662102411460659	0	0.9399999999999999	0	0	0	0	0	0	0	0	0	0.06757462740469142	0.06548254435659571	-0.3138896375079229	0	-1.498885221343489e-08	0	0	0	0	0	0	0	0	0	0	0	0	0	0	0	0	0	0	0	0
21.2	3.730810883721609	1.423513889348727	-3.648861919846845	0	0.9399999999999999	0	0	0	0	0	0	0	0	0	0.06336651348190385	0.06285483336476159	-0.3099339837132489	0	-4.368199670492339e-08	0	0	0	0	0	0	0	0	0	0	0	0	0	0	0	0	0	0	0	0
21.22	3.730810883721609	1.423513889348727	-3.648861919846845	0	0.9399999999999999	0	0	0	0	0	0	0	0	0	0.06336651348190385	0.06285483336476159	-0.3099339837132489	0	-4.368199670492339e-08	0	0	0	0	0	0	0	0	0	0	0	0	0	0	0	0	0	0	0	0
21.24	3.724659211528011	1.424493174135295	-3.637346876160692	0	0.9399999999999999	0	0	0	0	0	0	0	0	0	0.05972559415227702	0.06078660526171226	-0.3062535060099981	0	-2.331336287956269e-07	0	0	0	0	0	0	0	0	0	0	0	0	0	0	0	0	0	0	0	0
21.26	3.719458725676348	1.424909760714958	-3.626604164981653	0	0.9399999999999999	0	0	0	0	0	0	0	0	0	0.05679135791038207	0.05906656204008174	-0.302597066470166	0	-3.740257997573705e-07	0	0	0	0	0	0	0	0	0	0	0	0	0	0	0	0	0	0	0	0
21.28	3.716083947948764	1.42600369649391	-3.612124684645222	0	0.9399999999999999	0	0	0	0	0	0	0	0	0	0.05253014369267672	0.05430276563044567	-0.2951689353424432	0	8.832207482333158e-08	0	0	0	0	0	0	0	0	0	0	0	0	0	0	0	0	0	0	0	0
21.3	3.716083947948764	1.42600369649391	-3.612124684645222	0	0.9399999999999999	0	0	0	0	0	0	0	0	0	0.05253014369267672	0.05430276563044567	-0.2951689353424432	0	8.832207482333158e-08	0	0	0	0	0	0	0	0	0	0	0	0	0	0	0	0	0	0	0	0
21.32	3.722026149292137	1.427951177232417	-3.606713154916049	0	0.9399999999999999	0	0	0	0	0	0	0	0	0	0.05061877167742174	0.05028135366615009	-0.2852706044229738	0	7.175068949818164e-09	0	0	0	0	0	0	0	0	0	0	0	0	0	0	0	0	0	0	0	0
21.34	3.72556753183206	1.429505023793161	-3.604291366986444	0	0.9399999999999999	0	0	0	0	0	0	0	0	0	0.04715479396739237	0.04361476639542446	-0.2814120880349231	0	-9.693469754942746e-06	0	0	0	0	0	0	0	0	0	0	0	0	0	0	0	0	0	0	0	0
21.36	3.737460951478447	1.431147992740099	-3.610084220563301	0	0.9399999999999999	0	0	0	0	0	0	0	0	0	0.04571990254861766	0.03893273807383841	-0.2762579414045993	0	-7.053723285263222e-08	0	0	0	0	0	0	0	0	0	0	0	0	0	0	0	0	0	0	0	0
21.38	3.740829502410599	1.432706307761278	-3.607163405459839	0	0.9399999999999999	0	0	0	0	0	0	0	0	0	0.043008208883761	0.03476415737153325	-0.270629421838223	0	2.724035895093803e-06	0	0	0	0	0	0	0	0	0	0	0	0	0	0	0	0	0	0	0	0
21.4	3.740835509762765	1.432706903261255	-3.607164898205704	0	0.9399999999999999	0	0	0	0	0	0	0	0	0	0.0430085386843797	0.0347657876796762	-0.2706304951963427	0	1.81149513229964e-06	0	0	0	0	0	0	0	0	0	0	0	0	0	0	0	0	0	0	0	0
21.42	3.744273606818264	1.434186107507493	-3.604178091765211	0	0.9399999999999999	0	0	0	0	0	0	0	0	0	0.04000012857312115	0.03044693878989335	-0.2643370495816406	0	1.54438822155147e-06	0	0	0	0	0	0	0	0	0	0	0	0	0	0	0	0	0	0	0	0
21.44	3.750967058394926	1.437773852239489	-3.598054200090316	0	0.9399999999999999	0	0	0	0	0	0	0	0	0	0.03201568066814416	0.02053375120850711	-0.2505112539955066	0	1.518016818859048e-06	0	0	0	0	0	0	0	0	0	0	0	0	0	0	0	0	0	0	0	0
21.46	3.754278076771707	1.439272714810387	-3.594982018897063	0	0.9399999999999999	0	0	0	0	0	0	0	0	0	0.02721162179400691	0.01536950095939331	-0.2436226238388547	0	4.541706708997086e-07	0	0	0	0	0	0	0	0	0	0	0	0	0	0	0	0	0	0	0	0
21.48	3.757533282354199	1.440597572503193	-3.591891789445288	0	0.9399999999999999	0	0	0	0	0	0	0	0	0	0.02208154454924787	0.009920432552655603	-0.2368912732714569	0	5.556756257156069e-07	0	0	0	0	0	0	0	0	0	0	0	0	0	0	0	0	0	0	0	0
21.5	3.761171750698279	1.441733858855249	-3.589172893546912	0	0.9399999999999999	0	0	0	0	0	0	0	0	0	0.01388226607656253	0.008690447903625418	-0.228528457889449	0	2.129756342077177e-05	0	0	0	0	0	0	0	0	0	0	0	0	0	0	0	0	0	0	0	0
21.52	3.76433707092411	1.443263815053567	-3.586172966646645	0	0.9399999999999999	0	0	0	0	0	0	0	0	0	0.008493127230441027	-0.002567985283334377	-0.2261154196366625	0	-1.202446505584925e-06	0	0	0	0	0	0	0	0	0	0	0	0	0	0	0	0	0	0	0	0
21.54	3.768114258697782	1.444078589878943	-3.583455659305221	0	0.9399999999999999	0	0	0	0	0	0	0	0	0	-8.835154031356334e-05	-0.008163201764427353	-0.2215959365750678	0	6.307578238032938e-07	0	0	0	0	0	0	0	0	0	0	0	0	0	0	0	0	0	0	0	0
21.56	3.768118984091764	1.444079474319575	-3.583457657416043	0	0.9399999999999999	0	0	0	0	0	0	0	0	0	-8.929632623530764e-05	-0.008162980250041458	-0.2215944387249774	0	6.018119832068161e-07	0	0	0	0	0	0	0	0	0	0	0	0	0	0	0	0	0	0	0	0
21.58	3.771870764699718	1.444932060947415	-3.580499247458012	0	0.9399999999999999	0	0	0	0	0	0	0	0	0	-0.007844837868913417	-0.01476723286790356	-0.2166652393559537	0	9.626864826818782e-07	0	0	0	0	0	0	0	0	0	0	0	0	0	0	0	0	0	0	0	0
21.6	3.775205576319469	1.446301721950385	-3.57725610221163	0	0.9399999999999999	0	0	0	0	0	0	0	0	0	-0.01541962839696734	-0.02299566255472704	-0.212646143824142	0	2.330299759954364e-06	0	0	0	0	0	0	0	0	0	0	0	0	0	0	0	0	0	0	0	0
21.62	3.762461344443762	1.44865119933611	-3.551023953978184	0	0.9399999999999999	0	0	0	0	0	0	0	0	0	-0.02578190623579376	-0.03182248794836249	-0.2019056001284309	0	2.933640547970579e-07	0	0	0	0	0	0	0	0	0	0	0	0	0	0	0	0	0	0	0	0
21.64	3.762717316250781	1.448625270585577	-3.551349701190686	0	0.9399999999999999	0	0	0	0	0	0	0	0	0	-0.03435647894606649	-0.03888639965730282	-0.2050830616527303	0	-4.847322561846807e-06	0	0	0	0	0	0	0	0	0	0	0	0	0	0	0	0	0	0	0	0
21.66	3.749797975478925	1.450442626136986	-3.525000956610602	0	0.9399999999999999	0	0	0	0	0	0	0	0	0	-0.05108071140782643	-0.05430244832029646	-0.2007599995631002	0	5.362146095860003e-07	0	0	0	0	0	0	0	0	0	0	0	0	0	0	0	0	0	0	0	0
21.68	3.722857528854388	1.450948010334751	-3.491515598303327	0	0.9399999999999999	0	0	0	0	0	0	0	0	0	-0.06052625685667485	-0.06105686245415935	-0.1992662802225744	0	7.038091450410532e-07	0	0	0	0	0	0	0	0	0	0	0	0	0	0	0	0	0	0	0	0
21.7	3.69364122498898	1.451325006523168	-3.455619846281056	0	0.9399999999999999	0	0	0	0	0	0	0	0	0	-0.06941509002899719	-0.06838653373379609	-0.1970271880808588	0	-8.573654685524014e-07	0	0	0	0	0	0	0	0	0	0	0	0	0	0	0	0	0	0	0	0
21.72	3.65570454288188	1.451363929379339	-3.411038354272474	0	0.9399999999999999	0	0	0	0	0	0	0	0	0	-0.0792560253078671	-0.07661707739371404	-0.1936102875487957	0	-1.98832072586287e-07	0	0	0	0	0	0	0	0	0	0	0	0	0	0	0	0	0	0	0	0
21.74	3.613244029026358	1.450959528267169	-3.362312809545358	0	0.9399999999999999	0	0	0	0	0	0	0	0	0	-0.09014694967120687	-0.08568262095136085	-0.1904137961626087	0	-1.988684707719503e-10	0	0	0	0	0	0	0	0	0	0	0	0	0	0	0	0	0	0	0	0
21.76	3.571277111060465	1.450268752981648	-3.314621047275845	0	0.9399999999999999	0	0	0	0	0	0	0	0	0	-0.1020924932943062	-0.09701489821724517	-0.1890046119527302	0	-5.067218881550396e-08	0	0	0	0	0	0	0	0	0	0	0	0	0	0	0	0	0	0	0	0
21.78	3.531860554621388	1.449105112517093	-3.26971751652321	0	0.9399999999999999	0	0	0	0	0	0	0	0	0	-0.1151825554447059	-0.1105752797884061	-0.1875571784726439	0	-2.487620109678782e-07	0	0	0	0	0	0	0	0	0	0	0	0	0	0	0	0	0	0	0	0
21.8	3.492283451475785	1.447805076892846	-3.225353484177619	0	0.9399999999999999	0	0	0	0	0	0	0	0	0	-0.130288806756627	-0.1267934902754891	-0.1858667641826027	0	-2.339245898756943e-07	0	0	0	0	0	0	0	0	0	0	0	0	0	0	0	0	0	0	0	0
21.82	3.446827706971377	1.446404105111522	-3.175871545866998	0	0.9399999999999999	0	0	0	0	0	0	0	0	0	-0.1487698315005586	-0.1452638342971807	-0.1848302691648238	0	2.777390198461412e-08	0	0	0	0	0	0	0	0	0	0	0	0	0	0	0	0	0	0	0	0
21.84	3.38994185850098	1.44519184472552	-3.115431419583473	0	0.9399999999999999	0	0	0	0	0	0	0	0	0	-0.1709101138262231	-0.1637634681021901	-0.1849100753913602	0	1.80812061271674e-07	0	0	0	0	0	0	0	0	0	0	0	0	0	0	0	0	0	0	0	0
21.86	3.317468491593309	1.444499835881744	-3.039465443497034	0	0.9399999999999999	0	0	0	0	0	0	0	0	0	-0.1957217025467035	-0.1814598570320412	-0.1858157362370721	0	5.050445967745458e-07	0	0	0	0	0	0	0	0	0	0	0	0	0	0	0	0	0	0	0	0
21.88	3.31746943641548	1.444499734988394	-3.039464443079341	0	0.9399999999999999	0	0	0	0	0	0	0	0	0	-0.1957215184783096	-0.1814598036064885	-0.1858168060180197	0	-6.107817686550869e-07	0	0	0	0	0	0	0	0	0	0	0	0	0	0	0	0	0	0	0	0
21.9	3.230543242215633	1.444049436663555	-2.948944765959468	0	0.9399999999999999	0	0	0	0	0	0	0	0	0	-0.221088256452262	-0.198859632777244	-0.1878344791586126	0	7.524151152852003e-07	0	0	0	0	0	0	0	0	0	0	0	0	0	0	0	0	0	0	0	0
21.92	3.143639589825339	1.442224887601002	-2.858132286695143	0	0.9399999999999999	0	0	0	0	0	0	0	0	0	-0.24486641271573	-0.2154143648393558	-0.1915358775603802	0	2.189766867598678e-07	0	0	0	0	0	0	0	0	0	0	0	0	0	0	0	0	0	0	0	0
21.94	2.983503766351468	1.433201576117902	-2.690164527095869	0	0.9399999999999999	0	0	0	0	0	0	0	0	0	-0.2888972219217588	-0.2420018375651172	-0.2061784257410413	0	1.229578070728434e-07	0	0	0	0	0	0	0	0	0	0	0	0	0	0	0	0	0	0	0	0
21.96	2.983503766351468	1.433201576117902	-2.690164527095869	0	0.9399999999999999	0	0	0	0	0	0	0	0	0	-0.2888972219217588	-0.2420018375651172	-0.2061784257410413	0	1.229578070728434e-07	0	0	0	0	0	0	0	0	0	0	0	0	0	0	0	0	0	0	0	0
21.98	2.859110442380998	1.419789290902012	-2.558897928846348	0	0.9399999999999999	0	0	0	0	0	0	0	0	0	-0.340820475700978	-0.2506706825650321	-0.2211701643242217	0	4.505056131226369e-08	0	0	0	0	0	0	0	0	0	0	0	0	0	0	0	0	0	0	0	0
22	2.81405341485083	1.412760383927438	-2.511463302920665	0	0.9399999999999999	0	0	0	0	0	0	0	0	0	-0.3525125931916657	-0.2529884667808712	-0.2186545552261104	0	-8.754147159889502e-07	0	0	0	0	0	0	0	0	0	0	0	0	0	0	0	0	0	0	0	0
22.02	2.770389841615802	1.406278668253196	-2.466327721662377	0	0.9399999999999999	0	0	0	0	0	0	0	0	0	-0.3749559684437082	-0.2554292305891391	-0.2177750888527987	0	5.908434977594477e-07	0	0	0	0	0	0	0	0	0	0	0	0	0	0	0	0	0	0	0	0
22.04	2.7232897585201	1.400736344693983	-2.418306414778131	0	0.9399999999999999	0	0	0	0	0	0	0	0	0	-0.3983042338979002	-0.2609698828252038	-0.2138418241183885	0	1.09865912808008e-06	0	0	0	0	0	0	0	0	0	0	0	0	0	0	0	0	0	0	0	0
22.06	2.675382345713383	1.397064927452267	-2.369820207515145	0	0.9399999999999999	0	0	0	0	0	0	0	0	0	-0.4207846661315022	-0.2693676758286253	-0.2064731560794174	0	-7.753820404521024e-07	0	0	0	0	0	0	0	0	0	0	0	0	0	0	0	0	0	0	0	0
22.08	2.675382345713383	1.397064927452267	-2.369820207515145	0	0.9399999999999999	0	0	0	0	0	0	0	0	0	-0.4207846661315022	-0.2693676758286253	-0.2064731560794174	0	-7.753820404521024e-07	0	0	0	0	0	0	0	0	0	0	0	0	0	0	0	0	0	0	0	0
22.1	2.585669461578925	1.399902831916491	-2.280550329025524	0	0.9399999999999999	0	0	0	0	0	0	0	0	0	-0.4576863878829025	-0.2990422924985033	-0.1860800291183303	0	-7.052859321977467e-07	0	0	0	0	0	0	0	0	0	0	0	0	0	0	0	0	0	0	0	0
22.12	2.539941728913798	1.405347969373361	-2.235393996552747	0	0.9399999999999999	0	0	0	0	0	0	0	0	0	-0.4897535134410729	-0.3097759601752442	-0.2034212222838972	0	-2.443330028166366e-06	0	0	0	0	0	0	0	0	0	0	0	0	0	0	0	0	0	0	0	0
22.14	2.538892673351086	1.405405064795411	-2.234363111702084	0	0.9399999999999999	0	0	0	0	0	0	0	0	0	-0.4727938040615283	-0.3192682187424221	-0.1740215312499156	0	-8.079153935410913e-07	0	0	0	0	0	0	0	0	0	0	0	0	0	0	0	0	0	0	0	0
22.16	2.423908455721598	1.414909381413448	-2.120130307482032	0	0.9399999999999999	0	0	0	0	0	0	0	0	0	-0.5103595427669398	-0.3565115076463509	-0.1529330194759662	0	1.238724850458161e-06	0	0	0	0	0	0	0	0	0	0	0	0	0	0	0	0	0	0	0	0
22.18	2.423908455721598	1.414909381413448	-2.120130307482032	0	0.9399999999999999	0	0	0	0	0	0	0	0	0	-0.5103595427669398	-0.3565115076463509	-0.1529330194759662	0	1.238724850458161e-06	0	0	0	0	0	0	0	0	0	0	0	0	0	0	0	0	0	0	0	0
22.2	2.380610270841148	1.422634490070364	-2.074120054656866	0	0.9399999999999999	0	0	0	0	0	0	0	0	0	-0.52359878	-0.371013055647411	-0.1451954216730599	0	-1.412844932321262e-07	0	0	0	0	0	0	0	0	0	0	0	0	0	0	0	0	0	0	0	0
22.22	2.374723656908397	1.437146920637582	-2.06182296937803	0	0.9399999999999999	0	0	0	0	0	0	0	0	0	-0.52359878	-0.3815879066295736	-0.1391772063438311	0	-2.7009228410652e-07	0	0	0	0	0	0	0	0	0	0	0	0	0	0	0	0	0	0	0	0
22.24	2.378429473565989	1.452039398805004	-2.058731337185477	0	0.9399999999999999	0	0	0	0	0	0	0	0	0	-0.52359878	-0.3862689851781763	-0.1406703074211395	0	-1.448595848223172e-06	0	0	0	0	0	0	0	0	0	0	0	0	0	0	0	0	0	0	0	0
22.26	2.350146309864113	1.48133128141165	-2.016052840138121	0	0.9399999999999999	0	0	0	0	0	0	0	0	0	-0.52359878	-0.3797412909161642	-0.1657222077106934	0	-4.038910206063484e-06	0	0	0	0	0	0	0	0	0	0	0	0	0	0	0	0	0	0	0	0
22.28	2.242075002176789	1.482500525083951	-1.904325178986718	0	0.9399999999999999	0	0	0	0	0	0	0	0	0	-0.52359878	-0.3898205079566073	-0.165725016437176	0	-3.375150036606188e-06	0	0	0	0	0	0	0	0	0	0	0	0	0	0	0	0	0	0	0	0
22.3	2.245359714346543	1.507319212928988	-1.899729382390833	0	0.9399999999999999	0	0	0	0	0	0	0	0	0	-0.52359878	-0.3465288659886759	-0.2061922242955654	0	-2.21644875644072e-07	0	0	0	0	0	0	0	0	0	0	0	0	0	0	0	0	0	0	0	0
22.32	2.24631386107066	1.519346935041336	-1.896827680093138	0	0.9399999999999999	0	0	0	0	0	0	0	0	0	-0.52359878	-0.3191122538928883	-0.2247812176746571	0	7.04208600319821e-06	0	0	0	0	0	0	0	0	0	0	0	0	0	0	0	0	0	0	0	0
22.34	2.136947069536831	1.535418768611247	-1.778940453769707	0	0.9399999999999999	0	0	0	0	0	0	0	0	0	-0.52359878	-0.3172565320492161	-0.2219234046919991	0	3.93568993774726e-07	0	0	0	0	0	0	0	0	0	0	0	0	0	0	0	0	0	0	0	0
22.36	2.13806994662942	1.545951477811259	-1.776581283579261	0	0.9399999999999999	0	0	0	0	0	0	0	0	0	-0.52359878	-0.2872602252755054	-0.2377174215700771	0	3.949599692834713e-06	0	0	0	0	0	0	0	0	0	0	0	0	0	0	0	0	0	0	0	0
22.38	2.137195828328799	1.553966478606674	-1.775949260018056	0	0.9399999999999999	0	0	0	0	0	0	0	0	0	-0.52359878	-0.239636726667538	-0.2765182215651603	0	-7.848280181874165e-07	0	0	0	0	0	0	0	0	0	0	0	0	0	0	0	0	0	0	0	0
22.4	2.138497187229669	1.5630643419839	-1.773852233110049	0	0.9399999999999999	0	0	0	0	0	0	0	0	0	-0.52359878	-0.212248835537173	-0.2940702977522185	0	2.462237239511779e-06	0	0	0	0	0	0	0	0	0	0	0	0	0	0	0	0	0	0	0	0
22.42	2.140575150160267	1.571698947205792	-1.771704862444224	0	0.9399999999999999	0	0	0	0	0	0	0	0	0	-0.52359878	-0.1889401672409416	-0.3081780840640032	0	2.257300581527044e-06	0	0	0	0	0	0	0	0	0	0	0	0	0	0	0	0	0	0	0	0
22.44	2.975874501420683	1.591273160477944	-2.598180045110023	0	0.9399999999999999	0	0	0	0	0	0	0	0	0	-0.52359878	-0.1932823660471097	-0.3118233319493709	0	-5.124040264778925e-06	0	0	0	0	0	0	0	0	0	0	0	0	0	0	0	0	0	0	0	0
22.46	2.977535454711678	1.595434299003045	-2.597517629990308	0	0.9399999999999999	0	0	0	0	0	0	0	0	0	-0.52359878	-0.1655890694585621	-0.3412934516743767	0	1.788830266224468e-06	0	0	0	0	0	0	0	0	0	0	0	0	0	0	0	0	0	0	0	0
22.48	2.977535454711678	1.595434299003045	-2.597517629990308	0	0.9399999999999999	0	0	0	0	0	0	0	0	0	-0.52359878	-0.1655890694585621	-0.3412934516743767	0	1.788830266224468e-06	0	0	0	0	0	0	0	0	0	0	0	0	0	0	0	0	0	0	0	0
22.5	2.981059565812008	1.601543522738107	-2.594277362227643	0	0.9399999999999999	0	0	0	0	0	0	0	0	0	-0.52359878	-0.1570725100039322	-0.3531682553534161	0	-4.18879802376538e-06	0	0	0	0	0	0	0	0	0	0	0	0	0	0	0	0	0	0	0	0
22.52	2.989036773387505	1.609807459523481	-2.586706365977256	0	0.9399999999999999	0	0	0	0	0	0	0	0	0	-0.52359878	-0.1496777710355943	-0.3710588544996754	0	2.892824816809491e-06	0	0	0	0	0	0	0	0	0	0	0	0	0	0	0	0	0	0	0	0
22.54	2.993764691377532	1.615730453191824	-2.581721135341116	0	0.9399999999999999	0	0	0	0	0	0	0	0	0	-0.52359878	-0.1505710264616034	-0.3745991974213113	0	6.732424113309619e-06	0	0	0	0	0	0	0	0	0	0	0	0	0	0	0	0	0	0	0	0
22.56	3.130788880080142	1.617225293242517	-2.709734724904502	0	0.9399999999999999	0	0	0	0	0	0	0	0	0	-0.52359878	-0.1517756939790714	-0.3842428931369956	0	-1.28486796659666e-06	0	0	0	0	0	0	0	0	0	0	0	0	0	0	0	0	0	0	0	0
22.58	3.189850954754359	1.619537634231677	-2.759550232430931	0	0.9399999999999999	0	0	0	0	0	0	0	0	0	-0.52359878	-0.154989545166551	-0.3916119476717576	0	-1.367343468414118e-07	0	0	0	0	0	0	0	0	0	0	0	0	0	0	0	0	0	0	0	0
22.6	3.254952669753437	1.620978133929429	-2.816027447308742	0	0.9399999999999999	0	0	0	0	0	0	0	0	0	-0.52359878	-0.1594496442420135	-0.4008646889721546	0	-7.358697570496367e-07	0	0	0	0	0	0	0	0	0	0	0	0	0	0	0	0	0	0	0	0
22.62	3.36263434020444	1.621207480846305	-2.91559180630155	0	0.9399999999999999	0	0	0	0	0	0	0	0	0	-0.52359878	-0.1658193919021592	-0.4105911709032712	0	-3.554307694800326e-07	0	0	0	0	0	0	0	0	0	0	0	0	0	0	0	0	0	0	0	0
22.64	3.489916214185025	1.620786202522132	-3.035603725667936	0	0.9399999999999999	0	0	0	0	0	0	0	0	0	-0.52359878	-0.1724632498836056	-0.4213641704340606	0	1.550086841811013e-07	0	0	0	0	0	0	0	0	0	0	0	0	0	0	0	0	0	0	0	0
22.66	3.489916214185025	1.620786202522132	-3.035603725667936	0	0.9399999999999999	0	0	0	0	0	0	0	0	0	-0.52359878	-0.1724632498836056	-0.4213641704340606	0	1.550086841811013e-07	0	0	0	0	0	0	0	0	0	0	0	0	0	0	0	0	0	0	0	0
22.68	3.627254874276729	1.620170140298891	-3.166666598628194	0	0.9399999999999999	0	0	0	0	0	0	0	0	0	-0.52359878	-0.1792362596496294	-0.4321217214685062	0	2.779041499181846e-06	0	0	0	0	0	0	0	0	0	0	0	0	0	0	0	0	0	0	0	0
22.7	3.763882365000185	1.6194366767969	-3.297742298298132	0	0.9399999999999999	0	0	0	0	0	0	0	0	0	-0.52359878	-0.1863648579394353	-0.442735716697117	0	-3.033714009399477e-06	0	0	0	0	0	0	0	0	0	0	0	0	0	0	0	0	0	0	0	0
22.72	3.921907695477202	1.619544651952217	-3.450468536845212	0	0.9399999999999999	0	0	0	0	0	0	0	0	0	-0.52359878	-0.1945773458703877	-0.4506904994433791	0	-2.756759372135375e-06	0	0	0	0	0	0	0	0	0	0	0	0	0	0	0	0	0	0	0	0
22.74	4.258760885446208	1.624737669686279	-3.777782708393356	0	0.9399999999999999	0	0	0	0	0	0	0	0	0	-0.52359878	-0.2137244986309508	-0.4586119421695121	0	-1.105170240316126e-06	0	0	0	0	0	0	0	0	0	0	0	0	0	0	0	0	0	0	0	0
22.76	4.258760885446208	1.624737669686279	-3.777782708393356	0	0.9399999999999999	0	0	0	0	0	0	0	0	0	-0.52359878	-0.2137244986309508	-0.4586119421695121	0	-1.105170240316126e-06	0	0	0	0	0	0	0	0	0	0	0	0	0	0	0	0	0	0	0	0
22.78	4.553228678498406	1.635816257858647	-4.063464259206248	0	0.9399999999999999	0	0	0	0	0	0	0	0	0	-0.52359878	-0.236457075829734	-0.4564202797800999	0	2.238126564304109e-07	0	0	0	0	0	0	0	0	0	0	0	0	0	0	0	0	0	0	0	0
22.8	4.555608129711929	1.634246822838983	-4.061602135109638	0	0.9399999999999999	0	0	0	0	0	0	0	0	0	-0.52359878	-0.2381553936013474	-0.4526193431130809	0	-5.785312013620471e-06	0	0	0	0	0	0	0	0	0	0	0	0	0	0	0	0	0	0	0	0
22.82	4.661280826038788	1.643273052780027	-4.168075811292184	0	0.9399999999999999	0	0	0	0	0	0	0	0	0	-0.52359878	-0.2466509290666322	-0.4546394106468387	0	9.865224678280688e-08	0	0	0	0	0	0	0	0	0	0	0	0	0	0	0	0	0	0	0	0
22.84	4.826975830649443	1.661260670013889	-4.329258224992473	0	0.9399999999999999	0	0	0	0	0	0	0	0	0	-0.52359878	-0.2648205197064966	-0.4530113334310518	0	6.318327702296405e-06	0	0	0	0	0	0	0	0	0	0	0	0	0	0	0	0	0	0	0	0
22.86	4.88277759137757	1.671213713994855	-4.38489586207392	0	0.9399999999999999	0	0	0	0	0	0	0	0	0	-0.52359878	-0.2734824574131758	-0.4529443826169066	0	-5.521678993996015e-07	0	0	0	0	0	0	0	0	0	0	0	0	0	0	0	0	0	0	0	0
22.88	4.932285480731313	1.681836159266595	-4.434894193278211	0	0.9399999999999999	0	0	0	0	0	0	0	0	0	-0.52359878	-0.2833130814599459	-0.4509950752212167	0	1.101745962530714e-08	0	0	0	0	0	0	0	0	0	0	0	0	0	0	0	0	0	0	0	0
22.9	4.980487615771087	1.692836100000807	-4.484121685393255	0	0.9399999999999999	0	0	0	0	0	0	0	0	0	-0.52359878	-0.2961134469354235	-0.4472547821207442	0	4.842918283494544e-07	0	0	0	0	0	0	0	0	0	0	0	0	0	0	0	0	0	0	0	0
22.92	5.024253145513872	1.704591765427335	-4.529475469479364	0	0.9399999999999999	0	0	0	0	0	0	0	0	0	-0.52359878	-0.3116197098904046	-0.44211270020987	0	5.513450622244412e-06	0	0	0	0	0	0	0	0	0	0	0	0	0	0	0	0	0	0	0	0
22.94	5.059084644910068	1.716782781299738	-4.566239890929584	0	0.9399999999999999	0	0	0	0	0	0	0	0	0	-0.52359878	-0.3293401584849716	-0.4364132190570003	0	-2.962386802225977e-07	0	0	0	0	0	0	0	0	0	0	0	0	0	0	0	0	0	0	0	0
22.96	5.059084644910068	1.716782781299738	-4.566239890929584	0	0.9399999999999999	0	0	0	0	0	0	0	0	0	-0.52359878	-0.3293401584849716	-0.4364132190570003	0	-2.962386802225977e-07	0	0	0	0	0	0	0	0	0	0	0	0	0	0	0	0	0	0	0	0
22.98	5.11938153151966	1.723516313978563	-4.62616737955352	0	0.9399999999999999	0	0	0	0	0	0	0	0	0	-0.4927395591551991	-0.3628807025199478	-0.4164806197725683	0	-3.738554068631809e-07	0	0	0	0	0	0	0	0	0	0	0	0	0	0	0	0	0	0	0	0
23	5.148843797938442	1.717865594060304	-4.653348214245591	0	0.9399999999999999	0	0	0	0	0	0	0	0	0	-0.4613506346908558	-0.377102121898063	-0.4031012406718744	0	1.751008666779996e-06	0	0	0	0	0	0	0	0	0	0	0	0	0	0	0	0	0	0	0	0
23.02	5.179157268685702	1.711894803477823	-4.68152144034206	0	0.9399999999999999	0	0	0	0	0	0	0	0	0	-0.4287397786890505	-0.3901369263440066	-0.391634590039219	0	2.034423473854131e-06	0	0	0	0	0	0	0	0	0	0	0	0	0	0	0	0	0	0	0	0
23.04	5.179157268685702	1.711894803477823	-4.68152144034206	0	0.9399999999999999	0	0	0	0	0	0	0	0	0	-0.4287397786890505	-0.3901369263440066	-0.391634590039219	0	2.034423473854131e-06	0	0	0	0	0	0	0	0	0	0	0	0	0	0	0	0	0	0	0	0
23.06	5.247886198409072	1.699594192135418	-4.746943202495044	0	0.9399999999999999	0	0	0	0	0	0	0	0	0	-0.360431404296911	-0.4116865843076588	-0.3710623049602164	0	8.878690310500262e-07	0	0	0	0	0	0	0	0	0	0	0	0	0	0	0	0	0	0	0	0
23.08	5.277693617297864	1.695804249903126	-4.774939188469754	0	0.9399999999999999	0	0	0	0	0	0	0	0	0	-0.3280174095202125	-0.4243524184930534	-0.3598212497958624	0	-9.362467124625957e-07	0	0	0	0	0	0	0	0	0	0	0	0	0	0	0	0	0	0	0	0
23.1	5.277693617297864	1.695804249903126	-4.774939188469754	0	0.9399999999999999	0	0	0	0	0	0	0	0	0	-0.3280174095202125	-0.4243524184930534	-0.3598212497958624	0	-9.362467124625957e-07	0	0	0	0	0	0	0	0	0	0	0	0	0	0	0	0	0	0	0	0
23.12	5.340168997798531	1.688707330539781	-4.833656293500929	0	0.9399999999999999	0	0	0	0	0	0	0	0	0	-0.2655272229122314	-0.4514274454679038	-0.334405359523535	0	-4.628108613339499e-07	0	0	0	0	0	0	0	0	0	0	0	0	0	0	0	0	0	0	0	0
23.14	5.370696706146324	1.684228902364673	-4.862583189046243	0	0.9399999999999999	0	0	0	0	0	0	0	0	0	-0.2335794840656477	-0.4613694241103936	-0.3215342977714993	0	-2.215956537961952e-07	0	0	0	0	0	0	0	0	0	0	0	0	0	0	0	0	0	0	0	0
23.16	5.407543826912805	1.678678917262374	-4.89815971503394	0	0.9399999999999999	0	0	0	0	0	0	0	0	0	-0.22658318974936	-0.4586181083282586	-0.3196116682690262	0	-1.547909673760725e-06	0	0	0	0	0	0	0	0	0	0	0	0	0	0	0	0	0	0	0	0
23.18	5.460599889363675	1.672076120966616	-4.950684396949861	0	0.9399999999999999	0	0	0	0	0	0	0	0	0	-0.1919414725293678	-0.4615418199571316	-0.3060478816240128	0	6.00735471443822e-07	0	0	0	0	0	0	0	0	0	0	0	0	0	0	0	0	0	0	0	0
23.2	5.531076161650798	1.664959257690104	-5.021442721967024	0	0.9399999999999999	0	0	0	0	0	0	0	0	0	-0.1311565452553295	-0.4617420381862514	-0.2793869085927548	0	-7.808301083915111e-07	0	0	0	0	0	0	0	0	0	0	0	0	0	0	0	0	0	0	0	0
23.22	5.531076161650798	1.664959257690104	-5.021442721967024	0	0.9399999999999999	0	0	0	0	0	0	0	0	0	-0.1311565452553295	-0.4617420381862514	-0.2793869085927548	0	-7.808301083915111e-07	0	0	0	0	0	0	0	0	0	0	0	0	0	0	0	0	0	0	0	0
23.24	5.723706762938487	1.651520236828131	-5.217226134027812	0	0.9399999999999999	0	0	0	0	0	0	0	0	0	-0.05078633629571383	-0.4534765112700067	-0.2587200321111587	0	2.204956249198211e-07	0	0	0	0	0	0	0	0	0	0	0	0	0	0	0	0	0	0	0	0
23.26	5.841331740824587	1.64597529382253	-5.337318039175644	0	0.9399999999999999	0	0	0	0	0	0	0	0	0	-0.03171635516368312	-0.4474965056314981	-0.2495273341931715	0	-5.86015541349116e-07	0	0	0	0	0	0	0	0	0	0	0	0	0	0	0	0	0	0	0	0
23.28	5.961970101383767	1.641337220336529	-5.460759602145977	0	0.9399999999999999	0	0	0	0	0	0	0	0	0	-0.002108859936273308	-0.4408043383915421	-0.2430556626536484	0	-2.829976479498099e-07	0	0	0	0	0	0	0	0	0	0	0	0	0	0	0	0	0	0	0	0
23.3	5.961970101383767	1.641337220336529	-5.460759602145977	0	0.9399999999999999	0	0	0	0	0	0	0	0	0	-0.002108859936273308	-0.4408043383915421	-0.2430556626536484	0	-2.829976479498099e-07	0	0	0	0	0	0	0	0	0	0	0	0	0	0	0	0	0	0	0	0
23.32	6.072192246070153	1.637470620968162	-5.57387646598425	0	0.9399999999999999	0	0	0	0	0	0	0	0	0	0.02523175452457916	-0.4341682055608098	-0.2370146285478679	0	-1.421597754464703e-07	0	0	0	0	0	0	0	0	0	0	0	0	0	0	0	0	0	0	0	0
23.34	6.172320609051687	1.633900582515796	-5.676887722967447	0	0.9399999999999999	0	0	0	0	0	0	0	0	0	0.05136449932610929	-0.427228516530533	-0.2333574580915427	0	-6.757653776868612e-07	0	0	0	0	0	0	0	0	0	0	0	0	0	0	0	0	0	0	0	0
23.36	6.427760525992841	1.625930511237086	-5.938107900606076	0	0.9399999999999999	0	0	0	0	0	0	0	0	0	0.1027794012012662	-0.4063173479388245	-0.2372560449408282	0	-1.051752722075215e-06	0	0	0	0	0	0	0	0	0	0	0	0	0	0	0	0	0	0	0	0
23.38	6.427761639080209	1.625930328726237	-5.938106785622502	0	0.9399999999999999	0	0	0	0	0	0	0	0	0	0.1027793965488925	-0.4063165779367027	-0.2372575353174433	0	-4.624079512623808e-07	0	0	0	0	0	0	0	0	0	0	0	0	0	0	0	0	0	0	0	0
23.4	6.82975905252329	1.621086628165329	-6.34951159160785	0	0.9399999999999999	0	0	0	0	0	0	0	0	0	0.1500754399085573	-0.3808562111148154	-0.2397595523971183	0	2.674217732212423e-07	0	0	0	0	0	0	0	0	0	0	0	0	0	0	0	0	0	0	0	0
23.42	6.829761120301885	1.621089783564606	-6.349509053551785	0	0.9399999999999999	0	0	0	0	0	0	0	0	0	0.1500761504354213	-0.3808498008112706	-0.2397604508082359	0	2.030622049442375e-07	0	0	0	0	0	0	0	0	0	0	0	0	0	0	0	0	0	0	0	0
23.44	7.116877115558863	1.625332196749926	-6.650445710205946	0	0.9399999999999999	0	0	0	0	0	0	0	0	0	0.1899719939107744	-0.3505005803650875	-0.2415515294472279	0	2.194525347193242e-06	0	0	0	0	0	0	0	0	0	0	0	0	0	0	0	0	0	0	0	0
23.46	7.19940327866681	1.62841263008455	-6.741063314564903	0	0.9399999999999999	0	0	0	0	0	0	0	0	0	0.2069842234744229	-0.3345359814760994	-0.2478253450030597	0	-1.565353782943616e-07	0	0	0	0	0	0	0	0	0	0	0	0	0	0	0	0	0	0	0	0
23.48	7.277388271257093	1.631766860916113	-6.827254378501697	0	0.9399999999999999	0	0	0	0	0	0	0	0	0	0.223254429993628	-0.3197808665225489	-0.2581264059995725	0	-8.322673993736045e-07	0	0	0	0	0	0	0	0	0	0	0	0	0	0	0	0	0	0	0	0
23.5	7.367557829494205	1.635549774106513	-6.925461659355205	0	0.9399999999999999	0	0	0	0	0	0	0	0	0	0.2389284240317996	-0.309704687186988	-0.2706866398093861	0	8.247783880316323e-07	0	0	0	0	0	0	0	0	0	0	0	0	0	0	0	0	0	0	0	0
23.52	7.469384097440665	1.639868156765104	-7.035137023919165	0	0.9399999999999999	0	0	0	0	0	0	0	0	0	0.2581493349008429	-0.3077958238177373	-0.2791269265036785	0	-1.031884210042654e-07	0	0	0	0	0	0	0	0	0	0	0	0	0	0	0	0	0	0	0	0
23.54	7.574534532802296	1.645287018435739	-7.148064832224933	0	0.9399999999999999	0	0	0	0	0	0	0	0	0	0.2901132602536817	-0.3100417025993554	-0.2907908896100094	0	3.199350069191916e-07	0	0	0	0	0	0	0	0	0	0	0	0	0	0	0	0	0	0	0	0
23.56	7.670231361565353	1.652318459018916	-7.251391668224628	0	0.9399999999999999	0	0	0	0	0	0	0	0	0	0.3324144858027361	-0.3087073953808224	-0.2917415587053969	0	-4.361318750016872e-07	0	0	0	0	0	0	0	0	0	0	0	0	0	0	0	0	0	0	0	0
23.58	7.744220897012349	1.660312025545474	-7.332672427027552	0	0.9399999999999999	0	0	0	0	0	0	0	0	0	0.3564892229099978	-0.3172779631972121	-0.2793592898667431	0	-3.379904147323963e-07	0	0	0	0	0	0	0	0	0	0	0	0	0	0	0	0	0	0	0	0
23.6	7.800604569010363	1.667567355789601	-7.395835314177293	0	0.9399999999999999	0	0	0	0	0	0	0	0	0	0.3564094591208954	-0.3252691931278267	-0.2710630539327556	0	-1.578982949332017e-08	0	0	0	0	0	0	0	0	0	0	0	0	0	0	0	0	0	0	0	0
23.62	7.800604569010363	1.667567355789601	-7.395835314177293	0	0.9399999999999999	0	0	0	0	0	0	0	0	0	0.3564094591208954	-0.3252691931278267	-0.2710630539327556	0	-1.578982949332017e-08	0	0	0	0	0	0	0	0	0	0	0	0	0	0	0	0	0	0	0	0
23.64	7.84513486648263	1.673067832645018	-7.446469694984138	0	0.9399999999999999	0	0	0	0	0	0	0	0	0	0.3424454541467007	-0.3225119383397239	-0.2753230701318271	0	3.689012912205305e-07	0	0	0	0	0	0	0	0	0	0	0	0	0	0	0	0	0	0	0	0
23.66	7.882506215775076	1.677540607915359	-7.489251373427433	0	0.9399999999999999	0	0	0	0	0	0	0	0	0	0.3438373715371029	-0.3124978211014762	-0.2967366694356759	0	-1.624748362756352e-07	0	0	0	0	0	0	0	0	0	0	0	0	0	0	0	0	0	0	0	0
23.68	7.957896769641512	1.688799840016791	-7.575573962762637	0	0.9399999999999999	0	0	0	0	0	0	0	0	0	0.3682138608442443	-0.2931169447049939	-0.3224518963462731	0	-3.075377030482498e-07	0	0	0	0	0	0	0	0	0	0	0	0	0	0	0	0	0	0	0	0
23.7	7.986659426504624	1.69425058462193	-7.609818278499898	0	0.9399999999999999	0	0	0	0	0	0	0	0	0	0.3729746020024857	-0.2969858454493998	-0.3272609672923095	0	6.42923884750672e-08	0	0	0	0	0	0	0	0	0	0	0	0	0	0	0	0	0	0	0	0
23.72	8.009079337264861	1.699637245421714	-7.637393891053017	0	0.9399999999999999	0	0	0	0	0	0	0	0	0	0.4134315126900407	-0.3058745390086771	-0.2892358893937906	0.09254637469562635	0.09254562474577815	0	0	0	0	0	0	0	0	0	0	0	0	0	0	0	0	0	0	0	0
23.74	8.026088412183377	1.704224792990538	-7.659526491229812	0	0.9399999999999999	0	0	0	0	0	0	0	0	0	0.4373392293668364	-0.3115736689976436	-0.2746480299128999	0.1573102743048324	0.157308267398262	0	0	0	0	0	0	0	0	0	0	0	0	0	0	0	0	0	0	0	0
23.76	8.04369210548753	1.706700167469681	-7.682409057318269	0	0.9399999999999999	0	0	0	0	0	0	0	0	0	0.45470163649907	-0.3125916930590841	-0.267847945369228	0.2066418310248472	0.2066411047473257	0	0	0	0	0	0	0	0	0	0	0	0	0	0	0	0	0	0	0	0
23.78	8.07424135863757	1.708103914704474	-7.718739018222902	0	0.9399999999999999	0	0	0	0	0	0	0	0	0	0.4663359063193561	-0.3113434692202782	-0.264877933082813	0.237074145601405	0.2370743959118722	0	0	0	0	0	0	0	0	0	0	0	0	0	0	0	0	0	0	0	0
23.8	8.112892782679806	1.709924724532982	-7.763648898090201	0	0.9399999999999999	0	0	0	0	0	0	0	0	0	0.4758968720469042	-0.3123793524627774	-0.2475661306818231	0.2599668249395465	0.2599668160463219	0	0	0	0	0	0	0	0	0	0	0	0	0	0	0	0	0	0	0	0
23.82	8.161046087218685	1.71110353778716	-7.818332034281549	0	0.9399999999999999	0	0	0	0	0	0	0	0	0	0.4818067858148101	-0.3111747936855744	-0.2272411710478602	0.2789559677819078	0.278956036678384	0	0	0	0	0	0	0	0	0	0	0	0	0	0	0	0	0	0	0	0
23.84	8.207151772846874	1.712975062957305	-7.871053704335495	0	0.9399999999999999	0	0	0	0	0	0	0	0	0	0.486061484440902	-0.3078185685256976	-0.2095318283737548	0.3022971737221938	0.3022976262131464	0	0	0	0	0	0	0	0	0	0	0	0	0	0	0	0	0	0	0	0
23.86	8.207151772846874	1.712975062957305	-7.871053704335495	0	0.9399999999999999	0	0	0	0	0	0	0	0	0	0.486061484440902	-0.3078185685256976	-0.2095318283737548	0.3022971737221938	0.3022976262131464	0	0	0	0	0	0	0	0	0	0	0	0	0	0	0	0	0	0	0	0
23.88	8.283177307873482	1.718134158318021	-7.960269477842135	0	0.9399999999999999	0	0	0	0	0	0	0	0	0	0.4906823226673561	-0.2973655279132178	-0.1810508245888731	0.3322649845794054	0.3322650208306364	0	0	0	0	0	0	0	0	0	0	0	0	0	0	0	0	0	0	0	0
23.9	8.312342834256146	1.720190735185429	-7.995782423997396	0	0.9399999999999999	0	0	0	0	0	0	0	0	0	0.4910217352746893	-0.3044961222412683	-0.1849788865465934	0.332247963318905	0.3322486077633877	0	0	0	0	0	0	0	0	0	0	0	0	0	0	0	0	0	0	0	0
23.92	8.312597730439965	1.720197023607443	-7.996032687075833	0	0.9399999999999999	0	0	0	0	0	0	0	0	0	0.4910213595315552	-0.291974469617913	-0.1668719330086933	0.3404023244961917	0.3404022753698138	0	0	0	0	0	0	0	0	0	0	0	0	0	0	0	0	0	0	0	0
23.94	8.331095697690225	1.721447083212942	-8.02061294318923	0	0.9399999999999999	0	0	0	0	0	0	0	0	0	0.4916288488939072	-0.2869011669295885	-0.1524935600518167	0.3520350826480814	0.3520351112262611	0	0	0	0	0	0	0	0	0	0	0	0	0	0	0	0	0	0	0	0
23.96	8.325764668677714	1.721466144682412	-8.026881461891545	0	0.9399999999999999	0	0	0	0	0	0	0	0	0	0.4955506848923281	-0.2768189810469841	-0.1322456958299997	0.3890100704210633	0.3890104036967305	0	0	0	0	0	0	0	0	0	0	0	0	0	0	0	0	0	0	0	0
23.98	8.325769114068073	1.721463351047024	-8.026891907399472	0	0.9399999999999999	0	0	0	0	0	0	0	0	0	0.4955535475023672	-0.276819194160985	-0.132243084377866	0.3890080765799066	0.3890084485230554	0	0	0	0	0	0	0	0	0	0	0	0	0	0	0	0	0	0	0	0
24	8.286246983396797	1.720953347633043	-7.999099667861628	0	0.9399999999999999	0	0	0	0	0	0	0	0	0	0.4991804863284314	-0.2698690318981987	-0.1285339899222288	0.4272966027580682	0.4272965783299385	0	0	0	0	0	0	0	0	0	0	0	0	0	0	0	0	0	0	0	0
24.02	8.257326607235777	1.72126592017385	-7.976321022992749	0	0.9399999999999999	0	0	0	0	0	0	0	0	0	0.4989907403555605	-0.2660642751925741	-0.1323413102599166	0.4389382945724186	0.4389377222879242	0	0	0	0	0	0	0	0	0	0	0	0	0	0	0	0	0	0	0	0
24.04	8.22901168416403	1.722157333602618	-7.954468522905192	0	0.9399999999999999	0	0	0	0	0	0	0	0	0	0.497015021308892	-0.2609564317439514	-0.1385280861843187	0.4423323916411229	0.4423324534729882	0	0	0	0	0	0	0	0	0	0	0	0	0	0	0	0	0	0	0	0
24.06	8.202681842758446	1.723370326615759	-7.935105894664354	0	0.9399999999999999	0	0	0	0	0	0	0	0	0	0.4934378786302404	-0.2542005585337808	-0.1465611307397567	0.4408806674022432	0.4408806371428301	0	0	0	0	0	0	0	0	0	0	0	0	0	0	0	0	0	0	0	0
24.08	8.17601262928858	1.724464012284277	-7.915816807919494	0	0.9399999999999999	0	0	0	0	0	0	0	0	0	0.4888593338026562	-0.2458914201907185	-0.1559424679714497	0.4405210145690841	0.4405206368376013	0	0	0	0	0	0	0	0	0	0	0	0	0	0	0	0	0	0	0	0
24.1	8.149662488622196	1.725607545977029	-7.897091917135361	0	0.9399999999999999	0	0	0	0	0	0	0	0	0	0.4837646392907645	-0.2370740319989547	-0.1669111548529354	0.4426543427872466	0.4426549101373659	0	0	0	0	0	0	0	0	0	0	0	0	0	0	0	0	0	0	0	0
24.12	8.126046515263532	1.727007951549581	-7.881366376871997	0	0.9399999999999999	0	0	0	0	0	0	0	0	0	0.4770318405581158	-0.2310904309707164	-0.1804392266951575	0.4339900172734014	0.4339899195493842	0	0	0	0	0	0	0	0	0	0	0	0	0	0	0	0	0	0	0	0
24.14	8.105232196466851	1.728871650874693	-7.868793227398846	0	0.9399999999999999	0	0	0	0	0	0	0	0	0	0.4749617182145176	-0.2213555115238691	-0.1924794992485915	0.4459114864677117	0.4459117869729278	0	0	0	0	0	0	0	0	0	0	0	0	0	0	0	0	0	0	0	0
24.16	8.086312803277892	1.73112085026008	-7.858191043404661	0	0.9399999999999999	0	0	0	0	0	0	0	0	0	0.4734123058375468	-0.2160127987202787	-0.2041052338744696	0.448792550407745	0.448792251833629	0	0	0	0	0	0	0	0	0	0	0	0	0	0	0	0	0	0	0	0
24.18	8.069729109401633	1.73312656954796	-7.849906041908911	0	0.9399999999999999	0	0	0	0	0	0	0	0	0	0.4734076006440666	-0.2120668268515769	-0.2143571634899342	0.4534438658818475	0.4534441182058078	0	0	0	0	0	0	0	0	0	0	0	0	0	0	0	0	0	0	0	0
24.2	8.058956582194163	1.734083293966678	-7.847304362336702	0	0.9399999999999999	0	0	0	0	0	0	0	0	0	0.4724178224636552	-0.2094690021469108	-0.2242919522178509	0.4509879254562261	0.4509881005801817	0	0	0	0	0	0	0	0	0	0	0	0	0	0	0	0	0	0	0	0
24.22	8.054985912539507	1.734442481396988	-7.850773892854499	0	0.9399999999999999	0	0	0	0	0	0	0	0	0	0.4729268959611345	-0.2076147218288287	-0.2317617081598306	0.4637302305434776	0.4637266275063504	0	0	0	0	0	0	0	0	0	0	0	0	0	0	0	0	0	0	0	0
24.24	8.054982011537712	1.734440806662423	-7.850768074577032	0	0.9399999999999999	0	0	0	0	0	0	0	0	0	0.4729237000823248	-0.207613472252079	-0.2317604667971628	0.463730885491779	0.4637274429756441	0	0	0	0	0	0	0	0	0	0	0	0	0	0	0	0	0	0	0	0
24.26	8.041083361527679	1.734727141207087	-7.842925060754133	0	0.9399999999999999	0	0	0	0	0	0	0	0	0	0.471477559520698	-0.2030070963406921	-0.2396051451856717	0.4653931289815517	0.4653930437097023	0	0	0	0	0	0	0	0	0	0	0	0	0	0	0	0	0	0	0	0
24.28	8.020058536720557	1.734952997516779	-7.82727478380787	0	0.9399999999999999	0	0	0	0	0	0	0	0	0	0.4683501037150881	-0.1961554285904712	-0.2468471049867629	0.4628584722335103	0.4628584514790495	0	0	0	0	0	0	0	0	0	0	0	0	0	0	0	0	0	0	0	0
24.3	7.984105185597308	1.735347875442776	-7.80253106187856	0	0.9399999999999999	0	0	0	0	0	0	0	0	0	0.4563044304432002	-0.1808747634540679	-0.2572485650662278	0.4456522921366753	0.4456523283420221	0	0	0	0	0	0	0	0	0	0	0	0	0	0	0	0	0	0	0	0
24.32	7.980456410191333	1.736346859001645	-7.805304509203896	0	0.9399999999999999	0	0	0	0	0	0	0	0	0	0.4483189355263534	-0.1742924003976711	-0.2596947154964504	0.4324645735070478	0.4324692185027341	0	0	0	0	0	0	0	0	0	0	0	0	0	0	0	0	0	0	0	0
24.34	7.965446881144286	1.737204419297389	-7.796794831320953	0	0.9399999999999999	0	0	0	0	0	0	0	0	0	0.439492217158175	-0.1663282328114767	-0.2614299582767935	0.4189455428239025	0.4189454694314918	0	0	0	0	0	0	0	0	0	0	0	0	0	0	0	0	0	0	0	0
24.36	7.962480546882763	1.736737202253694	-7.800635068643283	0	0.9399999999999999	0	0	0	0	0	0	0	0	0	0.4283944428035387	-0.1605205433004251	-0.2616675471256731	0.4042118353937629	0.4042151708855232	0	0	0	0	0	0	0	0	0	0	0	0	0	0	0	0	0	0	0	0
24.38	7.962478818038134	1.736740630996315	-7.800634040054899	0	0.9399999999999999	0	0	0	0	0	0	0	0	0	0.4283984324268169	-0.160519880719015	-0.2616682276988246	0.4042104884228019	0.4042136719492	0	0	0	0	0	0	0	0	0	0	0	0	0	0	0	0	0	0	0	0
24.4	7.957422509374008	1.737135750333185	-7.809156056306653	0	0.9399999999999999	0	0	0	0	0	0	0	0	0	0.4073591083635197	-0.1512118921256259	-0.2630121249437919	0.3754206535368786	0.3754232081301793	0	0	0	0	0	0	0	0	0	0	0	0	0	0	0	0	0	0	0	0
24.42	7.968520717178349	1.738078380265495	-7.827086743095092	0	0.9399999999999999	0	0	0	0	0	0	0	0	0	0.3979156196833623	-0.1493000536559962	-0.264673162319915	0.3609835450753755	0.3609836938558422	0	0	0	0	0	0	0	0	0	0	0	0	0	0	0	0	0	0	0	0
24.44	7.968520717178349	1.738078380265495	-7.827086743095092	0	0.9399999999999999	0	0	0	0	0	0	0	0	0	0.3979156196833623	-0.1493000536559962	-0.264673162319915	0.3609835450753755	0.3609836938558422	0	0	0	0	0	0	0	0	0	0	0	0	0	0	0	0	0	0	0	0
24.46	7.975359467780038	1.736806531039604	-7.845954695127006	0	0.9399999999999999	0	0	0	0	0	0	0	0	0	0.3761416417396317	-0.141707357224257	-0.2721848202274475	0.3312898981866485	0.331289850477119	0	0	0	0	0	0	0	0	0	0	0	0	0	0	0	0	0	0	0	0
24.48	7.968231090693184	1.735367003265608	-7.843785299906473	0	0.9399999999999999	0	0	0	0	0	0	0	0	0	0.3739830114535544	-0.1424087408661593	-0.2771846351736981	0.3312891743439823	0.331289176824924	0	0	0	0	0	0	0	0	0	0	0	0	0	0	0	0	0	0	0	0
24.5	7.957532202557352	1.734330205719849	-7.837826954275916	0	0.9399999999999999	0	0	0	0	0	0	0	0	0	0.3542103476949299	-0.1272943986036338	-0.2852317710613647	0.2992301123242356	0.2992307721823694	0	0	0	0	0	0	0	0	0	0	0	0	0	0	0	0	0	0	0	0
24.52	7.946145856190282	1.732878116265513	-7.830836228709538	0	0.9399999999999999	0	0	0	0	0	0	0	0	0	0.344090431995794	-0.1190107935853321	-0.2925444040916482	0.2829285629030225	0.2829283264571076	0	0	0	0	0	0	0	0	0	0	0	0	0	0	0	0	0	0	0	0
24.54	7.932500382033767	1.731175581423749	-7.821245669300506	0	0.9399999999999999	0	0	0	0	0	0	0	0	0	0.3346709003955245	-0.1104607014908116	-0.2997125406073869	0.2677996556850368	0.2677994859364947	0	0	0	0	0	0	0	0	0	0	0	0	0	0	0	0	0	0	0	0
24.56	7.932500382033767	1.731175581423749	-7.821245669300506	0	0.9399999999999999	0	0	0	0	0	0	0	0	0	0.3346709003955245	-0.1104607014908116	-0.2997125406073869	0.2677996556850368	0.2677994859364947	0	0	0	0	0	0	0	0	0	0	0	0	0	0	0	0	0	0	0	0
24.58	7.916364081201252	1.729277045146977	-7.808897581451504	0	0.9399999999999999	0	0	0	0	0	0	0	0	0	0.3259429924818635	-0.1019019526367077	-0.3065481907581035	0.2540929649984198	0.2540930668363404	0	0	0	0	0	0	0	0	0	0	0	0	0	0	0	0	0	0	0	0
24.6	7.899814797883826	1.727924080831535	-7.795976563917867	0	0.9399999999999999	0	0	0	0	0	0	0	0	0	0.31860741450337	-0.0938374857618231	-0.3128976033241855	0.2414488066565842	0.2414488351637883	0	0	0	0	0	0	0	0	0	0	0	0	0	0	0	0	0	0	0	0
24.62	7.870778694616201	1.728690750247367	-7.772959578258924	0	0.9399999999999999	0	0	0	0	0	0	0	0	0	0.3096814164472885	-0.07973167081855913	-0.3222881272011636	0.2191177743065363	0.2191178062110525	0	0	0	0	0	0	0	0	0	0	0	0	0	0	0	0	0	0	0	0
24.64	7.869338153917122	1.729882475075982	-7.773883584724569	0	0.9399999999999999	0	0	0	0	0	0	0	0	0	0.3105499441003524	-0.08007270854800061	-0.3246197109982353	0.2188853130970121	0.2188852644672777	0	0	0	0	0	0	0	0	0	0	0	0	0	0	0	0	0	0	0	0
24.66	7.868263427001509	1.73054044474354	-7.774499088435713	0	0.9399999999999999	0	0	0	0	0	0	0	0	0	0.3045867109055079	-0.07135080513668411	-0.325376598441217	0.2014105206343612	0.2014134690668991	0	0	0	0	0	0	0	0	0	0	0	0	0	0	0	0	0	0	0	0
24.68	7.867260755576718	1.730645815727055	-7.774750690306562	0	0.9399999999999999	0	0	0	0	0	0	0	0	0	0.3014348807530261	-0.0675739803680491	-0.325413883666039	0.1937895699325436	0.1937883330367682	0	0	0	0	0	0	0	0	0	0	0	0	0	0	0	0	0	0	0	0
24.7	7.86721124667734	1.729858362758833	-7.775751640041204	0	0.9399999999999999	0	0	0	0	0	0	0	0	0	0.2972403319998484	-0.06410353127087388	-0.3248631653286524	0.1864771546367161	0.1864774782311536	0	0	0	0	0	0	0	0	0	0	0	0	0	0	0	0	0	0	0	0
24.72	7.867761750717766	1.728787181223417	-7.776797219392868	0	0.9399999999999999	0	0	0	0	0	0	0	0	0	0.2923043941250001	-0.06054642220191399	-0.3234843522234132	0.1787211613412214	0.1787231548687951	0	0	0	0	0	0	0	0	0	0	0	0	0	0	0	0	0	0	0	0
24.74	7.875412654412773	1.727742299821701	-7.785166622770388	0	0.9399999999999999	0	0	0	0	0	0	0	0	0	0.2869349566735679	-0.05802281614174912	-0.3219656404670697	0.170485780116447	0.1704857819498534	0	0	0	0	0	0	0	0	0	0	0	0	0	0	0	0	0	0	0	0
24.76	7.875718137840425	1.727054133625129	-7.786157470059704	0	0.9399999999999999	0	0	0	0	0	0	0	0	0	0.2812301778706572	-0.05410258758888379	-0.3206832988566101	0.1618062197448247	0.1618085889014567	0	0	0	0	0	0	0	0	0	0	0	0	0	0	0	0	0	0	0	0
24.78	7.875721262649939	1.727053268953087	-7.786161108990717	0	0.9399999999999999	0	0	0	0	0	0	0	0	0	0.281230070517006	-0.05410252324450002	-0.3206812326154496	0.1618066036644248	0.1618088460174456	0	0	0	0	0	0	0	0	0	0	0	0	0	0	0	0	0	0	0	0
24.8	7.875981356928773	1.725723920623368	-7.787697372438328	0	0.9399999999999999	0	0	0	0	0	0	0	0	0	0.2685556997671437	-0.04558739318047455	-0.3185010839097926	0.1425929027890512	0.142594127330733	0	0	0	0	0	0	0	0	0	0	0	0	0	0	0	0	0	0	0	0
24.82	7.875917466537097	1.72501153453924	-7.788420279451256	0	0.9399999999999999	0	0	0	0	0	0	0	0	0	0.2619514830841614	-0.04106026810889936	-0.3178981750987536	0.1326360355926284	0.1326357472069521	0	0	0	0	0	0	0	0	0	0	0	0	0	0	0	0	0	0	0	0
24.84	7.875468096247609	1.724530198309345	-7.788632576145153	0	0.9399999999999999	0	0	0	0	0	0	0	0	0	0.2556478367233017	-0.0363199343289992	-0.3175202056531709	0.1229616196257977	0.1229599345325555	0	0	0	0	0	0	0	0	0	0	0	0	0	0	0	0	0	0	0	0
24.86	7.874807951019633	1.724126005925541	-7.788498575807879	0	0.9399999999999999	0	0	0	0	0	0	0	0	0	0.2552224561428381	-0.03640999407132226	-0.3180803416721648	0.1230071485341388	0.1230112454108083	0	0	0	0	0	0	0	0	0	0	0	0	0	0	0	0	0	0	0	0
24.88	7.863010092094314	1.723638478866682	-7.776771843483641	0	0.9399999999999999	0	0	0	0	0	0	0	0	0	0.2435581906205339	-0.02513021837555706	-0.317646371890678	0.1047775174670541	0.104777743781768	0	0	0	0	0	0	0	0	0	0	0	0	0	0	0	0	0	0	0	0
24.9	7.86333345073658	1.722549894006016	-7.776861989445648	0	0.9399999999999999	0	0	0	0	0	0	0	0	0	0.2374010561316105	-0.02073304806269529	-0.3175985200723633	0.09659309773685318	0.09659255943248672	0	0	0	0	0	0	0	0	0	0	0	0	0	0	0	0	0	0	0	0
24.92	7.864063407886531	1.720899419447494	-7.777061732816814	0	0.9399999999999999	0	0	0	0	0	0	0	0	0	0.2310065830862582	-0.01663224342473565	-0.3175010532592589	0.08891067299418882	0.08890755123329304	0	0	0	0	0	0	0	0	0	0	0	0	0	0	0	0	0	0	0	0
24.94	7.869910696557522	1.72013364014843	-7.782010771649255	0	0.9399999999999999	0	0	0	0	0	0	0	0	0	0.225856922559087	-0.01340169082491539	-0.317133029790167	0.08142126403849087	0.08141933816736661	0	0	0	0	0	0	0	0	0	0	0	0	0	0	0	0	0	0	0	0
24.96	7.869909657741172	1.720132577598742	-7.782011714492675	0	0.9399999999999999	0	0	0	0	0	0	0	0	0	0.2258552224447892	-0.01340220000796997	-0.3171316653498746	0.08142158952620911	0.08142049497017533	0	0	0	0	0	0	0	0	0	0	0	0	0	0	0	0	0	0	0	0
24.98	7.892289836589715	1.719741900888282	-7.802032144492564	0	0.9399999999999999	0	0	0	0	0	0	0	0	0	0.217388101946883	-0.008768061428522898	-0.3157133855664053	0.06731071058998928	0.06731070928627882	0	0	0	0	0	0	0	0	0	0	0	0	0	0	0	0	0	0	0	0
25	7.900354133529952	1.719946188225211	-7.808415839725249	0	0.9399999999999999	0	0	0	0	0	0	0	0	0	0.2136533792534983	-0.006065737155787516	-0.3145155428810684	0.06042188134944542	0.0604219244461605	0	0	0	0	0	0	0	0	0	0	0	0	0	0	0	0	0	0	0	0
25.02	7.900354133529952	1.719946188225211	-7.808415839725249	0	0.9399999999999999	0	0	0	0	0	0	0	0	0	0.2136533792534983	-0.006065737155787516	-0.3145155428810684	0.06042188134944542	0.0604219244461605	0	0	0	0	0	0	0	0	0	0	0	0	0	0	0	0	0	0	0	0
25.04	7.910146663123606	1.720207718822161	-7.81634710767026	0	0.9399999999999999	0	0	0	0	0	0	0	0	0	0.2098815938969428	-0.003719858078326723	-0.3130111300230388	0.05349640546596836	0.05349641718137337	0	0	0	0	0	0	0	0	0	0	0	0	0	0	0	0	0	0	0	0
25.06	7.913532326048003	1.719820560429177	-7.814924411782781	0	0.9399999999999999	0	0	0	0	0	0	0	0	0	0.2006458963911133	0.003290632935606764	-0.30891329652332	0.0385064064038643	0.03850592151403757	0	0	0	0	0	0	0	0	0	0	0	0	0	0	0	0	0	0	0	0
25.08	7.91452075622897	1.718461795113212	-7.813261679606974	0	0.9399999999999999	0	0	0	0	0	0	0	0	0	0.1945765498479121	0.006809085295256132	-0.3063731049809527	0.03031467405591632	0.03031342270153708	0	0	0	0	0	0	0	0	0	0	0	0	0	0	0	0	0	0	0	0
25.1	7.897851538017629	1.716785511017431	-7.79323676772037	0	0.9399999999999999	0	0	0	0	0	0	0	0	0	0.1927646121120534	0.009780316277518325	-0.3033598280770574	0.0303389763273985	0.03033933406253337	0	0	0	0	0	0	0	0	0	0	0	0	0	0	0	0	0	0	0	0
25.12	7.898988230022313	1.715467662743097	-7.791528088540712	0	0.9399999999999999	0	0	0	0	0	0	0	0	0	0.1820957778597484	0.01605122495185112	-0.3005940990497224	0.01394554315421325	0.01395145942252256	0	0	0	0	0	0	0	0	0	0	0	0	0	0	0	0	0	0	0	0
25.14	7.898981280117067	1.715461361200688	-7.791519840097303	0	0.9399999999999999	0	0	0	0	0	0	0	0	0	0.1820883114230701	0.01605064155854819	-0.3005893456764518	0.01394886633216123	0.01395466082624093	0	0	0	0	0	0	0	0	0	0	0	0	0	0	0	0	0	0	0	0
25.16	7.88212780687973	1.714604601072794	-7.77159000915064	0	0.9399999999999999	0	0	0	0	0	0	0	0	0	0.1766252718427472	0.02164551673617993	-0.2980426147337743	0.006381058816386947	0.006381114092996443	0	0	0	0	0	0	0	0	0	0	0	0	0	0	0	0	0	0	0	0
25.18	7.876428003889963	1.71440695798486	-7.762916983706005	0	0.9399999999999999	0	0	0	0	0	0	0	0	0	0.1725735422344269	0.02537018056865638	-0.2957200802703054	0	5.062974742171018e-08	0	0	0	0	0	0	0	0	0	0	0	0	0	0	0	0	0	0	0	0
25.2	7.869436241638614	1.712108414979256	-7.749160851143663	0	0.9399999999999999	0	0	0	0	0	0	0	0	0	0.1686094505023287	0.02882271784345585	-0.2920806377421556	0	-8.993881062308775e-09	0	0	0	0	0	0	0	0	0	0	0	0	0	0	0	0	0	0	0	0
25.22	7.871322942386134	1.711420146711028	-7.747412785663373	0	0.9399999999999999	0	0	0	0	0	0	0	0	0	0.167198745955357	0.02992728921261554	-0.2900867342408955	0	3.199236575863501e-06	0	0	0	0	0	0	0	0	0	0	0	0	0	0	0	0	0	0	0	0
25.24	7.87339396543961	1.710539418192376	-7.745635591617355	0	0.9399999999999999	0	0	0	0	0	0	0	0	0	0.1656368366185225	0.03092819922450169	-0.288075583695081	0	3.8320041150659e-06	0	0	0	0	0	0	0	0	0	0	0	0	0	0	0	0	0	0	0	0
25.26	7.87566007155677	1.709177083963396	-7.743860552364121	0	0.9399999999999999	0	0	0	0	0	0	0	0	0	0.1635685338724341	0.03196743655601583	-0.2858333608894927	0	1.732490574945449e-05	0	0	0	0	0	0	0	0	0	0	0	0	0	0	0	0	0	0	0	0
25.28	7.878094659148748	1.707685992423998	-7.741983492322984	0	0.9399999999999999	0	0	0	0	0	0	0	0	0	0.1613678961112827	0.03306102917606027	-0.2832329602884424	0	-3.785721541545804e-06	0	0	0	0	0	0	0	0	0	0	0	0	0	0	0	0	0	0	0	0
25.3	7.880589251789004	1.70673051135549	-7.739991859654944	0	0.9399999999999999	0	0	0	0	0	0	0	0	0	0.1596871786546546	0.03425661083061046	-0.2804144913634278	0	-1.242628435228315e-05	0	0	0	0	0	0	0	0	0	0	0	0	0	0	0	0	0	0	0	0
25.32	7.883175881293147	1.705518407586653	-7.737812804810193	0	0.9399999999999999	0	0	0	0	0	0	0	0	0	0.1577324075026605	0.03537064257835608	-0.2772756250654338	0	3.427955304808685e-06	0	0	0	0	0	0	0	0	0	0	0	0	0	0	0	0	0	0	0	0
25.34	7.883178544716535	1.705511970435775	-7.737820255710721	0	0.9399999999999999	0	0	0	0	0	0	0	0	0	0.1577225372628639	0.03537144460815781	-0.2772810502177603	0	3.225104415115416e-06	0	0	0	0	0	0	0	0	0	0	0	0	0	0	0	0	0	0	0	0
25.36	7.888118222637815	1.704285820564787	-7.733198366730541	0	0.9399999999999999	0	0	0	0	0	0	0	0	0	0.1550482167475074	0.03754646407476777	-0.2706439116111296	0	2.028141599011931e-05	0	0	0	0	0	0	0	0	0	0	0	0	0	0	0	0	0	0	0	0
25.38	7.890483136353279	1.704555414563043	-7.731057946082902	0	0.9399999999999999	0	0	0	0	0	0	0	0	0	0.1543700624212355	0.03855011590086119	-0.2673900932922315	0	4.830120378046637e-06	0	0	0	0	0	0	0	0	0	0	0	0	0	0	0	0	0	0	0	0
25.4	7.893103389428862	1.704455773689042	-7.729049358022511	0	0.9399999999999999	0	0	0	0	0	0	0	0	0	0.1532659070482844	0.03946689393835663	-0.2640945246054724	0	1.30228162934272e-05	0	0	0	0	0	0	0	0	0	0	0	0	0	0	0	0	0	0	0	0
25.42	7.905340482090068	1.704039818910362	-7.736344675319781	0	0.9399999999999999	0	0	0	0	0	0	0	0	0	0.1519820818556896	0.03898987220423672	-0.2605396414498036	0	4.853531872833109e-08	0	0	0	0	0	0	0	0	0	0	0	0	0	0	0	0	0	0	0	0
25.44	7.907770469813753	1.704182863289405	-7.733990920510396	0	0.9399999999999999	0	0	0	0	0	0	0	0	0	0.1512636830003706	0.03975976654498445	-0.2573042973910634	0	-2.511228221929154e-07	0	0	0	0	0	0	0	0	0	0	0	0	0	0	0	0	0	0	0	0
25.46	7.91041480956969	1.704608622396171	-7.731513709169923	0	0.9399999999999999	0	0	0	0	0	0	0	0	0	0.1508019568675723	0.040567290247051	-0.2537300736085962	0	-5.599958037855505e-08	0	0	0	0	0	0	0	0	0	0	0	0	0	0	0	0	0	0	0	0
25.48	7.913254545091649	1.704964815443079	-7.729012540744642	0	0.9399999999999999	0	0	0	0	0	0	0	0	0	0.1502601218690103	0.04134021002977981	-0.2499353641524062	0	-1.199482850173529e-06	0	0	0	0	0	0	0	0	0	0	0	0	0	0	0	0	0	0	0	0
25.5	7.913260760401283	1.704961270575097	-7.729019951144565	0	0.9399999999999999	0	0	0	0	0	0	0	0	0	0.150255100440991	0.0413387234325153	-0.2499359567020819	0	-1.169685576431142e-06	0	0	0	0	0	0	0	0	0	0	0	0	0	0	0	0	0	0	0	0
25.52	7.916377925545674	1.70441492290377	-7.726619019792886	0	0.9399999999999999	0	0	0	0	0	0	0	0	0	0.1488049456080702	0.04199412717227285	-0.2460538982478636	0	1.043331856347144e-05	0	0	0	0	0	0	0	0	0	0	0	0	0	0	0	0	0	0	0	0
25.54	7.922430870678375	1.701351192902157	-7.720938061429609	0	0.9399999999999999	0	0	0	0	0	0	0	0	0	0.1439748462183736	0.04331350197223777	-0.2379539409437568	0	1.849602080175522e-06	0	0	0	0	0	0	0	0	0	0	0	0	0	0	0	0	0	0	0	0
25.56	7.922434171328904	1.701350090930394	-7.720940667913494	0	0.9399999999999999	0	0	0	0	0	0	0	0	0	0.1439770070196868	0.04331456282892839	-0.2379531977404871	0	1.473370813797126e-06	0	0	0	0	0	0	0	0	0	0	0	0	0	0	0	0	0	0	0	0
25.58	7.904383287433573	1.700189727102539	-7.692625800012	0	0.9399999999999999	0	0	0	0	0	0	0	0	0	0.1409584652943453	0.04773536385092982	-0.2317873431209455	0	8.399028848438499e-08	0	0	0	0	0	0	0	0	0	0	0	0	0	0	0	0	0	0	0	0
25.6	7.904383287433573	1.700189727102539	-7.692625800012	0	0.9399999999999999	0	0	0	0	0	0	0	0	0	0.1409584652943453	0.04773536385092982	-0.2317873431209455	0	8.399028848438499e-08	0	0	0	0	0	0	0	0	0	0	0	0	0	0	0	0	0	0	0	0
25.62	7.867943440897974	1.705163255602047	-7.649397625975569	0	0.9399999999999999	0	0	0	0	0	0	0	0	0	0.1441419313577132	0.05483464181758822	-0.2274903160868962	0	-1.177776039845291e-06	0	0	0	0	0	0	0	0	0	0	0	0	0	0	0	0	0	0	0	0
25.64	7.869512458592101	1.709755720073538	-7.64782348669224	0	0.9399999999999999	0	0	0	0	0	0	0	0	0	0.1477095718170555	0.05691197745208307	-0.2280932465647171	0	8.807039898416563e-06	0	0	0	0	0	0	0	0	0	0	0	0	0	0	0	0	0	0	0	0
25.66	7.871316409786247	1.711704484561079	-7.646158063887675	0	0.9399999999999999	0	0	0	0	0	0	0	0	0	0.149023925020363	0.05810093384549184	-0.2262389566539009	0	-4.400068646505533e-06	0	0	0	0	0	0	0	0	0	0	0	0	0	0	0	0	0	0	0	0
25.68	7.871314540026692	1.71171176903079	-7.646161707215663	0	0.9399999999999999	0	0	0	0	0	0	0	0	0	0.1490296787912896	0.05810258592998755	-0.2262464023338105	0	-3.961337361425334e-06	0	0	0	0	0	0	0	0	0	0	0	0	0	0	0	0	0	0	0	0
25.7	7.938062958650144	1.710504328157205	-7.703351943776875	0	0.9399999999999999	0	0	0	0	0	0	0	0	0	0.1480825287932458	0.05118036103254796	-0.2186268205626195	0	3.176998109098885e-08	0	0	0	0	0	0	0	0	0	0	0	0	0	0	0	0	0	0	0	0
25.72	7.965646704186306	1.710559749694289	-7.723161950300148	0	0.9399999999999999	0	0	0	0	0	0	0	0	0	0.1479509253528016	0.04892923855610511	-0.2116230219694563	0	-8.712987490786615e-08	0	0	0	0	0	0	0	0	0	0	0	0	0	0	0	0	0	0	0	0
25.74	7.98696720667609	1.708704064888955	-7.739327483409817	0	0.9399999999999999	0	0	0	0	0	0	0	0	0	0.1462146247085823	0.04653760609437156	-0.2062588238389683	0	9.788786965063998e-09	0	0	0	0	0	0	0	0	0	0	0	0	0	0	0	0	0	0	0	0
25.76	7.99842827742419	1.707427182838666	-7.746274846600888	0	0.9399999999999999	0	0	0	0	0	0	0	0	0	0.1441111803327156	0.04605254273435547	-0.2029860182310118	0	-4.880578724639342e-07	0	0	0	0	0	0	0	0	0	0	0	0	0	0	0	0	0	0	0	0
25.78	7.99842827742419	1.707427182838666	-7.746274846600888	0	0.9399999999999999	0	0	0	0	0	0	0	0	0	0.1441111803327156	0.04605254273435547	-0.2029860182310118	0	-4.880578724639342e-07	0	0	0	0	0	0	0	0	0	0	0	0	0	0	0	0	0	0	0	0
25.8	8.01007832733147	1.706780616466763	-7.754135256142477	0	0.9399999999999999	0	0	0	0	0	0	0	0	0	0.1430045691876302	0.04510997111950038	-0.1996457519267912	0	-1.951068256023509e-07	0	0	0	0	0	0	0	0	0	0	0	0	0	0	0	0	0	0	0	0
25.82	8.026415818375437	1.705418456236748	-7.767076577710316	0	0.9399999999999999	0	0	0	0	0	0	0	0	0	0.1412189663084107	0.04331137325422858	-0.1966481275856829	0	-3.254124685656958e-07	0	0	0	0	0	0	0	0	0	0	0	0	0	0	0	0	0	0	0	0
25.84	8.045742458817545	1.703564050012281	-7.782924179746471	0	0.9399999999999999	0	0	0	0	0	0	0	0	0	0.1390720054601316	0.04106900042689789	-0.1935488716833699	0	3.333490241576979e-07	0	0	0	0	0	0	0	0	0	0	0	0	0	0	0	0	0	0	0	0
25.86	8.092892424634581	1.701001638219193	-7.823384445785498	0	0.9399999999999999	0	0	0	0	0	0	0	0	0	0.1357277457887721	0.03519382064839911	-0.1880467657045506	0	2.176032723467402e-07	0	0	0	0	0	0	0	0	0	0	0	0	0	0	0	0	0	0	0	0
25.88	8.117385169531094	1.699452724863258	-7.844326013289953	0	0.9399999999999999	0	0	0	0	0	0	0	0	0	0.1336979492557751	0.0321883864992543	-0.1854304390991505	0	-9.143736752463887e-08	0	0	0	0	0	0	0	0	0	0	0	0	0	0	0	0	0	0	0	0
25.9	8.138286576039768	1.697404487777512	-7.861335758676121	0	0.9399999999999999	0	0	0	0	0	0	0	0	0	0.1312811433563842	0.02969634714370202	-0.1825929859068322	0	2.687119947198024e-08	0	0	0	0	0	0	0	0	0	0	0	0	0	0	0	0	0	0	0	0
25.92	8.153790380413982	1.695148473430212	-7.873060622475988	0	0.9399999999999999	0	0	0	0	0	0	0	0	0	0.1287378349129985	0.02797733254910903	-0.1797527400902472	0	-7.773245841483599e-09	0	0	0	0	0	0	0	0	0	0	0	0	0	0	0	0	0	0	0	0
25.94	8.167082881792053	1.692394917130287	-7.882696795180367	0	0.9399999999999999	0	0	0	0	0	0	0	0	0	0.1257343058891588	0.02655606071799837	-0.1768949405520438	0	1.53064346888972e-07	0	0	0	0	0	0	0	0	0	0	0	0	0	0	0	0	0	0	0	0
25.96	8.167082881792053	1.692394917130287	-7.882696795180367	0	0.9399999999999999	0	0	0	0	0	0	0	0	0	0.1257343058891588	0.02655606071799837	-0.1768949405520438	0	1.53064346888972e-07	0	0	0	0	0	0	0	0	0	0	0	0	0	0	0	0	0	0	0	0
25.98	8.192304819074097	1.688852291696493	-7.898721206138156	0	0.9399999999999999	0	0	0	0	0	0	0	0	0	0.1214355126695415	0.0243140937167205	-0.1689875642489244	0	3.987425118266273e-07	0	0	0	0	0	0	0	0	0	0	0	0	0	0	0	0	0	0	0	0
26	8.195499751755577	1.688996708027564	-7.896008276812851	0	0.9399999999999999	0	0	0	0	0	0	0	0	0	0.1216173176078855	0.02407962822326553	-0.1642047444958228	0	5.968757654512323e-06	0	0	0	0	0	0	0	0	0	0	0	0	0	0	0	0	0	0	0	0
26.02	8.195511757298522	1.688993287709616	-7.896020773267578	0	0.9399999999999999	0	0	0	0	0	0	0	0	0	0.1216183624226379	0.02407632055475437	-0.1642051349315379	0	5.770259417568142e-06	0	0	0	0	0	0	0	0	0	0	0	0	0	0	0	0	0	0	0	0
26.04	8.201756320254916	1.694504953517282	-7.890573489142228	0	0.9399999999999999	0	0	0	0	0	0	0	0	0	0.1269412521445925	0.02371627679815433	-0.15415771982998	0	1.533109696283932e-06	0	0	0	0	0	0	0	0	0	0	0	0	0	0	0	0	0	0	0	0
26.06	8.19709752496853	1.698744966425425	-7.880580849122582	0	0.9399999999999999	0	0	0	0	0	0	0	0	0	0.1310507739322186	0.02425219466174796	-0.1494026881603817	0	3.268198871898617e-08	0	0	0	0	0	0	0	0	0	0	0	0	0	0	0	0	0	0	0	0
26.08	8.183111268079015	1.703209443030551	-7.861680244149007	0	0.9399999999999999	0	0	0	0	0	0	0	0	0	0.1352507400993513	0.02605564914350908	-0.1450985874764084	0	3.002189423123396e-07	0	0	0	0	0	0	0	0	0	0	0	0	0	0	0	0	0	0	0	0
26.1	8.168637579990046	1.70827648764956	-7.842937366084892	0	0.9399999999999999	0	0	0	0	0	0	0	0	0	0.1400974634424943	0.02819137888789315	-0.141354045918734	0	-1.161367449438584e-07	0	0	0	0	0	0	0	0	0	0	0	0	0	0	0	0	0	0	0	0
26.12	8.156036006333473	1.713020776020165	-7.82727900420304	0	0.9399999999999999	0	0	0	0	0	0	0	0	0	0.1447214772993111	0.03046346781467795	-0.1384632297610934	0	-2.454621571621027e-06	0	0	0	0	0	0	0	0	0	0	0	0	0	0	0	0	0	0	0	0
26.14	8.156077911673831	1.713071154252466	-7.827196283985289	0	0.9399999999999999	0	0	0	0	0	0	0	0	0	0.1446051558768426	0.03015905570034732	-0.1386500658634945	0	-1.927004485594629e-05	0	0	0	0	0	0	0	0	0	0	0	0	0	0	0	0	0	0	0	0
26.16	8.14823412550721	1.715752678100868	-7.816819478154107	0	0.9399999999999999	0	0	0	0	0	0	0	0	0	0.1467610066432742	0.03135354525881365	-0.1366271407415148	0	-2.080461406449868e-07	0	0	0	0	0	0	0	0	0	0	0	0	0	0	0	0	0	0	0	0
26.18	8.149098205799636	1.715814461027985	-7.815677278075385	0	0.9399999999999999	0	0	0	0	0	0	0	0	0	0.146369327529387	0.03111301330748695	-0.1351195670636792	0	8.993154679180009e-07	0	0	0	0	0	0	0	0	0	0	0	0	0	0	0	0	0	0	0	0
26.2	8.151098654999322	1.714977905012339	-7.814039077551641	0	0.9399999999999999	0	0	0	0	0	0	0	0	0	0.1444278261961801	0.03077833114244531	-0.132520852265662	0	-5.800097482943239e-06	0	0	0	0	0	0	0	0	0	0	0	0	0	0	0	0	0	0	0	0
26.22	8.166409727977978	1.715041355154421	-7.82633231322229	0	0.9399999999999999	0	0	0	0	0	0	0	0	0	0.1438406326420051	0.02877337524968438	-0.1299321146342733	0	1.46043237595486e-06	0	0	0	0	0	0	0	0	0	0	0	0	0	0	0	0	0	0	0	0
26.24	8.168196003137457	1.715634313399899	-7.824711121377367	0	0.9399999999999999	0	0	0	0	0	0	0	0	0	0.144388294103444	0.02902316161923646	-0.1265677328392207	0	4.73498440743923e-06	0	0	0	0	0	0	0	0	0	0	0	0	0	0	0	0	0	0	0	0
26.26	8.170310090485952	1.716891984189189	-7.822823007700038	0	0.9399999999999999	0	0	0	0	0	0	0	0	0	0.1443404672262163	0.02912184542008175	-0.1239573447056161	0	3.895509478806348e-06	0	0	0	0	0	0	0	0	0	0	0	0	0	0	0	0	0	0	0	0
26.28	8.179982196684223	1.71893632930609	-7.828772248804185	0	0.9399999999999999	0	0	0	0	0	0	0	0	0	0.14632529691982	0.02830767950312952	-0.1201814876062172	0	5.216301738089161e-07	0	0	0	0	0	0	0	0	0	0	0	0	0	0	0	0	0	0	0	0
26.3	8.182179911229383	1.720988026441808	-7.826950616485444	0	0.9399999999999999	0	0	0	0	0	0	0	0	0	0.147164944190801	0.02845835571238995	-0.1179887113297818	0	-2.80067944174249e-06	0	0	0	0	0	0	0	0	0	0	0	0	0	0	0	0	0	0	0	0
26.32	8.199211728071232	1.723573352557496	-7.83969461600416	0	0.9399999999999999	0	0	0	0	0	0	0	0	0	0.1492763304582686	0.02647456396948755	-0.1147943655646496	0	5.134195682058676e-07	0	0	0	0	0	0	0	0	0	0	0	0	0	0	0	0	0	0	0	0
26.34	8.199211728071232	1.723573352557496	-7.83969461600416	0	0.9399999999999999	0	0	0	0	0	0	0	0	0	0.1492763304582686	0.02647456396948755	-0.1147943655646496	0	5.134195682058676e-07	0	0	0	0	0	0	0	0	0	0	0	0	0	0	0	0	0	0	0	0
26.36	8.215654874802178	1.727318151975376	-7.851302837781932	0	0.9399999999999999	0	0	0	0	0	0	0	0	0	0.1526356916132232	0.02457317642851998	-0.1112039499208169	0	3.25091823114976e-08	0	0	0	0	0	0	0	0	0	0	0	0	0	0	0	0	0	0	0	0
26.38	8.236957237751568	1.735133519163718	-7.862670686758692	0	0.9399999999999999	0	0	0	0	0	0	0	0	0	0.160010483884536	0.02235809398792002	-0.1039416022131574	0	-1.743522001212744e-07	0	0	0	0	0	0	0	0	0	0	0	0	0	0	0	0	0	0	0	0
26.4	8.236957237751568	1.735133519163718	-7.862670686758692	0	0.9399999999999999	0	0	0	0	0	0	0	0	0	0.160010483884536	0.02235809398792002	-0.1039416022131574	0	-1.743522001212744e-07	0	0	0	0	0	0	0	0	0	0	0	0	0	0	0	0	0	0	0	0
26.42	8.292314379299558	1.736907627380718	-7.906056244087824	0	0.9399999999999999	0	0	0	0	0	0	0	0	0	0.1615172174904632	0.01454512714853782	-0.09357103271827423	0	2.822483812800839e-06	0	0	0	0	0	0	0	0	0	0	0	0	0	0	0	0	0	0	0	0
26.44	8.323495983469927	1.741353094096012	-7.930696145180809	0	0.9399999999999999	0	0	0	0	0	0	0	0	0	0.165741160529347	0.009747727231621291	-0.08725317641597258	0	1.160106834913091e-07	0	0	0	0	0	0	0	0	0	0	0	0	0	0	0	0	0	0	0	0
26.46	8.339562565277214	1.746033089846605	-7.939478159525142	0	0.9399999999999999	0	0	0	0	0	0	0	0	0	0.1696928251616568	0.007809733382549614	-0.08000426782970892	0	2.573634069287719e-07	0	0	0	0	0	0	0	0	0	0	0	0	0	0	0	0	0	0	0	0
26.48	8.343324664690973	1.750647673488565	-7.936205148162452	0	0.9399999999999999	0	0	0	0	0	0	0	0	0	0.1748896262311525	0.006819790471026592	-0.07324728343935863	0	-2.319453879582577e-06	0	0	0	0	0	0	0	0	0	0	0	0	0	0	0	0	0	0	0	0
26.5	8.346203133493148	1.755819810432122	-7.932687961201484	0	0.9399999999999999	0	0	0	0	0	0	0	0	0	0.1798218075748655	0.006412081476770861	-0.0671163890128227	0	-1.315881953606205e-06	0	0	0	0	0	0	0	0	0	0	0	0	0	0	0	0	0	0	0	0
26.52	8.338617993072191	1.761791428100392	-7.918683169634068	0	0.9399999999999999	0	0	0	0	0	0	0	0	0	0.1852010186123287	0.008447908564629429	-0.06082015726278228	0	-5.664002143448282e-07	0	0	0	0	0	0	0	0	0	0	0	0	0	0	0	0	0	0	0	0
26.54	8.331156464437829	1.767692995753657	-7.905148746345183	0	0.9399999999999999	0	0	0	0	0	0	0	0	0	0.1914473794495	0.009163097735536403	-0.05562385375644681	0	5.879752088074638e-07	0	0	0	0	0	0	0	0	0	0	0	0	0	0	0	0	0	0	0	0
26.56	8.327777209813727	1.772807835486464	-7.896408526472129	0	0.9399999999999999	0	0	0	0	0	0	0	0	0	0.196563101555583	0.009746562761760176	-0.05043180133865609	0	4.112600470800647e-08	0	0	0	0	0	0	0	0	0	0	0	0	0	0	0	0	0	0	0	0
26.58	8.335793467246917	1.776807010790272	-7.900016650240669	0	0.9399999999999999	0	0	0	0	0	0	0	0	0	0.2004580074960124	0.007911040396995538	-0.04581778808274952	0	-1.943422290328149e-08	0	0	0	0	0	0	0	0	0	0	0	0	0	0	0	0	0	0	0	0
26.6	8.35247638828899	1.77927485718129	-7.913176063197895	0	0.9399999999999999	0	0	0	0	0	0	0	0	0	0.2026435370241162	0.004266671955669697	-0.04201770943091278	0	-2.810413087169687e-07	0	0	0	0	0	0	0	0	0	0	0	0	0	0	0	0	0	0	0	0
26.62	8.377732248000592	1.783767069177298	-7.933919127426148	0	0.9399999999999999	0	0	0	0	0	0	0	0	0	0.2066551815141291	-0.001050972368285033	-0.03705045796122815	0	-2.701154782667372e-07	0	0	0	0	0	0	0	0	0	0	0	0	0	0	0	0	0	0	0	0
26.64	8.402659926702611	1.788428107273421	-7.953354894577522	0	0.9399999999999999	0	0	0	0	0	0	0	0	0	0.2109831258073274	-0.006329635081272507	-0.03091860613664756	0	-4.370277152545057e-07	0	0	0	0	0	0	0	0	0	0	0	0	0	0	0	0	0	0	0	0
26.66	8.402659926702611	1.788428107273421	-7.953354894577522	0	0.9399999999999999	0	0	0	0	0	0	0	0	0	0.2109831258073274	-0.006329635081272507	-0.03091860613664756	0	-4.370277152545057e-07	0	0	0	0	0	0	0	0	0	0	0	0	0	0	0	0	0	0	0	0
26.68	8.4236821941044	1.789928664663938	-7.968216956466056	0	0.9399999999999999	0	0	0	0	0	0	0	0	0	0.2123742351421136	-0.01049338888208091	-0.02396755651399391	0	3.665686232938356e-07	0	0	0	0	0	0	0	0	0	0	0	0	0	0	0	0	0	0	0	0
26.7	8.471968577133469	1.792499269022897	-8.00816547325236	0	0.9399999999999999	0	0	0	0	0	0	0	0	0	0.2138854695618876	-0.02120764665235839	-0.01303073932362447	0	-1.530401352841106e-08	0	0	0	0	0	0	0	0	0	0	0	0	0	0	0	0	0	0	0	0
26.72	8.471968577133469	1.792499269022897	-8.00816547325236	0	0.9399999999999999	0	0	0	0	0	0	0	0	0	0.2138854695618876	-0.02120764665235839	-0.01303073932362447	0	-1.530401352841106e-08	0	0	0	0	0	0	0	0	0	0	0	0	0	0	0	0	0	0	0	0
26.74	8.520238919360505	1.796187589111309	-8.052060721343599	0	0.9399999999999999	0	0	0	0	0	0	0	0	0	0.2156394213758056	-0.03272025742279364	-0.005264894827897154	0	-1.322987834810694e-07	0	0	0	0	0	0	0	0	0	0	0	0	0	0	0	0	0	0	0	0
26.76	8.520238919360505	1.796187589111309	-8.052060721343599	0	0.9399999999999999	0	0	0	0	0	0	0	0	0	0.2156394213758056	-0.03272025742279364	-0.005264894827897154	0	-1.322987834810694e-07	0	0	0	0	0	0	0	0	0	0	0	0	0	0	0	0	0	0	0	0
26.78	8.567490819123238	1.798852607031151	-8.092839060585824	0	0.9399999999999999	0	0	0	0	0	0	0	0	0	0.2160055823194515	-0.04319563933396371	0.004038712889223924	0	1.506435901750208e-07	0	0	0	0	0	0	0	0	0	0	0	0	0	0	0	0	0	0	0	0
26.8	8.581785268435747	1.80195526219173	-8.103041773194013	0	0.9399999999999999	0	0	0	0	0	0	0	0	0	0.2184948289055895	-0.04696859542297932	0.009339326557907429	0	2.013957523681736e-07	0	0	0	0	0	0	0	0	0	0	0	0	0	0	0	0	0	0	0	0
26.82	8.591403749975228	1.804909730696957	-8.10798210762151	0	0.9399999999999999	0	0	0	0	0	0	0	0	0	0.2211262654008931	-0.04927601435473049	0.0147949275874406	0	-3.07825596046895e-07	0	0	0	0	0	0	0	0	0	0	0	0	0	0	0	0	0	0	0	0
26.84	8.591403749975228	1.804909730696957	-8.10798210762151	0	0.9399999999999999	0	0	0	0	0	0	0	0	0	0.2211262654008931	-0.04927601435473049	0.0147949275874406	0	-3.07825596046895e-07	0	0	0	0	0	0	0	0	0	0	0	0	0	0	0	0	0	0	0	0
26.86	8.599228972853716	1.807971754674911	-8.107317171210839	0	0.9399999999999999	0	0	0	0	0	0	0	0	0	0.2240555763981371	-0.0502359594093571	0.02391783028050627	0	-9.751294441017069e-08	0	0	0	0	0	0	0	0	0	0	0	0	0	0	0	0	0	0	0	0
26.88	8.599228972853716	1.807971754674911	-8.107317171210839	0	0.9399999999999999	0	0	0	0	0	0	0	0	0	0.2240555763981371	-0.0502359594093571	0.02391783028050627	0	-9.751294441017069e-08	0	0	0	0	0	0	0	0	0	0	0	0	0	0	0	0	0	0	0	0
26.9	8.602009750303148	1.814244249277984	-8.105088959998243	0	0.9399999999999999	0	0	0	0	0	0	0	0	0	0.2305298480240538	-0.05146685594130739	0.02897049244500773	0	-2.482584918201576e-07	0	0	0	0	0	0	0	0	0	0	0	0	0	0	0	0	0	0	0	0
26.92	8.603410503088757	1.814437671357072	-8.103939245242325	0	0.9399999999999999	0	0	0	0	0	0	0	0	0	0.2307345711407877	-0.05132654741455382	0.03098588673019457	0	3.724886809928553e-06	0	0	0	0	0	0	0	0	0	0	0	0	0	0	0	0	0	0	0	0
26.94	8.603416561593898	1.814440499116451	-8.103946118313193	0	0.9399999999999999	0	0	0	0	0	0	0	0	0	0.2307401693960002	-0.05132846812907817	0.03098508134235566	0	3.577647813229718e-06	0	0	0	0	0	0	0	0	0	0	0	0	0	0	0	0	0	0	0	0
26.96	8.609889255002402	1.812130810839648	-8.107432281467529	0	0.9399999999999999	0	0	0	0	0	0	0	0	0	0.2282834554193021	-0.05172656775163001	0.03311067126673309	0	-4.583009260593068e-08	0	0	0	0	0	0	0	0	0	0	0	0	0	0	0	0	0	0	0	0
26.98	8.618824074484932	1.804453922051441	-8.109988200230307	0	0.9399999999999999	0	0	0	0	0	0	0	0	0	0.2207625285221733	-0.05038160818304373	0.03626435614119077	0	1.382254370781689e-07	0	0	0	0	0	0	0	0	0	0	0	0	0	0	0	0	0	0	0	0
27	8.618824074484932	1.804453922051441	-8.109988200230307	0	0.9399999999999999	0	0	0	0	0	0	0	0	0	0.2207625285221733	-0.05038160818304373	0.03626435614119077	0	1.382254370781689e-07	0	0	0	0	0	0	0	0	0	0	0	0	0	0	0	0	0	0	0	0
27.02	8.627941344966153	1.794129165866913	-8.114227739999615	0	0.9399999999999999	0	0	0	0	0	0	0	0	0	0.2109110834707459	-0.04852747233820615	0.03776661453421166	0	5.156692999171661e-08	0	0	0	0	0	0	0	0	0	0	0	0	0	0	0	0	0	0	0	0
27.04	8.633619666939836	1.788659928453687	-8.116847208043154	0	0.9399999999999999	0	0	0	0	0	0	0	0	0	0.2055744910891763	-0.04753295957940527	0.03913924917087366	0	-1.972190093341586e-07	0	0	0	0	0	0	0	0	0	0	0	0	0	0	0	0	0	0	0	0
27.06	8.640413910449075	1.7835705377781	-8.120362667090895	0	0.9399999999999999	0	0	0	0	0	0	0	0	0	0.200469427819791	-0.04674129112397639	0.04067153985565013	0	-3.656376275402814e-08	0	0	0	0	0	0	0	0	0	0	0	0	0	0	0	0	0	0	0	0
27.08	8.651140656439461	1.779445682028773	-8.127988618576746	0	0.9399999999999999	0	0	0	0	0	0	0	0	0	0.1961935703604619	-0.04688382482185847	0.04208111977275277	0	-3.097325103216542e-07	0	0	0	0	0	0	0	0	0	0	0	0	0	0	0	0	0	0	0	0
27.1	8.665688052808973	1.775085509382943	-8.140449108649166	0	0.9399999999999999	0	0	0	0	0	0	0	0	0	0.1917096978133405	-0.04786364455577692	0.04260006637469858	0	-1.491476743546407e-07	0	0	0	0	0	0	0	0	0	0	0	0	0	0	0	0	0	0	0	0
27.12	8.681719904620397	1.771947842296031	-8.154235025182475	0	0.9399999999999999	0	0	0	0	0	0	0	0	0	0.1885444249452008	-0.04946109272876383	0.04362566671210086	0	-5.288650361830404e-07	0	0	0	0	0	0	0	0	0	0	0	0	0	0	0	0	0	0	0	0
27.14	8.681719904620397	1.771947842296031	-8.154235025182475	0	0.9399999999999999	0	0	0	0	0	0	0	0	0	0.1885444249452008	-0.04946109272876383	0.04362566671210086	0	-5.288650361830404e-07	0	0	0	0	0	0	0	0	0	0	0	0	0	0	0	0	0	0	0	0
27.16	8.715915090141602	1.77173571465686	-8.182568848488103	0	0.9399999999999999	0	0	0	0	0	0	0	0	0	0.1877018123107368	-0.05450143039343121	0.04865937827549107	0	-4.315519769324408e-06	0	0	0	0	0	0	0	0	0	0	0	0	0	0	0	0	0	0	0	0
27.18	8.715916076048035	1.771730327781698	-8.182566914252865	0	0.9399999999999999	0	0	0	0	0	0	0	0	0	0.1876920078458387	-0.05450436934816026	0.04866303963225765	0	-3.741850681678981e-06	0	0	0	0	0	0	0	0	0	0	0	0	0	0	0	0	0	0	0	0
27.2	8.733194566603038	1.770925553955158	-8.196117170826176	0	0.9399999999999999	0	0	0	0	0	0	0	0	0	0.1866132663924676	-0.05653428479159202	0.0524510241846357	0	5.481815087070392e-06	0	0	0	0	0	0	0	0	0	0	0	0	0	0	0	0	0	0	0	0
27.22	8.755390704816357	1.769389984129549	-8.214463393736629	0	0.9399999999999999	0	0	0	0	0	0	0	0	0	0.184490364149284	-0.05898003898782221	0.05681320849091787	0	-2.937518265590194e-06	0	0	0	0	0	0	0	0	0	0	0	0	0	0	0	0	0	0	0	0
27.24	8.795488182422648	1.765216692327338	-8.244533572618277	0	0.9399999999999999	0	0	0	0	0	0	0	0	0	0.1798803015360648	-0.06265549854310944	0.06920797228971654	0	-5.513295050411579e-09	0	0	0	0	0	0	0	0	0	0	0	0	0	0	0	0	0	0	0	0
27.26	8.795488182422648	1.765216692327338	-8.244533572618277	0	0.9399999999999999	0	0	0	0	0	0	0	0	0	0.1798803015360648	-0.06265549854310944	0.06920797228971654	0	-5.513295050411579e-09	0	0	0	0	0	0	0	0	0	0	0	0	0	0	0	0	0	0	0	0
27.28	8.83427682632222	1.764420471468754	-8.279802646493502	0	0.9399999999999999	0	0	0	0	0	0	0	0	0	0.1773200033497013	-0.06841572094205119	0.07485436664993873	0	-2.494338480008996e-07	0	0	0	0	0	0	0	0	0	0	0	0	0	0	0	0	0	0	0	0
27.3	8.887431290112472	1.761837044121025	-8.33381684158808	0	0.9399999999999999	0	0	0	0	0	0	0	0	0	0.171062874942005	-0.07654546241168973	0.07650480336413955	0	-2.742406407564174e-06	0	0	0	0	0	0	0	0	0	0	0	0	0	0	0	0	0	0	0	0
27.32	8.973727052988533	1.75638228227791	-8.424076454351789	0	0.9399999999999999	0	0	0	0	0	0	0	0	0	0.1584371331399367	-0.08859033436797216	0.07531728962953041	0	1.44978961978067e-07	0	0	0	0	0	0	0	0	0	0	0	0	0	0	0	0	0	0	0	0
27.34	9.064391175708012	1.754038371563924	-8.524821017732313	0	0.9399999999999999	0	0	0	0	0	0	0	0	0	0.1463833527203804	-0.1024815028840276	0.06826986522502726	0	5.546082406473869e-08	0	0	0	0	0	0	0	0	0	0	0	0	0	0	0	0	0	0	0	0
27.36	9.193459268843469	1.748951559182101	-8.663008769570725	0	0.9399999999999999	0	0	0	0	0	0	0	0	0	0.1263163447474626	-0.1180415749973545	0.06483933537833751	0	6.805470654106268e-08	0	0	0	0	0	0	0	0	0	0	0	0	0	0	0	0	0	0	0	0
27.38	9.27356125737179	1.743117839644632	-8.742123691665723	0	0.9399999999999999	0	0	0	0	0	0	0	0	0	0.1121185592986551	-0.1233693215898113	0.06803492333552878	0	4.812562071183847e-07	0	0	0	0	0	0	0	0	0	0	0	0	0	0	0	0	0	0	0	0
27.4	9.273559995876429	1.743117973266178	-8.742125163292222	0	0.9399999999999999	0	0	0	0	0	0	0	0	0	0.1121184031234746	-0.1233684464753812	0.06803576228018125	0	1.812973014786088e-07	0	0	0	0	0	0	0	0	0	0	0	0	0	0	0	0	0	0	0	0
27.42	9.324176256774818	1.737452040819523	-8.788782410445341	0	0.9399999999999999	0	0	0	0	0	0	0	0	0	0.102321583966575	-0.1243636580125303	0.07639783612173916	0	4.163616365856553e-07	0	0	0	0	0	0	0	0	0	0	0	0	0	0	0	0	0	0	0	0
27.44	9.319779089400058	1.734091525172869	-8.783109407125501	0	0.9399999999999999	0	0	0	0	0	0	0	0	0	0.1010367498647015	-0.1211001532515218	0.07969437545868427	0	-6.688206096655959e-07	0	0	0	0	0	0	0	0	0	0	0	0	0	0	0	0	0	0	0	0
27.46	9.319391863355323	1.730276259651496	-8.783392431703142	0	0.9399999999999999	0	0	0	0	0	0	0	0	0	0.09869611813130459	-0.1180796032517004	0.07872643602483889	0	2.9988730788183e-07	0	0	0	0	0	0	0	0	0	0	0	0	0	0	0	0	0	0	0	0
27.48	9.325132352046378	1.725963523378682	-8.792024533552071	0	0.9399999999999999	0	0	0	0	0	0	0	0	0	0.09526601465452496	-0.1152909741243156	0.07901349212914446	0	1.057149501450529e-07	0	0	0	0	0	0	0	0	0	0	0	0	0	0	0	0	0	0	0	0
27.5	9.344827229795195	1.721687254271843	-8.816171960850543	0	0.9399999999999999	0	0	0	0	0	0	0	0	0	0.08979417177625278	-0.113952653613271	0.07518411667159393	0	1.506220261579318e-07	0	0	0	0	0	0	0	0	0	0	0	0	0	0	0	0	0	0	0	0
27.52	9.344827229795195	1.721687254271843	-8.816171960850543	0	0.9399999999999999	0	0	0	0	0	0	0	0	0	0.08979417177625278	-0.113952653613271	0.07518411667159393	0	1.506220261579318e-07	0	0	0	0	0	0	0	0	0	0	0	0	0	0	0	0	0	0	0	0
27.54	9.412686326484085	1.717343673640017	-8.893731148646358	0	0.9399999999999999	0	0	0	0	0	0	0	0	0	0.07771381974833295	-0.1168609516342799	0.0643945582544245	0	4.971956772218417e-08	0	0	0	0	0	0	0	0	0	0	0	0	0	0	0	0	0	0	0	0
27.56	9.412686326484085	1.717343673640017	-8.893731148646358	0	0.9399999999999999	0	0	0	0	0	0	0	0	0	0.07771381974833295	-0.1168609516342799	0.0643945582544245	0	4.971956772218417e-08	0	0	0	0	0	0	0	0	0	0	0	0	0	0	0	0	0	0	0	0
27.58	9.44058495679856	1.716993120084196	-8.923660515546372	0	0.9399999999999999	0	0	0	0	0	0	0	0	0	0.07404465570655432	-0.1189152054058834	0.06086759649382043	0	8.614908003569827e-08	0	0	0	0	0	0	0	0	0	0	0	0	0	0	0	0	0	0	0	0
27.6	9.457899681457118	1.716664691983347	-8.941406012388592	0	0.9399999999999999	0	0	0	0	0	0	0	0	0	0.07221109760830194	-0.119942600940682	0.05864288498159254	0	-3.966929282197624e-08	0	0	0	0	0	0	0	0	0	0	0	0	0	0	0	0	0	0	0	0
27.62	9.479070872977186	1.713703080362989	-8.961830570598764	0	0.9399999999999999	0	0	0	0	0	0	0	0	0	0.06948384621102036	-0.1185110391467303	0.05604378681398901	0	-2.332910507490143e-07	0	0	0	0	0	0	0	0	0	0	0	0	0	0	0	0	0	0	0	0
27.64	9.479070872977186	1.713703080362989	-8.961830570598764	0	0.9399999999999999	0	0	0	0	0	0	0	0	0	0.06948384621102036	-0.1185110391467303	0.05604378681398901	0	-2.332910507490143e-07	0	0	0	0	0	0	0	0	0	0	0	0	0	0	0	0	0	0	0	0
27.66	9.491236776414961	1.710582559547052	-8.974245254053205	0	0.9399999999999999	0	0	0	0	0	0	0	0	0	0.06704818939660707	-0.1162189138512554	0.05433468553061441	0	2.532781444347097e-08	0	0	0	0	0	0	0	0	0	0	0	0	0	0	0	0	0	0	0	0
27.68	9.514906304454744	1.702483908591875	-9.000952375383177	0	0.9399999999999999	0	0	0	0	0	0	0	0	0	0.06087173147512248	-0.110169733931459	0.04960866591128472	0	-3.950229769166404e-07	0	0	0	0	0	0	0	0	0	0	0	0	0	0	0	0	0	0	0	0
27.7	9.521672807880879	1.697919150794739	-9.010773951489027	0	0.9399999999999999	0	0	0	0	0	0	0	0	0	0.05850660420341511	-0.1063019757401378	0.04451309227058702	0	7.14591774847953e-08	0	0	0	0	0	0	0	0	0	0	0	0	0	0	0	0	0	0	0	0
27.72	9.519745199802575	1.693621540125204	-9.012641439234732	0	0.9399999999999999	0	0	0	0	0	0	0	0	0	0.05758212904743155	-0.1026623038865607	0.04029140207800745	0	8.602187295266078e-06	0	0	0	0	0	0	0	0	0	0	0	0	0	0	0	0	0	0	0	0
27.74	9.50495785353524	1.689257370818863	-9.001629429884318	0	0.9399999999999999	0	0	0	0	0	0	0	0	0	0.05769957698010424	-0.09810175882971325	0.03623855509685635	0	5.283028178308229e-08	0	0	0	0	0	0	0	0	0	0	0	0	0	0	0	0	0	0	0	0
27.76	9.488499096684428	1.685580489642121	-8.989066123636583	0	0.9399999999999999	0	0	0	0	0	0	0	0	0	0.05823749208340316	-0.09409056653871316	0.03215265623877587	0	9.388143501338181e-08	0	0	0	0	0	0	0	0	0	0	0	0	0	0	0	0	0	0	0	0
27.78	9.471115104012849	1.682322106321547	-8.975706470130287	0	0.9399999999999999	0	0	0	0	0	0	0	0	0	0.05911533790980676	-0.09022379280188406	0.02807268539090085	0	6.826974226133465e-07	0	0	0	0	0	0	0	0	0	0	0	0	0	0	0	0	0	0	0	0
27.8	9.449171395054131	1.679932894658307	-8.957719071530876	0	0.9399999999999999	0	0	0	0	0	0	0	0	0	0.06082397070978778	-0.08678401656480154	0.0241569681466181	0	1.341583637596702e-07	0	0	0	0	0	0	0	0	0	0	0	0	0	0	0	0	0	0	0	0
27.82	9.449171395054131	1.679932894658307	-8.957719071530876	0	0.9399999999999999	0	0	0	0	0	0	0	0	0	0.06082397070978778	-0.08678401656480154	0.0241569681466181	0	1.341583637596702e-07	0	0	0	0	0	0	0	0	0	0	0	0	0	0	0	0	0	0	0	0
27.84	9.392195473928117	1.677944150652577	-8.906585413216224	0	0.9399999999999999	0	0	0	0	0	0	0	0	0	0.06682754617672498	-0.08113703664841207	0.01860314818759847	0	2.212721742900667e-06	0	0	0	0	0	0	0	0	0	0	0	0	0	0	0	0	0	0	0	0
27.86	9.359653488943255	1.677934448840672	-8.876356138606097	0	0.9399999999999999	0	0	0	0	0	0	0	0	0	0.06962487682158242	-0.07949098074967303	0.01632171889957719	0	-8.169285496438525e-08	0	0	0	0	0	0	0	0	0	0	0	0	0	0	0	0	0	0	0	0
27.88	9.359697449663754	1.677952465258745	-8.876434167435162	0	0.9399999999999999	0	0	0	0	0	0	0	0	0	0.07064539987926255	-0.07895391087768527	0.01643374143684649	0	8.641592664325564e-07	0	0	0	0	0	0	0	0	0	0	0	0	0	0	0	0	0	0	0	0
27.9	9.32635866272191	1.678935158367919	-8.845098525659413	0	0.9399999999999999	0	0	0	0	0	0	0	0	0	0.07524229132159031	-0.07761956943898833	0.01510359442042389	0	2.205088893072364e-07	0	0	0	0	0	0	0	0	0	0	0	0	0	0	0	0	0	0	0	0
27.92	9.295656626175179	1.681114147636501	-8.816050623824196	0	0.9399999999999999	0	0	0	0	0	0	0	0	0	0.08035474839005309	-0.07724852912010842	0.01467756291024048	0	9.161217974659742e-08	0	0	0	0	0	0	0	0	0	0	0	0	0	0	0	0	0	0	0	0
27.94	9.239390132714792	1.687243659512915	-8.759080555872652	0	0.9399999999999999	0	0	0	0	0	0	0	0	0	0.09114097506171316	-0.0773520993185626	0.01949438104073619	0	1.215089553255186e-07	0	0	0	0	0	0	0	0	0	0	0	0	0	0	0	0	0	0	0	0
27.96	9.208326809000589	1.689154172929217	-8.726184520158336	0	0.9399999999999999	0	0	0	0	0	0	0	0	0	0.09634478996519193	-0.0758788212821391	0.02399433716501808	0	-7.922758222661871e-08	0	0	0	0	0	0	0	0	0	0	0	0	0	0	0	0	0	0	0	0
27.98	9.182943140968922	1.690727243324822	-8.699736580197781	0	0.9399999999999999	0	0	0	0	0	0	0	0	0	0.1005145459073646	-0.07458969319066827	0.02794398046490673	0	6.668513058301615e-08	0	0	0	0	0	0	0	0	0	0	0	0	0	0	0	0	0	0	0	0
28	9.183226321577907	1.690345935128944	-8.699864950906059	0	0.9399999999999999	0	0	0	0	0	0	0	0	0	0.1006931361444389	-0.07400923861234517	0.03085972721121581	0	-1.277259000337242e-06	0	0	0	0	0	0	0	0	0	0	0	0	0	0	0	0	0	0	0	0
28.02	9.213593002040204	1.690564527025493	-8.729644718917468	0	0.9399999999999999	0	0	0	0	0	0	0	0	0	0.09842660714922095	-0.076550357469305	0.03412866705215092	0	-1.892920470627661e-07	0	0	0	0	0	0	0	0	0	0	0	0	0	0	0	0	0	0	0	0
28.04	9.241254138187553	1.693562874962694	-8.755272350274486	0	0.9399999999999999	0	0	0	0	0	0	0	0	0	0.09792343513671119	-0.08099647838155541	0.03879523076444665	0	5.072678977322237e-08	0	0	0	0	0	0	0	0	0	0	0	0	0	0	0	0	0	0	0	0
28.06	9.241254138187553	1.693562874962694	-8.755272350274486	0	0.9399999999999999	0	0	0	0	0	0	0	0	0	0.09792343513671119	-0.08099647838155541	0.03879523076444665	0	5.072678977322237e-08	0	0	0	0	0	0	0	0	0	0	0	0	0	0	0	0	0	0	0	0
28.08	9.252883151832339	1.698367458429141	-8.763046695314005	0	0.9399999999999999	0	0	0	0	0	0	0	0	0	0.1001400982369246	-0.08548146432521289	0.04515739708555382	0	-2.828081116819759e-07	0	0	0	0	0	0	0	0	0	0	0	0	0	0	0	0	0	0	0	0
28.1	9.225076256318617	1.70586431816075	-8.723149410939046	0	0.9399999999999999	0	0	0	0	0	0	0	0	0	0.1088065458014604	-0.08804836388042851	0.06124623613337735	0	-3.281563629369403e-07	0	0	0	0	0	0	0	0	0	0	0	0	0	0	0	0	0	0	0	0
28.12	9.209797589104383	1.70662279966643	-8.702990939245682	0	0.9399999999999999	0	0	0	0	0	0	0	0	0	0.1111402465776286	-0.08662348954157356	0.06750254702840111	0	-1.99418518285368e-07	0	0	0	0	0	0	0	0	0	0	0	0	0	0	0	0	0	0	0	0
28.14	9.192488055443574	1.706491509111755	-8.682544200487079	0	0.9399999999999999	0	0	0	0	0	0	0	0	0	0.1130578428907588	-0.08460073726138721	0.07060399044236784	0	-1.41308531074794e-07	0	0	0	0	0	0	0	0	0	0	0	0	0	0	0	0	0	0	0	0
28.16	9.180378382432444	1.705755266831006	-8.669336372510069	0	0.9399999999999999	0	0	0	0	0	0	0	0	0	0.1134043861162218	-0.08278333665591922	0.07345081307042967	0	2.449194589817337e-07	0	0	0	0	0	0	0	0	0	0	0	0	0	0	0	0	0	0	0	0
28.18	9.180378382432444	1.705755266831006	-8.669336372510069	0	0.9399999999999999	0	0	0	0	0	0	0	0	0	0.1134043861162218	-0.08278333665591922	0.07345081307042967	0	2.449194589817337e-07	0	0	0	0	0	0	0	0	0	0	0	0	0	0	0	0	0	0	0	0
28.2	9.179731996539267	1.70532969879184	-8.67016982441999	0	0.9399999999999999	0	0	0	0	0	0	0	0	0	0.1122142557467599	-0.08316035333191946	0.07248776394115712	0	7.949677079898304e-06	0	0	0	0	0	0	0	0	0	0	0	0	0	0	0	0	0	0	0	0
28.22	9.193364782729669	1.707411907905328	-8.684142802241604	0	0.9399999999999999	0	0	0	0	0	0	0	0	0	0.1118435157664597	-0.08641354618843074	0.07243037421114451	0	2.407602884844431e-06	0	0	0	0	0	0	0	0	0	0	0	0	0	0	0	0	0	0	0	0
28.24	9.194005052196365	1.710642093275368	-8.683035572190798	0	0.9399999999999999	0	0	0	0	0	0	0	0	0	0.1140585939746345	-0.08912740967159752	0.07448336080170655	0	-1.187401004289806e-05	0	0	0	0	0	0	0	0	0	0	0	0	0	0	0	0	0	0	0	0
28.26	9.165912221276489	1.71480077685971	-8.652704028068783	0	0.9399999999999999	0	0	0	0	0	0	0	0	0	0.1193777778280861	-0.08953187864886675	0.0774588629196946	0	-5.031170558953432e-08	0	0	0	0	0	0	0	0	0	0	0	0	0	0	0	0	0	0	0	0
28.28	9.137173832183597	1.719149219976821	-8.622572053968854	0	0.9399999999999999	0	0	0	0	0	0	0	0	0	0.1252768246539617	-0.08966686015406297	0.0797292560872879	0	1.261542862071141e-08	0	0	0	0	0	0	0	0	0	0	0	0	0	0	0	0	0	0	0	0
28.3	9.114056895734548	1.722247322853685	-8.599366943876582	0	0.9399999999999999	0	0	0	0	0	0	0	0	0	0.129923308427914	-0.08924575901630394	0.08002615558603596	0	3.155450425094028e-07	0	0	0	0	0	0	0	0	0	0	0	0	0	0	0	0	0	0	0	0
28.32	9.102365279475588	1.723518752242919	-8.588783090011891	0	0.9399999999999999	0	0	0	0	0	0	0	0	0	0.1317852709178389	-0.08895891782813507	0.08007269422716058	0	3.495618629631338e-07	0	0	0	0	0	0	0	0	0	0	0	0	0	0	0	0	0	0	0	0
28.34	9.101356273284393	1.723371396108933	-8.589563800155176	0	0.9399999999999999	0	0	0	0	0	0	0	0	0	0.1313810223111731	-0.08886044028252085	0.08180176871046267	0	-1.544050206631457e-06	0	0	0	0	0	0	0	0	0	0	0	0	0	0	0	0	0	0	0	0
28.36	9.100587937156016	1.723417898095589	-8.590288373854657	0	0.9399999999999999	0	0	0	0	0	0	0	0	0	0.1311803529408175	-0.08899283988573128	0.08239915742178802	0	-1.164664597966327e-06	0	0	0	0	0	0	0	0	0	0	0	0	0	0	0	0	0	0	0	0
28.38	9.100414492469636	1.724194203744297	-8.59007170775017	0	0.9399999999999999	0	0	0	0	0	0	0	0	0	0.1316658604527373	-0.08962463704079805	0.08466976487842028	0	-2.371864520810296e-06	0	0	0	0	0	0	0	0	0	0	0	0	0	0	0	0	0	0	0	0
28.4	9.100659191587503	1.725284987832536	-8.589388129490263	0	0.9399999999999999	0	0	0	0	0	0	0	0	0	0.1323454382769895	-0.09049995713496141	0.0878035822040585	0	-7.445431114780004e-06	0	0	0	0	0	0	0	0	0	0	0	0	0	0	0	0	0	0	0	0
28.42	9.100645016579392	1.725293022781935	-8.589379907542481	0	0.9399999999999999	0	0	0	0	0	0	0	0	0	0.1323524045486063	-0.09050852901205118	0.0877963802086123	0	-7.005235010517183e-06	0	0	0	0	0	0	0	0	0	0	0	0	0	0	0	0	0	0	0	0
28.44	9.101568429135609	1.730287009962319	-8.588676800762332	0	0.9399999999999999	0	0	0	0	0	0	0	0	0	0.1358011691159454	-0.09446692899061201	0.09359938659249671	0	-2.21453415522314e-06	0	0	0	0	0	0	0	0	0	0	0	0	0	0	0	0	0	0	0	0
28.46	9.101573355979781	1.730285641946466	-8.588680709408713	0	0.9399999999999999	0	0	0	0	0	0	0	0	0	0.1358000338071944	-0.09446790373767207	0.09360069603291961	0	-2.139247711266163e-06	0	0	0	0	0	0	0	0	0	0	0	0	0	0	0	0	0	0	0	0
28.48	9.10158316067448	1.732665228140132	-8.589587485095489	0	0.9399999999999999	0	0	0	0	0	0	0	0	0	0.1373363685253721	-0.09649470512820434	0.09458114349612591	0	9.356232717504114e-06	0	0	0	0	0	0	0	0	0	0	0	0	0	0	0	0	0	0	0	0
28.5	9.133336477117661	1.733963272730524	-8.627422023153201	0	0.9399999999999999	0	0	0	0	0	0	0	0	0	0.1336963755598783	-0.1020547687871241	0.09188776862005744	0	4.39985754399934e-07	0	0	0	0	0	0	0	0	0	0	0	0	0	0	0	0	0	0	0	0
28.52	9.146618293981751	1.733800500438876	-8.644575364222453	0	0.9399999999999999	0	0	0	0	0	0	0	0	0	0.1315986494261749	-0.1038740696423135	0.08939401371762551	0	-2.915865457100265e-07	0	0	0	0	0	0	0	0	0	0	0	0	0	0	0	0	0	0	0	0
28.54	9.146618293981751	1.733800500438876	-8.644575364222453	0	0.9399999999999999	0	0	0	0	0	0	0	0	0	0.1315986494261749	-0.1038740696423135	0.08939401371762551	0	-2.915865457100265e-07	0	0	0	0	0	0	0	0	0	0	0	0	0	0	0	0	0	0	0	0
28.56	9.154786926923219	1.734017956654188	-8.655010491006687	0	0.9399999999999999	0	0	0	0	0	0	0	0	0	0.1304868007887572	-0.1051583964522361	0.0883201988288301	0	7.441631099798438e-07	0	0	0	0	0	0	0	0	0	0	0	0	0	0	0	0	0	0	0	0
28.58	9.154587039825532	1.735637321161428	-8.655367751021839	0	0.9399999999999999	0	0	0	0	0	0	0	0	0	0.1313708720931078	-0.1062152741257847	0.0887492275898585	0	-5.495199005016683e-06	0	0	0	0	0	0	0	0	0	0	0	0	0	0	0	0	0	0	0	0
28.6	9.141954588714766	1.743983118091319	-8.639886749150385	0	0.9399999999999999	0	0	0	0	0	0	0	0	0	0.1385949224833744	-0.1102976093007106	0.09327735241753977	0	-5.961568747549113e-07	0	0	0	0	0	0	0	0	0	0	0	0	0	0	0	0	0	0	0	0
28.62	9.142486341760625	1.748033844375294	-8.639540461731945	0	0.9399999999999999	0	0	0	0	0	0	0	0	0	0.1415246142576957	-0.1134049917424299	0.09496402600785826	0	-1.733121754665658e-07	0	0	0	0	0	0	0	0	0	0	0	0	0	0	0	0	0	0	0	0
28.64	9.156403201061503	1.750907296787581	-8.654774701745184	0	0.9399999999999999	0	0	0	0	0	0	0	0	0	0.1418762537990307	-0.117630660563093	0.0944684335927278	0	-4.570332008644478e-07	0	0	0	0	0	0	0	0	0	0	0	0	0	0	0	0	0	0	0	0
28.66	9.156403201061503	1.750907296787581	-8.654774701745184	0	0.9399999999999999	0	0	0	0	0	0	0	0	0	0.1418762537990307	-0.117630660563093	0.0944684335927278	0	-4.570332008644478e-07	0	0	0	0	0	0	0	0	0	0	0	0	0	0	0	0	0	0	0	0
28.68	9.170961065381725	1.753566196361812	-8.672734619994813	0	0.9399999999999999	0	0	0	0	0	0	0	0	0	0.1415929063563993	-0.1221555183685452	0.09189614717696395	0	-6.001775681360743e-07	0	0	0	0	0	0	0	0	0	0	0	0	0	0	0	0	0	0	0	0
28.7	9.181697420023774	1.756723721357698	-8.688346907028489	0	0.9399999999999999	0	0	0	0	0	0	0	0	0	0.1419361265859727	-0.1268647019506814	0.08780896335447762	0	-1.577460310230605e-07	0	0	0	0	0	0	0	0	0	0	0	0	0	0	0	0	0	0	0	0
28.72	9.169502445464378	1.769576681310236	-8.681048483273624	0	0.9399999999999999	0	0	0	0	0	0	0	0	0	0.1523392616507449	-0.1364103884497818	0.08530735879956244	0	8.040740834025104e-09	0	0	0	0	0	0	0	0	0	0	0	0	0	0	0	0	0	0	0	0
28.74	9.16139918652261	1.773962309759863	-8.671143913483428	0	0.9399999999999999	0	0	0	0	0	0	0	0	0	0.1568320008599818	-0.1389963255486189	0.08817141485653039	0	-8.965971745149403e-08	0	0	0	0	0	0	0	0	0	0	0	0	0	0	0	0	0	0	0	0
28.76	9.16139918652261	1.773962309759863	-8.671143913483428	0	0.9399999999999999	0	0	0	0	0	0	0	0	0	0.1568320008599818	-0.1389963255486189	0.08817141485653039	0	-8.965971745149403e-08	0	0	0	0	0	0	0	0	0	0	0	0	0	0	0	0	0	0	0	0
28.78	9.161907130059001	1.775120080807926	-8.670824894478688	0	0.9399999999999999	0	0	0	0	0	0	0	0	0	0.1573926157688399	-0.1407198430405098	0.08977252341495898	0	-5.283014272598029e-06	0	0	0	0	0	0	0	0	0	0	0	0	0	0	0	0	0	0	0	0
28.8	9.161483700557028	1.775976494216286	-8.672121270089791	0	0.9399999999999999	0	0	0	0	0	0	0	0	0	0.1573031838843285	-0.1425123467954021	0.08876611826440298	0	-8.043432424953955e-06	0	0	0	0	0	0	0	0	0	0	0	0	0	0	0	0	0	0	0	0
28.82	9.197962670765623	1.777843806676009	-8.71905122073805	0	0.9399999999999999	0	0	0	0	0	0	0	0	0	0.1498434378959362	-0.151932466350138	0.07977069521525569	0	8.557059774721254e-07	0	0	0	0	0	0	0	0	0	0	0	0	0	0	0	0	0	0	0	0
28.84	9.219068310291954	1.780600787239909	-8.74679045035796	0	0.9399999999999999	0	0	0	0	0	0	0	0	0	0.146017000936263	-0.1590671273535327	0.07445396758783261	0	2.317174411041861e-07	0	0	0	0	0	0	0	0	0	0	0	0	0	0	0	0	0	0	0	0
28.86	9.242082649107763	1.784032921587224	-8.774741504660971	0	0.9399999999999999	0	0	0	0	0	0	0	0	0	0.1424645705632403	-0.1662778212738165	0.07043377973856144	0	1.609576318363342e-07	0	0	0	0	0	0	0	0	0	0	0	0	0	0	0	0	0	0	0	0
28.88	9.242082649107763	1.784032921587224	-8.774741504660971	0	0.9399999999999999	0	0	0	0	0	0	0	0	0	0.1424645705632403	-0.1662778212738165	0.07043377973856144	0	1.609576318363342e-07	0	0	0	0	0	0	0	0	0	0	0	0	0	0	0	0	0	0	0	0
28.9	9.256784118466305	1.790508616273284	-8.790904843111623	0	0.9399999999999999	0	0	0	0	0	0	0	0	0	0.1415415401101335	-0.1751513776294154	0.07073139848408946	0	-1.280038219497517e-07	0	0	0	0	0	0	0	0	0	0	0	0	0	0	0	0	0	0	0	0
28.92	9.247976844036545	1.790843360102358	-8.781912844266026	0	0.9399999999999999	0	0	0	0	0	0	0	0	0	0.1424073407076504	-0.1749425705194739	0.071429785385046	0	-8.224698032867084e-07	0	0	0	0	0	0	0	0	0	0	0	0	0	0	0	0	0	0	0	0
28.94	9.231032188117137	1.78900266865953	-8.766798336845939	0	0.9399999999999999	0	0	0	0	0	0	0	0	0	0.143140193607257	-0.172239524037863	0.06989249527675472	0	5.940177443322117e-06	0	0	0	0	0	0	0	0	0	0	0	0	0	0	0	0	0	0	0	0
28.96	9.204772826361676	1.786399589438352	-8.744787444855616	0	0.9399999999999999	0	0	0	0	0	0	0	0	0	0.1445444885284854	-0.1680120106315171	0.06593414356786922	0	-3.644502216314896e-08	0	0	0	0	0	0	0	0	0	0	0	0	0	0	0	0	0	0	0	0
28.98	9.177084615698899	1.783758068455902	-8.723408544232599	0	0.9399999999999999	0	0	0	0	0	0	0	0	0	0.1456578605223475	-0.1639301436400209	0.05997517061540741	0	-1.867465272922111e-07	0	0	0	0	0	0	0	0	0	0	0	0	0	0	0	0	0	0	0	0
29	9.157069163173972	1.782321436474142	-8.709761397859406	0	0.9399999999999999	0	0	0	0	0	0	0	0	0	0.1462119831117474	-0.1618018353855851	0.05419509178240485	0	1.386783946263773e-07	0	0	0	0	0	0	0	0	0	0	0	0	0	0	0	0	0	0	0	0
29.02	9.157069163173972	1.782321436474142	-8.709761397859406	0	0.9399999999999999	0	0	0	0	0	0	0	0	0	0.1462119831117474	-0.1618018353855851	0.05419509178240485	0	1.386783946263773e-07	0	0	0	0	0	0	0	0	0	0	0	0	0	0	0	0	0	0	0	0
29.04	9.143246745901129	1.781722793628645	-8.698811327160014	0	0.9399999999999999	0	0	0	0	0	0	0	0	0	0.1467343316583455	-0.1605362163633528	0.05210464960661171	0	-7.203517448498885e-08	0	0	0	0	0	0	0	0	0	0	0	0	0	0	0	0	0	0	0	0
29.06	9.108850339394749	1.781130594963729	-8.663011543442506	0	0.9399999999999999	0	0	0	0	0	0	0	0	0	0.1503161280546403	-0.1559720517824495	0.05526743693760727	0	-9.493759890535725e-07	0	0	0	0	0	0	0	0	0	0	0	0	0	0	0	0	0	0	0	0
29.08	9.108850339394749	1.781130594963729	-8.663011543442506	0	0.9399999999999999	0	0	0	0	0	0	0	0	0	0.1503161280546403	-0.1559720517824495	0.05526743693760727	0	-9.493759890535725e-07	0	0	0	0	0	0	0	0	0	0	0	0	0	0	0	0	0	0	0	0
29.1	9.091025641345517	1.77984422151396	-8.644511937218113	0	0.9399999999999999	0	0	0	0	0	0	0	0	0	0.1516034077148249	-0.1526958986124372	0.05682920266019108	0	-1.461318289812674e-06	0	0	0	0	0	0	0	0	0	0	0	0	0	0	0	0	0	0	0	0
29.12	9.074969857244003	1.778351371840617	-8.629779581046	0	0.9399999999999999	0	0	0	0	0	0	0	0	0	0.1521418107290321	-0.1498342324445239	0.05642454479330161	0	2.22474042435911e-08	0	0	0	0	0	0	0	0	0	0	0	0	0	0	0	0	0	0	0	0
29.14	9.061845084308455	1.776699696583403	-8.620614124911894	0	0.9399999999999999	0	0	0	0	0	0	0	0	0	0.1517534689584305	-0.1477155574288725	0.05330312466413457	0	5.017757032933102e-07	0	0	0	0	0	0	0	0	0	0	0	0	0	0	0	0	0	0	0	0
29.16	9.074057997110907	1.772173315512665	-8.64652767966431	0	0.9399999999999999	0	0	0	0	0	0	0	0	0	0.1439354554578795	-0.1493789197467165	0.04064144676618239	0	7.749300057315492e-09	0	0	0	0	0	0	0	0	0	0	0	0	0	0	0	0	0	0	0	0
29.18	9.100435205054026	1.768745710932078	-8.678872235399064	0	0.9399999999999999	0	0	0	0	0	0	0	0	0	0.1364220023288852	-0.1520489390723036	0.03470339829388784	0	5.389224666572355e-07	0	0	0	0	0	0	0	0	0	0	0	0	0	0	0	0	0	0	0	0
29.2	9.120554566563202	1.765098670958751	-8.70253703479389	0	0.9399999999999999	0	0	0	0	0	0	0	0	0	0.1299744116499736	-0.1529725554568772	0.03093034742598233	0	-7.836143918774573e-07	0	0	0	0	0	0	0	0	0	0	0	0	0	0	0	0	0	0	0	0
29.22	9.128669224711802	1.760559507898263	-8.712351112894025	0	0.9399999999999999	0	0	0	0	0	0	0	0	0	0.1249706130090538	-0.1515433812325593	0.02864068840342537	0	3.743046869234931e-08	0	0	0	0	0	0	0	0	0	0	0	0	0	0	0	0	0	0	0	0
29.24	9.127768415704471	1.754962483904589	-8.713226204403119	0	0.9399999999999999	0	0	0	0	0	0	0	0	0	0.1206249474021725	-0.1478791891558329	0.02606840876774246	0	3.595212639130631e-07	0	0	0	0	0	0	0	0	0	0	0	0	0	0	0	0	0	0	0	0
29.26	9.13219468822215	1.748428143269955	-8.721134098796732	0	0.9399999999999999	0	0	0	0	0	0	0	0	0	0.114897962263143	-0.1441582286745063	0.02163094882770024	0	1.731563778003401e-07	0	0	0	0	0	0	0	0	0	0	0	0	0	0	0	0	0	0	0	0
29.28	9.149940654033784	1.742575209763221	-8.74453668038174	0	0.9399999999999999	0	0	0	0	0	0	0	0	0	0.1076978475608232	-0.1425280339934402	0.01485783143522571	0	-1.491106491389314e-10	0	0	0	0	0	0	0	0	0	0	0	0	0	0	0	0	0	0	0	0
29.3	9.190575433299596	1.738145809732822	-8.791354490382863	0	0.9399999999999999	0	0	0	0	0	0	0	0	0	0.0984365314384776	-0.1440246900886064	0.007511748654449145	0	1.337285108061098e-07	0	0	0	0	0	0	0	0	0	0	0	0	0	0	0	0	0	0	0	0
29.32	9.245319067109232	1.734755887810667	-8.850300000454604	0	0.9399999999999999	0	0	0	0	0	0	0	0	0	0.08836162177012924	-0.1467412477285701	0.002285971598629641	0	1.486657186654783e-07	0	0	0	0	0	0	0	0	0	0	0	0	0	0	0	0	0	0	0	0
29.34	9.294854296086763	1.732281322742258	-8.901983865616522	0	0.9399999999999999	0	0	0	0	0	0	0	0	0	0.07983460009610502	-0.1490435949631682	-0.000362723576416249	0	2.176934229768355e-07	0	0	0	0	0	0	0	0	0	0	0	0	0	0	0	0	0	0	0	0
29.36	9.339559186471329	1.729407071815209	-8.947542783795193	0	0.9399999999999999	0	0	0	0	0	0	0	0	0	0.07182937967903244	-0.1493078108374553	-0.002454148574926231	0	2.738201798079717e-07	0	0	0	0	0	0	0	0	0	0	0	0	0	0	0	0	0	0	0	0
29.38	9.377717634962075	1.725507679047039	-8.986688410390981	0	0.9399999999999999	0	0	0	0	0	0	0	0	0	0.0644919706273115	-0.14820649463302	-0.004442743722287814	0	-1.883464264569425e-06	0	0	0	0	0	0	0	0	0	0	0	0	0	0	0	0	0	0	0	0
29.4	9.410316975083253	1.720722571702626	-9.022462648915923	0	0.9399999999999999	0	0	0	0	0	0	0	0	0	0.05767782010981934	-0.1459853329117652	-0.008565265412014701	0	-6.207219052245234e-07	0	0	0	0	0	0	0	0	0	0	0	0	0	0	0	0	0	0	0	0
29.42	9.43572003128013	1.71493721600153	-9.05292950340313	0	0.9399999999999999	0	0	0	0	0	0	0	0	0	0.05105026296371343	-0.1419873193952922	-0.01452985678923974	0	1.130186056313613e-07	0	0	0	0	0	0	0	0	0	0	0	0	0	0	0	0	0	0	0	0
29.44	9.451007217244289	1.708890935391969	-9.074960769672407	0	0.9399999999999999	0	0	0	0	0	0	0	0	0	0.04576848624861369	-0.137034686957042	-0.02148335182041962	0	1.372470471412592e-09	0	0	0	0	0	0	0	0	0	0	0	0	0	0	0	0	0	0	0	0
29.46	9.451007217244289	1.708890935391969	-9.074960769672407	0	0.9399999999999999	0	0	0	0	0	0	0	0	0	0.04576848624861369	-0.137034686957042	-0.02148335182041962	0	1.372470471412592e-09	0	0	0	0	0	0	0	0	0	0	0	0	0	0	0	0	0	0	0	0
29.48	9.444064990090382	1.700395477133307	-9.082075897639154	0	0.9399999999999999	0	0	0	0	0	0	0	0	0	0.04134028992509612	-0.1286602074786286	-0.03480365931709842	0	2.453604647081154e-06	0	0	0	0	0	0	0	0	0	0	0	0	0	0	0	0	0	0	0	0
29.5	9.444069811751602	1.700396170871595	-9.082081455113082	0	0.9399999999999999	0	0	0	0	0	0	0	0	0	0.04133963386398401	-0.1286612944341884	-0.03480438283424209	0	2.441004380051599e-06	0	0	0	0	0	0	0	0	0	0	0	0	0	0	0	0	0	0	0	0
29.52	9.352419376641809	1.695587352505108	-9.000494059022667	0	0.9399999999999999	0	0	0	0	0	0	0	0	0	0.04866910373761688	-0.1196234702799881	-0.04374221801701616	0	-7.145047338429153e-08	0	0	0	0	0	0	0	0	0	0	0	0	0	0	0	0	0	0	0	0
29.54	9.352419376641809	1.695587352505108	-9.000494059022667	0	0.9399999999999999	0	0	0	0	0	0	0	0	0	0.04866910373761688	-0.1196234702799881	-0.04374221801701616	0	-7.145047338429153e-08	0	0	0	0	0	0	0	0	0	0	0	0	0	0	0	0	0	0	0	0
29.56	9.177504208165912	1.691135365055489	-8.834486382892125	0	0.9399999999999999	0	0	0	0	0	0	0	0	0	0.06424412491552726	-0.1047444667239328	-0.04998539264950892	0	-5.654149578759037e-08	0	0	0	0	0	0	0	0	0	0	0	0	0	0	0	0	0	0	0	0
29.58	9.075741692916399	1.690581603329937	-8.737261365945091	0	0.9399999999999999	0	0	0	0	0	0	0	0	0	0.0733348078815127	-0.09653260691143561	-0.05316438131377414	0	1.735671358424139e-07	0	0	0	0	0	0	0	0	0	0	0	0	0	0	0	0	0	0	0	0
29.6	8.97819951310937	1.691480204293545	-8.644514149724071	0	0.9399999999999999	0	0	0	0	0	0	0	0	0	0.08255239057143898	-0.08893602990872652	-0.05692217208278397	0	2.71200918789213e-07	0	0	0	0	0	0	0	0	0	0	0	0	0	0	0	0	0	0	0	0
29.62	8.97819951310937	1.691480204293545	-8.644514149724071	0	0.9399999999999999	0	0	0	0	0	0	0	0	0	0.08255239057143898	-0.08893602990872652	-0.05692217208278397	0	2.71200918789213e-07	0	0	0	0	0	0	0	0	0	0	0	0	0	0	0	0	0	0	0	0
29.64	8.826170404920228	1.695578484920923	-8.501564203542928	0	0.9399999999999999	0	0	0	0	0	0	0	0	0	0.0975432641760616	-0.07755106179694392	-0.06505449556977963	0	-4.079752698270414e-08	0	0	0	0	0	0	0	0	0	0	0	0	0	0	0	0	0	0	0	0
29.66	8.826226079742504	1.695581011022717	-8.501612436833167	0	0.9399999999999999	0	0	0	0	0	0	0	0	0	0.09781569781216477	-0.07666096419304809	-0.06420270363093639	0	-7.868714860338582e-07	0	0	0	0	0	0	0	0	0	0	0	0	0	0	0	0	0	0	0	0
29.68	8.713016711591804	1.70009075528576	-8.39391617940402	0	0.9399999999999999	0	0	0	0	0	0	0	0	0	0.1093825274502457	-0.06611564028429662	-0.06834360965387672	0	-1.628461178790005e-06	0	0	0	0	0	0	0	0	0	0	0	0	0	0	0	0	0	0	0	0
29.7	8.713017610510246	1.700091781571483	-8.393915188205144	0	0.9399999999999999	0	0	0	0	0	0	0	0	0	0.1093853796100578	-0.06611413699835926	-0.06834102183777725	0	-1.33801864231515e-06	0	0	0	0	0	0	0	0	0	0	0	0	0	0	0	0	0	0	0	0
29.72	8.628930047534199	1.706221591042103	-8.311197344856028	0	0.9399999999999999	0	0	0	0	0	0	0	0	0	0.1200780538584956	-0.05853452551417446	-0.06965023962939543	0	-9.556349368442021e-08	0	0	0	0	0	0	0	0	0	0	0	0	0	0	0	0	0	0	0	0
29.74	8.584464314341071	1.709692801254809	-8.266085155196352	0	0.9399999999999999	0	0	0	0	0	0	0	0	0	0.1263265224411901	-0.05220714651013109	-0.07059743804035716	0	-3.862792072043648e-08	0	0	0	0	0	0	0	0	0	0	0	0	0	0	0	0	0	0	0	0
29.76	8.584464314341071	1.709692801254809	-8.266085155196352	0	0.9399999999999999	0	0	0	0	0	0	0	0	0	0.1263265224411901	-0.05220714651013109	-0.07059743804035716	0	-3.862792072043648e-08	0	0	0	0	0	0	0	0	0	0	0	0	0	0	0	0	0	0	0	0
29.78	8.496543234488797	1.71942166306041	-8.175736585025446	0	0.9399999999999999	0	0	0	0	0	0	0	0	0	0.1411987408240426	-0.04104565266952485	-0.07106114446009495	0	1.014057951701399e-06	0	0	0	0	0	0	0	0	0	0	0	0	0	0	0	0	0	0	0	0
29.8	8.457659403341083	1.723856978020848	-8.135361131643505	0	0.9399999999999999	0	0	0	0	0	0	0	0	0	0.1477895541030421	-0.03538600712202344	-0.07094792413756777	0	1.754529713492567e-07	0	0	0	0	0	0	0	0	0	0	0	0	0	0	0	0	0	0	0	0
29.82	8.457659403341083	1.723856978020848	-8.135361131643505	0	0.9399999999999999	0	0	0	0	0	0	0	0	0	0.1477895541030421	-0.03538600712202344	-0.07094792413756777	0	1.754529713492567e-07	0	0	0	0	0	0	0	0	0	0	0	0	0	0	0	0	0	0	0	0
29.84	8.396955717767648	1.729923925679901	-8.07176558381329	0	0.9399999999999999	0	0	0	0	0	0	0	0	0	0.1570687185109829	-0.02517084156598906	-0.07037281706797838	0	-5.735357696969566e-07	0	0	0	0	0	0	0	0	0	0	0	0	0	0	0	0	0	0	0	0
29.86	8.375577556261737	1.73309492237107	-8.049380502090862	0	0.9399999999999999	0	0	0	0	0	0	0	0	0	0.1613682137477624	-0.02142343038749516	-0.0701952187066439	0	-9.929434963720438e-07	0	0	0	0	0	0	0	0	0	0	0	0	0	0	0	0	0	0	0	0
29.88	8.375577556261737	1.73309492237107	-8.049380502090862	0	0.9399999999999999	0	0	0	0	0	0	0	0	0	0.1613682137477624	-0.02142343038749516	-0.0701952187066439	0	-9.929434963720438e-07	0	0	0	0	0	0	0	0	0	0	0	0	0	0	0	0	0	0	0	0
29.9	8.356585137664114	1.736281616262435	-8.029485480002018	0	0.9399999999999999	0	0	0	0	0	0	0	0	0	0.1654966820897972	-0.01810108326799736	-0.0699027075766727	0	-2.645149691924628e-07	0	0	0	0	0	0	0	0	0	0	0	0	0	0	0	0	0	0	0	0
29.92	8.335439058326319	1.738806692076537	-8.008088451420635	0	0.9399999999999999	0	0	0	0	0	0	0	0	0	0.1687893537269115	-0.01443131718364635	-0.07018819412051301	0	-6.51567623264398e-07	0	0	0	0	0	0	0	0	0	0	0	0	0	0	0	0	0	0	0	0
29.94	8.314590315372016	1.742746760362893	-7.988144928396131	0	0.9399999999999999	0	0	0	0	0	0	0	0	0	0.1730092205232218	-0.01090878597307516	-0.07154113949082555	0	-2.039450369070463e-07	0	0	0	0	0	0	0	0	0	0	0	0	0	0	0	0	0	0	0	0
29.96	8.314590315372016	1.742746760362893	-7.988144928396131	0	0.9399999999999999	0	0	0	0	0	0	0	0	0	0.1730092205232218	-0.01090878597307516	-0.07154113949082555	0	-2.039450369070463e-07	0	0	0	0	0	0	0	0	0	0	0	0	0	0	0	0	0	0	0	0
29.98	8.313999229828079	1.743960593466326	-7.988576802664014	0	0.9399999999999999	0	0	0	0	0	0	0	0	0	0.1740304693538869	-0.01100264497574925	-0.07237953419613086	0	-1.331645633221511e-06	0	0	0	0	0	0	0	0	0	0	0	0	0	0	0	0	0	0	0	0
30	8.305900782795515	1.744190280242314	-7.981711007611946	0	0.9399999999999999	0	0	0	0	0	0	0	0	0	0.1741492113152603	-0.01002932880759553	-0.07245430180930618	0	4.021925321790485e-07	0	0	0	0	0	0	0	0	0	0	0	0	0	0	0	0	0	0	0	0
30.02	8.305332784403914	1.743578283634196	-7.981518753763517	0	0.9399999999999999	0	0	0	0	0	0	0	0	0	0.1731791206991093	-0.01022132001310903	-0.07202525442035432	0	3.683695614703976e-06	0	0	0	0	0	0	0	0	0	0	0	0	0	0	0	0	0	0	0	0
30.04	8.291647513681259	1.742728277243957	-7.968182703300963	0	0.9399999999999999	0	0	0	0	0	0	0	0	0	0.1722036970356862	-0.008242381711417494	-0.07185931883223622	0	1.243970355180462e-06	0	0	0	0	0	0	0	0	0	0	0	0	0	0	0	0	0	0	0	0
30.06	8.291182550599185	1.741862578001736	-7.967971711026006	0	0.9399999999999999	0	0	0	0	0	0	0	0	0	0.1709874192804002	-0.008569951569290446	-0.07128709756792202	0	-3.145688432196017e-06	0	0	0	0	0	0	0	0	0	0	0	0	0	0	0	0	0	0	0	0
30.08	8.290702052241427	1.741044976043947	-7.968080620482136	0	0.9399999999999999	0	0	0	0	0	0	0	0	0	0.1702039889527036	-0.008490882190774702	-0.07190262423163381	0	-8.342549033409648e-06	0	0	0	0	0	0	0	0	0	0	0	0	0	0	0	0	0	0	0	0
30.1	8.290033936826823	1.739835553383512	-7.968153258042199	0	0.9399999999999999	0	0	0	0	0	0	0	0	0	0.1682690926851096	-0.009493983813672325	-0.07091424925915768	0	-3.937020412423436e-06	0	0	0	0	0	0	0	0	0	0	0	0	0	0	0	0	0	0	0	0
30.12	8.289352622411691	1.738497636788973	-7.968314255998472	0	0.9399999999999999	0	0	0	0	0	0	0	0	0	0.1669521259994399	-0.009376336791530441	-0.07181157291077482	0	2.119192544009658e-06	0	0	0	0	0	0	0	0	0	0	0	0	0	0	0	0	0	0	0	0
30.14	8.289096525035033	1.738488666045077	-7.967972620085633	0	0.9399999999999999	0	0	0	0	0	0	0	0	0	0.1666078287112893	-0.009864399749187687	-0.07100969072376224	0	-3.583119375188392e-06	0	0	0	0	0	0	0	0	0	0	0	0	0	0	0	0	0	0	0	0
30.16	8.288827515092885	1.735875753918482	-7.968723868482429	0	0.9399999999999999	0	0	0	0	0	0	0	0	0	0.1634836475732986	-0.01079419654640524	-0.07088139222989893	0	1.901141190114527e-06	0	0	0	0	0	0	0	0	0	0	0	0	0	0	0	0	0	0	0	0
30.18	8.298334224605547	1.734755483576189	-7.97872050132121	0	0.9399999999999999	0	0	0	0	0	0	0	0	0	0.1618803517687539	-0.01277023381967032	-0.07070776022899189	0	-3.223307060852593e-06	0	0	0	0	0	0	0	0	0	0	0	0	0	0	0	0	0	0	0	0
30.2	8.298306186216495	1.733125356295195	-7.978826978775905	0	0.9399999999999999	0	0	0	0	0	0	0	0	0	0.1599609724801735	-0.01297263355406972	-0.07038976879906547	0	-1.431155362134657e-06	0	0	0	0	0	0	0	0	0	0	0	0	0	0	0	0	0	0	0	0
30.22	8.298388007686883	1.731490160152895	-7.979088437082815	0	0.9399999999999999	0	0	0	0	0	0	0	0	0	0.1583782898016765	-0.01306775584843391	-0.07020765983846262	0	-4.105291054474589e-06	0	0	0	0	0	0	0	0	0	0	0	0	0	0	0	0	0	0	0	0
30.24	8.298658459207774	1.729859640386608	-7.979734668012767	0	0.9399999999999999	0	0	0	0	0	0	0	0	0	0.1563316724870759	-0.01355619841268507	-0.07097675598458139	0	2.319732091025536e-05	0	0	0	0	0	0	0	0	0	0	0	0	0	0	0	0	0	0	0	0
30.26	8.307264900972422	1.729911521405417	-7.988324893128502	0	0.9399999999999999	0	0	0	0	0	0	0	0	0	0.1561976756532218	-0.01491520278383136	-0.07083022498629203	0	-2.759102142699383e-06	0	0	0	0	0	0	0	0	0	0	0	0	0	0	0	0	0	0	0	0
30.28	8.325897754874006	1.726031469446693	-8.006251312636389	0	0.9399999999999999	0	0	0	0	0	0	0	0	0	0.1519802644295366	-0.01769048666591231	-0.07108953039876093	0	3.084342401171455e-07	0	0	0	0	0	0	0	0	0	0	0	0	0	0	0	0	0	0	0	0
30.3	8.339632618237085	1.722975814149372	-8.019522172449351	0	0.9399999999999999	0	0	0	0	0	0	0	0	0	0.148706126037053	-0.01939404676956644	-0.07119289896556351	0	-2.553826809875633e-08	0	0	0	0	0	0	0	0	0	0	0	0	0	0	0	0	0	0	0	0
30.32	8.340329604379503	1.719364222714434	-8.019314189542486	0	0.9399999999999999	0	0	0	0	0	0	0	0	0	0.1451197720620486	-0.01877370526679044	-0.07103065948371812	0	-1.195270957622657e-07	0	0	0	0	0	0	0	0	0	0	0	0	0	0	0	0	0	0	0	0
30.34	8.340358981093225	1.719364002308996	-8.019371540967443	0	0.9399999999999999	0	0	0	0	0	0	0	0	0	0.1451174582910766	-0.01878623042420515	-0.07104960128912574	0	-9.681694756743522e-06	0	0	0	0	0	0	0	0	0	0	0	0	0	0	0	0	0	0	0	0
30.36	8.341305208261414	1.711429066070259	-8.018635368131163	0	0.9399999999999999	0	0	0	0	0	0	0	0	0	0.1369231372940262	-0.01746954044699935	-0.07129611232127837	0	2.626489042173782e-06	0	0	0	0	0	0	0	0	0	0	0	0	0	0	0	0	0	0	0	0
30.38	8.341614732553619	1.707743218992885	-8.018470174968439	0	0.9399999999999999	0	0	0	0	0	0	0	0	0	0.132902518095529	-0.01696974474435936	-0.07213717022217417	0	-3.288786060351175e-06	0	0	0	0	0	0	0	0	0	0	0	0	0	0	0	0	0	0	0	0
30.4	8.341907377733859	1.704227385230763	-8.018218585215646	0	0.9399999999999999	0	0	0	0	0	0	0	0	0	0.1292331591527976	-0.01658667078125796	-0.07334652436926614	0	4.436365723059242e-06	0	0	0	0	0	0	0	0	0	0	0	0	0	0	0	0	0	0	0	0
30.42	8.341840524357993	1.700336435197739	-8.017662243824402	0	0.9399999999999999	0	0	0	0	0	0	0	0	0	0.1255678132358674	-0.01608107637555242	-0.07496133464774118	0	-2.897076440498702e-06	0	0	0	0	0	0	0	0	0	0	0	0	0	0	0	0	0	0	0	0
30.44	8.31923680262134	1.696322333120225	-7.994738184746422	0	0.9399999999999999	0	0	0	0	0	0	0	0	0	0.1220330002453302	-0.0125867848918793	-0.07487304092406767	0	4.026013901539704e-07	0	0	0	0	0	0	0	0	0	0	0	0	0	0	0	0	0	0	0	0
30.46	8.305599650373344	1.692361103251215	-7.98086372364812	0	0.9399999999999999	0	0	0	0	0	0	0	0	0	0.1191839671339109	-0.01080459945324918	-0.07921237579054118	0	5.346681647023448e-08	0	0	0	0	0	0	0	0	0	0	0	0	0	0	0	0	0	0	0	0
30.48	8.292658299534763	1.688713423798779	-7.967748199071358	0	0.9399999999999999	0	0	0	0	0	0	0	0	0	0.1165955183181863	-0.008768639348149639	-0.08106196000807155	0	-1.131335921679562e-07	0	0	0	0	0	0	0	0	0	0	0	0	0	0	0	0	0	0	0	0
30.5	8.278504589711565	1.685418024257538	-7.953164766735591	0	0.9399999999999999	0	0	0	0	0	0	0	0	0	0.1141777339409209	-0.006572449004117274	-0.08257029003327904	0	-3.280954263206354e-07	0	0	0	0	0	0	0	0	0	0	0	0	0	0	0	0	0	0	0	0
30.52	8.27855404715573	1.682121727125021	-7.952656858764784	0	0.9399999999999999	0	0	0	0	0	0	0	0	0	0.1114712558800554	-0.005921534770777621	-0.083885431188089	0	4.185088284484953e-06	0	0	0	0	0	0	0	0	0	0	0	0	0	0	0	0	0	0	0	0
30.54	8.278546501545609	1.682121629571292	-7.952647047072897	0	0.9399999999999999	0	0	0	0	0	0	0	0	0	0.1114719485153601	-0.005919543951069074	-0.08388112562926837	0	4.126424865629749e-06	0	0	0	0	0	0	0	0	0	0	0	0	0	0	0	0	0	0	0	0
30.56	8.278564690865814	1.678609550774268	-7.951870538280573	0	0.9399999999999999	0	0	0	0	0	0	0	0	0	0.1086154737700602	-0.00525776162970195	-0.08508241016522559	0	-2.159077894824803e-05	0	0	0	0	0	0	0	0	0	0	0	0	0	0	0	0	0	0	0	0
30.58	8.278560263791478	1.674879713771035	-7.950892812060643	0	0.9399999999999999	0	0	0	0	0	0	0	0	0	0.105724516580588	-0.004987965040613193	-0.08601697184440617	0	2.505295991187628e-05	0	0	0	0	0	0	0	0	0	0	0	0	0	0	0	0	0	0	0	0
30.6	8.232265003382278	1.671716166263694	-7.903505580250465	0	0.9399999999999999	0	0	0	0	0	0	0	0	0	0.1039154227374815	-0.0005155016145694716	-0.08695342904951198	0	-1.040111093640194e-07	0	0	0	0	0	0	0	0	0	0	0	0	0	0	0	0	0	0	0	0
30.62	8.181493159787873	1.666922608113665	-7.850813057320966	0	0.9399999999999999	0	0	0	0	0	0	0	0	0	0.1004577440203241	0.003885842098167274	-0.08916146676845872	0	-1.224189279687368e-07	0	0	0	0	0	0	0	0	0	0	0	0	0	0	0	0	0	0	0	0
30.64	8.181492580894012	1.666922069934269	-7.850813592628684	0	0.9399999999999999	0	0	0	0	0	0	0	0	0	0.1004583216814124	0.00388553941470524	-0.08916074890902206	0	3.253349572571649e-07	0	0	0	0	0	0	0	0	0	0	0	0	0	0	0	0	0	0	0	0
30.66	8.120161253206136	1.662884279843475	-7.788030084118579	0	0.9399999999999999	0	0	0	0	0	0	0	0	0	0.09761390309427648	0.009343351609448209	-0.09231087802408348	0	8.487848160525332e-08	0	0	0	0	0	0	0	0	0	0	0	0	0	0	0	0	0	0	0	0
30.68	8.090721211608917	1.660977759731767	-7.758091014228695	0	0.9399999999999999	0	0	0	0	0	0	0	0	0	0.09620645658972268	0.01164316643305124	-0.09391016168879948	0	-1.950922667381182e-07	0	0	0	0	0	0	0	0	0	0	0	0	0	0	0	0	0	0	0	0
30.7	8.090721211608917	1.660977759731767	-7.758091014228695	0	0.9399999999999999	0	0	0	0	0	0	0	0	0	0.09620645658972268	0.01164316643305124	-0.09391016168879948	0	-1.950922667381182e-07	0	0	0	0	0	0	0	0	0	0	0	0	0	0	0	0	0	0	0	0
30.72	8.040095420709704	1.65641268706778	-7.706846274055855	0	0.9399999999999999	0	0	0	0	0	0	0	0	0	0.09268593120582717	0.01472254976078645	-0.09704660428716562	0	-3.397835740593468e-08	0	0	0	0	0	0	0	0	0	0	0	0	0	0	0	0	0	0	0	0
30.74	8.00662004571821	1.654066528736551	-7.673064283204261	0	0.9399999999999999	0	0	0	0	0	0	0	0	0	0.0904165424166677	0.01707263565513135	-0.0985753266902771	0	4.131965625549209e-07	0	0	0	0	0	0	0	0	0	0	0	0	0	0	0	0	0	0	0	0
30.76	8.006155635890243	1.651590381339535	-7.672549016293875	0	0.9399999999999999	0	0	0	0	0	0	0	0	0	0.08938157573317415	0.01534760701057556	-0.09839826901827288	0	1.606965818009136e-05	0	0	0	0	0	0	0	0	0	0	0	0	0	0	0	0	0	0	0	0
30.78	8.006117406238898	1.65159682668487	-7.672518211432091	0	0.9399999999999999	0	0	0	0	0	0	0	0	0	0.0893890225279234	0.01534811359675829	-0.09839528933260801	0	1.15378642793539e-05	0	0	0	0	0	0	0	0	0	0	0	0	0	0	0	0	0	0	0	0
30.8	7.931470018051418	1.646805454451754	-7.597023054813925	0	0.9399999999999999	0	0	0	0	0	0	0	0	0	0.08465053249364637	0.01845187814582834	-0.09753865138223193	0	-2.859219104964896e-07	0	0	0	0	0	0	0	0	0	0	0	0	0	0	0	0	0	0	0	0
30.82	7.931392873344992	1.644361169030593	-7.596329126223089	0	0.9399999999999999	0	0	0	0	0	0	0	0	0	0.08224410896115907	0.01680055223569686	-0.096401204294841	0	-7.127996986112477e-06	0	0	0	0	0	0	0	0	0	0	0	0	0	0	0	0	0	0	0	0
30.84	7.876449490946834	1.64208419247576	-7.540640275020815	0	0.9399999999999999	0	0	0	0	0	0	0	0	0	0.07939291380026064	0.01966087039027912	-0.09660863179429779	0	2.461210390405063e-07	0	0	0	0	0	0	0	0	0	0	0	0	0	0	0	0	0	0	0	0
30.86	7.876431075528885	1.642103220982853	-7.540616797466527	0	0.9399999999999999	0	0	0	0	0	0	0	0	0	0.07868024546897671	0.01882627983373465	-0.09554924470503584	0	-6.840771500025177e-08	0	0	0	0	0	0	0	0	0	0	0	0	0	0	0	0	0	0	0	0
30.88	7.840931991110142	1.638132476178905	-7.502579562633839	0	0.9399999999999999	0	0	0	0	0	0	0	0	0	0.0734349059193822	0.01783040855076842	-0.09344058038085808	0	1.455565448575195e-07	0	0	0	0	0	0	0	0	0	0	0	0	0	0	0	0	0	0	0	0
30.9	7.841645087420994	1.6361044718689	-7.501681218195266	0	0.9399999999999999	0	0	0	0	0	0	0	0	0	0.07111419302310186	0.01619428794743489	-0.09184116966156905	0	-6.882058038963265e-07	0	0	0	0	0	0	0	0	0	0	0	0	0	0	0	0	0	0	0	0
30.92	7.842447092386189	1.634012855214233	-7.500726329137096	0	0.9399999999999999	0	0	0	0	0	0	0	0	0	0.06836168354768063	0.01473308878262054	-0.09002214510654791	0	-6.01462648252565e-07	0	0	0	0	0	0	0	0	0	0	0	0	0	0	0	0	0	0	0	0
30.94	7.843326674876972	1.632018707485952	-7.49978070286718	0	0.9399999999999999	0	0	0	0	0	0	0	0	0	0.06573587141595659	0.01333706841585252	-0.08837962793633183	0	-4.527804878945758e-06	0	0	0	0	0	0	0	0	0	0	0	0	0	0	0	0	0	0	0	0
30.96	7.844310319493762	1.629906596135133	-7.498941264485802	0	0.9399999999999999	0	0	0	0	0	0	0	0	0	0.06300291855014006	0.01231643965966987	-0.0868794648863123	0	-4.278268988690654e-06	0	0	0	0	0	0	0	0	0	0	0	0	0	0	0	0	0	0	0	0
30.98	7.845320497468163	1.627481538648407	-7.49823473008772	0	0.9399999999999999	0	0	0	0	0	0	0	0	0	0.05959096173676436	0.0110542823425902	-0.08562703270886088	0	-6.025801964715917e-06	0	0	0	0	0	0	0	0	0	0	0	0	0	0	0	0	0	0	0	0
31	7.846318404956448	1.625169450293066	-7.497763079234952	0	0.9399999999999999	0	0	0	0	0	0	0	0	0	0.05743571917532536	0.0102913386336732	-0.08410692125219525	0	1.250844676596926e-05	0	0	0	0	0	0	0	0	0	0	0	0	0	0	0	0	0	0	0	0
31.02	7.847330793884096	1.62341775482227	-7.497454116495799	0	0.9399999999999999	0	0	0	0	0	0	0	0	0	0.0529606618572978	0.008663335179987915	-0.08443562336127459	0	-1.292591774593614e-05	0	0	0	0	0	0	0	0	0	0	0	0	0	0	0	0	0	0	0	0
31.04	7.923904098461817	1.622217634055387	-7.572837512453741	0	0.9399999999999999	0	0	0	0	0	0	0	0	0	0.05130519566297299	0.004196733233359486	-0.08461355142096769	0	6.533204042846258e-07	0	0	0	0	0	0	0	0	0	0	0	0	0	0	0	0	0	0	0	0
31.06	7.924438858158442	1.620923568190261	-7.572547976387134	0	0.9399999999999999	0	0	0	0	0	0	0	0	0	0.04822172610273114	0.003382212741626861	-0.08542597285991475	0	-4.622839645643747e-06	0	0	0	0	0	0	0	0	0	0	0	0	0	0	0	0	0	0	0	0
31.08	7.925156398550769	1.619743359684999	-7.572401966762333	0	0.9399999999999999	0	0	0	0	0	0	0	0	0	0.04588410663560694	0.00238532518029423	-0.08615743408611894	0	1.196559994893638e-05	0	0	0	0	0	0	0	0	0	0	0	0	0	0	0	0	0	0	0	0
31.1	7.92602270196847	1.618377630702832	-7.572460674852303	0	0.9399999999999999	0	0	0	0	0	0	0	0	0	0.04368179211387409	0.001296332996257647	-0.08679087141339237	0	6.091319518712229e-06	0	0	0	0	0	0	0	0	0	0	0	0	0	0	0	0	0	0	0	0
31.12	7.926036836391575	1.618377710749891	-7.572472910881028	0	0.9399999999999999	0	0	0	0	0	0	0	0	0	0.04369100303417966	0.001284480682440693	-0.08678921880857859	0	5.564357958372568e-06	0	0	0	0	0	0	0	0	0	0	0	0	0	0	0	0	0	0	0	0
31.14	8.118439892474333	1.61573530990439	-7.763361881159203	0	0.9399999999999999	0	0	0	0	0	0	0	0	0	0.04160613582976573	-0.01021097658793667	-0.08703076985168361	0	-2.818199364220875e-07	0	0	0	0	0	0	0	0	0	0	0	0	0	0	0	0	0	0	0	0
31.16	8.119065513777326	1.614351843420389	-7.763122617162488	0	0.9399999999999999	0	0	0	0	0	0	0	0	0	0.039779573322081	-0.01176348704571232	-0.08657255456068844	0	8.772875337349916e-06	0	0	0	0	0	0	0	0	0	0	0	0	0	0	0	0	0	0	0	0
31.18	8.11907678934792	1.614346665102534	-7.763150232508021	0	0.9399999999999999	0	0	0	0	0	0	0	0	0	0.03978578100050217	-0.01176568143174943	-0.08657820247776947	0	8.478967033715057e-06	0	0	0	0	0	0	0	0	0	0	0	0	0	0	0	0	0	0	0	0
31.2	8.266096158091139	1.612555800684325	-7.908389201080049	0	0.9399999999999999	0	0	0	0	0	0	0	0	0	0.03771023064170097	-0.02170154819454501	-0.08462006374386058	0	6.831108273214556e-07	0	0	0	0	0	0	0	0	0	0	0	0	0	0	0	0	0	0	0	0
31.22	8.266096418394641	1.612555443126322	-7.908388957965061	0	0.9399999999999999	0	0	0	0	0	0	0	0	0	0.03771065237162773	-0.02170123186528832	-0.08462036287043412	0	-3.203746619720599e-07	0	0	0	0	0	0	0	0	0	0	0	0	0	0	0	0	0	0	0	0
31.24	8.266744212457869	1.611439620532497	-7.907982590207249	0	0.9399999999999999	0	0	0	0	0	0	0	0	0	0.0364449417005999	-0.02366802697798579	-0.08342470662265319	0	-4.549450256916298e-06	0	0	0	0	0	0	0	0	0	0	0	0	0	0	0	0	0	0	0	0
31.26	8.267545906134041	1.610171906974684	-7.907668705356915	0	0.9399999999999999	0	0	0	0	0	0	0	0	0	0.03526004494380607	-0.02577618011531259	-0.08230295339342172	0	7.74390242105964e-06	0	0	0	0	0	0	0	0	0	0	0	0	0	0	0	0	0	0	0	0
31.28	8.269180516568065	1.607186033140453	-7.906836274093631	0	0.9399999999999999	0	0	0	0	0	0	0	0	0	0.0327911969411634	-0.02791935684812358	-0.07989734176846403	0	-5.968911051859765e-06	0	0	0	0	0	0	0	0	0	0	0	0	0	0	0	0	0	0	0	0
31.3	8.270218028681777	1.605601370822885	-7.906496907816859	0	0.9399999999999999	0	0	0	0	0	0	0	0	0	0.0328221090250837	-0.03278084660376464	-0.07879821857908854	0	-8.590121023368999e-06	0	0	0	0	0	0	0	0	0	0	0	0	0	0	0	0	0	0	0	0
31.32	8.470092329036476	1.605039388520743	-8.105114983857121	0	0.9399999999999999	0	0	0	0	0	0	0	0	0	0.03199373005986364	-0.04185464621169695	-0.07773617696410134	0	2.08750863911182e-06	0	0	0	0	0	0	0	0	0	0	0	0	0	0	0	0	0	0	0	0
31.34	8.470819733831098	1.603836002455106	-8.104380269952591	0	0.9399999999999999	0	0	0	0	0	0	0	0	0	0.03139357036735566	-0.04374743510380547	-0.07675712414995717	0	2.577819815416391e-06	0	0	0	0	0	0	0	0	0	0	0	0	0	0	0	0	0	0	0	0
31.36	8.47160464114816	1.602575012339456	-8.103727764272522	0	0.9399999999999999	0	0	0	0	0	0	0	0	0	0.03075453151385482	-0.04591385057639219	-0.07610112073899347	0	3.660392212501568e-06	0	0	0	0	0	0	0	0	0	0	0	0	0	0	0	0	0	0	0	0
31.38	8.472516595441679	1.601513629153982	-8.103114659908076	0	0.9399999999999999	0	0	0	0	0	0	0	0	0	0.03035938148063355	-0.04801185244582679	-0.07557539029206525	0	-6.800965471962913e-06	0	0	0	0	0	0	0	0	0	0	0	0	0	0	0	0	0	0	0	0
31.4	8.473497021865059	1.601122030923467	-8.102468196193147	0	0.9399999999999999	0	0	0	0	0	0	0	0	0	0.03005210338010002	-0.04789606104327651	-0.07396086415218735	0	1.039843054137266e-06	0	0	0	0	0	0	0	0	0	0	0	0	0	0	0	0	0	0	0	0
31.42	8.474580274438939	1.601667544373343	-8.101691964170286	0	0.9399999999999999	0	0	0	0	0	0	0	0	0	0.03007336753073236	-0.05304403948257608	-0.07607595073365453	0	-3.668115129290879e-06	0	0	0	0	0	0	0	0	0	0	0	0	0	0	0	0	0	0	0	0
31.44	8.475895266839517	1.602510857654599	-8.101055407994902	0	0.9399999999999999	0	0	0	0	0	0	0	0	0	0.03097357479267435	-0.05596250099620162	-0.07639231456835383	0	8.597866339909082e-06	0	0	0	0	0	0	0	0	0	0	0	0	0	0	0	0	0	0	0	0
31.46	8.475915804210786	1.602493700401186	-8.101081861736013	0	0.9399999999999999	0	0	0	0	0	0	0	0	0	0.03097207560023217	-0.05596375577952385	-0.07639260931600633	0	1.220867913483241e-05	0	0	0	0	0	0	0	0	0	0	0	0	0	0	0	0	0	0	0	0
31.48	8.477203133833305	1.603868724282755	-8.100593353362397	0	0.9399999999999999	0	0	0	0	0	0	0	0	0	0.03272493080274201	-0.05931160732531349	-0.07690127335881496	0	8.580638337957578e-06	0	0	0	0	0	0	0	0	0	0	0	0	0	0	0	0	0	0	0	0
31.5	8.732916380556013	1.60835554773973	-8.351368922295917	0	0.9399999999999999	0	0	0	0	0	0	0	0	0	0.03367243255221666	-0.07542318593748037	-0.07701917827063856	0	-3.153731972581532e-07	0	0	0	0	0	0	0	0	0	0	0	0	0	0	0	0	0	0	0	0
31.52	8.734597077944695	1.609997506616815	-8.350171332370188	0	0.9399999999999999	0	0	0	0	0	0	0	0	0	0.03481996981935315	-0.0793849386052521	-0.07727897558010267	0	-1.027008628718617e-05	0	0	0	0	0	0	0	0	0	0	0	0	0	0	0	0	0	0	0	0
31.54	8.734613361935066	1.609994339031968	-8.350193352418675	0	0.9399999999999999	0	0	0	0	0	0	0	0	0	0.03481539112790038	-0.07938030348330699	-0.07727738181862423	0	-5.811376960686325e-06	0	0	0	0	0	0	0	0	0	0	0	0	0	0	0	0	0	0	0	0
31.56	8.736623722285797	1.611174726732335	-8.349057538006717	0	0.9399999999999999	0	0	0	0	0	0	0	0	0	0.03535834542203451	-0.0831251763901749	-0.07765446933819362	0	6.442807503646172e-06	0	0	0	0	0	0	0	0	0	0	0	0	0	0	0	0	0	0	0	0
31.58	8.933833167797934	1.614396663093968	-8.539555299826608	0	0.9399999999999999	0	0	0	0	0	0	0	0	0	0.03316031820304256	-0.09872679194932925	-0.07776838486082174	0	-4.969022082001944e-07	0	0	0	0	0	0	0	0	0	0	0	0	0	0	0	0	0	0	0	0
31.6	8.935744996292067	1.61572041195986	-8.537847104176759	0	0.9399999999999999	0	0	0	0	0	0	0	0	0	0.03445441281568522	-0.1037512477493516	-0.07703121004279399	0	9.343802639797283e-08	0	0	0	0	0	0	0	0	0	0	0	0	0	0	0	0	0	0	0	0
31.62	9.008336323469885	1.617223200108	-8.606640729281944	0	0.9399999999999999	0	0	0	0	0	0	0	0	0	0.03343206984152037	-0.1113676584416328	-0.07544275306461107	0	6.148055582800832e-09	0	0	0	0	0	0	0	0	0	0	0	0	0	0	0	0	0	0	0	0
31.64	9.010461182189518	1.619003778652129	-8.604693844484116	0	0.9399999999999999	0	0	0	0	0	0	0	0	0	0.03452259307766187	-0.1171540038672857	-0.07305907875907437	0	-5.924295403824301e-06	0	0	0	0	0	0	0	0	0	0	0	0	0	0	0	0	0	0	0	0
31.66	9.094467879676229	1.621570533286408	-8.684528490055621	0	0.9399999999999999	0	0	0	0	0	0	0	0	0	0.03332966070315203	-0.1266460322426861	-0.07045818562858598	0	3.774042418116288e-07	0	0	0	0	0	0	0	0	0	0	0	0	0	0	0	0	0	0	0	0
31.68	9.094467702648551	1.621570276302061	-8.684528667707264	0	0.9399999999999999	0	0	0	0	0	0	0	0	0	0.03332981570299693	-0.1266461060213876	-0.07045807311197645	0	-1.625011764162048e-07	0	0	0	0	0	0	0	0	0	0	0	0	0	0	0	0	0	0	0	0
31.7	9.16527891557719	1.626623358645578	-8.746504460301134	0	0.9399999999999999	0	0	0	0	0	0	0	0	0	0.03403747355702334	-0.1432637217817855	-0.06492980235598921	0	4.252503609479145e-09	0	0	0	0	0	0	0	0	0	0	0	0	0	0	0	0	0	0	0	0
31.72	9.16527891557719	1.626623358645578	-8.746504460301134	0	0.9399999999999999	0	0	0	0	0	0	0	0	0	0.03403747355702334	-0.1432637217817855	-0.06492980235598921	0	4.252503609479145e-09	0	0	0	0	0	0	0	0	0	0	0	0	0	0	0	0	0	0	0	0
31.74	9.252331077542319	1.630651009428163	-8.824858624668334	0	0.9399999999999999	0	0	0	0	0	0	0	0	0	0.03364953657709858	-0.1610446844481415	-0.0597375595186296	0	-3.494276682991081e-09	0	0	0	0	0	0	0	0	0	0	0	0	0	0	0	0	0	0	0	0
31.76	9.252331077542319	1.630651009428163	-8.824858624668334	0	0.9399999999999999	0	0	0	0	0	0	0	0	0	0.03364953657709858	-0.1610446844481415	-0.0597375595186296	0	-3.494276682991081e-09	0	0	0	0	0	0	0	0	0	0	0	0	0	0	0	0	0	0	0	0
31.78	9.254743438607091	1.632143268328855	-8.822843631555683	0	0.9399999999999999	0	0	0	0	0	0	0	0	0	0.03523539252948364	-0.1680808508562537	-0.05727107837968683	0	-2.600611666932364e-06	0	0	0	0	0	0	0	0	0	0	0	0	0	0	0	0	0	0	0	0
31.8	9.369714668766125	1.633591918273857	-8.928019202789113	0	0.9399999999999999	0	0	0	0	0	0	0	0	0	0.03383798701905508	-0.1833228490277647	-0.05258617905370295	0	-2.397519848823338e-07	0	0	0	0	0	0	0	0	0	0	0	0	0	0	0	0	0	0	0	0
31.82	9.369714668766125	1.633591918273857	-8.928019202789113	0	0.9399999999999999	0	0	0	0	0	0	0	0	0	0.03383798701905508	-0.1833228490277647	-0.05258617905370295	0	-2.397519848823338e-07	0	0	0	0	0	0	0	0	0	0	0	0	0	0	0	0	0	0	0	0
31.84	9.413313594579785	1.633909171974258	-8.967082282544128	0	0.9399999999999999	0	0	0	0	0	0	0	0	0	0.03465732733064923	-0.1895062192807362	-0.05049227544360708	0	1.11921533480472e-06	0	0	0	0	0	0	0	0	0	0	0	0	0	0	0	0	0	0	0	0
31.86	9.415551247683707	1.633937171964304	-8.965190805331824	0	0.9399999999999999	0	0	0	0	0	0	0	0	0	0.03813688685290571	-0.1941986696048489	-0.04801598089865929	0	-6.593781531787489e-06	0	0	0	0	0	0	0	0	0	0	0	0	0	0	0	0	0	0	0	0
31.88	9.503365722892539	1.635159007921721	-9.044581203000867	0	0.9399999999999999	0	0	0	0	0	0	0	0	0	0.04147429832623085	-0.2071918214655724	-0.04067115191039588	0	3.456390614193905e-07	0	0	0	0	0	0	0	0	0	0	0	0	0	0	0	0	0	0	0	0
31.9	9.570721692726654	1.636332027073724	-9.107203939285139	0	0.9399999999999999	0	0	0	0	0	0	0	0	0	0.0416663282004268	-0.2144817862455466	-0.03626642436727548	0	1.10398234208484e-07	0	0	0	0	0	0	0	0	0	0	0	0	0	0	0	0	0	0	0	0
31.92	9.570721692726654	1.636332027073724	-9.107203939285139	0	0.9399999999999999	0	0	0	0	0	0	0	0	0	0.0416663282004268	-0.2144817862455466	-0.03626642436727548	0	1.10398234208484e-07	0	0	0	0	0	0	0	0	0	0	0	0	0	0	0	0	0	0	0	0
31.94	9.671893969360776	1.640670277843066	-9.198766565035221	0	0.9399999999999999	0	0	0	0	0	0	0	0	0	0.04339153427385355	-0.2290262203246543	-0.02857230712526522	0	-8.672981294284968e-07	0	0	0	0	0	0	0	0	0	0	0	0	0	0	0	0	0	0	0	0
31.96	9.674599622548815	1.64403663509275	-9.196775034716493	0	0.9399999999999999	0	0	0	0	0	0	0	0	0	0.04769700797652323	-0.2364318979287674	-0.02524489384946287	0	-6.231084532940399e-06	0	0	0	0	0	0	0	0	0	0	0	0	0	0	0	0	0	0	0	0
31.98	9.67460860770578	1.644042768000365	-9.19678806706176	0	0.9399999999999999	0	0	0	0	0	0	0	0	0	0.04769778228599574	-0.2364327914558624	-0.02525196456231477	0	-5.829624470125447e-06	0	0	0	0	0	0	0	0	0	0	0	0	0	0	0	0	0	0	0	0
32	9.719390323177064	1.647380364503182	-9.236833645057262	0	0.9399999999999999	0	0	0	0	0	0	0	0	0	0.04872550302642777	-0.2442440108720874	-0.0222423712131656	0	-7.459488998519523e-07	0	0	0	0	0	0	0	0	0	0	0	0	0	0	0	0	0	0	0	0
32.02	9.745721220414252	1.652485357810857	-9.254412434517954	0	0.9399999999999999	0	0	0	0	0	0	0	0	0	0.05384302670249293	-0.2569307204167759	-0.01668223906609568	0	-3.00463302644578e-07	0	0	0	0	0	0	0	0	0	0	0	0	0	0	0	0	0	0	0	0
32.04000000000001	9.748093316940702	1.654885154858718	-9.252439014620748	0	0.9399999999999999	0	0	0	0	0	0	0	0	0	0.05688153556100847	-0.2630519711315039	-0.01392608551323152	0	9.094843887902044e-06	0	0	0	0	0	0	0	0	0	0	0	0	0	0	0	0	0	0	0	0
32.06	9.748094077067032	1.654884729292877	-9.252459483739814	0	0.9399999999999999	0	0	0	0	0	0	0	0	0	0.05687759911748615	-0.2630584158052822	-0.01393447635835548	0	4.631970631927575e-06	0	0	0	0	0	0	0	0	0	0	0	0	0	0	0	0	0	0	0	0
32.08000000000001	9.752212772423993	1.658959815388503	-9.24886317224753	0	0.9399999999999999	0	0	0	0	0	0	0	0	0	0.06104956295733287	-0.2756071141595303	-0.008692037834644816	0	1.135721942770501e-05	0	0	0	0	0	0	0	0	0	0	0	0	0	0	0	0	0	0	0	0
32.1	9.754056908163554	1.660311608141316	-9.247535781505469	0	0.9399999999999999	0	0	0	0	0	0	0	0	0	0.0619255715060738	-0.2811701307404411	-0.006842476059722978	0	-1.052691478957238e-06	0	0	0	0	0	0	0	0	0	0	0	0	0	0	0	0	0	0	0	0
32.12	9.755658332366654	1.661736273259715	-9.246375315948821	0	0.9399999999999999	0	0	0	0	0	0	0	0	0	0.06223427629265977	-0.2867376320929898	-0.006067872599806554	0	1.12211986577835e-06	0	0	0	0	0	0	0	0	0	0	0	0	0	0	0	0	0	0	0	0
32.14	9.756972705905005	1.662917282857615	-9.245283051244849	0	0.9399999999999999	0	0	0	0	0	0	0	0	0	0.06250053177445017	-0.2923185474975981	-0.006471636061406383	0	-1.235072536658772e-06	0	0	0	0	0	0	0	0	0	0	0	0	0	0	0	0	0	0	0	0
32.16	9.757706821245906	1.664110445256988	-9.243902982895737	0	0.9399999999999999	0	0	0	0	0	0	0	0	0	0.05664317047327561	-0.2955811947779194	-0.01191691761166083	0	-8.04075082943485e-07	0	0	0	0	0	0	0	0	0	0	0	0	0	0	0	0	0	0	0	0
32.18000000000001	9.757938253356899	1.664045159772989	-9.244116232511665	0	0.9399999999999999	0	0	0	0	0	0	0	0	0	0.06234986143444721	-0.2981411467975139	-0.008719677923012176	0	-1.99377796529259e-06	0	0	0	0	0	0	0	0	0	0	0	0	0	0	0	0	0	0	0	0
32.2	9.731447559863751	1.66963356880779	-9.213932036691419	0	0.9399999999999999	0	0	0	0	0	0	0	0	0	0.06603408222105618	-0.3078693548383659	-0.009786053654959019	0	9.457820150143453e-08	0	0	0	0	0	0	0	0	0	0	0	0	0	0	0	0	0	0	0	0
32.22000000000001	9.717116590089679	1.673028589795901	-9.197273207407203	0	0.9399999999999999	0	0	0	0	0	0	0	0	0	0.06724472423982827	-0.3147866382191366	-0.01346310453403945	0	-4.044258258253183e-07	0	0	0	0	0	0	0	0	0	0	0	0	0	0	0	0	0	0	0	0
32.24	9.708383514193477	1.677710208952592	-9.185677755552073	0	0.9399999999999999	0	0	0	0	0	0	0	0	0	0.06870484051468981	-0.3217798703394342	-0.01759808068926664	0	-1.671628538989189e-07	0	0	0	0	0	0	0	0	0	0	0	0	0	0	0	0	0	0	0	0
32.26000000000001	9.708324688090579	1.677782393071042	-9.185596086252868	0	0.9399999999999999	0	0	0	0	0	0	0	0	0	0.06808177256367148	-0.3237253571779631	-0.02606639566939357	0	9.052664757658497e-06	0	0	0	0	0	0	0	0	0	0	0	0	0	0	0	0	0	0	0	0
32.28	9.71173733341721	1.689021939558084	-9.180875874682217	0	0.9399999999999999	0	0	0	0	0	0	0	0	0	0.06697088403901587	-0.3343255677880921	-0.03398463459734666	0	5.714384392766671e-06	0	0	0	0	0	0	0	0	0	0	0	0	0	0	0	0	0	0	0	0
32.3	9.704269648632154	1.694376926690147	-9.168044942371173	0	0.9399999999999999	0	0	0	0	0	0	0	0	0	0.07721021732052447	-0.3388644610202045	-0.0374591824110834	0	7.097367723456074e-07	0	0	0	0	0	0	0	0	0	0	0	0	0	0	0	0	0	0	0	0
32.32	9.704269811021854	1.694378547363708	-9.16804484296588	0	0.9399999999999999	0	0	0	0	0	0	0	0	0	0.07720971665254048	-0.338862916267056	-0.03745917813133003	0	-9.27019398528563e-07	0	0	0	0	0	0	0	0	0	0	0	0	0	0	0	0	0	0	0	0
32.34	9.707708791805093	1.700098398625498	-9.165182501030019	0	0.9399999999999999	0	0	0	0	0	0	0	0	0	0.08132008386407266	-0.3433465661419544	-0.03786342453399019	0	7.243813704771655e-06	0	0	0	0	0	0	0	0	0	0	0	0	0	0	0	0	0	0	0	0
32.36000000000001	9.723276660412353	1.712291071977733	-9.164905538493279	0	0.9399999999999999	0	0	0	0	0	0	0	0	0	0.0937765616306457	-0.3535441921805449	-0.03193902920102346	0	4.187184734090918e-08	0	0	0	0	0	0	0	0	0	0	0	0	0	0	0	0	0	0	0	0
32.38	9.728532244278572	1.717989164280223	-9.16079947822316	0	0.9399999999999999	0	0	0	0	0	0	0	0	0	0.10195252040701	-0.3578967355713363	-0.02613701753757247	0	-4.450307608948771e-07	0	0	0	0	0	0	0	0	0	0	0	0	0	0	0	0	0	0	0	0
32.40000000000001	9.72853360535232	1.717996621805634	-9.16080798902888	0	0.9399999999999999	0	0	0	0	0	0	0	0	0	0.1019509591405658	-0.3579081096258827	-0.02614670006102747	0	-5.453696485596583e-07	0	0	0	0	0	0	0	0	0	0	0	0	0	0	0	0	0	0	0	0
32.42	9.75340816332753	1.727996617693493	-9.16485657821514	0	0.9399999999999999	0	0	0	0	0	0	0	0	0	0.1077289473633318	-0.3649137874475893	-0.01393210157496007	0	-4.019067435604181e-07	0	0	0	0	0	0	0	0	0	0	0	0	0	0	0	0	0	0	0	0
32.44	9.759781141178282	1.731652818396016	-9.159869321120322	0	0.9399999999999999	0	0	0	0	0	0	0	0	0	0.1144217057595361	-0.3688374432786836	0.002984708710047377	0	-6.220017471721796e-08	0	0	0	0	0	0	0	0	0	0	0	0	0	0	0	0	0	0	0	0
32.46	9.759789217253383	1.731652265566392	-9.159880164510875	0	0.9399999999999999	0	0	0	0	0	0	0	0	0	0.1144189589637564	-0.3688356155310867	0.002985581288643616	0	-1.704293979851337e-06	0	0	0	0	0	0	0	0	0	0	0	0	0	0	0	0	0	0	0	0
32.48	9.765465377760604	1.734296537103689	-9.153949226986215	0	0.9399999999999999	0	0	0	0	0	0	0	0	0	0.1099703627604617	-0.3701401643465053	0.0146744781381499	0	-1.326103127614399e-05	0	0	0	0	0	0	0	0	0	0	0	0	0	0	0	0	0	0	0	0
32.50000000000001	9.793486397661232	1.739290970192273	-9.158504690165868	0	0.9399999999999999	0	0	0	0	0	0	0	0	0	0.09151852513525655	-0.3673957641886417	0.03211265119345335	0	4.013134315574292e-08	0	0	0	0	0	0	0	0	0	0	0	0	0	0	0	0	0	0	0	0
32.52	9.807628399492692	1.741310253539923	-9.161150788943766	0	0.9399999999999999	0	0	0	0	0	0	0	0	0	0.07981857631129738	-0.3625945118173177	0.03605395915755152	0	-2.977382386651299e-08	0	0	0	0	0	0	0	0	0	0	0	0	0	0	0	0	0	0	0	0
32.54000000000001	9.820847290460307	1.743277452087222	-9.16335664019523	0	0.9399999999999999	0	0	0	0	0	0	0	0	0	0.06650028324736863	-0.3564164180207247	0.03593287068557655	0	-1.944370612641856e-07	0	0	0	0	0	0	0	0	0	0	0	0	0	0	0	0	0	0	0	0
32.56	9.825577972168338	1.74531081146933	-9.157614756828997	0	0.9399999999999999	0	0	0	0	0	0	0	0	0	0.05314552023394648	-0.3488569722072148	0.03191191174394278	0	1.437904739322991e-05	0	0	0	0	0	0	0	0	0	0	0	0	0	0	0	0	0	0	0	0
32.58000000000001	9.825607043046171	1.745318248798465	-9.157652894907612	0	0.9399999999999999	0	0	0	0	0	0	0	0	0	0.05313777749176973	-0.3488632937930603	0.031908660253659	0	1.258036493046204e-05	0	0	0	0	0	0	0	0	0	0	0	0	0	0	0	0	0	0	0	0
32.6	9.846600377299627	1.748875640803216	-9.159300450436394	0	0.9399999999999999	0	0	0	0	0	0	0	0	0	0.02065194300562552	-0.3303109411693071	0.01253490808810426	0	-6.137017136209971e-09	0	0	0	0	0	0	0	0	0	0	0	0	0	0	0	0	0	0	0	0
32.62	9.853933856734997	1.750154466931155	-9.157577884459737	0	0.9399999999999999	0	0	0	0	0	0	0	0	0	0.003656270953528147	-0.3190855590915914	-0.0009975191904157664	0	-3.461479321949808e-07	0	0	0	0	0	0	0	0	0	0	0	0	0	0	0	0	0	0	0	0
32.64	9.857434772746	1.751658795849883	-9.152382277240566	0	0.9399999999999999	0	0	0	0	0	0	0	0	0	-0.01323708137128258	-0.3075970909155198	-0.01549349780812956	0	1.023826385275382e-05	0	0	0	0	0	0	0	0	0	0	0	0	0	0	0	0	0	0	0	0
32.66	9.857456712426901	1.751644764826096	-9.152394682541141	0	0.9399999999999999	0	0	0	0	0	0	0	0	0	-0.0132429662027565	-0.3075889239091251	-0.01548267820402196	0	9.786271999054211e-06	0	0	0	0	0	0	0	0	0	0	0	0	0	0	0	0	0	0	0	0
32.68000000000001	9.893987013274245	1.753923265977698	-9.171586834750387	0	0.9399999999999999	0	0	0	0	0	0	0	0	0	-0.05489877962681769	-0.2852406491097612	-0.04324456049370547	0	-5.305042574175699e-08	0	0	0	0	0	0	0	0	0	0	0	0	0	0	0	0	0	0	0	0
32.7	9.907608396600372	1.754966105475428	-9.17678576427963	0	0.9399999999999999	0	0	0	0	0	0	0	0	0	-0.07661497121657526	-0.2738473122159713	-0.05599403855772336	0	8.691559454955379e-08	0	0	0	0	0	0	0	0	0	0	0	0	0	0	0	0	0	0	0	0
32.72000000000001	9.907608396600372	1.754966105475428	-9.17678576427963	0	0.9399999999999999	0	0	0	0	0	0	0	0	0	-0.07661497121657526	-0.2738473122159713	-0.05599403855772336	0	8.691559454955379e-08	0	0	0	0	0	0	0	0	0	0	0	0	0	0	0	0	0	0	0	0
32.74	9.92156483426975	1.755850197785907	-9.18250063599354	0	0.9399999999999999	0	0	0	0	0	0	0	0	0	-0.09959633017284494	-0.262005157658587	-0.06907497251496027	0	-1.657677731031627e-07	0	0	0	0	0	0	0	0	0	0	0	0	0	0	0	0	0	0	0	0
32.76000000000001	9.934874277267772	1.75632988627033	-9.187723786688265	0	0.9399999999999999	0	0	0	0	0	0	0	0	0	-0.1241123789934528	-0.2491100137369423	-0.0847800383773923	0	1.163719676093699e-06	0	0	0	0	0	0	0	0	0	0	0	0	0	0	0	0	0	0	0	0
32.78	9.944957804666927	1.756517372575702	-9.189946736725204	0	0.9399999999999999	0	0	0	0	0	0	0	0	0	-0.1475881534729644	-0.2351706158065052	-0.1020835748596602	0	1.166129638507705e-07	0	0	0	0	0	0	0	0	0	0	0	0	0	0	0	0	0	0	0	0
32.8	9.955051327538284	1.756315330490809	-9.192331467877379	0	0.9399999999999999	0	0	0	0	0	0	0	0	0	-0.1711925602191031	-0.22034080846333	-0.1213558377386308	0	8.048676466841825e-07	0	0	0	0	0	0	0	0	0	0	0	0	0	0	0	0	0	0	0	0
32.82	9.970721684358265	1.755823610332204	-9.200541596952027	0	0.9399999999999999	0	0	0	0	0	0	0	0	0	-0.1955510647097926	-0.2055770091233031	-0.1433360053959085	0	4.126020459728559e-08	0	0	0	0	0	0	0	0	0	0	0	0	0	0	0	0	0	0	0	0
32.84	9.988278264087693	1.755145671094131	-9.210596827196436	0	0.9399999999999999	0	0	0	0	0	0	0	0	0	-0.2192091964384447	-0.1905398224191246	-0.1688701503296371	0	-3.65887195217859e-09	0	0	0	0	0	0	0	0	0	0	0	0	0	0	0	0	0	0	0	0
32.86000000000001	10.02849275502337	1.752221005407219	-9.235716687670502	0	0.9399999999999999	0	0	0	0	0	0	0	0	0	-0.2389808641603696	-0.1755181666101205	-0.1985608465598686	0	-8.070902649395121e-08	0	0	0	0	0	0	0	0	0	0	0	0	0	0	0	0	0	0	0	0
32.88	10.02655276295157	1.752213837024305	-9.233777519141906	0	0.9399999999999999	0	0	0	0	0	0	0	0	0	-0.2603854053721476	-0.1604509719089867	-0.2297944080862769	0	-9.604164969090449e-07	0	0	0	0	0	0	0	0	0	0	0	0	0	0	0	0	0	0	0	0
32.90000000000001	10.09493082546765	1.746858102200883	-9.288190923189616	0	0.9399999999999999	0	0	0	0	0	0	0	0	0	-0.2929950959001181	-0.1307855895871457	-0.2919821319097021	0	5.806465120902159e-09	0	0	0	0	0	0	0	0	0	0	0	0	0	0	0	0	0	0	0	0
32.92	10.09493082546765	1.746858102200883	-9.288190923189616	0	0.9399999999999999	0	0	0	0	0	0	0	0	0	-0.2929950959001181	-0.1307855895871457	-0.2919821319097021	0	5.806465120902159e-09	0	0	0	0	0	0	0	0	0	0	0	0	0	0	0	0	0	0	0	0
32.94	10.14248888000882	1.742537479536358	-9.32958819758921	0	0.9399999999999999	0	0	0	0	0	0	0	0	0	-0.3098097918286556	-0.1138840842364609	-0.3165013360675629	0	1.124608942880427e-06	0	0	0	0	0	0	0	0	0	0	0	0	0	0	0	0	0	0	0	0
32.96	10.25551573290237	1.733374541212027	-9.432508456223497	0	0.9399999999999999	0	0	0	0	0	0	0	0	0	-0.324654624676459	-0.08730716370081446	-0.3618165700668433	0.03788729284741495	0.03788726967102086	0	0	0	0	0	0	0	0	0	0	0	0	0	0	0	0	0	0	0	0
32.98	10.31730910816342	1.728429534727742	-9.490717986340348	0	0.9399999999999999	0	0	0	0	0	0	0	0	0	-0.3310735230925649	-0.07233395821409398	-0.3785393926955135	0.05024595419644608	0.05024595445633973	0	0	0	0	0	0	0	0	0	0	0	0	0	0	0	0	0	0	0	0
33.00000000000001	10.38601235614016	1.723087509655086	-9.556571252656864	0	0.9399999999999999	0	0	0	0	0	0	0	0	0	-0.3452957825485746	-0.05393671848756348	-0.3829088453705491	0.03990023135486955	0.03990024940393343	0	0	0	0	0	0	0	0	0	0	0	0	0	0	0	0	0	0	0	0
33.02	10.45920118537005	1.717744387693309	-9.627677680645073	0	0.9399999999999999	0	0	0	0	0	0	0	0	0	-0.3665902732100621	-0.03137054029848411	-0.3725984722913345	0	-3.90285876717966e-07	0	0	0	0	0	0	0	0	0	0	0	0	0	0	0	0	0	0	0	0
33.04000000000001	10.5321971584368	1.712759182371857	-9.699055892027916	0	0.9399999999999999	0	0	0	0	0	0	0	0	0	-0.3624711873121306	-0.02923360585359944	-0.3596205649034619	0	-8.023054060927597e-07	0	0	0	0	0	0	0	0	0	0	0	0	0	0	0	0	0	0	0	0
33.06	10.60237202947244	1.70889769441546	-9.767850835713158	0	0.9399999999999999	0	0	0	0	0	0	0	0	0	-0.3465106026753643	-0.03320972185947034	-0.3407627174705645	0	9.214705505882039e-07	0	0	0	0	0	0	0	0	0	0	0	0	0	0	0	0	0	0	0	0
33.08000000000001	10.6628235118937	1.705722082168216	-9.827368624650461	0	0.9399999999999999	0	0	0	0	0	0	0	0	0	-0.3243841492717626	-0.03767299035780261	-0.3144001463566703	0	-5.768318291569034e-07	0	0	0	0	0	0	0	0	0	0	0	0	0	0	0	0	0	0	0	0
33.1	10.71904973312186	1.703547198150943	-9.883528745866018	0	0.9399999999999999	0	0	0	0	0	0	0	0	0	-0.3209749598232317	-0.03810391199843903	-0.2932653456216006	0	-6.402079136225045e-08	0	0	0	0	0	0	0	0	0	0	0	0	0	0	0	0	0	0	0	0
33.12	10.77136413501198	1.702653333035948	-9.936387281552712	0	0.9399999999999999	0	0	0	0	0	0	0	0	0	-0.3336676053523879	-0.0333064801593121	-0.2869132407918382	0	9.829225064200994e-07	0	0	0	0	0	0	0	0	0	0	0	0	0	0	0	0	0	0	0	0
33.14	10.81297801163945	1.704035815057382	-9.97868131102161	0	0.9399999999999999	0	0	0	0	0	0	0	0	0	-0.3391153545990601	-0.02961353238354297	-0.2932821599289926	0	1.622247905389448e-06	0	0	0	0	0	0	0	0	0	0	0	0	0	0	0	0	0	0	0	0
33.16	10.83939214227933	1.708333279696592	-10.00560195179155	0	0.9399999999999999	0	0	0	0	0	0	0	0	0	-0.3244927286177405	-0.03713831294808853	-0.307395427923619	0	-4.739343874467609e-07	0	0	0	0	0	0	0	0	0	0	0	0	0	0	0	0	0	0	0	0
33.18000000000001	10.8413638267871	1.714128299590935	-10.00758718698599	0	0.9399999999999999	0	0	0	0	0	0	0	0	0	-0.3068449424259093	-0.05279440841835103	-0.3217399651623767	0	1.277964212553993e-05	0	0	0	0	0	0	0	0	0	0	0	0	0	0	0	0	0	0	0	0
33.2	10.84138350926028	1.714141862684773	-10.00758926532402	0	0.9399999999999999	0	0	0	0	0	0	0	0	0	-0.3068534679629006	-0.0528191603388185	-0.321723843616768	0	1.19155771125128e-05	0	0	0	0	0	0	0	0	0	0	0	0	0	0	0	0	0	0	0	0
33.22000000000001	10.84282928601594	1.719614057286331	-10.00778570185042	0	0.9399999999999999	0	0	0	0	0	0	0	0	0	-0.2996178861042164	-0.07016212878265081	-0.3263795463298144	0	-6.638007320847822e-06	0	0	0	0	0	0	0	0	0	0	0	0	0	0	0	0	0	0	0	0
33.24	10.80204280415912	1.722962397449779	-9.965777530412268	0	0.9399999999999999	0	0	0	0	0	0	0	0	0	-0.2871230296456843	-0.08502654565652033	-0.3285227199740939	0	1.773234643498731e-06	0	0	0	0	0	0	0	0	0	0	0	0	0	0	0	0	0	0	0	0
33.26000000000001	10.70427632430746	1.726950633791129	-9.864416390067728	0	0.9399999999999999	0	0	0	0	0	0	0	0	0	-0.234805985705929	-0.09852266093838281	-0.3264628312831326	0	-2.092042939866683e-08	0	0	0	0	0	0	0	0	0	0	0	0	0	0	0	0	0	0	0	0
33.28	10.65547576669678	1.726702272151218	-9.812908590394935	0	0.9399999999999999	0	0	0	0	0	0	0	0	0	-0.2084440657155712	-0.1043620088980909	-0.3196915915186122	0	1.247381283432472e-07	0	0	0	0	0	0	0	0	0	0	0	0	0	0	0	0	0	0	0	0
33.3	10.65547576669678	1.726702272151218	-9.812908590394935	0	0.9399999999999999	0	0	0	0	0	0	0	0	0	-0.2084440657155712	-0.1043620088980909	-0.3196915915186122	0	1.247381283432472e-07	0	0	0	0	0	0	0	0	0	0	0	0	0	0	0	0	0	0	0	0
33.32	10.57135680637542	1.721992797656929	-9.721425042737609	0	0.9399999999999999	0	0	0	0	0	0	0	0	0	-0.1606394676141737	-0.1145494132769879	-0.3186042738512687	0	4.095862880348128e-07	0	0	0	0	0	0	0	0	0	0	0	0	0	0	0	0	0	0	0	0
33.34	10.53801437689655	1.718387279781122	-9.683835592673974	0	0.9399999999999999	0	0	0	0	0	0	0	0	0	-0.140158167317868	-0.1182381328552918	-0.322684259636087	0	-3.161692568609095e-09	0	0	0	0	0	0	0	0	0	0	0	0	0	0	0	0	0	0	0	0
33.36000000000001	10.50901062852353	1.715074591981142	-9.651000153858298	0	0.9399999999999999	0	0	0	0	0	0	0	0	0	-0.1314369049734251	-0.1172439839448498	-0.3269295448959842	0	3.026916250266467e-07	0	0	0	0	0	0	0	0	0	0	0	0	0	0	0	0	0	0	0	0
33.38	10.47632474737633	1.712717159399659	-9.61511424234928	0	0.9399999999999999	0	0	0	0	0	0	0	0	0	-0.10578971835517	-0.126286013347977	-0.3372629277808322	0	2.159142943575352e-09	0	0	0	0	0	0	0	0	0	0	0	0	0	0	0	0	0	0	0	0
33.40000000000001	10.4325560220638	1.71121666652966	-9.569074135309194	0	0.9399999999999999	0	0	0	0	0	0	0	0	0	-0.08700650484644214	-0.1288468172090385	-0.3457319061200154	0	6.053046678879455e-06	0	0	0	0	0	0	0	0	0	0	0	0	0	0	0	0	0	0	0	0
33.42	10.37951843262057	1.71077862343103	-9.515031218400392	0	0.9399999999999999	0	0	0	0	0	0	0	0	0	-0.07941805231682975	-0.1294302743995198	-0.3442452402563576	0	-2.256489015328577e-08	0	0	0	0	0	0	0	0	0	0	0	0	0	0	0	0	0	0	0	0
33.44	10.32763602943932	1.710545196562922	-9.463314854607827	0	0.9399999999999999	0	0	0	0	0	0	0	0	0	-0.04694235140354762	-0.1338003035511252	-0.3551867133751915	0	-8.394917249614046e-08	0	0	0	0	0	0	0	0	0	0	0	0	0	0	0	0	0	0	0	0
33.46	10.2804712497428	1.711108935906317	-9.417618328355163	0	0.9399999999999999	0	0	0	0	0	0	0	0	0	-0.03013037677692686	-0.1357200139021075	-0.3554011606207239	0	-4.499122933629822e-06	0	0	0	0	0	0	0	0	0	0	0	0	0	0	0	0	0	0	0	0
33.48	10.24099747657886	1.712296249409268	-9.380655709176734	0	0.9399999999999999	0	0	0	0	0	0	0	0	0	-0.01580639844215373	-0.1373308380638374	-0.3545366326537649	0	5.913965406413993e-08	0	0	0	0	0	0	0	0	0	0	0	0	0	0	0	0	0	0	0	0
33.50000000000001	10.24099747657886	1.712296249409268	-9.380655709176734	0	0.9399999999999999	0	0	0	0	0	0	0	0	0	-0.01580639844215373	-0.1373308380638374	-0.3545366326537649	0	5.913965406413993e-08	0	0	0	0	0	0	0	0	0	0	0	0	0	0	0	0	0	0	0	0
33.52	10.21279502282393	1.713365524208082	-9.35622683922251	0	0.9399999999999999	0	0	0	0	0	0	0	0	0	-0.003418772292659631	-0.1388415624490341	-0.35366922671305	0	1.473717561121916e-06	0	0	0	0	0	0	0	0	0	0	0	0	0	0	0	0	0	0	0	0
33.54000000000001	10.19379777940028	1.713558797790622	-9.342202117075159	0	0.9399999999999999	0	0	0	0	0	0	0	0	0	0.007654833952142116	-0.1391599172653495	-0.3527956283683407	0	5.236955869183748e-08	0	0	0	0	0	0	0	0	0	0	0	0	0	0	0	0	0	0	0	0
33.56	10.1912171594119	1.713304801673213	-9.345775165925719	0	0.9399999999999999	0	0	0	0	0	0	0	0	0	0.01613372920929967	-0.138666790089598	-0.3514961468574291	0	-9.094169299246674e-06	0	0	0	0	0	0	0	0	0	0	0	0	0	0	0	0	0	0	0	0
33.58000000000001	10.17084403877363	1.712919827315757	-9.332495013454055	0	0.9399999999999999	0	0	0	0	0	0	0	0	0	0.02643110488251384	-0.137418745546251	-0.3497275886310991	0	-5.152337043701715e-07	0	0	0	0	0	0	0	0	0	0	0	0	0	0	0	0	0	0	0	0
33.6	10.15854906166225	1.712443966706719	-9.327877839116685	0	0.9399999999999999	0	0	0	0	0	0	0	0	0	0.03445270869188702	-0.1359987769300043	-0.349152407887705	0	-2.038032695233831e-06	0	0	0	0	0	0	0	0	0	0	0	0	0	0	0	0	0	0	0	0
33.62	10.15473117789761	1.711102761343408	-9.331705856374114	0	0.9399999999999999	0	0	0	0	0	0	0	0	0	0.040516408486063	-0.1341491306808552	-0.3502348853288507	0	-5.2039607724857e-06	0	0	0	0	0	0	0	0	0	0	0	0	0	0	0	0	0	0	0	0
33.64	10.09785731703362	1.708077372725894	-9.288623182306495	0	0.9399999999999999	0	0	0	0	0	0	0	0	0	0.05583861072344613	-0.1290818181261916	-0.3536605265513657	0	-2.40056042513796e-07	0	0	0	0	0	0	0	0	0	0	0	0	0	0	0	0	0	0	0	0
33.66	10.07044030572196	1.706613688191087	-9.266680704399461	0	0.9399999999999999	0	0	0	0	0	0	0	0	0	0.06808642994402514	-0.1279223983215919	-0.352901938006228	0	-8.711577219294565e-08	0	0	0	0	0	0	0	0	0	0	0	0	0	0	0	0	0	0	0	0
33.68000000000001	10.07043915285371	1.70661415127781	-9.26668166768842	0	0.9399999999999999	0	0	0	0	0	0	0	0	0	0.068086121576639	-0.1279232948927458	-0.3529052762120189	0	-1.04203995972489e-07	0	0	0	0	0	0	0	0	0	0	0	0	0	0	0	0	0	0	0	0
33.7	10.05296916744684	1.705314145835879	-9.253621744857023	0	0.9399999999999999	0	0	0	0	0	0	0	0	0	0.07478198458324764	-0.126184900993438	-0.3527044964319863	0	-2.454167742212805e-07	0	0	0	0	0	0	0	0	0	0	0	0	0	0	0	0	0	0	0	0
33.72000000000001	10.04228302942108	1.703642290891257	-9.246353759820815	0	0.9399999999999999	0	0	0	0	0	0	0	0	0	0.08018307154894558	-0.1242802872412557	-0.3525094259584294	0	-2.946422839587581e-09	0	0	0	0	0	0	0	0	0	0	0	0	0	0	0	0	0	0	0	0
33.74	10.04076367524756	1.701363808287103	-9.247644995271358	0	0.9399999999999999	0	0	0	0	0	0	0	0	0	0.08409783817036372	-0.1223129981644275	-0.3530123165570132	0	1.961163681508127e-05	0	0	0	0	0	0	0	0	0	0	0	0	0	0	0	0	0	0	0	0
33.76000000000001	10.00963795110822	1.698628510022517	-9.218727233185605	0	0.9399999999999999	0	0	0	0	0	0	0	0	0	0.09143188319476785	-0.1192601396194753	-0.3535947449805652	0	2.433572444802325e-07	0	0	0	0	0	0	0	0	0	0	0	0	0	0	0	0	0	0	0	0
33.78	9.98337059472917	1.695514868141855	-9.194767600866399	0	0.9399999999999999	0	0	0	0	0	0	0	0	0	0.09710769551207085	-0.1160167147417435	-0.354938695030513	0	-4.050198116754053e-08	0	0	0	0	0	0	0	0	0	0	0	0	0	0	0	0	0	0	0	0
33.8	9.951284770181847	1.692234913708038	-9.165227184642426	0	0.9399999999999999	0	0	0	0	0	0	0	0	0	0.1023655772077727	-0.1126076636693724	-0.3571516316402905	0	2.577937546278277e-08	0	0	0	0	0	0	0	0	0	0	0	0	0	0	0	0	0	0	0	0
33.82	9.911878855613176	1.688245156919589	-9.128558073751099	0	0.9399999999999999	0	0	0	0	0	0	0	0	0	0.1077111581627686	-0.1084524338736761	-0.3600947364248285	0	2.269897660501184e-07	0	0	0	0	0	0	0	0	0	0	0	0	0	0	0	0	0	0	0	0
33.84	9.827826266727877	1.680205953445095	-9.050859611913209	0	0.9399999999999999	0	0	0	0	0	0	0	0	0	0.117186427080133	-0.1003811285225178	-0.3669943914200213	0	-3.421036751013324e-07	0	0	0	0	0	0	0	0	0	0	0	0	0	0	0	0	0	0	0	0
33.86000000000001	9.827826266727877	1.680205953445095	-9.050859611913209	0	0.9399999999999999	0	0	0	0	0	0	0	0	0	0.117186427080133	-0.1003811285225178	-0.3669943914200213	0	-3.421036751013324e-07	0	0	0	0	0	0	0	0	0	0	0	0	0	0	0	0	0	0	0	0
33.88	9.78744078558435	1.676677778166713	-9.014098965947952	0	0.9399999999999999	0	0	0	0	0	0	0	0	0	0.1211938663360475	-0.09694052280649872	-0.3706136147221981	0	7.20691914231743e-07	0	0	0	0	0	0	0	0	0	0	0	0	0	0	0	0	0	0	0	0
33.90000000000001	9.739924020374442	1.673373672442981	-8.97058366802081	0	0.9399999999999999	0	0	0	0	0	0	0	0	0	0.1257931806597463	-0.09353223870275408	-0.3736403648812561	0	3.080284596902843e-07	0	0	0	0	0	0	0	0	0	0	0	0	0	0	0	0	0	0	0	0
33.92	9.689830907486897	1.670299065498135	-8.925058117226174	0	0.9399999999999999	0	0	0	0	0	0	0	0	0	0.130090078493085	-0.09031534942127499	-0.3752496398715753	0	5.832796216612734e-08	0	0	0	0	0	0	0	0	0	0	0	0	0	0	0	0	0	0	0	0
33.94	9.600678569753134	1.664327453637288	-8.846761450350469	0	0.9399999999999999	0	0	0	0	0	0	0	0	0	0.1349723752528518	-0.08435314995928352	-0.3784797531886814	0	1.178901741551768e-07	0	0	0	0	0	0	0	0	0	0	0	0	0	0	0	0	0	0	0	0
33.96	9.561415535977567	1.661334638306821	-8.813759060781967	0	0.9399999999999999	0	0	0	0	0	0	0	0	0	0.1360916732318485	-0.08164020965624257	-0.3808514347203428	0	-1.591143931268226e-07	0	0	0	0	0	0	0	0	0	0	0	0	0	0	0	0	0	0	0	0
33.98	9.52396675186035	1.659113799774687	-8.783085452252598	0	0.9399999999999999	0	0	0	0	0	0	0	0	0	0.1372301026312453	-0.07953536922493609	-0.3835447260318839	0	-1.64980969312967e-07	0	0	0	0	0	0	0	0	0	0	0	0	0	0	0	0	0	0	0	0
34.00000000000001	9.52396675186035	1.659113799774687	-8.783085452252598	0	0.9399999999999999	0	0	0	0	0	0	0	0	0	0.1372301026312453	-0.07953536922493609	-0.3835447260318839	0	-1.64980969312967e-07	0	0	0	0	0	0	0	0	0	0	0	0	0	0	0	0	0	0	0	0
34.02	9.486967541629175	1.65822584158512	-8.753309417894355	0	0.9399999999999999	0	0	0	0	0	0	0	0	0	0.139014038977944	-0.07855126172940938	-0.38661142677789	0	-2.088421005245347e-07	0	0	0	0	0	0	0	0	0	0	0	0	0	0	0	0	0	0	0	0
34.04000000000001	9.450040925663748	1.658595262287242	-8.723670566804152	0	0.9399999999999999	0	0	0	0	0	0	0	0	0	0.1414455779392034	-0.07819821519352138	-0.3897868090684937	0	9.693072837747214e-08	0	0	0	0	0	0	0	0	0	0	0	0	0	0	0	0	0	0	0	0
34.06	9.415412263511122	1.660257830027317	-8.696070951357401	0	0.9399999999999999	0	0	0	0	0	0	0	0	0	0.1443579185870021	-0.07873986996012107	-0.3928249460531965	0	-4.692823508018789e-07	0	0	0	0	0	0	0	0	0	0	0	0	0	0	0	0	0	0	0	0
34.08000000000001	9.383690924219058	1.663559845743265	-8.671032655447556	0	0.9399999999999999	0	0	0	0	0	0	0	0	0	0.1481611614259951	-0.08086063270095828	-0.3957138197038301	0	1.708066217185036e-07	0	0	0	0	0	0	0	0	0	0	0	0	0	0	0	0	0	0	0	0
34.1	9.354357369832963	1.674304149924269	-8.653752430612901	0	0.9399999999999999	0	0	0	0	0	0	0	0	0	0.1573047941255361	-0.0909243879127507	-0.4008732537577229	0	4.306850591924563e-08	0	0	0	0	0	0	0	0	0	0	0	0	0	0	0	0	0	0	0	0
34.12	9.354357369832963	1.674304149924269	-8.653752430612901	0	0.9399999999999999	0	0	0	0	0	0	0	0	0	0.1573047941255361	-0.0909243879127507	-0.4008732537577229	0	4.306850591924563e-08	0	0	0	0	0	0	0	0	0	0	0	0	0	0	0	0	0	0	0	0
34.14	9.369262455688911	1.679198030965595	-8.673992826368453	0	0.9399999999999999	0	0	0	0	0	0	0	0	0	0.1596507173921532	-0.09800981165610115	-0.4036340172423974	0	6.972287772351799e-07	0	0	0	0	0	0	0	0	0	0	0	0	0	0	0	0	0	0	0	0
34.16	9.387413737621634	1.682872203828093	-8.697215674180068	0	0.9399999999999999	0	0	0	0	0	0	0	0	0	0.1614717104036083	-0.1043386069479672	-0.4067861926942412	0	-1.331023055010257e-08	0	0	0	0	0	0	0	0	0	0	0	0	0	0	0	0	0	0	0	0
34.18000000000001	9.385237426428606	1.684646586495655	-8.699936354095348	0	0.9399999999999999	0	0	0	0	0	0	0	0	0	0.1635880069336139	-0.1076803665087368	-0.4100028393509737	0	2.348660259579919e-06	0	0	0	0	0	0	0	0	0	0	0	0	0	0	0	0	0	0	0	0
34.2	9.382684560098111	1.684253112762414	-8.702534581282855	0	0.9399999999999999	0	0	0	0	0	0	0	0	0	0.163401265491997	-0.1094800340741367	-0.4130477578078705	0	2.183214568763039e-06	0	0	0	0	0	0	0	0	0	0	0	0	0	0	0	0	0	0	0	0
34.22000000000001	9.365680403585067	1.682587653620113	-8.691255048052291	0	0.9399999999999999	0	0	0	0	0	0	0	0	0	0.1630979441570002	-0.1094260324563017	-0.4162875531791594	0	6.257997079860358e-07	0	0	0	0	0	0	0	0	0	0	0	0	0	0	0	0	0	0	0	0
34.24	9.332142765094014	1.681280711926224	-8.664139649618606	0	0.9399999999999999	0	0	0	0	0	0	0	0	0	0.1642586323293971	-0.1085302743419992	-0.4204935301127283	0	-3.84335882270165e-07	0	0	0	0	0	0	0	0	0	0	0	0	0	0	0	0	0	0	0	0
34.26000000000001	9.263964355950836	1.681321481843195	-8.610532289796364	0	0.9399999999999999	0	0	0	0	0	0	0	0	0	0.1689846712870334	-0.1097085308137992	-0.4307735246716622	0	1.62575644183129e-09	0	0	0	0	0	0	0	0	0	0	0	0	0	0	0	0	0	0	0	0
34.28	9.237570574167236	1.683152002590041	-8.591275320938472	0	0.9399999999999999	0	0	0	0	0	0	0	0	0	0.1719236472523505	-0.1124463186607801	-0.4352823682623307	0	1.796903746186265e-07	0	0	0	0	0	0	0	0	0	0	0	0	0	0	0	0	0	0	0	0
34.3	9.226758456252854	1.68634684867382	-8.586615027336704	0	0.9399999999999999	0	0	0	0	0	0	0	0	0	0.1743266375588094	-0.1170478661286567	-0.4382209708955309	0	-1.801002050154338e-07	0	0	0	0	0	0	0	0	0	0	0	0	0	0	0	0	0	0	0	0
34.32000000000001	9.223595458377631	1.689480827098429	-8.589343494481085	0	0.9399999999999999	0	0	0	0	0	0	0	0	0	0.1757467059532802	-0.1222355782412381	-0.4407232080697815	0	8.265852111019873e-08	0	0	0	0	0	0	0	0	0	0	0	0	0	0	0	0	0	0	0	0
34.34	9.209698781716211	1.691328873494837	-8.581197711459868	0	0.9399999999999999	0	0	0	0	0	0	0	0	0	0.1768498875257438	-0.1257460225036691	-0.4432919365872772	0	3.107247780380201e-07	0	0	0	0	0	0	0	0	0	0	0	0	0	0	0	0	0	0	0	0
34.36000000000001	9.209698781716211	1.691328873494837	-8.581197711459868	0	0.9399999999999999	0	0	0	0	0	0	0	0	0	0.1768498875257438	-0.1257460225036691	-0.4432919365872772	0	3.107247780380201e-07	0	0	0	0	0	0	0	0	0	0	0	0	0	0	0	0	0	0	0	0
34.38	9.165634757053178	1.691901436423848	-8.549754410218998	0	0.9399999999999999	0	0	0	0	0	0	0	0	0	0.1763974375985596	-0.1288585023389847	-0.44968697658086	0	-7.289555984763377e-08	0	0	0	0	0	0	0	0	0	0	0	0	0	0	0	0	0	0	0	0
34.40000000000001	9.133009803034151	1.690177505600222	-8.523887364092907	0	0.9399999999999999	0	0	0	0	0	0	0	0	0	0.1746151331311728	-0.1279324087615328	-0.4533038237884315	0	-6.98499543538225e-08	0	0	0	0	0	0	0	0	0	0	0	0	0	0	0	0	0	0	0	0
34.42	9.094941318476263	1.688116123657502	-8.492785593788922	0	0.9399999999999999	0	0	0	0	0	0	0	0	0	0.1726378529086802	-0.1262973398618853	-0.4567130284528015	0	7.470798231542474e-08	0	0	0	0	0	0	0	0	0	0	0	0	0	0	0	0	0	0	0	0
34.44	9.094941318476263	1.688116123657502	-8.492785593788922	0	0.9399999999999999	0	0	0	0	0	0	0	0	0	0.1726378529086802	-0.1262973398618853	-0.4567130284528015	0	7.470798231542474e-08	0	0	0	0	0	0	0	0	0	0	0	0	0	0	0	0	0	0	0	0
34.46	9.059016776875456	1.686362199682747	-8.464065093867472	0	0.9399999999999999	0	0	0	0	0	0	0	0	0	0.1703329762091396	-0.1251334911441281	-0.4596571134310107	0	-4.590656444754886e-09	0	0	0	0	0	0	0	0	0	0	0	0	0	0	0	0	0	0	0	0
34.48	9.026992592354755	1.68508304470336	-8.439311002985153	0	0.9399999999999999	0	0	0	0	0	0	0	0	0	0.1678530558564065	-0.1246061965179453	-0.4619597175573605	0	1.292581120990837e-06	0	0	0	0	0	0	0	0	0	0	0	0	0	0	0	0	0	0	0	0
34.50000000000001	8.981663778557577	1.68398187032388	-8.408409100136147	0	0.9399999999999999	0	0	0	0	0	0	0	0	0	0.1618566583462856	-0.1260558623745123	-0.4651830017546555	0	-3.996692635259252e-09	0	0	0	0	0	0	0	0	0	0	0	0	0	0	0	0	0	0	0	0
34.52	8.981663778557577	1.68398187032388	-8.408409100136147	0	0.9399999999999999	0	0	0	0	0	0	0	0	0	0.1618566583462856	-0.1260558623745123	-0.4651830017546555	0	-3.996692635259252e-09	0	0	0	0	0	0	0	0	0	0	0	0	0	0	0	0	0	0	0	0
34.54000000000001	8.977594050333279	1.683737548730914	-8.411402472913529	0	0.9399999999999999	0	0	0	0	0	0	0	0	0	0.1574926774070821	-0.1285664659073159	-0.4665276741689475	0	-1.60183405687489e-06	0	0	0	0	0	0	0	0	0	0	0	0	0	0	0	0	0	0	0	0
34.56	8.973819100401943	1.683551101272921	-8.414659731241684	0	0.9399999999999999	0	0	0	0	0	0	0	0	0	0.1530348335354053	-0.1310816847570998	-0.4681223371743176	0	2.323216194478573e-06	0	0	0	0	0	0	0	0	0	0	0	0	0	0	0	0	0	0	0	0
34.58000000000001	8.970223719416953	1.683311668808726	-8.417819610483514	0	0.9399999999999999	0	0	0	0	0	0	0	0	0	0.1484186757392656	-0.1334774464443156	-0.4699556037557094	0	1.346106890095402e-05	0	0	0	0	0	0	0	0	0	0	0	0	0	0	0	0	0	0	0	0
34.6	8.966771806718286	1.683493169341536	-8.420870342458128	0	0.9399999999999999	0	0	0	0	0	0	0	0	0	0.1441101534528053	-0.1359493019110581	-0.4722071400463793	0	-5.891430776721267e-06	0	0	0	0	0	0	0	0	0	0	0	0	0	0	0	0	0	0	0	0
34.62	8.96000930051575	1.683939304907061	-8.426686436597638	0	0.9399999999999999	0	0	0	0	0	0	0	0	0	0.1355225758810689	-0.1403380076371585	-0.4782805424571968	0	5.844828797989208e-07	0	0	0	0	0	0	0	0	0	0	0	0	0	0	0	0	0	0	0	0
34.64	8.950454140068278	1.683319468475439	-8.423319744911565	0	0.9399999999999999	0	0	0	0	0	0	0	0	0	0.1307925148240108	-0.1411976439895415	-0.4822529418656441	0	7.35649835792547e-07	0	0	0	0	0	0	0	0	0	0	0	0	0	0	0	0	0	0	0	0
34.66	8.946738555684789	1.682058792886758	-8.426000218613527	0	0.9399999999999999	0	0	0	0	0	0	0	0	0	0.1250872001088588	-0.1421934928542881	-0.4870744498250725	0	-3.334095999221713e-06	0	0	0	0	0	0	0	0	0	0	0	0	0	0	0	0	0	0	0	0
34.68000000000001	8.942934156516065	1.680806233618046	-8.42895243396271	0	0.9399999999999999	0	0	0	0	0	0	0	0	0	0.1195434098359778	-0.143346012143325	-0.4926937431323443	0	-5.784542516692177e-06	0	0	0	0	0	0	0	0	0	0	0	0	0	0	0	0	0	0	0	0
34.7	8.924403655366742	1.678783877079597	-8.417139684336403	0	0.9399999999999999	0	0	0	0	0	0	0	0	0	0.1141090138380513	-0.1427931274196566	-0.4986583942023628	0	-3.842107016907183e-07	0	0	0	0	0	0	0	0	0	0	0	0	0	0	0	0	0	0	0	0
34.72000000000001	8.920480207019288	1.676872921103205	-8.420021826332976	0	0.9399999999999999	0	0	0	0	0	0	0	0	0	0.1079485656506521	-0.1437579833653624	-0.5049950210331928	0	2.694251705982046e-06	0	0	0	0	0	0	0	0	0	0	0	0	0	0	0	0	0	0	0	0
34.74	8.92047426436878	1.676874895618587	-8.420016071666069	0	0.9399999999999999	0	0	0	0	0	0	0	0	0	0.1079504889758705	-0.1437596439065705	-0.5049961231382861	0	2.655039980736049e-06	0	0	0	0	0	0	0	0	0	0	0	0	0	0	0	0	0	0	0	0
34.76000000000001	8.896641999803606	1.673273988832677	-8.40965683864764	0	0.9399999999999999	0	0	0	0	0	0	0	0	0	0.09702993955445295	-0.1444010492531851	-0.5184321970582776	0	4.807701347514065e-08	0	0	0	0	0	0	0	0	0	0	0	0	0	0	0	0	0	0	0	0
34.78	8.893275952427093	1.671564605535436	-8.412616044029656	0	0.9399999999999999	0	0	0	0	0	0	0	0	0	0.0916760612681889	-0.1454976216794823	-0.5248613981904985	0	3.724278771561686e-07	0	0	0	0	0	0	0	0	0	0	0	0	0	0	0	0	0	0	0	0
34.8	8.893273513063708	1.671566081935105	-8.412617714014244	0	0.9399999999999999	0	0	0	0	0	0	0	0	0	0.09167506162063777	-0.145497267163082	-0.5248596732846721	0	1.022733887066368e-07	0	0	0	0	0	0	0	0	0	0	0	0	0	0	0	0	0	0	0	0
34.82000000000001	8.890209518799105	1.669838897241802	-8.415334640290247	0	0.9399999999999999	0	0	0	0	0	0	0	0	0	0.08680525765126758	-0.1467055206084623	-0.5307678906944482	0	-1.836699909286686e-07	0	0	0	0	0	0	0	0	0	0	0	0	0	0	0	0	0	0	0	0
34.84	8.909034372192705	1.665100886795958	-8.444911009331767	0	0.9399999999999999	0	0	0	0	0	0	0	0	0	0.07526700912916551	-0.1509277723826359	-0.5413377452076165	0	1.386392100498992e-07	0	0	0	0	0	0	0	0	0	0	0	0	0	0	0	0	0	0	0	0
34.86000000000001	8.909034372192705	1.665100886795958	-8.444911009331767	0	0.9399999999999999	0	0	0	0	0	0	0	0	0	0.07526700912916551	-0.1509277723826359	-0.5413377452076165	0	1.386392100498992e-07	0	0	0	0	0	0	0	0	0	0	0	0	0	0	0	0	0	0	0	0
34.88	8.906694226165749	1.661614044039335	-8.44749556234213	0	0.9399999999999999	0	0	0	0	0	0	0	0	0	0.06959049647813556	-0.1517312917034267	-0.5459992443327133	0	4.22717027197229e-06	0	0	0	0	0	0	0	0	0	0	0	0	0	0	0	0	0	0	0	0
34.90000000000001	8.94004355836238	1.653428464866188	-8.489554632360701	0	0.9399999999999999	0	0	0	0	0	0	0	0	0	0.05620998717564911	-0.1558795728522019	-0.552678614527276	0	-6.092077504052294e-07	0	0	0	0	0	0	0	0	0	0	0	0	0	0	0	0	0	0	0	0
34.92	8.937959526298705	1.649107205657616	-8.491489647660783	0	0.9399999999999999	0	0	0	0	0	0	0	0	0	0.05069395560117403	-0.1566363226569915	-0.554934946768786	0	-8.911319032111912e-07	0	0	0	0	0	0	0	0	0	0	0	0	0	0	0	0	0	0	0	0
34.94	8.937964144466065	1.649105009019873	-8.491490988881671	0	0.9399999999999999	0	0	0	0	0	0	0	0	0	0.0506922561056438	-0.1566344135656901	-0.5549297182805871	0	-8.33338308688646e-07	0	0	0	0	0	0	0	0	0	0	0	0	0	0	0	0	0	0	0	0
34.96	8.936124868951845	1.644443829097499	-8.493250118771947	0	0.9399999999999999	0	0	0	0	0	0	0	0	0	0.04505866380966365	-0.1571986938666333	-0.5563658309704739	0	-3.566056146937482e-06	0	0	0	0	0	0	0	0	0	0	0	0	0	0	0	0	0	0	0	0
34.98	8.934539410377676	1.639717584385905	-8.494885036730722	0	0.9399999999999999	0	0	0	0	0	0	0	0	0	0.03952789829951808	-0.1576856095369986	-0.5570839605757669	0	-6.414493426525149e-06	0	0	0	0	0	0	0	0	0	0	0	0	0	0	0	0	0	0	0	0
35.00000000000001	8.933242785980006	1.635154329997575	-8.496446963868058	0	0.9399999999999999	0	0	0	0	0	0	0	0	0	0.03439101087637773	-0.1582811495865866	-0.5571176512469368	0	-4.405822224759762e-06	0	0	0	0	0	0	0	0	0	0	0	0	0	0	0	0	0	0	0	0
35.02	8.996318661295767	1.627850688166622	-8.564074939183552	0	0.9399999999999999	0	0	0	0	0	0	0	0	0	0.02467571609614329	-0.1601445425169775	-0.5587696876155046	0	-1.178122081553633e-06	0	0	0	0	0	0	0	0	0	0	0	0	0	0	0	0	0	0	0	0
35.04000000000001	8.995326848967553	1.624558923072589	-8.565194257762659	0	0.9399999999999999	0	0	0	0	0	0	0	0	0	0.0203462835105173	-0.1643120763989133	-0.5540076740242046	0	-6.596354677173159e-06	0	0	0	0	0	0	0	0	0	0	0	0	0	0	0	0	0	0	0	0
35.06	8.994557946323946	1.621539450340486	-8.566642533574214	0	0.9399999999999999	0	0	0	0	0	0	0	0	0	0.01771896795892208	-0.1623578116895049	-0.556328535123598	0	6.20926303599745e-06	0	0	0	0	0	0	0	0	0	0	0	0	0	0	0	0	0	0	0	0
35.08000000000001	9.06162802601259	1.621622305431017	-8.633654572684248	0	0.9399999999999999	0	0	0	0	0	0	0	0	0	0.01459803817240954	-0.1677836774158015	-0.5527740083496019	0	-1.4639870886978e-08	0	0	0	0	0	0	0	0	0	0	0	0	0	0	0	0	0	0	0	0
35.1	9.059485129356183	1.617337660754153	-8.635949630903003	0	0.9399999999999999	0	0	0	0	0	0	0	0	0	0.008990681364176479	-0.1694830503230471	-0.5508837090206335	0	4.398383792164526e-06	0	0	0	0	0	0	0	0	0	0	0	0	0	0	0	0	0	0	0	0
35.12	9.058447153553033	1.615992772443167	-8.637657263067753	0	0.9399999999999999	0	0	0	0	0	0	0	0	0	0.006207493416350961	-0.1704685219730878	-0.5511889370363108	0	-4.731991002622916e-06	0	0	0	0	0	0	0	0	0	0	0	0	0	0	0	0	0	0	0	0
35.14	9.05845902632414	1.615997588753551	-8.637665527106799	0	0.9399999999999999	0	0	0	0	0	0	0	0	0	0.006204992145374238	-0.1704697375979643	-0.5511845988590355	0	-4.454150164673277e-06	0	0	0	0	0	0	0	0	0	0	0	0	0	0	0	0	0	0	0	0
35.16	9.057479411484673	1.614820062403544	-8.63949979532069	0	0.9399999999999999	0	0	0	0	0	0	0	0	0	0.003408913938176188	-0.1710133225620903	-0.5518397580129023	0	4.965447290353852e-06	0	0	0	0	0	0	0	0	0	0	0	0	0	0	0	0	0	0	0	0
35.18000000000001	9.185389807101544	1.61416054557635	-8.770275901345913	0	0.9399999999999999	0	0	0	0	0	0	0	0	0	-0.003360884871802795	-0.1753166812988007	-0.5526772240621867	0	1.444503247731533e-07	0	0	0	0	0	0	0	0	0	0	0	0	0	0	0	0	0	0	0	0
35.2	9.182613539837408	1.614061488829027	-8.773306462984412	0	0.9399999999999999	0	0	0	0	0	0	0	0	0	-0.008605334816759147	-0.1773357840169381	-0.5536455313591904	0	1.726181892150113e-06	0	0	0	0	0	0	0	0	0	0	0	0	0	0	0	0	0	0	0	0
35.22000000000001	9.181521168735967	1.614644256994023	-8.775053492212225	0	0.9399999999999999	0	0	0	0	0	0	0	0	0	-0.01177696123112864	-0.1783432377229929	-0.5542282934693977	0	3.174280724592019e-06	0	0	0	0	0	0	0	0	0	0	0	0	0	0	0	0	0	0	0	0
35.24	9.181534058145063	1.614639545267697	-8.77506122578446	0	0.9399999999999999	0	0	0	0	0	0	0	0	0	-0.01178138247482881	-0.1783500197721463	-0.5542228340588625	0	2.892409871168862e-06	0	0	0	0	0	0	0	0	0	0	0	0	0	0	0	0	0	0	0	0
35.26000000000001	9.269844501657706	1.61590534050642	-8.866013306348854	0	0.9399999999999999	0	0	0	0	0	0	0	0	0	-0.01819670328436888	-0.1822215679455228	-0.5549713971054829	0	1.571106874422546e-07	0	0	0	0	0	0	0	0	0	0	0	0	0	0	0	0	0	0	0	0
35.28	9.268502915210174	1.617612189572053	-8.867244314565756	0	0.9399999999999999	0	0	0	0	0	0	0	0	0	-0.02139073268042137	-0.1842059801787923	-0.5559091858060061	0	-5.478432205257209e-07	0	0	0	0	0	0	0	0	0	0	0	0	0	0	0	0	0	0	0	0
35.3	9.267285437008828	1.619784610591183	-8.868401785877527	0	0.9399999999999999	0	0	0	0	0	0	0	0	0	-0.02472738630087697	-0.1868103327622992	-0.5567421964354056	0	-3.42255028916805e-07	0	0	0	0	0	0	0	0	0	0	0	0	0	0	0	0	0	0	0	0
35.32000000000001	9.265222370507287	1.624294459837638	-8.870239906097666	0	0.9399999999999999	0	0	0	0	0	0	0	0	0	-0.02730649868434202	-0.1914194118404285	-0.5589794371535955	0	1.614825476555719e-06	0	0	0	0	0	0	0	0	0	0	0	0	0	0	0	0	0	0	0	0
35.34	9.265160589169659	1.624370523858636	-8.870089321528125	0	0.9399999999999999	0	0	0	0	0	0	0	0	0	-0.03157669840603555	-0.192624804592409	-0.5566403898011141	0	-1.438054780094893e-07	0	0	0	0	0	0	0	0	0	0	0	0	0	0	0	0	0	0	0	0
35.36000000000001	9.264277126990875	1.626675316565567	-8.870596818875315	0	0.9399999999999999	0	0	0	0	0	0	0	0	0	-0.03544485564722261	-0.1957008128743891	-0.5555890178539389	0	-3.492849730955265e-07	0	0	0	0	0	0	0	0	0	0	0	0	0	0	0	0	0	0	0	0
35.38	9.263319054848353	1.63096437726317	-8.870913892765207	0	0.9399999999999999	0	0	0	0	0	0	0	0	0	-0.04468143196884966	-0.2015992780095522	-0.5518947380589581	0	3.279097690825485e-07	0	0	0	0	0	0	0	0	0	0	0	0	0	0	0	0	0	0	0	0
35.40000000000001	9.263204852959968	1.632534499844785	-8.870818201999407	0	0.9399999999999999	0	0	0	0	0	0	0	0	0	-0.04999597337099271	-0.2044424980847071	-0.5494956737559458	0	-1.376141072108702e-06	0	0	0	0	0	0	0	0	0	0	0	0	0	0	0	0	0	0	0	0
35.42	9.263340523976623	1.634044912360048	-8.870519803172135	0	0.9399999999999999	0	0	0	0	0	0	0	0	0	-0.05588468055129799	-0.2078706925945144	-0.5467643021386495	0	2.269167978837514e-06	0	0	0	0	0	0	0	0	0	0	0	0	0	0	0	0	0	0	0	0
35.44	9.263561081053076	1.635289758409609	-8.870093315679386	0	0.9399999999999999	0	0	0	0	0	0	0	0	0	-0.06238808607796498	-0.2113589014792217	-0.543845123398019	0	2.136523951307579e-06	0	0	0	0	0	0	0	0	0	0	0	0	0	0	0	0	0	0	0	0
35.46	9.263785744876357	1.635731416029029	-8.869454638883935	0	0.9399999999999999	0	0	0	0	0	0	0	0	0	-0.06964314960953503	-0.2145498073113175	-0.5409447044247947	0	-1.090609231466322e-06	0	0	0	0	0	0	0	0	0	0	0	0	0	0	0	0	0	0	0	0
35.48	9.263967644523126	1.635113510911559	-8.868600311066091	0	0.9399999999999999	0	0	0	0	0	0	0	0	0	-0.07764047343123161	-0.2168200052947631	-0.5387239772341812	0	-2.570464718136416e-07	0	0	0	0	0	0	0	0	0	0	0	0	0	0	0	0	0	0	0	0
35.50000000000001	9.263957073874339	1.635111988191806	-8.868596906057133	0	0.9399999999999999	0	0	0	0	0	0	0	0	0	-0.07764487787652276	-0.2168160724557607	-0.5387352831429812	0	-7.885261705786777e-07	0	0	0	0	0	0	0	0	0	0	0	0	0	0	0	0	0	0	0	0
35.52	9.264182057739543	1.631924294687025	-8.866690517440814	0	0.9399999999999999	0	0	0	0	0	0	0	0	0	-0.09180970745942332	-0.2206476449916487	-0.5361142197369129	0	-7.886262379079384e-06	0	0	0	0	0	0	0	0	0	0	0	0	0	0	0	0	0	0	0	0
35.54000000000001	9.196910707448508	1.630180351293862	-8.798206287661699	0	0.9399999999999999	0	0	0	0	0	0	0	0	0	-0.09456782860378769	-0.2213565573555369	-0.5350582944210429	0	-1.765075204681318e-06	0	0	0	0	0	0	0	0	0	0	0	0	0	0	0	0	0	0	0	0
35.56	9.197560361771643	1.628396040431219	-8.796965498169769	0	0.9399999999999999	0	0	0	0	0	0	0	0	0	-0.1006405976976839	-0.2245228614893176	-0.5335275859667047	0	-5.333866772670805e-06	0	0	0	0	0	0	0	0	0	0	0	0	0	0	0	0	0	0	0	0
35.58000000000001	9.197554930170023	1.628396677634267	-8.796954531942845	0	0.9399999999999999	0	0	0	0	0	0	0	0	0	-0.1006445090209206	-0.2245185292349921	-0.5335407398229534	0	-5.265202989966132e-06	0	0	0	0	0	0	0	0	0	0	0	0	0	0	0	0	0	0	0	0
35.6	9.198418794491616	1.626715435780165	-8.795631276132795	0	0.9399999999999999	0	0	0	0	0	0	0	0	0	-0.1058399725977547	-0.2276854058406591	-0.5318802136074506	0	1.235236179853994e-07	0	0	0	0	0	0	0	0	0	0	0	0	0	0	0	0	0	0	0	0
35.62	9.199759142679545	1.62499011297952	-8.794190611767691	0	0.9399999999999999	0	0	0	0	0	0	0	0	0	-0.1099957851180033	-0.2302317204455543	-0.5297608228852752	0	3.274768732996212e-06	0	0	0	0	0	0	0	0	0	0	0	0	0	0	0	0	0	0	0	0
35.64	9.203798535043738	1.621096302842439	-8.790617146676176	0	0.9399999999999999	0	0	0	0	0	0	0	0	0	-0.1160440097226392	-0.2352915618552627	-0.5266456855655978	0	-6.510247686766898e-06	0	0	0	0	0	0	0	0	0	0	0	0	0	0	0	0	0	0	0	0
35.66	9.203802712068777	1.621096347715404	-8.790635965150308	0	0.9399999999999999	0	0	0	0	0	0	0	0	0	-0.1160447147275913	-0.2352945018171149	-0.5266424669787337	0	-5.038295704805822e-06	0	0	0	0	0	0	0	0	0	0	0	0	0	0	0	0	0	0	0	0
35.68000000000001	9.330987716720756	1.617557026219799	-8.908169102650948	0	0.9399999999999999	0	0	0	0	0	0	0	0	0	-0.1246106784344365	-0.2447910028848355	-0.5235122599975224	0	-1.571450328033315e-08	0	0	0	0	0	0	0	0	0	0	0	0	0	0	0	0	0	0	0	0
35.7	9.330987716720756	1.617557026219799	-8.908169102650948	0	0.9399999999999999	0	0	0	0	0	0	0	0	0	-0.1246106784344365	-0.2447910028848355	-0.5235122599975224	0	-1.571450328033315e-08	0	0	0	0	0	0	0	0	0	0	0	0	0	0	0	0	0	0	0	0
35.72000000000001	9.337371496637356	1.613024831236586	-8.901816057209091	0	0.9399999999999999	0	0	0	0	0	0	0	0	0	-0.1387311750549971	-0.2431544776402693	-0.5209137793638424	0	-1.098372097431365e-05	0	0	0	0	0	0	0	0	0	0	0	0	0	0	0	0	0	0	0	0
35.74	9.50682690059746	1.611144572796835	-9.064732601255235	0	0.9399999999999999	0	0	0	0	0	0	0	0	0	-0.137323977035074	-0.2526993676631438	-0.508242052977722	0	-8.615985554055792e-07	0	0	0	0	0	0	0	0	0	0	0	0	0	0	0	0	0	0	0	0
35.76000000000001	9.506691093299237	1.61113754218731	-9.064613772596774	0	0.9399999999999999	0	0	0	0	0	0	0	0	0	-0.1421516927692117	-0.2573609037483233	-0.5110261730126765	0	-1.621444767314068e-08	0	0	0	0	0	0	0	0	0	0	0	0	0	0	0	0	0	0	0	0
35.78	9.666485897374532	1.610134249847753	-9.210448416869879	0	0.9399999999999999	0	0	0	0	0	0	0	0	0	-0.1548169626244487	-0.268836614191066	-0.5022757913034438	0	-8.761361570479695e-07	0	0	0	0	0	0	0	0	0	0	0	0	0	0	0	0	0	0	0	0
35.8	9.66648606503345	1.610133848304471	-9.210448249039761	0	0.9399999999999999	0	0	0	0	0	0	0	0	0	-0.1548167880620015	-0.268837034697514	-0.5022759373922681	0	2.462649675391042e-07	0	0	0	0	0	0	0	0	0	0	0	0	0	0	0	0	0	0	0	0
35.82000000000001	9.673319328685826	1.610259010672497	-9.203526581275428	0	0.9399999999999999	0	0	0	0	0	0	0	0	0	-0.1699467296227834	-0.2714144667591486	-0.4990279800432177	0	6.562755111554498e-07	0	0	0	0	0	0	0	0	0	0	0	0	0	0	0	0	0	0	0	0
35.84	9.676865699366328	1.609293627611896	-9.200731365211791	0	0.9399999999999999	0	0	0	0	0	0	0	0	0	-0.1603525901222051	-0.2835726437363293	-0.4836695795964172	0	1.487884506295192e-05	0	0	0	0	0	0	0	0	0	0	0	0	0	0	0	0	0	0	0	0
35.86000000000001	9.676885767238218	1.609303079071937	-9.200734146021041	0	0.9399999999999999	0	0	0	0	0	0	0	0	0	-0.160350212278322	-0.2835881870263229	-0.4836891812806903	0	8.852096448892498e-06	0	0	0	0	0	0	0	0	0	0	0	0	0	0	0	0	0	0	0	0
35.88	9.680112722959462	1.608149815351608	-9.198140482454162	0	0.9399999999999999	0	0	0	0	0	0	0	0	0	-0.1605396804535925	-0.2886927312594579	-0.475338317826683	0	-7.546601052871055e-06	0	0	0	0	0	0	0	0	0	0	0	0	0	0	0	0	0	0	0	0
35.90000000000001	9.686013975053784	1.604924618278779	-9.193355198620964	0	0.9399999999999999	0	0	0	0	0	0	0	0	0	-0.1585886894292758	-0.2939511283273857	-0.4594064099921405	0	-2.493985921922542e-05	0	0	0	0	0	0	0	0	0	0	0	0	0	0	0	0	0	0	0	0
35.92	9.994278470525426	1.60478558686862	-9.496547860115275	0	0.9399999999999999	0	0	0	0	0	0	0	0	0	-0.1788492337370069	-0.3022852946443195	-0.4548458916704897	0	-3.112723857658293e-08	0	0	0	0	0	0	0	0	0	0	0	0	0	0	0	0	0	0	0	0
35.94	9.997478582084335	1.60397014441382	-9.494719125307435	0	0.9399999999999999	0	0	0	0	0	0	0	0	0	-0.1640386689148246	-0.3140329800826057	-0.4123267213975851	0	-9.90320316372451e-06	0	0	0	0	0	0	0	0	0	0	0	0	0	0	0	0	0	0	0	0
35.96	9.997501752593855	1.60396788972901	-9.494737782054353	0	0.9399999999999999	0	0	0	0	0	0	0	0	0	-0.1640403533992145	-0.3140445712754664	-0.4123304400705612	0	-7.820402701254788e-06	0	0	0	0	0	0	0	0	0	0	0	0	0	0	0	0	0	0	0	0
35.98	10.00045545729074	1.603967984668695	-9.492788758022808	0	0.9399999999999999	0	0	0	0	0	0	0	0	0	-0.161067118668817	-0.318527267805469	-0.388727135721874	0	3.160971162578498e-05	0	0	0	0	0	0	0	0	0	0	0	0	0	0	0	0	0	0	0	0
36.00000000000001	10.26518849486063	1.604537972764069	-9.748415529315567	0	0.9399999999999999	0	0	0	0	0	0	0	0	0	-0.1645827965569166	-0.3212729770423868	-0.3577346421341953	0	2.13978925914814e-06	0	0	0	0	0	0	0	0	0	0	0	0	0	0	0	0	0	0	0	0
36.02	10.26702163813317	1.604493399643981	-9.746556449408782	0	0.9399999999999999	0	0	0	0	0	0	0	0	0	-0.1549234896406242	-0.320435864178018	-0.3017090430184869	0	6.439415642138725e-07	0	0	0	0	0	0	0	0	0	0	0	0	0	0	0	0	0	0	0	0
36.04000000000001	10.26815697408559	1.604741128925729	-9.744808378609841	0	0.9399999999999999	0	0	0	0	0	0	0	0	0	-0.148326695177661	-0.316602837399324	-0.2682293159435731	0	5.8890727833038e-06	0	0	0	0	0	0	0	0	0	0	0	0	0	0	0	0	0	0	0	0
36.06	10.12616953249936	1.605198842572473	-9.600572435652056	0	0.9399999999999999	0	0	0	0	0	0	0	0	0	-0.1384561719919817	-0.3134416583045987	-0.2328643091904287	0	-1.19566170114161e-06	0	0	0	0	0	0	0	0	0	0	0	0	0	0	0	0	0	0	0	0
36.08000000000001	10.12616953249936	1.605198842572473	-9.600572435652056	0	0.9399999999999999	0	0	0	0	0	0	0	0	0	-0.1384561719919817	-0.3134416583045987	-0.2328643091904287	0	-1.19566170114161e-06	0	0	0	0	0	0	0	0	0	0	0	0	0	0	0	0	0	0	0	0
36.1	9.940827547995752	1.607347527108247	-9.413245028653254	0	0.9399999999999999	0	0	0	0	0	0	0	0	0	-0.1355543964800001	-0.309432818274073	-0.1583528086874564	0	-7.689091151474438e-08	0	0	0	0	0	0	0	0	0	0	0	0	0	0	0	0	0	0	0	0
36.12	9.940144557425935	1.609260619046939	-9.412731186838105	0	0.9399999999999999	0	0	0	0	0	0	0	0	0	-0.1453959033013772	-0.3074647937165191	-0.1214577514050255	0	-2.057426390116354e-07	0	0	0	0	0	0	0	0	0	0	0	0	0	0	0	0	0	0	0	0
36.14	9.775636243201262	1.611422161697195	-9.249203711371049	0	0.9399999999999999	0	0	0	0	0	0	0	0	0	-0.1390537006327434	-0.3089052271527848	-0.122568241247316	0	-5.249309654522269e-10	0	0	0	0	0	0	0	0	0	0	0	0	0	0	0	0	0	0	0	0
36.16	9.773824618488288	1.61355474108739	-9.249064716422891	0	0.9399999999999999	0	0	0	0	0	0	0	0	0	-0.1703588569728007	-0.2983904667720704	-0.05818811392885426	0	6.539040985572918e-07	0	0	0	0	0	0	0	0	0	0	0	0	0	0	0	0	0	0	0	0
36.18000000000001	9.629829002431354	1.616196465062401	-9.107264102085036	0	0.9399999999999999	0	0	0	0	0	0	0	0	0	-0.1852386343711528	-0.2902772367552605	-0.03940940838422063	0	-1.746334899613102e-07	0	0	0	0	0	0	0	0	0	0	0	0	0	0	0	0	0	0	0	0
36.2	9.627748829366237	1.618928977209315	-9.107701094291075	0	0.9399999999999999	0	0	0	0	0	0	0	0	0	-0.2077012031275729	-0.2822873027587967	-0.02960792922572903	0	-3.985690336581285e-06	0	0	0	0	0	0	0	0	0	0	0	0	0	0	0	0	0	0	0	0
36.22000000000001	9.526892411941315	1.621861028099624	-9.009582033400727	0	0.9399999999999999	0	0	0	0	0	0	0	0	0	-0.2261155909399745	-0.2708095878444672	-0.0277847881631502	0	-1.22621578317039e-07	0	0	0	0	0	0	0	0	0	0	0	0	0	0	0	0	0	0	0	0
36.24	9.524631632152616	1.624891259039575	-9.010045926663945	0	0.9399999999999999	0	0	0	0	0	0	0	0	0	-0.2499629526418949	-0.2596771157139088	-0.03377184128315733	0	7.2807517332034e-07	0	0	0	0	0	0	0	0	0	0	0	0	0	0	0	0	0	0	0	0
36.26000000000001	9.462303246271949	1.628752946343049	-8.950427496311399	0	0.9399999999999999	0	0	0	0	0	0	0	0	0	-0.2709505182370699	-0.2467797368558727	-0.04611956378310651	0	-1.44154011422148e-07	0	0	0	0	0	0	0	0	0	0	0	0	0	0	0	0	0	0	0	0
36.28	9.460091729399764	1.632415946267807	-8.950610037723662	0	0.9399999999999999	0	0	0	0	0	0	0	0	0	-0.2952666015925736	-0.2347326577037553	-0.06295189097641547	0	3.844850913011097e-06	0	0	0	0	0	0	0	0	0	0	0	0	0	0	0	0	0	0	0	0
36.3	9.460084459825875	1.632418156040125	-8.950601913670539	0	0.9399999999999999	0	0	0	0	0	0	0	0	0	-0.2952647600623227	-0.2347346107208926	-0.06295412412935515	0	3.752302085584671e-06	0	0	0	0	0	0	0	0	0	0	0	0	0	0	0	0	0	0	0	0
36.32000000000001	9.414619173861251	1.636004366398064	-8.907402521472488	0	0.9399999999999999	0	0	0	0	0	0	0	0	0	-0.3167569898863773	-0.2213027222531279	-0.08114761400652425	0	-1.230962040504207e-07	0	0	0	0	0	0	0	0	0	0	0	0	0	0	0	0	0	0	0	0
36.34	9.41109113199659	1.642538677148805	-8.907347025039519	0	0.9399999999999999	0	0	0	0	0	0	0	0	0	-0.362605977112794	-0.1973099679418745	-0.1149868993340232	0	5.606021409769039e-06	0	0	0	0	0	0	0	0	0	0	0	0	0	0	0	0	0	0	0	0
36.36000000000001	9.410289785541542	1.645517926171167	-8.907793630026834	0	0.9399999999999999	0	0	0	0	0	0	0	0	0	-0.361507496800231	-0.1992375991603333	-0.1171541302336798	0	1.048514081759276e-05	0	0	0	0	0	0	0	0	0	0	0	0	0	0	0	0	0	0	0	0
36.38	9.409311355890603	1.645563215849585	-8.906727991183052	0	0.9399999999999999	0	0	0	0	0	0	0	0	0	-0.3847470387717348	-0.1865885604169572	-0.1277527609168947	0	2.584705623009159e-07	0	0	0	0	0	0	0	0	0	0	0	0	0	0	0	0	0	0	0	0
36.40000000000001	9.407917217641083	1.648359580030856	-8.906339196773422	0	0.9399999999999999	0	0	0	0	0	0	0	0	0	-0.4066205684631309	-0.1775547264700958	-0.1369775557454069	0	-4.707573266600157e-06	0	0	0	0	0	0	0	0	0	0	0	0	0	0	0	0	0	0	0	0
36.42	9.405699527708132	1.653673028324188	-8.905575773194668	0	0.9399999999999999	0	0	0	0	0	0	0	0	0	-0.4505730540212383	-0.1668748042413378	-0.1400410636918986	0	-3.381342817947985e-07	0	0	0	0	0	0	0	0	0	0	0	0	0	0	0	0	0	0	0	0
36.44	9.405700015925097	1.653673928073758	-8.905576291864602	0	0.9399999999999999	0	0	0	0	0	0	0	0	0	-0.4505724462599679	-0.1668739707452818	-0.1400406858809983	0	-2.39936191432885e-07	0	0	0	0	0	0	0	0	0	0	0	0	0	0	0	0	0	0	0	0
36.46	9.404548236656506	1.655575293157687	-8.905264685302622	0	0.9399999999999999	0	0	0	0	0	0	0	0	0	-0.4733135622403906	-0.164306685221046	-0.1348582339934851	0	-4.05911492129527e-06	0	0	0	0	0	0	0	0	0	0	0	0	0	0	0	0	0	0	0	0
36.48	9.403293867634545	1.657029218051475	-8.905035935440587	0	0.9399999999999999	0	0	0	0	0	0	0	0	0	-0.4971855309364175	-0.162592441867272	-0.1270587514812551	0	-6.974998984045368e-07	0	0	0	0	0	0	0	0	0	0	0	0	0	0	0	0	0	0	0	0
36.50000000000001	9.259626104602141	1.666686567877223	-8.763253950810029	0	0.9399999999999999	0	0	0	0	0	0	0	0	0	-0.52359878	-0.1564557230803803	-0.1053209486250141	0	6.388169824033998e-07	0	0	0	0	0	0	0	0	0	0	0	0	0	0	0	0	0	0	0	0
36.52	9.132007369904192	1.676451053162845	-8.63662363346625	0	0.9399999999999999	0	0	0	0	0	0	0	0	0	-0.52359878	-0.1515655070031576	-0.09262447298002663	0	-6.22913719991849e-07	0	0	0	0	0	0	0	0	0	0	0	0	0	0	0	0	0	0	0	0
36.54000000000001	9.132007369904192	1.676451053162845	-8.63662363346625	0	0.9399999999999999	0	0	0	0	0	0	0	0	0	-0.52359878	-0.1515655070031576	-0.09262447298002663	0	-6.22913719991849e-07	0	0	0	0	0	0	0	0	0	0	0	0	0	0	0	0	0	0	0	0
36.56	9.029965329438589	1.687306430930237	-8.536356378409657	0	0.9399999999999999	0	0	0	0	0	0	0	0	0	-0.52359878	-0.1464036306297277	-0.08135629959541638	0	1.790182489690113e-08	0	0	0	0	0	0	0	0	0	0	0	0	0	0	0	0	0	0	0	0
36.58000000000001	8.892384745396743	1.70976494213438	-8.405059120031883	0	0.9399999999999999	0	0	0	0	0	0	0	0	0	-0.52359878	-0.1363354243406879	-0.06324028574002873	0	3.761109124416734e-07	0	0	0	0	0	0	0	0	0	0	0	0	0	0	0	0	0	0	0	0
36.6	8.892384933532657	1.709765034956544	-8.405058944572584	0	0.9399999999999999	0	0	0	0	0	0	0	0	0	-0.52359878	-0.1363352895584555	-0.06324025210199349	0	-1.111320253512068e-07	0	0	0	0	0	0	0	0	0	0	0	0	0	0	0	0	0	0	0	0
36.62	8.849140807836958	1.720388302811289	-8.36638284939195	0	0.9399999999999999	0	0	0	0	0	0	0	0	0	-0.52359878	-0.1320262149498001	-0.05553995553376401	0	-2.847181020631473e-07	0	0	0	0	0	0	0	0	0	0	0	0	0	0	0	0	0	0	0	0
36.64	8.795610831530933	1.739154111893557	-8.324626243894913	0	0.9399999999999999	0	0	0	0	0	0	0	0	0	-0.52359878	-0.1244718983850231	-0.04105871479542554	0	3.676529466522047e-07	0	0	0	0	0	0	0	0	0	0	0	0	0	0	0	0	0	0	0	0
36.66	8.779559649412819	1.746309363676468	-8.315406849827964	0	0.9399999999999999	0	0	0	0	0	0	0	0	0	-0.52359878	-0.1204836406277499	-0.03417613594955702	0	-4.343326537375006e-08	0	0	0	0	0	0	0	0	0	0	0	0	0	0	0	0	0	0	0	0
36.68000000000001	8.776296058860378	1.751489065247091	-8.319177113023573	0	0.9399999999999999	0	0	0	0	0	0	0	0	0	-0.52359878	-0.1169093750263162	-0.02835802661010811	0	5.442948332847028e-06	0	0	0	0	0	0	0	0	0	0	0	0	0	0	0	0	0	0	0	0
36.7	8.773618316617762	1.7534898948897	-8.323536894561633	0	0.9399999999999999	0	0	0	0	0	0	0	0	0	-0.52359878	-0.1112667331989038	-0.02148608831900257	0	1.133683493713936e-06	0	0	0	0	0	0	0	0	0	0	0	0	0	0	0	0	0	0	0	0
36.72000000000001	8.785457527474252	1.756165133962102	-8.341881891127795	0	0.9399999999999999	0	0	0	0	0	0	0	0	0	-0.52359878	-0.1098497681578003	-0.01469423079675017	0	-7.918925548215138e-08	0	0	0	0	0	0	0	0	0	0	0	0	0	0	0	0	0	0	0	0
36.74	8.82637280175709	1.752236747147472	-8.389486940288545	0	0.9399999999999999	0	0	0	0	0	0	0	0	0	-0.52359878	-0.1017062057018081	-0.003528743046416709	0	1.903173428870386e-06	0	0	0	0	0	0	0	0	0	0	0	0	0	0	0	0	0	0	0	0
36.76000000000001	8.826373507596461	1.752235079385818	-8.389485892715092	0	0.9399999999999999	0	0	0	0	0	0	0	0	0	-0.52359878	-0.1017085300451746	-0.003530406329147646	0	7.989438711939903e-07	0	0	0	0	0	0	0	0	0	0	0	0	0	0	0	0	0	0	0	0
36.78	8.876777079838966	1.74934305711927	-8.445353933362204	0	0.9399999999999999	0	0	0	0	0	0	0	0	0	-0.52359878	-0.09688679675018667	0.01072257351045978	0	-2.2794527696136e-08	0	0	0	0	0	0	0	0	0	0	0	0	0	0	0	0	0	0	0	0
36.8	9.052360059384151	1.738599211955479	-8.629363749693512	0	0.9399999999999999	0	0	0	0	0	0	0	0	0	-0.52359878	-0.09412386821785275	0.04966086561803245	0	2.745499402265703e-07	0	0	0	0	0	0	0	0	0	0	0	0	0	0	0	0	0	0	0	0
36.82000000000001	9.089690900371753	1.743930708913795	-8.669630845996208	0	0.9399999999999999	0	0	0	0	0	0	0	0	0	-0.52359878	-0.09345632832936311	0.067439581733411	0	-4.606926703458942e-07	0	0	0	0	0	0	0	0	0	0	0	0	0	0	0	0	0	0	0	0
36.84	9.315317894185592	1.727562623138559	-8.898004072487451	0	0.9399999999999999	0	0	0	0	0	0	0	0	0	-0.5140016370133823	-0.09237739202739649	0.09614736280745853	0	6.792190811823707e-07	0	0	0	0	0	0	0	0	0	0	0	0	0	0	0	0	0	0	0	0
36.86000000000001	9.317827252291575	1.734412564997896	-8.903452364206869	0	0.9399999999999999	0	0	0	0	0	0	0	0	0	-0.4666931495881781	-0.09012446792398504	0.1226614259456021	0	6.507345063660618e-07	0	0	0	0	0	0	0	0	0	0	0	0	0	0	0	0	0	0	0	0
36.88	9.317825934113717	1.734412333578917	-8.903450908719332	0	0.9399999999999999	0	0	0	0	0	0	0	0	0	-0.4666929823771562	-0.09012438337289208	0.1226616081175022	0	6.457200337697711e-07	0	0	0	0	0	0	0	0	0	0	0	0	0	0	0	0	0	0	0	0
36.90000000000001	9.317055026552183	1.743870122736289	-8.912770846328829	0	0.9399999999999999	0	0	0	0	0	0	0	0	0	-0.4082454901093387	-0.085729102213723	0.1311970287208979	0	-4.044165731464669e-06	0	0	0	0	0	0	0	0	0	0	0	0	0	0	0	0	0	0	0	0
36.92	9.317043803023639	1.743869321901247	-8.912759927861932	0	0.9399999999999999	0	0	0	0	0	0	0	0	0	-0.4082437464771492	-0.08572849246373221	0.1311986110312639	0	-4.028356658850665e-06	0	0	0	0	0	0	0	0	0	0	0	0	0	0	0	0	0	0	0	0
36.94	9.316033054880164	1.744828105503253	-8.918347388044939	0	0.9399999999999999	0	0	0	0	0	0	0	0	0	-0.3765005302782442	-0.08303540163784986	0.1227375159082671	0	5.641537399050113e-08	0	0	0	0	0	0	0	0	0	0	0	0	0	0	0	0	0	0	0	0
36.96	9.318497365425085	1.744309920426451	-8.927846065291746	0	0.9399999999999999	0	0	0	0	0	0	0	0	0	-0.3379442372998945	-0.07753397315627658	0.1141575949796006	0	1.353864456940065e-06	0	0	0	0	0	0	0	0	0	0	0	0	0	0	0	0	0	0	0	0
36.98	9.288173156582653	1.746062526431917	-8.915071168924614	0	0.9399999999999999	0	0	0	0	0	0	0	0	0	-0.2589598788169892	-0.07514082970367994	0.08409054031515054	0	5.938875886998375e-07	0	0	0	0	0	0	0	0	0	0	0	0	0	0	0	0	0	0	0	0
37.00000000000001	9.263174723930055	1.750667229998034	-8.900906409424266	0	0.9399999999999999	0	0	0	0	0	0	0	0	0	-0.2253098410323923	-0.0820719623971692	0.0564294055594384	0	7.270872952733049e-08	0	0	0	0	0	0	0	0	0	0	0	0	0	0	0	0	0	0	0	0
37.02	9.232273247964232	1.758130102746906	-8.881724684756026	0	0.9399999999999999	0	0	0	0	0	0	0	0	0	-0.1798505388907957	-0.08947972176561245	0.01873402150294705	0	-6.890837171270746e-10	0	0	0	0	0	0	0	0	0	0	0	0	0	0	0	0	0	0	0	0
37.04000000000001	9.232273247964232	1.758130102746906	-8.881724684756026	0	0.9399999999999999	0	0	0	0	0	0	0	0	0	-0.1798505388907957	-0.08947972176561245	0.01873402150294705	0	-6.890837171270746e-10	0	0	0	0	0	0	0	0	0	0	0	0	0	0	0	0	0	0	0	0
37.06	9.160157271979758	1.77702555879863	-8.834311651945905	0	0.9399999999999999	0	0	0	0	0	0	0	0	0	-0.0758421579665913	-0.1181204032653469	-0.05690431439363622	0	-1.557598090038574e-07	0	0	0	0	0	0	0	0	0	0	0	0	0	0	0	0	0	0	0	0
37.08000000000001	9.118441239366867	1.786371020820118	-8.804317686898663	0	0.9399999999999999	0	0	0	0	0	0	0	0	0	-0.04631853669850863	-0.1306862371458909	-0.07411052526677937	0	2.95595534255948e-08	0	0	0	0	0	0	0	0	0	0	0	0	0	0	0	0	0	0	0	0
37.1	9.12015307932756	1.786356178243876	-8.806158115523234	0	0.9399999999999999	0	0	0	0	0	0	0	0	0	-0.02302886997465909	-0.1317256922772047	-0.07653442985714302	0	1.353349178773234e-05	0	0	0	0	0	0	0	0	0	0	0	0	0	0	0	0	0	0	0	0
37.12	9.036533538679111	1.803021262355989	-8.740121077797911	0	0.9399999999999999	0	0	0	0	0	0	0	0	0	0.08319190204504776	-0.1275378613238597	-0.06552401895810696	0	2.015555473330492e-07	0	0	0	0	0	0	0	0	0	0	0	0	0	0	0	0	0	0	0	0
37.14	8.963424107857008	1.805929218708384	-8.673122314420239	0	0.9399999999999999	0	0	0	0	0	0	0	0	0	0.1404820263242948	-0.1096618026972282	-0.04478683298542466	0	2.585386733491967e-08	0	0	0	0	0	0	0	0	0	0	0	0	0	0	0	0	0	0	0	0
37.16	8.882715077296661	1.809452904475753	-8.599045633388453	0	0.9399999999999999	0	0	0	0	0	0	0	0	0	0.1966393735289173	-0.09267893386995829	-0.02283786404716225	0	-2.192462406251327e-09	0	0	0	0	0	0	0	0	0	0	0	0	0	0	0	0	0	0	0	0
37.18000000000001	8.800722633769373	1.815502962896818	-8.525027990557088	0	0.9399999999999999	0	0	0	0	0	0	0	0	0	0.2535095352265432	-0.07498360447618181	-0.0006915369448893885	0	-3.75237578567457e-07	0	0	0	0	0	0	0	0	0	0	0	0	0	0	0	0	0	0	0	0
37.2	8.800722633769373	1.815502962896818	-8.525027990557088	0	0.9399999999999999	0	0	0	0	0	0	0	0	0	0.2535095352265432	-0.07498360447618181	-0.0006915369448893885	0	-3.75237578567457e-07	0	0	0	0	0	0	0	0	0	0	0	0	0	0	0	0	0	0	0	0
37.22000000000001	8.671234842500406	1.829400888640342	-8.41717723439301	0	0.9399999999999999	0	0	0	0	0	0	0	0	0	0.323708100163039	-0.05618499518028153	0.002603016003275236	0	5.640967370900508e-07	0	0	0	0	0	0	0	0	0	0	0	0	0	0	0	0	0	0	0	0
37.24	8.627811211413199	1.835120718821213	-8.388191727071169	0	0.9399999999999999	0	0	0	0	0	0	0	0	0	0.4134829233176506	-0.05299835989257538	0.02050845090462029	0	-2.05099677351031e-07	0	0	0	0	0	0	0	0	0	0	0	0	0	0	0	0	0	0	0	0
37.26000000000001	8.597078176736433	1.838277204570516	-8.37420070552899	0	0.9399999999999999	0	0	0	0	0	0	0	0	0	0.4590290027089193	-0.05466972450797833	0.01992071423142488	0	-2.761407157079165e-08	0	0	0	0	0	0	0	0	0	0	0	0	0	0	0	0	0	0	0	0
37.28	8.569579016104802	1.839119848284617	-8.364904828847688	0	0.9399999999999999	0	0	0	0	0	0	0	0	0	0.5033818684612209	-0.05764256575172576	0.0191725237547453	0	2.799580472146682e-07	0	0	0	0	0	0	0	0	0	0	0	0	0	0	0	0	0	0	0	0
37.3	8.569579016104802	1.839119848284617	-8.364904828847688	0	0.9399999999999999	0	0	0	0	0	0	0	0	0	0.5033818684612209	-0.05764256575172576	0.0191725237547453	0	2.799580472146682e-07	0	0	0	0	0	0	0	0	0	0	0	0	0	0	0	0	0	0	0	0
37.32000000000001	8.546923249471726	1.837095389845611	-8.361931322258263	0	0.9399999999999999	0	0	0	0	0	0	0	0	0	0.5468892864639289	-0.06024260421692391	0.02036291920110679	0	-4.33588970387407e-08	0	0	0	0	0	0	0	0	0	0	0	0	0	0	0	0	0	0	0	0
37.34	8.503574784850883	1.823530810950447	-8.35928427485571	0	0.9399999999999999	0	0	0	0	0	0	0	0	0	0.6270408578917589	-0.06368276096872211	0.02983253961548338	0	-5.265970693008693e-07	0	0	0	0	0	0	0	0	0	0	0	0	0	0	0	0	0	0	0	0
37.36000000000001	8.47675010970422	1.816114799617536	-8.353054127891882	0	0.9399999999999999	0	0	0	0	0	0	0	0	0	0.6698474513088934	-0.06423220334794737	0.03923232842500325	0	-3.575035840608833e-07	0	0	0	0	0	0	0	0	0	0	0	0	0	0	0	0	0	0	0	0
37.38	8.476749758066729	1.81611592273677	-8.353055062005797	0	0.9399999999999999	0	0	0	0	0	0	0	0	0	0.6698475344815913	-0.06423063032224575	0.0392313726168285	0	8.539806473437891e-07	0	0	0	0	0	0	0	0	0	0	0	0	0	0	0	0	0	0	0	0
37.40000000000001	8.44441100516277	1.810237912312115	-8.341409584031013	0	0.9399999999999999	0	0	0	0	0	0	0	0	0	0.7150176683674222	-0.06398642781584786	0.04850663109222023	0	-1.096799663923543e-07	0	0	0	0	0	0	0	0	0	0	0	0	0	0	0	0	0	0	0	0
37.42	8.356739777407556	1.806815066145162	-8.292911042300643	0	0.9399999999999999	0	0	0	0	0	0	0	0	0	0.8096312621190943	-0.05584400911777668	0.06193502427429134	0	7.27073786720669e-08	0	0	0	0	0	0	0	0	0	0	0	0	0	0	0	0	0	0	0	0
37.44	8.356739777407556	1.806815066145162	-8.292911042300643	0	0.9399999999999999	0	0	0	0	0	0	0	0	0	0.8096312621190943	-0.05584400911777668	0.06193502427429134	0	7.27073786720669e-08	0	0	0	0	0	0	0	0	0	0	0	0	0	0	0	0	0	0	0	0
37.46	8.256747704151538	1.808076672561033	-8.229470340396249	0	0.9399999999999999	0	0	0	0	0	0	0	0	0	0.8926335382621108	-0.046675117674077	0.06338864233824819	0	-5.108388436521711e-08	0	0	0	0	0	0	0	0	0	0	0	0	0	0	0	0	0	0	0	0
37.48	8.203463948594196	1.803683073453681	-8.192971241123198	0	0.9399999999999999	0	0	0	0	0	0	0	0	0	0.9220977144334649	-0.04341269698938486	0.05611673947537126	0	2.361536628790199e-07	0	0	0	0	0	0	0	0	0	0	0	0	0	0	0	0	0	0	0	0
37.50000000000001	8.141862338349801	1.79554631618064	-8.146904297035059	0	0.9399999999999999	0	0	0	0	0	0	0	0	0	0.9435225045518274	-0.04132628543807211	0.0410824595400912	0	3.399696295028584e-07	0	0	0	0	0	0	0	0	0	0	0	0	0	0	0	0	0	0	0	0
37.52	8.072867084791701	1.785341921377173	-8.091697665644304	0	0.9399999999999999	0	0	0	0	0	0	0	0	0	0.9590737187490429	-0.04045843991980769	0.01789030666977112	0	2.664098009741617e-07	0	0	0	0	0	0	0	0	0	0	0	0	0	0	0	0	0	0	0	0
37.54000000000001	7.996538493296296	1.776486843038228	-8.026980536575408	0	0.9399999999999999	0	0	0	0	0	0	0	0	0	0.9726282580261995	-0.04165584957230135	-0.01019316418967264	0	2.187254109239801e-07	0	0	0	0	0	0	0	0	0	0	0	0	0	0	0	0	0	0	0	0
37.56	7.996538493296296	1.776486843038228	-8.026980536575408	0	0.9399999999999999	0	0	0	0	0	0	0	0	0	0.9726282580261995	-0.04165584957230135	-0.01019316418967264	0	2.187254109239801e-07	0	0	0	0	0	0	0	0	0	0	0	0	0	0	0	0	0	0	0	0
37.58000000000001	7.844101721688927	1.769705808463851	-7.890991913119834	0	0.9399999999999999	0	0	0	0	0	0	0	0	0	0.9974620980751177	-0.0463143951799147	-0.07391518802499239	0	4.661274128841457e-08	0	0	0	0	0	0	0	0	0	0	0	0	0	0	0	0	0	0	0	0
37.6	7.776022128491612	1.770572297430705	-7.827158349504948	0	0.9399999999999999	0	0	0	0	0	0	0	0	0	0.9978459742748983	-0.04144193657031183	-0.08681721123760068	0	4.022517149957364e-06	0	0	0	0	0	0	0	0	0	0	0	0	0	0	0	0	0	0	0	0
37.62	7.719550390944335	1.773095359899808	-7.773486451350033	0	0.9399999999999999	0	0	0	0	0	0	0	0	0	1.014242106181331	-0.04651819717869478	-0.1268097002483026	0	-1.787558942284471e-07	0	0	0	0	0	0	0	0	0	0	0	0	0	0	0	0	0	0	0	0
37.64	7.67280942819136	1.780536798043927	-7.728467090983838	0	0.9399999999999999	0	0	0	0	0	0	0	0	0	1.02131930266445	-0.0431497520395696	-0.1466562385547111	0	1.491832416327973e-07	0	0	0	0	0	0	0	0	0	0	0	0	0	0	0	0	0	0	0	0
37.66	7.67280942819136	1.780536798043927	-7.728467090983838	0	0.9399999999999999	0	0	0	0	0	0	0	0	0	1.02131930266445	-0.0431497520395696	-0.1466562385547111	0	1.491832416327973e-07	0	0	0	0	0	0	0	0	0	0	0	0	0	0	0	0	0	0	0	0
37.68000000000001	7.6155098855092	1.80602302295629	-7.673118582211396	0	0.9399999999999999	0	0	0	0	0	0	0	0	0	1.038659400706222	-0.02692357603369975	-0.1850345760349844	0	5.976822636292395e-08	0	0	0	0	0	0	0	0	0	0	0	0	0	0	0	0	0	0	0	0
37.7	7.6155098855092	1.80602302295629	-7.673118582211396	0	0.9399999999999999	0	0	0	0	0	0	0	0	0	1.038659400706222	-0.02692357603369975	-0.1850345760349844	0	5.976822636292395e-08	0	0	0	0	0	0	0	0	0	0	0	0	0	0	0	0	0	0	0	0
37.72000000000001	7.605245945808477	1.818358094084684	-7.664416566174856	0	0.9399999999999999	0	0	0	0	0	0	0	0	0	1.046942965167703	-0.01870539377688878	-0.209158659543498	0	-1.919229036038648e-07	0	0	0	0	0	0	0	0	0	0	0	0	0	0	0	0	0	0	0	0
37.74	7.612159347065354	1.827568657177043	-7.674607607175354	0	0.9399999999999999	0	0	0	0	0	0	0	0	0	1.052252560254454	-0.01629970017885891	-0.2313609872625307	0	-2.895508898076904e-07	0	0	0	0	0	0	0	0	0	0	0	0	0	0	0	0	0	0	0	0
37.76000000000001	7.694833285984276	1.824923606735721	-7.765910074325782	0	0.9399999999999999	0	0	0	0	0	0	0	0	0	1.046023124748541	-0.03330995084668568	-0.2558581686716062	0	-6.335566695049646e-07	0	0	0	0	0	0	0	0	0	0	0	0	0	0	0	0	0	0	0	0
37.78	7.793781909133709	1.839633699634288	-7.868848692641507	0	0.9399999999999999	0	0	0	0	0	0	0	0	0	1.060748408940743	-0.05056588491559626	-0.2623688500507658	0	-3.198784934429897e-07	0	0	0	0	0	0	0	0	0	0	0	0	0	0	0	0	0	0	0	0
37.8	7.883938884413404	1.857475823044724	-7.959131007815594	0	0.9399999999999999	0	0	0	0	0	0	0	0	0	1.078714865634838	-0.06325330255869688	-0.2731493202211557	0	-5.496408753647886e-08	0	0	0	0	0	0	0	0	0	0	0	0	0	0	0	0	0	0	0	0
37.82000000000001	7.883940838710702	1.857476496675639	-7.959129367637776	0	0.9399999999999999	0	0	0	0	0	0	0	0	0	1.078715016571421	-0.06325428871728271	-0.2731494058089904	0	1.882812920330872e-07	0	0	0	0	0	0	0	0	0	0	0	0	0	0	0	0	0	0	0	0
37.84	7.99162724452726	1.886187558960105	-8.063088024808598	0	0.9399999999999999	0	0	0	0	0	0	0	0	0	1.111279834993099	-0.08594757672488544	-0.3000259508066749	0	1.151793152973962e-07	0	0	0	0	0	0	0	0	0	0	0	0	0	0	0	0	0	0	0	0
37.86000000000001	8.003203792279514	1.898683632936419	-8.073040667208806	0	0.9399999999999999	0	0	0	0	0	0	0	0	0	1.123242186096424	-0.0877571858691082	-0.2939633631212776	0	1.761426152156517e-06	0	0	0	0	0	0	0	0	0	0	0	0	0	0	0	0	0	0	0	0
37.88	7.985641485927041	1.911532043500384	-8.054289164890697	0	0.9399999999999999	0	0	0	0	0	0	0	0	0	1.137913422875545	-0.09020655737941957	-0.3204841669940079	0	3.31649641166235e-07	0	0	0	0	0	0	0	0	0	0	0	0	0	0	0	0	0	0	0	0
37.90000000000001	7.985992994570419	1.911531977822117	-8.054634325142274	0	0.9399999999999999	0	0	0	0	0	0	0	0	0	1.134624250339246	-0.1017443328232124	-0.332853170174836	0	-1.204036260395844e-06	0	0	0	0	0	0	0	0	0	0	0	0	0	0	0	0	0	0	0	0
37.92	7.920774675713025	1.935676287085903	-7.9910423518946	0	0.9399999999999999	0	0	0	0	0	0	0	0	0	1.158970979377573	-0.1290158436226971	-0.3184867352592595	0	2.824145039411807e-07	0	0	0	0	0	0	0	0	0	0	0	0	0	0	0	0	0	0	0	0
37.94	7.920774665746944	1.935676557012943	-7.991041826677433	0	0.9399999999999999	0	0	0	0	0	0	0	0	0	1.158971144713967	-0.1290151720970371	-0.3184864103734768	0	2.63596751885878e-07	0	0	0	0	0	0	0	0	0	0	0	0	0	0	0	0	0	0	0	0
37.96	7.852122057389725	1.93861002456176	-7.936954724961064	0	0.9399999999999999	0	0	0	0	0	0	0	0	0	1.139063168074079	-0.1658759173359805	-0.2541778248046325	0	4.676500241600463e-06	0	0	0	0	0	0	0	0	0	0	0	0	0	0	0	0	0	0	0	0
37.98	7.85212598284059	1.938608636648179	-7.936951302262607	0	0.9399999999999999	0	0	0	0	0	0	0	0	0	1.139062911990439	-0.1658677519449223	-0.2541723569519899	0	2.012423926838887e-06	0	0	0	0	0	0	0	0	0	0	0	0	0	0	0	0	0	0	0	0
38.00000000000001	7.811783864625789	1.921162368642886	-7.91072087040989	0	0.9399999999999999	0	0	0	0	0	0	0	0	0	1.098358428769913	-0.1830828706531574	-0.2194620112168629	0	-1.66571166764975e-07	0	0	0	0	0	0	0	0	0	0	0	0	0	0	0	0	0	0	0	0
38.02	7.734930551389043	1.897947962183735	-7.84903702573683	0	0.9399999999999999	0	0	0	0	0	0	0	0	0	1.045198861502252	-0.1898336018348143	-0.1907425788456926	0	7.112113906875977e-08	0	0	0	0	0	0	0	0	0	0	0	0	0	0	0	0	0	0	0	0
38.04000000000001	7.499542857134909	1.872238726370908	-7.645239627165179	0	0.9399999999999999	0	0	0	0	0	0	0	0	0	0.9406011514867912	-0.1792774642714622	-0.1518619499676448	0	-1.152414177051015e-07	0	0	0	0	0	0	0	0	0	0	0	0	0	0	0	0	0	0	0	0
38.06	7.396024459126175	1.869495366610766	-7.553960915269927	0	0.9399999999999999	0	0	0	0	0	0	0	0	0	0.8895659765583019	-0.1691342911018636	-0.1349470854355549	0	-5.2850336305896e-08	0	0	0	0	0	0	0	0	0	0	0	0	0	0	0	0	0	0	0	0
38.08000000000001	7.323446660061016	1.86395304634242	-7.488502533795748	0	0.9399999999999999	0	0	0	0	0	0	0	0	0	0.8343352904555854	-0.1589753374815215	-0.1148599189464291	0	-7.322845082711927e-08	0	0	0	0	0	0	0	0	0	0	0	0	0	0	0	0	0	0	0	0
38.1	7.295121491765483	1.85707544790202	-7.462551111630191	0	0.9399999999999999	0	0	0	0	0	0	0	0	0	0.776588813666957	-0.1551873061183913	-0.08893907019103177	0	2.92612901536224e-06	0	0	0	0	0	0	0	0	0	0	0	0	0	0	0	0	0	0	0	0
38.12	7.318055120472413	1.848551745862436	-7.483520486158612	0	0.9399999999999999	0	0	0	0	0	0	0	0	0	0.7163571712022324	-0.1622559536186582	-0.05663023506507104	0	-5.380513155961228e-07	0	0	0	0	0	0	0	0	0	0	0	0	0	0	0	0	0	0	0	0
38.14	7.377062399719207	1.835686358454075	-7.537444540176834	0	0.9399999999999999	0	0	0	0	0	0	0	0	0	0.6501130280758065	-0.1793136800124887	-0.02568042969077405	0	-5.324140768529781e-07	0	0	0	0	0	0	0	0	0	0	0	0	0	0	0	0	0	0	0	0
38.16	7.445296303317263	1.820560958189688	-7.597914708333227	0	0.9399999999999999	0	0	0	0	0	0	0	0	0	0.5785008564053402	-0.1975212617075001	-0.006921603299923956	0	1.927181730685106e-06	0	0	0	0	0	0	0	0	0	0	0	0	0	0	0	0	0	0	0	0
38.18000000000001	7.503369888467597	1.802613173357684	-7.646263997729084	0	0.9399999999999999	0	0	0	0	0	0	0	0	0	0.5004493590881544	-0.2116522129233732	-0.006882343950577123	0	-2.755850660520021e-07	0	0	0	0	0	0	0	0	0	0	0	0	0	0	0	0	0	0	0	0
38.2	7.503369888467597	1.802613173357684	-7.646263997729084	0	0.9399999999999999	0	0	0	0	0	0	0	0	0	0.5004493590881544	-0.2116522129233732	-0.006882343950577123	0	-2.755850660520021e-07	0	0	0	0	0	0	0	0	0	0	0	0	0	0	0	0	0	0	0	0
38.22000000000001	7.547972917986489	1.779578903680929	-7.67972901885324	0	0.9399999999999999	0	0	0	0	0	0	0	0	0	0.4154425501818113	-0.2183270045778471	-0.02386121320750552	0	-1.707823378348055e-07	0	0	0	0	0	0	0	0	0	0	0	0	0	0	0	0	0	0	0	0
38.24	7.585234510948093	1.750636292960328	-7.704177779495171	0	0.9399999999999999	0	0	0	0	0	0	0	0	0	0.3260094481521679	-0.214919166232053	-0.05032855036953771	0	2.517551286709819e-08	0	0	0	0	0	0	0	0	0	0	0	0	0	0	0	0	0	0	0	0
38.26000000000001	7.638448598776787	1.719842642953196	-7.74370808666355	0	0.9399999999999999	0	0	0	0	0	0	0	0	0	0.2333839191421063	-0.2051439571036095	-0.080491761177288	0	3.602525406149992e-07	0	0	0	0	0	0	0	0	0	0	0	0	0	0	0	0	0	0	0	0
38.28	7.739094149436658	1.694655929857994	-7.831729029681943	0	0.9399999999999999	0	0	0	0	0	0	0	0	0	0.1368233462912304	-0.1883533946282857	-0.1157248709944616	0	8.04448708137002e-07	0	0	0	0	0	0	0	0	0	0	0	0	0	0	0	0	0	0	0	0
38.3	8.04269385956926	1.678181295270254	-8.121285944427601	0	0.9399999999999999	0	0	0	0	0	0	0	0	0	0.04515193715982237	-0.1843252583042761	-0.1471278187660423	0	-6.53276267639319e-07	0	0	0	0	0	0	0	0	0	0	0	0	0	0	0	0	0	0	0	0
38.32000000000001	8.171375230011378	1.683076935735857	-8.251457627693604	0	0.9399999999999999	0	0	0	0	0	0	0	0	0	-0.09899661444213965	-0.1237188954227025	-0.206210041036887	0	-4.351341228051486e-07	0	0	0	0	0	0	0	0	0	0	0	0	0	0	0	0	0	0	0	0
38.34	8.171375230011378	1.683076935735857	-8.251457627693604	0	0.9399999999999999	0	0	0	0	0	0	0	0	0	-0.09899661444213965	-0.1237188954227025	-0.206210041036887	0	-4.351341228051486e-07	0	0	0	0	0	0	0	0	0	0	0	0	0	0	0	0	0	0	0	0
38.36000000000001	8.278546709807758	1.688915806001137	-8.364634853040842	0	0.9399999999999999	0	0	0	0	0	0	0	0	0	-0.1678562836792309	-0.09818662223820399	-0.222650535485989	0	7.318457242449253e-07	0	0	0	0	0	0	0	0	0	0	0	0	0	0	0	0	0	0	0	0
38.38	8.458813531270172	1.701557145207093	-8.569564765920033	0	0.9399999999999999	0	0	0	0	0	0	0	0	0	-0.298291221508282	-0.04546458142402153	-0.218912361508924	0	-4.80024391960497e-07	0	0	0	0	0	0	0	0	0	0	0	0	0	0	0	0	0	0	0	0
38.40000000000001	8.458814519425371	1.70155707680713	-8.569563710957851	0	0.9399999999999999	0	0	0	0	0	0	0	0	0	-0.2982898412323032	-0.04546433217758069	-0.2189122662521903	0	-2.949350040174436e-07	0	0	0	0	0	0	0	0	0	0	0	0	0	0	0	0	0	0	0	0
38.42	8.548919151791894	1.718907216579309	-8.698277854757821	0	0.9399999999999999	0	0	0	0	0	0	0	0	0	-0.4127155489211738	0.009976671436521716	-0.1733831222078682	0	3.873976912643577e-07	0	0	0	0	0	0	0	0	0	0	0	0	0	0	0	0	0	0	0	0
38.44	8.566511511025427	1.73195463757707	-8.73861186325354	0	0.9399999999999999	0	0	0	0	0	0	0	0	0	-0.4648282511070548	0.03784137320357529	-0.160027784997105	0	3.098643989583818e-07	0	0	0	0	0	0	0	0	0	0	0	0	0	0	0	0	0	0	0	0
38.46	8.554028616841558	1.747783075398849	-8.74749672097418	0	0.9399999999999999	0	0	0	0	0	0	0	0	0	-0.510920302669435	0.07535732767967913	-0.1596297035972795	0	-6.295121147951755e-06	0	0	0	0	0	0	0	0	0	0	0	0	0	0	0	0	0	0	0	0
38.48	8.554012960273679	1.74778541966075	-8.747481498017054	0	0.9399999999999999	0	0	0	0	0	0	0	0	0	-0.5109159123335781	0.07535949819313338	-0.1596311373009251	0	-5.904642929857075e-06	0	0	0	0	0	0	0	0	0	0	0	0	0	0	0	0	0	0	0	0
38.50000000000001	8.372613422107303	1.809155217865867	-8.609386943118004	0	0.9399999999999999	0	0	0	0	0	0	0	0	0	-0.52359878	0.1376770278144351	-0.2179456721974443	0	-1.551690100765602e-08	0	0	0	0	0	0	0	0	0	0	0	0	0	0	0	0	0	0	0	0
38.52	8.372613422107303	1.809155217865867	-8.609386943118004	0	0.9399999999999999	0	0	0	0	0	0	0	0	0	-0.52359878	0.1376770278144351	-0.2179456721974443	0	-1.551690100765602e-08	0	0	0	0	0	0	0	0	0	0	0	0	0	0	0	0	0	0	0	0
38.54000000000001	8.317759666583429	1.841580437085544	-8.591305018175055	0	0.9399999999999999	0	0	0	0	0	0	0	0	0	-0.52359878	0.1821786166758262	-0.2915656999568884	0	2.475281205785147e-07	0	0	0	0	0	0	0	0	0	0	0	0	0	0	0	0	0	0	0	0
38.56	8.344416716436664	1.825485065484305	-8.622401253879193	0	0.9399999999999999	0	0	0	0	0	0	0	0	0	-0.52359878	0.1860381203758731	-0.297921926495552	0.06348567981166368	0.06348527260496865	0	0	0	0	0	0	0	0	0	0	0	0	0	0	0	0	0	0	0	0
38.58000000000001	8.344416716436664	1.825485065484305	-8.622401253879193	0	0.9399999999999999	0	0	0	0	0	0	0	0	0	-0.52359878	0.1860381203758731	-0.297921926495552	0.06348567981166368	0.06348527260496865	0	0	0	0	0	0	0	0	0	0	0	0	0	0	0	0	0	0	0	0
38.6	8.351611868126936	1.810177162645735	-8.630211142807717	0	0.9399999999999999	0	0	0	0	0	0	0	0	0	-0.52359878	0.1960977947494382	-0.2866472485629459	0.09198611667277455	0.09198603739607857	0	0	0	0	0	0	0	0	0	0	0	0	0	0	0	0	0	0	0	0
38.62	8.364821206217826	1.802939637040772	-8.644315413054604	0	0.9399999999999999	0	0	0	0	0	0	0	0	0	-0.52359878	0.2194403337941177	-0.2721943405432838	0.02342909143035612	0.02342960018136755	0	0	0	0	0	0	0	0	0	0	0	0	0	0	0	0	0	0	0	0
38.64	8.364821206217826	1.802939637040772	-8.644315413054604	0	0.9399999999999999	0	0	0	0	0	0	0	0	0	-0.52359878	0.2194403337941177	-0.2721943405432838	0.02342909143035612	0.02342960018136755	0	0	0	0	0	0	0	0	0	0	0	0	0	0	0	0	0	0	0	0
38.66	8.337644468260356	1.772626696502826	-8.613827909506714	0	0.9399999999999999	0	0	0	0	0	0	0	0	0	-0.5200148078433905	0.2431413585135372	-0.2598989274020752	0	5.044941272271895e-07	0	0	0	0	0	0	0	0	0	0	0	0	0	0	0	0	0	0	0	0
38.68000000000001	8.216312855406839	1.764157733611023	-8.511252675914568	0	0.9399999999999999	0	0	0	0	0	0	0	0	0	-0.3975198805866814	0.2532238001356736	-0.284428799780071	0	2.975430061411451e-07	0	0	0	0	0	0	0	0	0	0	0	0	0	0	0	0	0	0	0	0
38.7	8.192991445313879	1.782333302792557	-8.503950515265435	0	0.9399999999999999	0	0	0	0	0	0	0	0	0	-0.3240424601611055	0.2164266927455188	-0.3498847468611084	0	-5.79777013867074e-08	0	0	0	0	0	0	0	0	0	0	0	0	0	0	0	0	0	0	0	0
38.72000000000001	8.216391669484889	1.802919156228801	-8.541221717053231	0	0.9399999999999999	0	0	0	0	0	0	0	0	0	-0.2764726912906527	0.1580389373567718	-0.3984780230631254	0	3.904700997828819e-06	0	0	0	0	0	0	0	0	0	0	0	0	0	0	0	0	0	0	0	0
38.74	8.271670009629577	1.78705781482891	-8.599993561936678	0	0.9399999999999999	0	0	0	0	0	0	0	0	0	-0.2560944699559149	0.1263585992432798	-0.4117283939380226	0	4.679768886660014e-06	0	0	0	0	0	0	0	0	0	0	0	0	0	0	0	0	0	0	0	0
38.76000000000001	8.389972023577318	1.775545407242212	-8.71687934496881	0	0.9399999999999999	0	0	0	0	0	0	0	0	0	-0.2127573316454512	0.1014070832890604	-0.425517861834774	0	-8.257286156083851e-07	0	0	0	0	0	0	0	0	0	0	0	0	0	0	0	0	0	0	0	0
38.78	8.528036415854853	1.788647641773329	-8.850160085182507	0	0.9399999999999999	0	0	0	0	0	0	0	0	0	-0.1700801366921941	0.03933317267516889	-0.4275119134440888	0	-4.344039642411829e-07	0	0	0	0	0	0	0	0	0	0	0	0	0	0	0	0	0	0	0	0
38.8	8.528036415854853	1.788647641773329	-8.850160085182507	0	0.9399999999999999	0	0	0	0	0	0	0	0	0	-0.1700801366921941	0.03933317267516889	-0.4275119134440888	0	-4.344039642411829e-07	0	0	0	0	0	0	0	0	0	0	0	0	0	0	0	0	0	0	0	0
38.82000000000001	8.642073377960273	1.813291316977051	-8.955448681444903	0	0.9399999999999999	0	0	0	0	0	0	0	0	0	-0.1073163629457707	-0.01899389113617219	-0.4032755086565479	0	5.151595214116569e-07	0	0	0	0	0	0	0	0	0	0	0	0	0	0	0	0	0	0	0	0
38.84	8.76022426772875	1.83398641179337	-9.063638735567896	0	0.9399999999999999	0	0	0	0	0	0	0	0	0	-0.0488349447047671	-0.08484440431060702	-0.3774992397605653	0	-3.378054302334041e-07	0	0	0	0	0	0	0	0	0	0	0	0	0	0	0	0	0	0	0	0
38.86000000000001	8.919173192864868	1.840520217593739	-9.21919750145392	0	0.9399999999999999	0	0	0	0	0	0	0	0	0	-0.01344883032441127	-0.140319962777127	-0.348905666846443	0	-3.05083074180532e-07	0	0	0	0	0	0	0	0	0	0	0	0	0	0	0	0	0	0	0	0
38.88	9.037342480106949	1.835153574634195	-9.334003884190503	0	0.9399999999999999	0	0	0	0	0	0	0	0	0	0.03149478066667205	-0.1800418036877983	-0.3236726900293942	0	-4.991803775991705e-07	0	0	0	0	0	0	0	0	0	0	0	0	0	0	0	0	0	0	0	0
38.90000000000001	8.959156453227397	1.828554294028338	-9.250855999125401	0	0.9399999999999999	0	0	0	0	0	0	0	0	0	0.1273507637237934	-0.2017224302919086	-0.2919278110237914	0	1.691359623529476e-07	0	0	0	0	0	0	0	0	0	0	0	0	0	0	0	0	0	0	0	0
38.92	8.827895794916197	1.83246140149101	-9.113504919008529	0	0.9399999999999999	0	0	0	0	0	0	0	0	0	0.232373116473066	-0.2191140049477734	-0.2543560621964318	0	8.944291599846452e-08	0	0	0	0	0	0	0	0	0	0	0	0	0	0	0	0	0	0	0	0
38.94	8.792024053255208	1.835771345997804	-9.064919490926638	0	0.9399999999999999	0	0	0	0	0	0	0	0	0	0.3129422044088234	-0.230431205064232	-0.2134021784724093	0	7.640393393965218e-09	0	0	0	0	0	0	0	0	0	0	0	0	0	0	0	0	0	0	0	0
38.96	8.799546069593589	1.82888130874038	-9.057006242631553	0	0.9399999999999999	0	0	0	0	0	0	0	0	0	0.3758671474337288	-0.2311396006743101	-0.1732751785048812	0	7.272390998225622e-08	0	0	0	0	0	0	0	0	0	0	0	0	0	0	0	0	0	0	0	0
38.98	8.728680293249838	1.794736419565238	-8.9692255155078	0	0.9399999999999999	0	0	0	0	0	0	0	0	0	0.4399581847122102	-0.1992475094876814	-0.1438732191236639	0	2.334315573554398e-07	0	0	0	0	0	0	0	0	0	0	0	0	0	0	0	0	0	0	0	0
39.00000000000001	8.633755430321152	1.77495642765881	-8.872221948444039	0	0.9399999999999999	0	0	0	0	0	0	0	0	0	0.5577489311027138	-0.192221272619191	-0.1073520059824588	0	1.127648684927358e-07	0	0	0	0	0	0	0	0	0	0	0	0	0	0	0	0	0	0	0	0
39.02	8.492008451931012	1.760006061989375	-8.730757509480275	0	0.9399999999999999	0	0	0	0	0	0	0	0	0	0.6158312688386746	-0.1736491698155124	-0.110575344995195	0	2.183391664889354e-07	0	0	0	0	0	0	0	0	0	0	0	0	0	0	0	0	0	0	0	0
39.04000000000001	8.492008451931012	1.760006061989375	-8.730757509480275	0	0.9399999999999999	0	0	0	0	0	0	0	0	0	0.6158312688386746	-0.1736491698155124	-0.110575344995195	0	2.183391664889354e-07	0	0	0	0	0	0	0	0	0	0	0	0	0	0	0	0	0	0	0	0
39.06	8.336420280044461	1.75121911324557	-8.575952358890421	0	0.9399999999999999	0	0	0	0	0	0	0	0	0	0.6683968490750006	-0.1580074090122545	-0.1232036946306395	0	-1.041004919073319e-07	0	0	0	0	0	0	0	0	0	0	0	0	0	0	0	0	0	0	0	0
39.08000000000001	8.180366262438133	1.746402967736672	-8.419146864065695	0	0.9399999999999999	0	0	0	0	0	0	0	0	0	0.7154090581503821	-0.1439465783998243	-0.1396707546282289	0	-2.379532278084514e-07	0	0	0	0	0	0	0	0	0	0	0	0	0	0	0	0	0	0	0	0
39.1	7.874237142188207	1.748917676552481	-8.106592303955583	0	0.9399999999999999	0	0	0	0	0	0	0	0	0	0.7927905760944172	-0.1166023232952861	-0.1679354013160181	0	-7.622663796092179e-08	0	0	0	0	0	0	0	0	0	0	0	0	0	0	0	0	0	0	0	0
39.12	7.874237142188207	1.748917676552481	-8.106592303955583	0	0.9399999999999999	0	0	0	0	0	0	0	0	0	0.7927905760944172	-0.1166023232952861	-0.1679354013160181	0	-7.622663796092179e-08	0	0	0	0	0	0	0	0	0	0	0	0	0	0	0	0	0	0	0	0
39.14	7.6191431890376	1.778528379790657	-7.842224519302335	0	0.9399999999999999	0	0	0	0	0	0	0	0	0	0.8575562460942472	-0.08030228691824066	-0.1844757645503778	0	9.040904868554655e-08	0	0	0	0	0	0	0	0	0	0	0	0	0	0	0	0	0	0	0	0
39.16	7.539547514467909	1.795292959913617	-7.758357016784888	0	0.9399999999999999	0	0	0	0	0	0	0	0	0	0.882387437596463	-0.0610711997189279	-0.1975050078710972	0	1.885764949327546e-07	0	0	0	0	0	0	0	0	0	0	0	0	0	0	0	0	0	0	0	0
39.18000000000001	7.539547514467909	1.795292959913617	-7.758357016784888	0	0.9399999999999999	0	0	0	0	0	0	0	0	0	0.882387437596463	-0.0610711997189279	-0.1975050078710972	0	1.885764949327546e-07	0	0	0	0	0	0	0	0	0	0	0	0	0	0	0	0	0	0	0	0
39.2	7.475588152643159	1.810692197967151	-7.690427157884734	0	0.9399999999999999	0	0	0	0	0	0	0	0	0	0.9002568187772615	-0.04432921556682497	-0.2180344503688211	0	8.933216841822807e-08	0	0	0	0	0	0	0	0	0	0	0	0	0	0	0	0	0	0	0	0
39.22000000000001	7.476174309897576	1.818620225586318	-7.691408459942277	0	0.9399999999999999	0	0	0	0	0	0	0	0	0	0.9096473331058403	-0.04363043938625308	-0.233130152091328	0	3.760226219270907e-06	0	0	0	0	0	0	0	0	0	0	0	0	0	0	0	0	0	0	0	0
39.24	7.682645942417396	1.830043513552764	-7.899421357260498	0	0.9399999999999999	0	0	0	0	0	0	0	0	0	0.9377658105388395	-0.07938949634585793	-0.2304441815152684	0	-1.33552419391919e-07	0	0	0	0	0	0	0	0	0	0	0	0	0	0	0	0	0	0	0	0
39.26000000000001	7.682645942417396	1.830043513552764	-7.899421357260498	0	0.9399999999999999	0	0	0	0	0	0	0	0	0	0.9377658105388395	-0.07938949634585793	-0.2304441815152684	0	-1.33552419391919e-07	0	0	0	0	0	0	0	0	0	0	0	0	0	0	0	0	0	0	0	0
39.28	7.804199609419814	1.842023065923662	-8.012972913360329	0	0.9399999999999999	0	0	0	0	0	0	0	0	0	0.9661142821612847	-0.0999085822092857	-0.2172045575359919	0.01668875603241921	0.01668895093542104	0	0	0	0	0	0	0	0	0	0	0	0	0	0	0	0	0	0	0	0
39.3	8.052252619554054	1.879495642607734	-8.233031804430507	0	0.9399999999999999	0	0	0	0	0	0	0	0	0	1.015291908151797	-0.1222622651801696	-0.1868322896628273	0	-5.814505369024796e-07	0	0	0	0	0	0	0	0	0	0	0	0	0	0	0	0	0	0	0	0
39.32000000000001	8.052252619554054	1.879495642607734	-8.233031804430507	0	0.9399999999999999	0	0	0	0	0	0	0	0	0	1.015291908151797	-0.1222622651801696	-0.1868322896628273	0	-5.814505369024796e-07	0	0	0	0	0	0	0	0	0	0	0	0	0	0	0	0	0	0	0	0
39.34	8.205315924180629	1.918961318915084	-8.35080153188259	0	0.9399999999999999	0	0	0	0	0	0	0	0	0	1.073186417879588	-0.1251059116006068	-0.1768294579550048	0	-2.468333797942691e-07	0	0	0	0	0	0	0	0	0	0	0	0	0	0	0	0	0	0	0	0
39.36000000000001	8.231505419775612	1.928437735867226	-8.355993447951972	0	0.9399999999999999	0	0	0	0	0	0	0	0	0	1.092104179312707	-0.1248513892499916	-0.1655407326879252	0	-9.950462103414783e-08	0	0	0	0	0	0	0	0	0	0	0	0	0	0	0	0	0	0	0	0
39.38	8.229132573128089	1.938266516510166	-8.332161199787608	0	0.9399999999999999	0	0	0	0	0	0	0	0	0	1.113822056493504	-0.1238181604041093	-0.1407958689494843	0	2.784973292143777e-08	0	0	0	0	0	0	0	0	0	0	0	0	0	0	0	0	0	0	0	0
39.40000000000001	8.219429755825331	1.947873180992328	-8.30355192862727	0	0.9399999999999999	0	0	0	0	0	0	0	0	0	1.133105669853173	-0.1273587435094966	-0.1033113066044044	0	1.457631795627898e-07	0	0	0	0	0	0	0	0	0	0	0	0	0	0	0	0	0	0	0	0
39.42	8.182321604677663	1.954478986014367	-8.24769508542656	0	0.9399999999999999	0	0	0	0	0	0	0	0	0	1.148831834740057	-0.125502300029485	-0.06445605913481903	0	1.039761832401421e-07	0	0	0	0	0	0	0	0	0	0	0	0	0	0	0	0	0	0	0	0
39.44	8.112195290588573	1.952758550953917	-8.156847640708644	0	0.9399999999999999	0	0	0	0	0	0	0	0	0	1.15203685790744	-0.1117104224982779	-0.03143390396152809	0	4.781641778870996e-07	0	0	0	0	0	0	0	0	0	0	0	0	0	0	0	0	0	0	0	0
39.46	8.024719448841786	1.948306712142004	-8.04961877911747	0	0.9399999999999999	0	0	0	0	0	0	0	0	0	1.146907939898485	-0.08775615077309824	-1.7938316890538e-05	0	-7.380789916074123e-08	0	0	0	0	0	0	0	0	0	0	0	0	0	0	0	0	0	0	0	0
39.48	7.921757481538366	1.945133206137875	-7.936552464479969	0	0.9399999999999999	0	0	0	0	0	0	0	0	0	1.136134058660437	-0.06201329657764185	0.02583241650852314	0	-1.691803464643066e-06	0	0	0	0	0	0	0	0	0	0	0	0	0	0	0	0	0	0	0	0
39.50000000000001	7.921757481538366	1.945133206137875	-7.936552464479969	0	0.9399999999999999	0	0	0	0	0	0	0	0	0	1.136134058660437	-0.06201329657764185	0.02583241650852314	0	-1.691803464643066e-06	0	0	0	0	0	0	0	0	0	0	0	0	0	0	0	0	0	0	0	0
39.52	7.823528315000637	1.94358401453794	-7.843747737190355	0	0.9399999999999999	0	0	0	0	0	0	0	0	0	1.114640571021876	-0.04711529167844453	0.0445197108737811	0	1.92274774894837e-07	0	0	0	0	0	0	0	0	0	0	0	0	0	0	0	0	0	0	0	0
39.54000000000001	7.555252975808692	1.893969367262653	-7.611905414164646	0	0.9399999999999999	0	0	0	0	0	0	0	0	0	1.001828466618999	-0.02968632512397446	0.04326733157356358	0	2.0601797870794e-07	0	0	0	0	0	0	0	0	0	0	0	0	0	0	0	0	0	0	0	0
39.56	7.352674122887193	1.864947589082061	-7.433573934604607	0	0.9399999999999999	0	0	0	0	0	0	0	0	0	0.9242024296649841	-0.02663618896289208	0.03534870867037177	0	6.602182494889092e-07	0	0	0	0	0	0	0	0	0	0	0	0	0	0	0	0	0	0	0	0
39.58000000000001	7.352674122887193	1.864947589082061	-7.433573934604607	0	0.9399999999999999	0	0	0	0	0	0	0	0	0	0.9242024296649841	-0.02663618896289208	0.03534870867037177	0	6.602182494889092e-07	0	0	0	0	0	0	0	0	0	0	0	0	0	0	0	0	0	0	0	0
39.6	6.970292992145144	1.834193453918727	-7.095186044820583	0	0.9399999999999999	0	0	0	0	0	0	0	0	0	0.7629239416994404	-0.01816580972238903	0.02792977901851948	0	3.75545227417087e-08	0	0	0	0	0	0	0	0	0	0	0	0	0	0	0	0	0	0	0	0
39.62	6.915156557122674	1.821968719664342	-7.058010990819268	0	0.9399999999999999	0	0	0	0	0	0	0	0	0	0.6928280376924413	-0.04814794363212434	0.08075099404450815	0	-1.004484816303449e-07	0	0	0	0	0	0	0	0	0	0	0	0	0	0	0	0	0	0	0	0
39.64	7.033203754042579	1.829015958514489	-7.189999488366363	0	0.9399999999999999	0	0	0	0	0	0	0	0	0	0.6625507801070371	-0.08102582533598604	0.1078153902439771	0	-1.376021658991351e-07	0	0	0	0	0	0	0	0	0	0	0	0	0	0	0	0	0	0	0	0
39.66	7.173335841770639	1.84167548483085	-7.338648390700514	0	0.9399999999999999	0	0	0	0	0	0	0	0	0	0.6367897467604894	-0.1127708787208491	0.1229998111332529	0	3.547942424787065e-06	0	0	0	0	0	0	0	0	0	0	0	0	0	0	0	0	0	0	0	0
39.68000000000001	7.173332020221787	1.841678579283366	-7.338652189135465	0	0.9399999999999999	0	0	0	0	0	0	0	0	0	0.636791050718177	-0.1127739316248048	0.1229925125162769	0	3.122695835704647e-06	0	0	0	0	0	0	0	0	0	0	0	0	0	0	0	0	0	0	0	0
39.7	7.24941199055865	1.83789981288174	-7.421922528483641	0	0.9399999999999999	0	0	0	0	0	0	0	0	0	0.5826723817272823	-0.1331461076148518	0.1179435417799207	0	-1.188969630628379e-06	0	0	0	0	0	0	0	0	0	0	0	0	0	0	0	0	0	0	0	0
39.72000000000001	7.315664318980278	1.803119653239725	-7.501994590018572	0	0.9399999999999999	0	0	0	0	0	0	0	0	0	0.4216110259730048	-0.1369336336189963	0.06949026595842146	0	2.244624883082325e-06	0	0	0	0	0	0	0	0	0	0	0	0	0	0	0	0	0	0	0	0
39.74	7.354078974907425	1.782330401768634	-7.546642992842999	0	0.9399999999999999	0	0	0	0	0	0	0	0	0	0.3307226946493282	-0.1270411165513524	0.03128978054773088	0	-1.797526504890704e-06	0	0	0	0	0	0	0	0	0	0	0	0	0	0	0	0	0	0	0	0
39.76000000000001	7.421010242628465	1.760874223305116	-7.618672656408098	0	0.9399999999999999	0	0	0	0	0	0	0	0	0	0.235783775232783	-0.1150641422011953	-0.01236295850768736	0	-4.985119093568184e-07	0	0	0	0	0	0	0	0	0	0	0	0	0	0	0	0	0	0	0	0
39.78	7.421009128342542	1.760874919613082	-7.618673789154647	0	0.9399999999999999	0	0	0	0	0	0	0	0	0	0.235783873180091	-0.1150635197591248	-0.01236227765332232	0	6.967385383067662e-07	0	0	0	0	0	0	0	0	0	0	0	0	0	0	0	0	0	0	0	0
39.8	7.536401527788191	1.746659068838389	-7.740378410421898	0	0.9399999999999999	0	0	0	0	0	0	0	0	0	0.1427461284909685	-0.1058981626829825	-0.05504957175258664	0	-3.858379615603002e-07	0	0	0	0	0	0	0	0	0	0	0	0	0	0	0	0	0	0	0	0
39.82000000000001	7.678288516632334	1.747050620399956	-7.892635177692347	0	0.9399999999999999	0	0	0	0	0	0	0	0	0	0.05686311804264158	-0.1002870113745251	-0.09337154717077314	0	-3.702614305803994e-07	0	0	0	0	0	0	0	0	0	0	0	0	0	0	0	0	0	0	0	0
39.84	7.804081696455088	1.760150040291057	-8.032723136597081	0	0.9399999999999999	0	0	0	0	0	0	0	0	0	-0.02063310521890742	-0.09530044144094939	-0.1250412258890991	0	2.688606022511244e-07	0	0	0	0	0	0	0	0	0	0	0	0	0	0	0	0	0	0	0	0
39.86000000000001	7.987484648355957	1.795546057548591	-8.255410690544496	0	0.9399999999999999	0	0	0	0	0	0	0	0	0	-0.1632471487523763	-0.07957880407385282	-0.1803038093720531	0	-3.0622722126916e-07	0	0	0	0	0	0	0	0	0	0	0	0	0	0	0	0	0	0	0	0
39.88	8.05912287755697	1.810731134546807	-8.352687434223805	0	0.9399999999999999	0	0	0	0	0	0	0	0	0	-0.23335814980832	-0.06182105579053688	-0.2054814563276706	0	4.812175829579096e-07	0	0	0	0	0	0	0	0	0	0	0	0	0	0	0	0	0	0	0	0
39.90000000000001	8.146956204352895	1.81657846860966	-8.470684367592812	0	0.9399999999999999	0	0	0	0	0	0	0	0	0	-0.315403146655901	-0.03989812539639363	-0.2230147490458909	0	1.759283341451626e-07	0	0	0	0	0	0	0	0	0	0	0	0	0	0	0	0	0	0	0	0
39.92	8.222434642357991	1.820097499610545	-8.575231104107065	0	0.9399999999999999	0	0	0	0	0	0	0	0	0	-0.3903243085953388	-0.004994409011208473	-0.228924893209048	0	1.945853579021946e-07	0	0	0	0	0	0	0	0	0	0	0	0	0	0	0	0	0	0	0	0
39.94	8.188770715532112	1.822439864465437	-8.5672328696176	0	0.9399999999999999	0	0	0	0	0	0	0	0	0	-0.4386949066746502	0.0570059577136583	-0.2239624237769887	0	1.389869229189974e-08	0	0	0	0	0	0	0	0	0	0	0	0	0	0	0	0	0	0	0	0
39.96	8.153698195896899	1.855754228371451	-8.558216152522059	0	0.9399999999999999	0	0	0	0	0	0	0	0	0	-0.4544881795946676	0.09994094391579759	-0.244279092970403	0	-2.446381345115783e-06	0	0	0	0	0	0	0	0	0	0	0	0	0	0	0	0	0	0	0	0
39.98	8.135798008534778	1.889128766955061	-8.564791839431226	0	0.9399999999999999	0	0	0	0	0	0	0	0	0	-0.4228374292785833	0.09400471698008207	-0.2733468296067936	0	1.189901937216147e-06	0	0	0	0	0	0	0	0	0	0	0	0	0	0	0	0	0	0	0	0
40.00000000000001	8.124700979385045	1.916266598011013	-8.57642511012765	0	0.9399999999999999	0	0	0	0	0	0	0	0	0	-0.4802051541244807	0.1577354765061727	-0.3443582661342725	0	-2.745857598896362e-08	0	0	0	0	0	0	0	0	0	0	0	0	0	0	0	0	0	0	0	0
40.02	8.100164513010464	1.933569242103897	-8.572175194166848	0	0.9399999999999999	0	0	0	0	0	0	0	0	0	-0.4489648881483536	0.1453176295693684	-0.3792240104804995	0.01042785701814003	0.01042769282953434	0	0	0	0	0	0	0	0	0	0	0	0	0	0	0	0	0	0	0	0
40.04000000000001	8.099113348975205	1.933568881879663	-8.571152787774782	0	0.9399999999999999	0	0	0	0	0	0	0	0	0	-0.4398761986434855	0.1493379320008102	-0.4129119186981855	0.1224528967364163	0.1224574224737704	0	0	0	0	0	0	0	0	0	0	0	0	0	0	0	0	0	0	0	0
40.06	8.023192409941753	1.927639098570699	-8.527336406793991	0	0.9399999999999999	0	0	0	0	0	0	0	0	0	-0.4066895555288089	0.1847091652277242	-0.4347988765851437	0.2694583645444708	0.2694583957109258	0	0	0	0	0	0	0	0	0	0	0	0	0	0	0	0	0	0	0	0
40.08000000000001	8.005403901764605	1.913521888826096	-8.521492473637872	0	0.9399999999999999	0	0	0	0	0	0	0	0	0	-0.4093380847692155	0.2204761887666128	-0.4285173893534311	0.2655604415816799	0.265560464424075	0	0	0	0	0	0	0	0	0	0	0	0	0	0	0	0	0	0	0	0
40.1	7.996932730872177	1.903791992894904	-8.522787574207692	0	0.9399999999999999	0	0	0	0	0	0	0	0	0	-0.414048767650735	0.2317374991119318	-0.4338639522932314	0.2655353375339869	0.2655348218285198	0	0	0	0	0	0	0	0	0	0	0	0	0	0	0	0	0	0	0	0
40.12	7.946331375859455	1.887979388443621	-8.480996112667608	0	0.9399999999999999	0	0	0	0	0	0	0	0	0	-0.4408926182018287	0.3195412890858479	-0.3713764358722415	0.1186362289798613	0.1186360551864417	0	0	0	0	0	0	0	0	0	0	0	0	0	0	0	0	0	0	0	0
40.14	7.907875427757633	1.866504447820433	-8.456255597246345	0	0.9399999999999999	0	0	0	0	0	0	0	0	0	-0.4757217868569097	0.3691721673465237	-0.2904276546038239	0	2.553267417934145e-06	0	0	0	0	0	0	0	0	0	0	0	0	0	0	0	0	0	0	0	0
40.16	7.862072349925838	1.851585328822267	-8.425401267220037	0	0.9399999999999999	0	0	0	0	0	0	0	0	0	-0.4385427231675848	0.3660393312119282	-0.2749327934370145	0	-1.245691613028356e-07	0	0	0	0	0	0	0	0	0	0	0	0	0	0	0	0	0	0	0	0
40.18000000000001	7.862072349925838	1.851585328822267	-8.425401267220037	0	0.9399999999999999	0	0	0	0	0	0	0	0	0	-0.4385427231675848	0.3660393312119282	-0.2749327934370145	0	-1.245691613028356e-07	0	0	0	0	0	0	0	0	0	0	0	0	0	0	0	0	0	0	0	0
40.2	7.876074426919855	1.87951950411963	-8.480281818107695	0	0.9399999999999999	0	0	0	0	0	0	0	0	0	-0.2894836015185153	0.2769946355215251	-0.4474594170036359	0	3.534002692285895e-07	0	0	0	0	0	0	0	0	0	0	0	0	0	0	0	0	0	0	0	0
40.22000000000001	7.938499479823109	1.912208474582956	-8.557481398437069	0	0.9399999999999999	0	0	0	0	0	0	0	0	0	-0.2687605994928	0.2475021774686573	-0.4756315678894028	0	-1.581430330297485e-07	0	0	0	0	0	0	0	0	0	0	0	0	0	0	0	0	0	0	0	0
40.24	8.014844513888885	1.942791887361275	-8.644425831193583	0	0.9399999999999999	0	0	0	0	0	0	0	0	0	-0.2188523579613584	0.1817654496292269	-0.4859375379302805	0	2.848939001464303e-07	0	0	0	0	0	0	0	0	0	0	0	0	0	0	0	0	0	0	0	0
40.26000000000001	8.014106767516012	1.942800728098453	-8.64370952563138	0	0.9399999999999999	0	0	0	0	0	0	0	0	0	-0.1830950418928635	0.1291611504469572	-0.474363891967699	0	-6.332188374845644e-07	0	0	0	0	0	0	0	0	0	0	0	0	0	0	0	0	0	0	0	0
40.28	8.095494848564227	1.935875865348051	-8.719961347577854	0	0.9399999999999999	0	0	0	0	0	0	0	0	0	-0.1478595620721703	0.07180637755627023	-0.4787528694227873	0	-2.975523351326196e-07	0	0	0	0	0	0	0	0	0	0	0	0	0	0	0	0	0	0	0	0
40.3	8.278479282859983	1.943480803552051	-8.88521069061291	0	0.9399999999999999	0	0	0	0	0	0	0	0	0	-0.09526064650146117	-0.07350974932719204	-0.5264964987452441	0	-4.321332014666266e-06	0	0	0	0	0	0	0	0	0	0	0	0	0	0	0	0	0	0	0	0
40.32000000000001	8.384786090371499	1.9409318033202	-8.979598741983754	0	0.9399999999999999	0	0	0	0	0	0	0	0	0	-0.04868709602753781	-0.1404127194869451	-0.4712185318158356	0	-7.215258250287845e-09	0	0	0	0	0	0	0	0	0	0	0	0	0	0	0	0	0	0	0	0
40.34	8.384786090371499	1.9409318033202	-8.979598741983754	0	0.9399999999999999	0	0	0	0	0	0	0	0	0	-0.04868709602753781	-0.1404127194869451	-0.4712185318158356	0	-7.215258250287845e-09	0	0	0	0	0	0	0	0	0	0	0	0	0	0	0	0	0	0	0	0
40.36000000000001	8.55781877453839	1.921405356828892	-9.14298291366666	0	0.9399999999999999	0	0	0	0	0	0	0	0	0	-0.03306029583589761	-0.1856224524061574	-0.4363726464797065	0	7.190797029117357e-08	0	0	0	0	0	0	0	0	0	0	0	0	0	0	0	0	0	0	0	0
40.38	8.470456617789694	1.919012140951727	-9.033497077839451	0	0.9399999999999999	0	0	0	0	0	0	0	0	0	0.1592819812740126	-0.2453835348590672	-0.3570827288612201	0	4.342892863853446e-07	0	0	0	0	0	0	0	0	0	0	0	0	0	0	0	0	0	0	0	0
40.40000000000001	8.360701730293666	1.940254909493416	-8.912824153690849	0	0.9399999999999999	0	0	0	0	0	0	0	0	0	0.2076972993335014	-0.2443618514825187	-0.3385341998953605	0	3.022284636016457e-08	0	0	0	0	0	0	0	0	0	0	0	0	0	0	0	0	0	0	0	0
40.42	8.356945822542857	1.942021083134886	-8.889341026497075	0	0.9399999999999999	0	0	0	0	0	0	0	0	0	0.3517355310887054	-0.2837461799044704	-0.2476088210792329	0	6.271685688156718e-07	0	0	0	0	0	0	0	0	0	0	0	0	0	0	0	0	0	0	0	0
40.44	8.356945822542857	1.942021083134886	-8.889341026497075	0	0.9399999999999999	0	0	0	0	0	0	0	0	0	0.3517355310887054	-0.2837461799044704	-0.2476088210792329	0	6.271685688156718e-07	0	0	0	0	0	0	0	0	0	0	0	0	0	0	0	0	0	0	0	0
40.46	8.345674401843922	1.913755153284939	-8.843807592005057	0	0.9399999999999999	0	0	0	0	0	0	0	0	0	0.4115587792831774	-0.2631046149430199	-0.1914227641463755	0	-8.269028301589053e-07	0	0	0	0	0	0	0	0	0	0	0	0	0	0	0	0	0	0	0	0
40.48	8.310091412759911	1.885549077190119	-8.801649487327909	0	0.9399999999999999	0	0	0	0	0	0	0	0	0	0.531294190195012	-0.2581863340858134	-0.145753996967077	0	-2.493626587730156e-07	0	0	0	0	0	0	0	0	0	0	0	0	0	0	0	0	0	0	0	0
40.50000000000001	8.216732813202137	1.859857532623064	-8.707616245033019	0	0.9399999999999999	0	0	0	0	0	0	0	0	0	0.590765761935262	-0.2331320290598385	-0.1437016995680058	0	2.652407505149165e-07	0	0	0	0	0	0	0	0	0	0	0	0	0	0	0	0	0	0	0	0
40.52	8.070103023162407	1.846835690601283	-8.562403956764228	0	0.9399999999999999	0	0	0	0	0	0	0	0	0	0.6063753179420757	-0.1991479063715874	-0.1620108616385988	0	-1.476615773912145e-07	0	0	0	0	0	0	0	0	0	0	0	0	0	0	0	0	0	0	0	0
40.54000000000001	7.925577991712072	1.841105708684119	-8.418517950175309	0	0.9399999999999999	0	0	0	0	0	0	0	0	0	0.7137346397008747	-0.1834948957648136	-0.1681561293573146	0	1.937170412091213e-06	0	0	0	0	0	0	0	0	0	0	0	0	0	0	0	0	0	0	0	0
40.56	7.925578122735073	1.841105665944156	-8.418517776024014	0	0.9399999999999999	0	0	0	0	0	0	0	0	0	0.7137345635769455	-0.1834952890902097	-0.1681565521655171	0	-1.475261879234706e-07	0	0	0	0	0	0	0	0	0	0	0	0	0	0	0	0	0	0	0	0
40.58000000000001	7.798320433239705	1.836987258522386	-8.289687558672462	0	0.9399999999999999	0	0	0	0	0	0	0	0	0	0.7610349708899169	-0.1619735594829399	-0.1846082630461739	0	-3.88557517111405e-08	0	0	0	0	0	0	0	0	0	0	0	0	0	0	0	0	0	0	0	0
40.6	7.562526699945594	1.842678351006666	-8.047946329031905	0	0.9399999999999999	0	0	0	0	0	0	0	0	0	0.8365450606117149	-0.1227173908136797	-0.212070031026509	0	5.334390999167612e-08	0	0	0	0	0	0	0	0	0	0	0	0	0	0	0	0	0	0	0	0
40.62	7.562526699945594	1.842678351006666	-8.047946329031905	0	0.9399999999999999	0	0	0	0	0	0	0	0	0	0.8365450606117149	-0.1227173908136797	-0.212070031026509	0	5.334390999167612e-08	0	0	0	0	0	0	0	0	0	0	0	0	0	0	0	0	0	0	0	0
40.64	7.366163399849926	1.871617713817251	-7.840913900603596	0	0.9399999999999999	0	0	0	0	0	0	0	0	0	0.9004328035652388	-0.07491182858362543	-0.2456253454393435	0	2.535007389226003e-07	0	0	0	0	0	0	0	0	0	0	0	0	0	0	0	0	0	0	0	0
40.66	7.311591200504639	1.887503705252099	-7.78068433071114	0	0.9399999999999999	0	0	0	0	0	0	0	0	0	0.9150107226253738	-0.05780019783523867	-0.254169193677067	0	1.377704850218878e-06	0	0	0	0	0	0	0	0	0	0	0	0	0	0	0	0	0	0	0	0
40.68000000000001	7.321232348662122	1.91097609274827	-7.786434471055553	0	0.9399999999999999	0	0	0	0	0	0	0	0	0	0.9532055819250964	-0.05991026827586043	-0.2673808198704069	0	1.989791233502349e-07	0	0	0	0	0	0	0	0	0	0	0	0	0	0	0	0	0	0	0	0
40.7	7.351212940044609	1.934866359207754	-7.813919967830803	0	0.9399999999999999	0	0	0	0	0	0	0	0	0	0.9781024776623269	-0.06451436149472335	-0.259556656472326	0	-4.958805239249933e-07	0	0	0	0	0	0	0	0	0	0	0	0	0	0	0	0	0	0	0	0
40.72000000000001	7.351201889829299	1.934896581985339	-7.813882081912294	0	0.9399999999999999	0	0	0	0	0	0	0	0	0	0.985242578087147	-0.06659670767949638	-0.2767778296016095	0	-2.320595183086133e-06	0	0	0	0	0	0	0	0	0	0	0	0	0	0	0	0	0	0	0	0
40.74	7.406288238628782	1.947116443380695	-7.868297774800484	0	0.9399999999999999	0	0	0	0	0	0	0	0	0	1.02508740630454	-0.08659063466406147	-0.2890554510711015	0.02821221943311311	0.02821128924995857	0	0	0	0	0	0	0	0	0	0	0	0	0	0	0	0	0	0	0	0
40.76000000000001	7.568234654833398	1.963189556601437	-8.011955058622087	0	0.9399999999999999	0	0	0	0	0	0	0	0	0	1.090360464647047	-0.119510249756782	-0.2789492454342326	0.04304267192191185	0.04304200068376489	0	0	0	0	0	0	0	0	0	0	0	0	0	0	0	0	0	0	0	0
40.78	7.664371358240325	1.976965610329665	-8.091835587540892	0	0.9399999999999999	0	0	0	0	0	0	0	0	0	1.098904618494611	-0.1216551091913631	-0.2731687029840727	0	-4.026194007975838e-08	0	0	0	0	0	0	0	0	0	0	0	0	0	0	0	0	0	0	0	0
40.8	7.664371358240325	1.976965610329665	-8.091835587540892	0	0.9399999999999999	0	0	0	0	0	0	0	0	0	1.098904618494611	-0.1216551091913631	-0.2731687029840727	0	-4.026194007975838e-08	0	0	0	0	0	0	0	0	0	0	0	0	0	0	0	0	0	0	0	0
40.82000000000001	7.816101272234611	2.010572424188817	-8.205380508045293	0	0.9399999999999999	0	0	0	0	0	0	0	0	0	1.173480164493681	-0.1280966254249094	-0.2769584236900066	0	6.391665632998222e-08	0	0	0	0	0	0	0	0	0	0	0	0	0	0	0	0	0	0	0	0
40.84	7.852366361809787	2.020388249435415	-8.21836407286464	0	0.9399999999999999	0	0	0	0	0	0	0	0	0	1.189870762970514	-0.1269736748407195	-0.2719537060305927	0	-3.152210203497047e-07	0	0	0	0	0	0	0	0	0	0	0	0	0	0	0	0	0	0	0	0
40.86000000000001	7.866255245269179	2.029651698354489	-8.206782678980831	0	0.9399999999999999	0	0	0	0	0	0	0	0	0	1.208643244879139	-0.1315004536245575	-0.2431078774655356	0	-9.51640946544758e-08	0	0	0	0	0	0	0	0	0	0	0	0	0	0	0	0	0	0	0	0
40.88	7.861752170260279	2.037781065820336	-8.178075246092154	0	0.9399999999999999	0	0	0	0	0	0	0	0	0	1.21811175650704	-0.1086640896371248	-0.2336549853488319	0	-8.47994797012519e-07	0	0	0	0	0	0	0	0	0	0	0	0	0	0	0	0	0	0	0	0
40.90000000000001	7.861783971511803	2.037782547267399	-8.178107268494992	0	0.9399999999999999	0	0	0	0	0	0	0	0	0	1.224018003573043	-0.1328277794880351	-0.2076342718663099	0	5.244360086182538e-07	0	0	0	0	0	0	0	0	0	0	0	0	0	0	0	0	0	0	0	0
40.92	7.831763913147898	2.045264634163859	-8.124762294553145	0	0.9399999999999999	0	0	0	0	0	0	0	0	0	1.23538112002199	-0.1289582339234514	-0.1698294226274775	0	-1.380859197717375e-07	0	0	0	0	0	0	0	0	0	0	0	0	0	0	0	0	0	0	0	0
40.94	7.671697844775657	2.041455231113895	-7.911411378548703	0	0.9399999999999999	0	0	0	0	0	0	0	0	0	1.229759629540165	-0.07839612719414556	-0.1005997261830761	0	-5.826215593653974e-09	0	0	0	0	0	0	0	0	0	0	0	0	0	0	0	0	0	0	0	0
40.96	7.671697844775657	2.041455231113895	-7.911411378548703	0	0.9399999999999999	0	0	0	0	0	0	0	0	0	1.229759629540165	-0.07839612719414556	-0.1005997261830761	0	-5.826215593653974e-09	0	0	0	0	0	0	0	0	0	0	0	0	0	0	0	0	0	0	0	0
40.98	7.47572358435174	2.043538845574781	-7.707944550323925	0	0.9399999999999999	0	0	0	0	0	0	0	0	0	1.19471881926741	-0.03385077803721959	-0.0512955189336145	0	-1.181125513751935e-07	0	0	0	0	0	0	0	0	0	0	0	0	0	0	0	0	0	0	0	0
41.00000000000001	7.47572358435174	2.043538845574781	-7.707944550323925	0	0.9399999999999999	0	0	0	0	0	0	0	0	0	1.19471881926741	-0.03385077803721959	-0.0512955189336145	0	-1.181125513751935e-07	0	0	0	0	0	0	0	0	0	0	0	0	0	0	0	0	0	0	0	0
41.02	7.378018006964787	2.021968621687591	-7.629071543011046	0	0.9399999999999999	0	0	0	0	0	0	0	0	0	1.132787849388685	-0.03075110335070986	-0.04130831948729147	0	-7.790276891700927e-07	0	0	0	0	0	0	0	0	0	0	0	0	0	0	0	0	0	0	0	0
41.04000000000001	7.099542948093482	1.969204323240753	-7.402657683537405	0	0.9399999999999999	0	0	0	0	0	0	0	0	0	0.9729338934043111	-0.04234188690614117	-0.01668653777017129	0	-4.792621751863628e-08	0	0	0	0	0	0	0	0	0	0	0	0	0	0	0	0	0	0	0	0
41.06	6.957260381024018	1.950036487092069	-7.289094532063622	0	0.9399999999999999	0	0	0	0	0	0	0	0	0	0.879856521727776	-0.05164689851185912	0.004169263730308031	0	-4.544512031707286e-07	0	0	0	0	0	0	0	0	0	0	0	0	0	0	0	0	0	0	0	0
41.08000000000001	6.834241012230267	1.928749951166912	-7.190940905762905	0	0.9399999999999999	0	0	0	0	0	0	0	0	0	0.7826545228827705	-0.06529156339664263	0.03150496914470152	0	-2.844999052449496e-08	0	0	0	0	0	0	0	0	0	0	0	0	0	0	0	0	0	0	0	0
41.1	6.792137246104144	1.915914270816218	-7.171878126402894	0	0.9399999999999999	0	0	0	0	0	0	0	0	0	0.7069683427326552	-0.09295387201186833	0.06398287358942052	0	-8.312124310288843e-09	0	0	0	0	0	0	0	0	0	0	0	0	0	0	0	0	0	0	0	0
41.12	6.792137246104144	1.915914270816218	-7.171878126402894	0	0.9399999999999999	0	0	0	0	0	0	0	0	0	0.7069683427326552	-0.09295387201186833	0.06398287358942052	0	-8.312124310288843e-09	0	0	0	0	0	0	0	0	0	0	0	0	0	0	0	0	0	0	0	0
41.14	6.857760951856296	1.921855811183119	-7.256496779660683	0	0.9399999999999999	0	0	0	0	0	0	0	0	0	0.668412084851341	-0.1308327379923326	0.08798394918022737	0	-5.7626735811156e-07	0	0	0	0	0	0	0	0	0	0	0	0	0	0	0	0	0	0	0	0
41.16	6.985295722990742	1.91682371865027	-7.408590636561959	0	0.9399999999999999	0	0	0	0	0	0	0	0	0	0.5747677676268779	-0.1782326705043628	0.06477285077440446	0	2.430368047949702e-07	0	0	0	0	0	0	0	0	0	0	0	0	0	0	0	0	0	0	0	0
41.18000000000001	7.011118272144603	1.901135583745514	-7.444529049101395	0	0.9399999999999999	0	0	0	0	0	0	0	0	0	0.5019062434138668	-0.1755255767387992	0.02275248255658738	0	1.522320661721737e-06	0	0	0	0	0	0	0	0	0	0	0	0	0	0	0	0	0	0	0	0
41.2	7.011118272144603	1.901135583745514	-7.444529049101395	0	0.9399999999999999	0	0	0	0	0	0	0	0	0	0.5019062434138668	-0.1755255767387992	0.02275248255658738	0	1.522320661721737e-06	0	0	0	0	0	0	0	0	0	0	0	0	0	0	0	0	0	0	0	0
41.22000000000001	7.063341509455684	1.856916749911697	-7.509949651221773	0	0.9399999999999999	0	0	0	0	0	0	0	0	0	0.3323539306498685	-0.1290867178471281	-0.07205197763883624	0	-1.321262416628278e-06	0	0	0	0	0	0	0	0	0	0	0	0	0	0	0	0	0	0	0	0
41.24	7.063341509455684	1.856916749911697	-7.509949651221773	0	0.9399999999999999	0	0	0	0	0	0	0	0	0	0.3323539306498685	-0.1290867178471281	-0.07205197763883624	0	-1.321262416628278e-06	0	0	0	0	0	0	0	0	0	0	0	0	0	0	0	0	0	0	0	0
41.26000000000001	7.094002006868609	1.832837929962929	-7.544041323280989	0	0.9399999999999999	0	0	0	0	0	0	0	0	0	0.2375481022680789	-0.09422861916866089	-0.1168895074316931	0	1.217204194275036e-07	0	0	0	0	0	0	0	0	0	0	0	0	0	0	0	0	0	0	0	0
41.28	7.140449580589626	1.81185196244091	-7.5946793581825	0	0.9399999999999999	0	0	0	0	0	0	0	0	0	0.1371092068557684	-0.06287581972020079	-0.1502175950847756	0	4.915197717271415e-07	0	0	0	0	0	0	0	0	0	0	0	0	0	0	0	0	0	0	0	0
41.3	7.297312487655285	1.794264751715831	-7.774678053072519	0	0.9399999999999999	0	0	0	0	0	0	0	0	0	-0.04781356121647062	-0.0228554219856825	-0.1762761393133715	0	3.260598612473962e-07	0	0	0	0	0	0	0	0	0	0	0	0	0	0	0	0	0	0	0	0
41.32000000000001	7.297312487655285	1.794264751715831	-7.774678053072519	0	0.9399999999999999	0	0	0	0	0	0	0	0	0	-0.04781356121647062	-0.0228554219856825	-0.1762761393133715	0	3.260598612473962e-07	0	0	0	0	0	0	0	0	0	0	0	0	0	0	0	0	0	0	0	0
41.34	7.379208234437871	1.794785981290238	-7.876239855873616	0	0.9399999999999999	0	0	0	0	0	0	0	0	0	-0.1293892764685022	-0.006201964345508698	-0.176344934077749	0	-3.027757793236103e-06	0	0	0	0	0	0	0	0	0	0	0	0	0	0	0	0	0	0	0	0
41.36000000000001	7.45661739467762	1.794852351298718	-7.976917025836993	0	0.9399999999999999	0	0	0	0	0	0	0	0	0	-0.2114252686723175	0.01560285051807318	-0.1724755840434189	0	-2.868307020160065e-08	0	0	0	0	0	0	0	0	0	0	0	0	0	0	0	0	0	0	0	0
41.38	7.57177636397661	1.797608029499052	-8.147924199481199	0	0.9399999999999999	0	0	0	0	0	0	0	0	0	-0.3750983198156269	0.09157914234870729	-0.1583842799711011	0	4.67671602534725e-08	0	0	0	0	0	0	0	0	0	0	0	0	0	0	0	0	0	0	0	0
41.40000000000001	7.57177636397661	1.797608029499052	-8.147924199481199	0	0.9399999999999999	0	0	0	0	0	0	0	0	0	-0.3750983198156269	0.09157914234870729	-0.1583842799711011	0	4.67671602534725e-08	0	0	0	0	0	0	0	0	0	0	0	0	0	0	0	0	0	0	0	0
41.42	7.59150102812559	1.798998683178575	-8.2245385170795	0	0.9399999999999999	0	0	0	0	0	0	0	0	0	-0.5059512759342538	0.2180496678407251	-0.1148443985821825	0	5.047480917787785e-08	0	0	0	0	0	0	0	0	0	0	0	0	0	0	0	0	0	0	0	0
41.44	7.560259142495243	1.834448213646416	-8.218622263460782	0	0.9399999999999999	0	0	0	0	0	0	0	0	0	-0.52359878	0.2796630225808091	-0.1016299735496137	0	-1.426795673919179e-07	0	0	0	0	0	0	0	0	0	0	0	0	0	0	0	0	0	0	0	0
41.46	7.550454145185071	1.879884824019706	-8.235478071772036	0	0.9399999999999999	0	0	0	0	0	0	0	0	0	-0.52359878	0.3240755913862617	-0.1088727350370388	0	-9.674582955386914e-07	0	0	0	0	0	0	0	0	0	0	0	0	0	0	0	0	0	0	0	0
41.48	7.550491071389445	1.87988573491647	-8.235513424250637	0	0.9399999999999999	0	0	0	0	0	0	0	0	0	-0.52359878	0.3240677672116282	-0.1088786458168187	0	-2.375656977684755e-06	0	0	0	0	0	0	0	0	0	0	0	0	0	0	0	0	0	0	0	0
41.50000000000001	7.560716905738675	1.915238937684678	-8.271501022389119	0	0.9399999999999999	0	0	0	0	0	0	0	0	0	-0.52359878	0.3530188485635575	-0.1289002686584096	0	-6.846781619014205e-07	0	0	0	0	0	0	0	0	0	0	0	0	0	0	0	0	0	0	0	0
41.52	7.572484195972408	1.911051989791458	-8.295565544567872	0	0.9399999999999999	0	0	0	0	0	0	0	0	0	-0.52359878	0.356245404907499	-0.156191876444729	0.09923325281293585	0.09923322511105064	0	0	0	0	0	0	0	0	0	0	0	0	0	0	0	0	0	0	0	0
41.54000000000001	7.45852646621993	1.903102997790754	-8.206016043842929	0	0.9399999999999999	0	0	0	0	0	0	0	0	0	-0.4512805742914024	0.36506539326959	-0.1816914900871166	0.3477508555915003	0.3477517924085468	0	0	0	0	0	0	0	0	0	0	0	0	0	0	0	0	0	0	0	0
41.56	7.383561700244145	1.894913421840543	-8.144998868148674	0	0.9399999999999999	0	0	0	0	0	0	0	0	0	-0.4732474717064393	0.4087468445111118	-0.1403551654297951	0.3211267193150549	0.3211267284014472	0	0	0	0	0	0	0	0	0	0	0	0	0	0	0	0	0	0	0	0
41.58000000000001	7.326087589178818	1.887876610009884	-8.101635531154951	0	0.9399999999999999	0	0	0	0	0	0	0	0	0	-0.5058271064027676	0.4602713601098014	-0.1042496231771007	0.25359133867554	0.2535913431277571	0	0	0	0	0	0	0	0	0	0	0	0	0	0	0	0	0	0	0	0
41.6	7.293642100957187	1.888805681874945	-8.086518254296443	0	0.9399999999999999	0	0	0	0	0	0	0	0	0	-0.52359878	0.5012171634085442	-0.09954101635474948	0.1654636961097614	0.1654641644551937	0	0	0	0	0	0	0	0	0	0	0	0	0	0	0	0	0	0	0	0
41.62	7.293642100957187	1.888805681874945	-8.086518254296443	0	0.9399999999999999	0	0	0	0	0	0	0	0	0	-0.52359878	0.5012171634085442	-0.09954101635474948	0.1654636961097614	0.1654641644551937	0	0	0	0	0	0	0	0	0	0	0	0	0	0	0	0	0	0	0	0
41.64	7.285594742263652	1.910326363315886	-8.103023385375627	0	0.9399999999999999	0	0	0	0	0	0	0	0	0	-0.52359878	0.52359878	-0.0843084864455772	0.01994129176868989	0.01994137869805893	0	0	0	0	0	0	0	0	0	0	0	0	0	0	0	0	0	0	0	0
41.66	7.29069630687784	1.89334350538824	-8.114207995004808	0	0.9399999999999999	0	0	0	0	0	0	0	0	0	-0.52359878	0.52359878	-0.08639393614154388	0	-3.719165818545291e-07	0	0	0	0	0	0	0	0	0	0	0	0	0	0	0	0	0	0	0	0
41.68000000000001	7.281265091595567	1.891783981183486	-8.12457296164226	0	0.9399999999999999	0	0	0	0	0	0	0	0	0	-0.4440362540069569	0.52359878	-0.1415656224407135	0	-1.11724768718956e-07	0	0	0	0	0	0	0	0	0	0	0	0	0	0	0	0	0	0	0	0
41.7	7.36399230972659	1.932140834829145	-8.259729466725155	0	0.9399999999999999	0	0	0	0	0	0	0	0	0	-0.3275330979023413	0.4603050851261613	-0.2815474993349862	0	1.666931450153141e-06	0	0	0	0	0	0	0	0	0	0	0	0	0	0	0	0	0	0	0	0
41.72000000000001	7.428763966501611	1.904905431965405	-8.322421042690612	0	0.9399999999999999	0	0	0	0	0	0	0	0	0	-0.266183164836324	0.3731366665165883	-0.3676900867821258	0	-5.677292352958773e-07	0	0	0	0	0	0	0	0	0	0	0	0	0	0	0	0	0	0	0	0
41.74	7.428763966501611	1.904905431965405	-8.322421042690612	0	0.9399999999999999	0	0	0	0	0	0	0	0	0	-0.266183164836324	0.3731366665165883	-0.3676900867821258	0	-5.677292352958773e-07	0	0	0	0	0	0	0	0	0	0	0	0	0	0	0	0	0	0	0	0
41.76000000000001	7.537184398075999	1.882533637041943	-8.426901463178019	0	0.9399999999999999	0	0	0	0	0	0	0	0	0	-0.2386913935304072	0.331908728107436	-0.3988490609482758	0	3.777046301409445e-07	0	0	0	0	0	0	0	0	0	0	0	0	0	0	0	0	0	0	0	0
41.78	7.660528803052517	1.888611735325477	-8.543363062705646	0	0.9399999999999999	0	0	0	0	0	0	0	0	0	-0.1718833213988739	0.2642355429676064	-0.4099780262992628	0	-4.05077114569154e-08	0	0	0	0	0	0	0	0	0	0	0	0	0	0	0	0	0	0	0	0
41.8	8.054394493069401	1.884029741065535	-8.914604959002904	0	0.9399999999999999	0	0	0	0	0	0	0	0	0	-0.1084037576892455	0.08961992986855452	-0.3845663331421906	0	5.212382033309296e-08	0	0	0	0	0	0	0	0	0	0	0	0	0	0	0	0	0	0	0	0
41.82000000000001	8.054394493069401	1.884029741065535	-8.914604959002904	0	0.9399999999999999	0	0	0	0	0	0	0	0	0	-0.1084037576892455	0.08961992986855452	-0.3845663331421906	0	5.212382033309296e-08	0	0	0	0	0	0	0	0	0	0	0	0	0	0	0	0	0	0	0	0
41.84	8.241590772210129	1.87263777936126	-9.091532813872726	0	0.9399999999999999	0	0	0	0	0	0	0	0	0	-0.0861916595087837	0.03250068339607608	-0.3878249963435118	0	-2.556505386576422e-07	0	0	0	0	0	0	0	0	0	0	0	0	0	0	0	0	0	0	0	0
41.86000000000001	7.915773672108807	1.926474664255873	-8.748727852406116	0	0.9399999999999999	0	0	0	0	0	0	0	0	0	0.1334264085805096	-0.008674513451997363	-0.3561963637236552	0	2.260461313218133e-06	0	0	0	0	0	0	0	0	0	0	0	0	0	0	0	0	0	0	0	0
41.88	7.86371885391058	1.940826535814753	-8.681857706300857	0	0.9399999999999999	0	0	0	0	0	0	0	0	0	0.2621093133321477	-0.05765769337312981	-0.3111219796512369	0	2.246709834428688e-07	0	0	0	0	0	0	0	0	0	0	0	0	0	0	0	0	0	0	0	0
41.90000000000001	7.856753224850784	1.935712468258824	-8.656964256011882	0	0.9399999999999999	0	0	0	0	0	0	0	0	0	0.3269259586847573	-0.0709223053325275	-0.2784062052000916	0	-1.988797260429913e-06	0	0	0	0	0	0	0	0	0	0	0	0	0	0	0	0	0	0	0	0
41.92	7.856750486069446	1.93571471828994	-8.656965487914848	0	0.9399999999999999	0	0	0	0	0	0	0	0	0	0.3269224169834816	-0.07092241925484929	-0.2784060147647011	0	-1.103342703709449e-06	0	0	0	0	0	0	0	0	0	0	0	0	0	0	0	0	0	0	0	0
41.94	7.847973165916761	1.920048757375494	-8.638406468487659	0	0.9399999999999999	0	0	0	0	0	0	0	0	0	0.3865835956742653	-0.07386314002481224	-0.2618252176746856	0	-1.441542886052302e-07	0	0	0	0	0	0	0	0	0	0	0	0	0	0	0	0	0	0	0	0
41.96	7.731219430890118	1.883430784803403	-8.529769412284828	0	0.9399999999999999	0	0	0	0	0	0	0	0	0	0.5079019851435644	-0.05982738034576122	-0.2621772024520454	0	-1.123061495500187e-07	0	0	0	0	0	0	0	0	0	0	0	0	0	0	0	0	0	0	0	0
41.98	7.731219430890118	1.883430784803403	-8.529769412284828	0	0.9399999999999999	0	0	0	0	0	0	0	0	0	0.5079019851435644	-0.05982738034576122	-0.2621772024520454	0	-1.123061495500187e-07	0	0	0	0	0	0	0	0	0	0	0	0	0	0	0	0	0	0	0	0
42.00000000000001	7.621465507356916	1.877228974348085	-8.434008693415683	0	0.9399999999999999	0	0	0	0	0	0	0	0	0	0.5738449893987487	-0.05073696197960483	-0.2709898378291578	0	-1.462955889695705e-07	0	0	0	0	0	0	0	0	0	0	0	0	0	0	0	0	0	0	0	0
42.02	7.529281977145597	1.869012811842331	-8.358107683468081	0	0.9399999999999999	0	0	0	0	0	0	0	0	0	0.6248584293712329	-0.04670070052501959	-0.2810928681213435	0	-1.777155910422319e-07	0	0	0	0	0	0	0	0	0	0	0	0	0	0	0	0	0	0	0	0
42.04000000000001	7.344718287357764	1.860065874716894	-8.211402689105993	0	0.9399999999999999	0	0	0	0	0	0	0	0	0	0.7110994731240304	-0.04563226307899344	-0.3068941326430039	0	-4.810441426317455e-08	0	0	0	0	0	0	0	0	0	0	0	0	0	0	0	0	0	0	0	0
42.06	7.242356722140245	1.863672852055742	-8.130632931003799	0	0.9399999999999999	0	0	0	0	0	0	0	0	0	0.7492599409196543	-0.04528442399306302	-0.3223359660105765	0	1.209234676421555e-06	0	0	0	0	0	0	0	0	0	0	0	0	0	0	0	0	0	0	0	0
42.08000000000001	7.24235818166233	1.863671343738786	-8.130631709602449	0	0.9399999999999999	0	0	0	0	0	0	0	0	0	0.749261016624339	-0.04528405406655296	-0.3223365033627077	0	5.843562259312619e-07	0	0	0	0	0	0	0	0	0	0	0	0	0	0	0	0	0	0	0	0
42.1	7.070258737208949	1.868391068177334	-8.003874640406167	0	0.9399999999999999	0	0	0	0	0	0	0	0	0	0.7992832136883693	-0.04411215145551943	-0.3537468913219879	0	4.325171837385457e-08	0	0	0	0	0	0	0	0	0	0	0	0	0	0	0	0	0	0	0	0
42.12	7.070258737208949	1.868391068177334	-8.003874640406167	0	0.9399999999999999	0	0	0	0	0	0	0	0	0	0.7992832136883693	-0.04411215145551943	-0.3537468913219879	0	4.325171837385457e-08	0	0	0	0	0	0	0	0	0	0	0	0	0	0	0	0	0	0	0	0
42.14	6.981448497936526	1.873624680889618	-7.963210308045479	0	0.9399999999999999	0	0	0	0	0	0	0	0	0	0.8204168906194381	-0.05641584354753668	-0.3977438576929723	0	-5.543346581086558e-08	0	0	0	0	0	0	0	0	0	0	0	0	0	0	0	0	0	0	0	0
42.16	6.981986991659751	1.873624176846579	-7.963812788864208	0	0.9399999999999999	0	0	0	0	0	0	0	0	0	0.8322716556734283	-0.05411257316713286	-0.4010499750029615	0	8.716013974327145e-07	0	0	0	0	0	0	0	0	0	0	0	0	0	0	0	0	0	0	0	0
42.18000000000001	7.02966784425245	1.870269832792963	-8.039347069544247	0	0.9399999999999999	0	0	0	0	0	0	0	0	0	0.8327192379911248	-0.08380081347270693	-0.4189419170590857	0	-1.600503704683383e-07	0	0	0	0	0	0	0	0	0	0	0	0	0	0	0	0	0	0	0	0
42.2	7.09045354229106	1.865458668664769	-8.122711184089574	0	0.9399999999999999	0	0	0	0	0	0	0	0	0	0.8301076203500322	-0.1119500350927344	-0.436439310784997	0	-9.246853621700959e-08	0	0	0	0	0	0	0	0	0	0	0	0	0	0	0	0	0	0	0	0
42.22000000000001	7.18655880862837	1.872624728094026	-8.235743472838415	0	0.9399999999999999	0	0	0	0	0	0	0	0	0	0.839732633592766	-0.1455518971229087	-0.447037607678833	0	5.831418816126334e-07	0	0	0	0	0	0	0	0	0	0	0	0	0	0	0	0	0	0	0	0
42.24	7.399317791808912	1.927588538133712	-8.461627602449017	0	0.9399999999999999	0	0	0	0	0	0	0	0	0	0.892298592117635	-0.2174493509017398	-0.4088082746289167	0	9.762484117008796e-08	0	0	0	0	0	0	0	0	0	0	0	0	0	0	0	0	0	0	0	0
42.26000000000001	7.489555845620584	1.968854500092218	-8.553034664822137	0	0.9399999999999999	0	0	0	0	0	0	0	0	0	0.9303493242051458	-0.2553206960344472	-0.3596663382349055	0	3.079736159936912e-06	0	0	0	0	0	0	0	0	0	0	0	0	0	0	0	0	0	0	0	0
42.28	7.546130175579986	2.011058296926976	-8.606830698705567	0	0.9399999999999999	0	0	0	0	0	0	0	0	0	0.9563953385912539	-0.283573566121619	-0.3229666239352171	0	4.173117409066628e-07	0	0	0	0	0	0	0	0	0	0	0	0	0	0	0	0	0	0	0	0
42.3	7.572686793085174	2.045517472636009	-8.62547910005396	0	0.9399999999999999	0	0	0	0	0	0	0	0	0	1.011900797047603	-0.3089807048974916	-0.2567096423175688	0	-1.24789998695427e-06	0	0	0	0	0	0	0	0	0	0	0	0	0	0	0	0	0	0	0	0
42.32000000000001	7.592429890008307	2.070085222393505	-8.636547938475418	0	0.9399999999999999	0	0	0	0	0	0	0	0	0	1.040905238620107	-0.3291797611457961	-0.2002648556007941	0	1.631420593259151e-07	0	0	0	0	0	0	0	0	0	0	0	0	0	0	0	0	0	0	0	0
42.34	7.613040923159937	2.091229752613505	-8.650931484874995	0	0.9399999999999999	0	0	0	0	0	0	0	0	0	1.063386538578076	-0.3554934550453753	-0.1331121546061718	0	-3.404410652823071e-06	0	0	0	0	0	0	0	0	0	0	0	0	0	0	0	0	0	0	0	0
42.36000000000001	7.609960544474728	2.109727588916246	-8.641308457137391	0	0.9399999999999999	0	0	0	0	0	0	0	0	0	1.087939046235775	-0.376793232568114	-0.06261769349103752	0	-1.007184707949599e-07	0	0	0	0	0	0	0	0	0	0	0	0	0	0	0	0	0	0	0	0
42.38	7.569115876741741	2.106614208029224	-8.59023035523993	0	0.9399999999999999	0	0	0	0	0	0	0	0	0	1.10051302196432	-0.3767469244762005	-0.00653135021203145	0	-1.841572045666964e-07	0	0	0	0	0	0	0	0	0	0	0	0	0	0	0	0	0	0	0	0
42.40000000000001	7.520877765395698	2.092209100417307	-8.532957147865211	0	0.9399999999999999	0	0	0	0	0	0	0	0	0	1.09656934142581	-0.3701862345600103	0.03683689202642812	0	6.888053824405636e-08	0	0	0	0	0	0	0	0	0	0	0	0	0	0	0	0	0	0	0	0
42.42	7.520877765395698	2.092209100417307	-8.532957147865211	0	0.9399999999999999	0	0	0	0	0	0	0	0	0	1.09656934142581	-0.3701862345600103	0.03683689202642812	0	6.888053824405636e-08	0	0	0	0	0	0	0	0	0	0	0	0	0	0	0	0	0	0	0	0
42.44	7.366070507005384	2.066103791451827	-8.362026249008018	0	0.9399999999999999	0	0	0	0	0	0	0	0	0	1.090993487352372	-0.3151067285962808	0.03414323050881762	0	-1.846610858147583e-07	0	0	0	0	0	0	0	0	0	0	0	0	0	0	0	0	0	0	0	0
42.46	7.263917946744555	2.058934601858384	-8.265363101460085	0	0.9399999999999999	0	0	0	0	0	0	0	0	0	1.066136083477772	-0.2874586529964169	0.07654502344960552	0	1.490255445176351e-07	0	0	0	0	0	0	0	0	0	0	0	0	0	0	0	0	0	0	0	0
42.48	7.212054972815363	2.032277299225647	-8.240318086172135	0	0.9399999999999999	0	0	0	0	0	0	0	0	0	1.004096908101078	-0.2898480824821352	0.06032504342246892	0	2.366650725332667e-07	0	0	0	0	0	0	0	0	0	0	0	0	0	0	0	0	0	0	0	0
42.50000000000001	7.143629191983542	1.968277630666479	-8.205413632832865	0	0.9399999999999999	0	0	0	0	0	0	0	0	0	0.9017251855774123	-0.2926271842659708	0.02250388280604123	0	-1.719701947893001e-06	0	0	0	0	0	0	0	0	0	0	0	0	0	0	0	0	0	0	0	0
42.52	7.14362788498673	1.968279609412146	-8.205414894533446	0	0.9399999999999999	0	0	0	0	0	0	0	0	0	0.9017246768648016	-0.292625470940018	0.02250388198358357	0	-7.172616298255191e-07	0	0	0	0	0	0	0	0	0	0	0	0	0	0	0	0	0	0	0	0
42.54000000000001	7.028222049071468	1.877890974264777	-8.123469894448101	0	0.9399999999999999	0	0	0	0	0	0	0	0	0	0.7756648720499375	-0.2886968483473735	-0.01895673194628749	0	-2.346287179146558e-07	0	0	0	0	0	0	0	0	0	0	0	0	0	0	0	0	0	0	0	0
42.56	6.768506428285985	1.720191689089792	-7.922858625454429	0	0.9399999999999999	0	0	0	0	0	0	0	0	0	0.5171620602413003	-0.27920162316385	-0.08692147895233973	0	-1.218459005809777e-07	0	0	0	0	0	0	0	0	0	0	0	0	0	0	0	0	0	0	0	0
42.58000000000001	6.829250813130624	1.731211608661254	-8.018958997906516	0	0.9399999999999999	0	0	0	0	0	0	0	0	0	0.4742856165548344	-0.3163605769639775	-0.09160601698605718	0	-3.759678716101563e-08	0	0	0	0	0	0	0	0	0	0	0	0	0	0	0	0	0	0	0	0
42.6	6.92344461814234	1.7786912773174	-8.139782769284714	0	0.9399999999999999	0	0	0	0	0	0	0	0	0	0.4671828791637693	-0.3494811853794255	-0.0973672479438011	0	-9.445450324542052e-08	0	0	0	0	0	0	0	0	0	0	0	0	0	0	0	0	0	0	0	0
42.62	6.92344461814234	1.7786912773174	-8.139782769284714	0	0.9399999999999999	0	0	0	0	0	0	0	0	0	0.4671828791637693	-0.3494811853794255	-0.0973672479438011	0	-9.445450324542052e-08	0	0	0	0	0	0	0	0	0	0	0	0	0	0	0	0	0	0	0	0
42.64	7.024478029287909	1.828205295880452	-8.275871557692373	0	0.9399999999999999	0	0	0	0	0	0	0	0	0	0.3957310639826074	-0.3596093868319634	-0.1291443418134729	0	4.706822574818905e-08	0	0	0	0	0	0	0	0	0	0	0	0	0	0	0	0	0	0	0	0
42.66	7.024478029287909	1.828205295880452	-8.275871557692373	0	0.9399999999999999	0	0	0	0	0	0	0	0	0	0.3957310639826074	-0.3596093868319634	-0.1291443418134729	0	4.706822574818905e-08	0	0	0	0	0	0	0	0	0	0	0	0	0	0	0	0	0	0	0	0
42.68000000000001	7.069445446741165	1.821263983679263	-8.337692452223891	0	0.9399999999999999	0	0	0	0	0	0	0	0	0	0.3148475403190228	-0.3372644631367039	-0.1641557353068375	0	-2.296886180583941e-07	0	0	0	0	0	0	0	0	0	0	0	0	0	0	0	0	0	0	0	0
42.7	7.126195928122227	1.809888050739207	-8.408113127521794	0	0.9399999999999999	0	0	0	0	0	0	0	0	0	0.2214830715952456	-0.3054059192568612	-0.2046767955977424	0	-2.507711939129321e-07	0	0	0	0	0	0	0	0	0	0	0	0	0	0	0	0	0	0	0	0
42.72000000000001	7.311004405752732	1.801637987605001	-8.605007076353356	0	0.9399999999999999	0	0	0	0	0	0	0	0	0	0.02725343412293465	-0.2450571049456288	-0.2721008949143642	0	-4.324428348195809e-07	0	0	0	0	0	0	0	0	0	0	0	0	0	0	0	0	0	0	0	0
42.74	7.311004405752732	1.801637987605001	-8.605007076353356	0	0.9399999999999999	0	0	0	0	0	0	0	0	0	0.02725343412293465	-0.2450571049456288	-0.2721008949143642	0	-4.324428348195809e-07	0	0	0	0	0	0	0	0	0	0	0	0	0	0	0	0	0	0	0	0
42.76000000000001	7.488657653904368	1.789089076932962	-8.796116808426119	0	0.9399999999999999	0	0	0	0	0	0	0	0	0	-0.1681942168827553	-0.1666766398335842	-0.3131915610913064	0	2.317059560555626e-06	0	0	0	0	0	0	0	0	0	0	0	0	0	0	0	0	0	0	0	0
42.78	7.544449311413142	1.786877395093431	-8.867308201313554	0	0.9399999999999999	0	0	0	0	0	0	0	0	0	-0.2533723783529757	-0.1180686329780514	-0.3317518510261043	0	-1.167395626804769e-07	0	0	0	0	0	0	0	0	0	0	0	0	0	0	0	0	0	0	0	0
42.8	7.575989646948556	1.784658315142315	-8.919723361413821	0	0.9399999999999999	0	0	0	0	0	0	0	0	0	-0.3280744528608598	-0.05442997955966097	-0.3448954343076832	0	-1.377389134284869e-08	0	0	0	0	0	0	0	0	0	0	0	0	0	0	0	0	0	0	0	0
42.82000000000001	7.575989646948556	1.784658315142315	-8.919723361413821	0	0.9399999999999999	0	0	0	0	0	0	0	0	0	-0.3280744528608598	-0.05442997955966097	-0.3448954343076832	0	-1.377389134284869e-08	0	0	0	0	0	0	0	0	0	0	0	0	0	0	0	0	0	0	0	0
42.84	7.600647041516623	1.78092245302951	-8.969397743275627	0	0.9399999999999999	0	0	0	0	0	0	0	0	0	-0.3971671555022177	0.02096653177512207	-0.3430673424507497	0	1.044176219300368e-07	0	0	0	0	0	0	0	0	0	0	0	0	0	0	0	0	0	0	0	0
42.86000000000001	7.683615501673244	1.776405488764466	-9.110385925649567	0	0.9399999999999999	0	0	0	0	0	0	0	0	0	-0.5235935612972062	0.179138785108422	-0.3031989767987703	0	7.152590541229874e-06	0	0	0	0	0	0	0	0	0	0	0	0	0	0	0	0	0	0	0	0
42.88	7.576405944989482	1.791005760585292	-9.043445270528723	0	0.9399999999999999	0	0	0	0	0	0	0	0	0	-0.52359878	0.2552144854659287	-0.2815277856718428	0	-5.24343287514187e-07	0	0	0	0	0	0	0	0	0	0	0	0	0	0	0	0	0	0	0	0
42.90000000000001	7.503801133118833	1.808571931772743	-9.012110199021713	0	0.9399999999999999	0	0	0	0	0	0	0	0	0	-0.52359878	0.3271414004202645	-0.2625976600700551	0	-8.335701011002267e-07	0	0	0	0	0	0	0	0	0	0	0	0	0	0	0	0	0	0	0	0
42.92	7.503801133118833	1.808571931772743	-9.012110199021713	0	0.9399999999999999	0	0	0	0	0	0	0	0	0	-0.52359878	0.3271414004202645	-0.2625976600700551	0	-8.335701011002267e-07	0	0	0	0	0	0	0	0	0	0	0	0	0	0	0	0	0	0	0	0
42.94	7.585131534925228	1.84732256911511	-9.147496404882387	0	0.9399999999999999	0	0	0	0	0	0	0	0	0	-0.52359878	0.370328287372469	-0.2976960339903045	0.1714047779097196	0.1714045909830409	0	0	0	0	0	0	0	0	0	0	0	0	0	0	0	0	0	0	0	0
42.96	7.653006873520111	1.85697748051435	-9.227221654385684	0	0.9399999999999999	0	0	0	0	0	0	0	0	0	-0.52359878	0.3430561668964839	-0.3158804707446149	0.1932307373545932	0.1932300644474673	0	0	0	0	0	0	0	0	0	0	0	0	0	0	0	0	0	0	0	0
42.98	7.669887118819042	1.858800041173341	-9.258400605688493	0	0.9399999999999999	0	0	0	0	0	0	0	0	0	-0.4478460376588265	0.2592936049024404	-0.3999984688521475	0.6440780693174862	0.644078036923016	0	0	0	0	0	0	0	0	0	0	0	0	0	0	0	0	0	0	0	0
43.00000000000001	7.669887118819042	1.858800041173341	-9.258400605688493	0	0.9399999999999999	0	0	0	0	0	0	0	0	0	-0.4478460376588265	0.2592936049024404	-0.3999984688521475	0.6440780693174862	0.644078036923016	0	0	0	0	0	0	0	0	0	0	0	0	0	0	0	0	0	0	0	0
43.02	7.608970686788596	1.854373396286072	-9.217529413929975	0	0.9399999999999999	0	0	0	0	0	0	0	0	0	-0.4036861646828295	0.2463233588911855	-0.4129189520320718	0.7747292606535706	0.7747292404172983	0	0	0	0	0	0	0	0	0	0	0	0	0	0	0	0	0	0	0	0
43.04000000000001	7.553674058432604	1.846398443332572	-9.181750066398029	0	0.9399999999999999	0	0	0	0	0	0	0	0	0	-0.3873878305830977	0.2590504500331839	-0.4128568055522308	0.8141388039069244	0.8141386365897121	0	0	0	0	0	0	0	0	0	0	0	0	0	0	0	0	0	0	0	0
43.06	7.513481401870911	1.8383262069141	-9.159455963764501	0	0.9399999999999999	0	0	0	0	0	0	0	0	0	-0.4044625849335891	0.3062884050529994	-0.3933078878908949	0.7666766837797923	0.7666778207750721	0	0	0	0	0	0	0	0	0	0	0	0	0	0	0	0	0	0	0	0
43.08000000000001	7.47993557852941	1.830408176461414	-9.141794706071602	0	0.9399999999999999	0	0	0	0	0	0	0	0	0	-0.430422865192903	0.3780236254881549	-0.3820652581063707	0.6472269078340457	0.6472268828790834	0	0	0	0	0	0	0	0	0	0	0	0	0	0	0	0	0	0	0	0
43.1	7.392206018501681	1.833949346622139	-9.084745614776672	0	0.9399999999999999	0	0	0	0	0	0	0	0	0	-0.52359878	0.4937281291212244	-0.3251801351370092	0.2720239993288822	0.2720251258477162	0	0	0	0	0	0	0	0	0	0	0	0	0	0	0	0	0	0	0	0
43.12	7.392207255443573	1.833950747850467	-9.084744601145657	0	0.9399999999999999	0	0	0	0	0	0	0	0	0	-0.52359878	0.4937279712563674	-0.325179455072682	0.2720241451377181	0.2720250340961091	0	0	0	0	0	0	0	0	0	0	0	0	0	0	0	0	0	0	0	0
43.14	7.259302934112499	1.884497253428462	-8.971191340745337	0	0.9399999999999999	0	0	0	0	0	0	0	0	0	-0.52359878	0.52359878	-0.2556357776324811	0	-5.523821993462786e-08	0	0	0	0	0	0	0	0	0	0	0	0	0	0	0	0	0	0	0	0
43.16	7.19993475482794	1.867376485060412	-8.937759822306788	0	0.9399999999999999	0	0	0	0	0	0	0	0	0	-0.413203482418982	0.4837894273541573	-0.3021239525214335	0	-1.84323833516294e-06	0	0	0	0	0	0	0	0	0	0	0	0	0	0	0	0	0	0	0	0
43.18000000000001	7.166237669828948	1.900205516376108	-8.920191625305227	0	0.9399999999999999	0	0	0	0	0	0	0	0	0	-0.3339530058180917	0.4132989938163897	-0.4030977373469913	0	-2.116683815613296e-08	0	0	0	0	0	0	0	0	0	0	0	0	0	0	0	0	0	0	0	0
43.2	7.177502001322843	1.931659895663749	-8.940221094218051	0	0.9399999999999999	0	0	0	0	0	0	0	0	0	-0.2877919321250103	0.3538604241792286	-0.4841788536966689	0	-5.842921937060892e-07	0	0	0	0	0	0	0	0	0	0	0	0	0	0	0	0	0	0	0	0
43.22000000000001	7.264114949538519	1.929013584919383	-9.017031389662238	0	0.9399999999999999	0	0	0	0	0	0	0	0	0	-0.2852185684317279	0.3130643127021376	-0.537873109116067	0	-6.63183622509024e-08	0	0	0	0	0	0	0	0	0	0	0	0	0	0	0	0	0	0	0	0
43.24	7.420666756460354	1.939220622580009	-9.157657023833076	0	0.9399999999999999	0	0	0	0	0	0	0	0	0	-0.3075512925202398	0.244576200803634	-0.5634646643789776	0	-4.649008668840063e-07	0	0	0	0	0	0	0	0	0	0	0	0	0	0	0	0	0	0	0	0
43.26000000000001	7.618146696740107	1.963582056185621	-9.330515683575864	0	0.9399999999999999	0	0	0	0	0	0	0	0	0	-0.3282609669427222	0.1478739888383615	-0.5510048781534664	0	-1.164339280572557e-08	0	0	0	0	0	0	0	0	0	0	0	0	0	0	0	0	0	0	0	0
43.28	7.855584750545201	1.998448441387138	-9.544049150003378	0	0.9399999999999999	0	0	0	0	0	0	0	0	0	-0.4221281905107269	0.1151477646327426	-0.5592408644855719	0	8.123598317768272e-07	0	0	0	0	0	0	0	0	0	0	0	0	0	0	0	0	0	0	0	0
43.3	7.951218144137345	2.024944932036414	-9.624011305463913	0	0.9399999999999999	0	0	0	0	0	0	0	0	0	-0.3608259244064429	-0.01762261016029997	-0.5016298484970543	0	-1.086088230305199e-07	0	0	0	0	0	0	0	0	0	0	0	0	0	0	0	0	0	0	0	0
43.32000000000001	7.951218144137345	2.024944932036414	-9.624011305463913	0	0.9399999999999999	0	0	0	0	0	0	0	0	0	-0.3608259244064429	-0.01762261016029997	-0.5016298484970543	0	-1.086088230305199e-07	0	0	0	0	0	0	0	0	0	0	0	0	0	0	0	0	0	0	0	0
43.34	7.625717138358419	2.02802746589475	-9.294478965243334	0	0.9399999999999999	0	0	0	0	0	0	0	0	0	-0.09934151719337247	-0.1102722125128263	-0.4556525242894638	0	3.026002269075389e-07	0	0	0	0	0	0	0	0	0	0	0	0	0	0	0	0	0	0	0	0
43.36000000000001	7.562377634076494	2.032025577185501	-9.221606382598955	0	0.9399999999999999	0	0	0	0	0	0	0	0	0	-0.01381930538500574	-0.1440192698175331	-0.4301249738988179	0	4.305378828504934e-07	0	0	0	0	0	0	0	0	0	0	0	0	0	0	0	0	0	0	0	0
43.38	7.575852563038946	2.025353014399513	-9.216479814748784	0	0.9399999999999999	0	0	0	0	0	0	0	0	0	0.02984021852923255	-0.1716131686932454	-0.3959812593840954	0	-5.519298844162418e-08	0	0	0	0	0	0	0	0	0	0	0	0	0	0	0	0	0	0	0	0
43.40000000000001	7.575852563038946	2.025353014399513	-9.216479814748784	0	0.9399999999999999	0	0	0	0	0	0	0	0	0	0.02984021852923255	-0.1716131686932454	-0.3959812593840954	0	-5.519298844162418e-08	0	0	0	0	0	0	0	0	0	0	0	0	0	0	0	0	0	0	0	0
43.42	7.589714017664331	2.008298212474802	-9.227462083484054	0	0.9399999999999999	0	0	0	0	0	0	0	0	0	0.06573475158008708	-0.1866307157337083	-0.3763773333618775	0	-2.791514482005524e-07	0	0	0	0	0	0	0	0	0	0	0	0	0	0	0	0	0	0	0	0
43.44	7.562990431756423	1.987204140951774	-9.209870101023425	0	0.9399999999999999	0	0	0	0	0	0	0	0	0	0.1175607858356953	-0.1917730071309504	-0.3700220836409029	0	7.598705198587804e-08	0	0	0	0	0	0	0	0	0	0	0	0	0	0	0	0	0	0	0	0
43.46	7.443940809351353	1.947410693276435	-9.131420103080917	0	0.9399999999999999	0	0	0	0	0	0	0	0	0	0.2270726297092377	-0.1764547344704024	-0.3944907625461843	0	1.27308176867577e-07	0	0	0	0	0	0	0	0	0	0	0	0	0	0	0	0	0	0	0	0
43.48	7.393031469443385	1.932426398893732	-9.106880927238578	0	0.9399999999999999	0	0	0	0	0	0	0	0	0	0.29418297679397	-0.1953107979163278	-0.4062436986764426	0	1.533502950161095e-08	0	0	0	0	0	0	0	0	0	0	0	0	0	0	0	0	0	0	0	0
43.50000000000001	7.358524999228084	1.920928582372717	-9.101434838679955	0	0.9399999999999999	0	0	0	0	0	0	0	0	0	0.3363659558270079	-0.2069614342492793	-0.4227863903894787	0	-3.442287189191813e-07	0	0	0	0	0	0	0	0	0	0	0	0	0	0	0	0	0	0	0	0
43.52	7.332682504925445	1.906610957880644	-9.104475601949046	0	0.9399999999999999	0	0	0	0	0	0	0	0	0	0.3336265777794625	-0.200540871623177	-0.4546702418247882	0	-1.643161353649296e-08	0	0	0	0	0	0	0	0	0	0	0	0	0	0	0	0	0	0	0	0
43.54000000000001	7.321629025188149	1.886983208894949	-9.122781174086166	0	0.9399999999999999	0	0	0	0	0	0	0	0	0	0.3902179587203783	-0.226801342349182	-0.4517328856768654	0	-1.373245533786709e-09	0	0	0	0	0	0	0	0	0	0	0	0	0	0	0	0	0	0	0	0
43.56	7.318315389189916	1.86467304701679	-9.149185831961223	0	0.9399999999999999	0	0	0	0	0	0	0	0	0	0.4062134019797869	-0.231236985822823	-0.467424603856938	0	-7.847887962597631e-08	0	0	0	0	0	0	0	0	0	0	0	0	0	0	0	0	0	0	0	0
43.58000000000001	7.318315389189916	1.86467304701679	-9.149185831961223	0	0.9399999999999999	0	0	0	0	0	0	0	0	0	0.4062134019797869	-0.231236985822823	-0.467424603856938	0	-7.847887962597631e-08	0	0	0	0	0	0	0	0	0	0	0	0	0	0	0	0	0	0	0	0
43.6	7.291738971175193	1.82621351491335	-9.184506318954234	0	0.9399999999999999	0	0	0	0	0	0	0	0	0	0.4424722399702742	-0.2371780500504303	-0.4960553035636577	0	1.267050673310936e-06	0	0	0	0	0	0	0	0	0	0	0	0	0	0	0	0	0	0	0	0
43.62	7.291734384913507	1.826214495444749	-9.184503664635743	0	0.9399999999999999	0	0	0	0	0	0	0	0	0	0.4424729895582164	-0.2371775696326025	-0.4960546154143283	0	1.188541278468982e-06	0	0	0	0	0	0	0	0	0	0	0	0	0	0	0	0	0	0	0	0
43.64	7.263109665077298	1.810011951650166	-9.187288251626555	0	0.9399999999999999	0	0	0	0	0	0	0	0	0	0.4633951956704454	-0.2396261630288432	-0.5044126098621914	0	4.768571846854217e-07	0	0	0	0	0	0	0	0	0	0	0	0	0	0	0	0	0	0	0	0
43.66	7.184267267282057	1.793549454891997	-9.170265210384693	0	0.9399999999999999	0	0	0	0	0	0	0	0	0	0.5022496567270428	-0.2532107733192983	-0.5116058020415039	0	-4.448262223979325e-08	0	0	0	0	0	0	0	0	0	0	0	0	0	0	0	0	0	0	0	0
43.68000000000001	7.150500770804469	1.793100655378314	-9.164106943182434	0	0.9399999999999999	0	0	0	0	0	0	0	0	0	0.502835464570711	-0.2640637719680494	-0.5370420541069454	0	-5.478002953033513e-08	0	0	0	0	0	0	0	0	0	0	0	0	0	0	0	0	0	0	0	0
43.7	7.151743750034881	1.793107836823736	-9.165350590197589	0	0.9399999999999999	0	0	0	0	0	0	0	0	0	0.5180577779234623	-0.26499331567898	-0.5107670027775983	0	1.957596231601598e-06	0	0	0	0	0	0	0	0	0	0	0	0	0	0	0	0	0	0	0	0
43.72000000000001	7.059263665982723	1.788196653554175	-9.096249862046694	0	0.9399999999999999	0	0	0	0	0	0	0	0	0	0.541991784876093	-0.2673555953233839	-0.511260394690316	0	1.083205260017699e-07	0	0	0	0	0	0	0	0	0	0	0	0	0	0	0	0	0	0	0	0
43.74	6.976937572185449	1.803191581162227	-9.034147644109858	0	0.9399999999999999	0	0	0	0	0	0	0	0	0	0.570262708603244	-0.2846398520698661	-0.5006998510670746	0	-9.01532099852051e-07	0	0	0	0	0	0	0	0	0	0	0	0	0	0	0	0	0	0	0	0
43.76000000000001	6.950215419207021	1.825477300959142	-9.025879809512144	0	0.9399999999999999	0	0	0	0	0	0	0	0	0	0.5899973433843911	-0.3115002157367317	-0.4829897194442618	0	1.231175177850963e-07	0	0	0	0	0	0	0	0	0	0	0	0	0	0	0	0	0	0	0	0
43.78	6.962207752342215	1.894527929342232	-9.072254464656332	0	0.9399999999999999	0	0	0	0	0	0	0	0	0	0.634699141439712	-0.4010361092139333	-0.4104882569131342	0	7.759646196925184e-08	0	0	0	0	0	0	0	0	0	0	0	0	0	0	0	0	0	0	0	0
43.8	6.956729474271781	1.934241231533217	-9.080737379356332	0	0.9399999999999999	0	0	0	0	0	0	0	0	0	0.662504286252068	-0.4501474455609661	-0.3653685387824661	0	-8.300015443612758e-07	0	0	0	0	0	0	0	0	0	0	0	0	0	0	0	0	0	0	0	0
43.82000000000001	6.95673084851232	1.934241406398218	-9.080739313121409	0	0.9399999999999999	0	0	0	0	0	0	0	0	0	0.6625035136798545	-0.4501476230011519	-0.3653685450327456	0	-7.895781300764061e-07	0	0	0	0	0	0	0	0	0	0	0	0	0	0	0	0	0	0	0	0
43.84	6.961850966449873	1.97161116437994	-9.099520973010634	0	0.9399999999999999	0	0	0	0	0	0	0	0	0	0.6868829066383806	-0.5021466651124146	-0.3191725973821463	0	3.549895583822427e-09	0	0	0	0	0	0	0	0	0	0	0	0	0	0	0	0	0	0	0	0
43.86000000000001	6.980467928622905	2.001680231771374	-9.131459196808008	0	0.9399999999999999	0	0	0	0	0	0	0	0	0	0.7032439077424844	-0.5544959150060208	-0.2756065521488877	0	-4.311333537479624e-08	0	0	0	0	0	0	0	0	0	0	0	0	0	0	0	0	0	0	0	0
43.88	6.990459225172422	2.022023881950218	-9.150488052265688	0	0.9399999999999999	0	0	0	0	0	0	0	0	0	0.7195013082186622	-0.5986038634457771	-0.2319020092438771	0	-4.773942699606524e-07	0	0	0	0	0	0	0	0	0	0	0	0	0	0	0	0	0	0	0	0
43.90000000000001	6.931388933604063	2.028973374570346	-9.094247618879061	0	0.9399999999999999	0	0	0	0	0	0	0	0	0	0.7650204391900237	-0.6454361976292053	-0.1408283884475807	0	-6.089338767441631e-10	0	0	0	0	0	0	0	0	0	0	0	0	0	0	0	0	0	0	0	0
43.92	6.874054510462758	2.022249508634459	-9.032957801750653	0	0.9399999999999999	0	0	0	0	0	0	0	0	0	0.7880448919867086	-0.6506043850865318	-0.09723241795288981	0	1.348550809202755e-06	0	0	0	0	0	0	0	0	0	0	0	0	0	0	0	0	0	0	0	0
43.94	6.810725915087987	2.010048989565951	-8.963926695552669	0	0.9399999999999999	0	0	0	0	0	0	0	0	0	0.8029671174534619	-0.6472316194095825	-0.06083428364450382	0	1.183687217658445e-07	0	0	0	0	0	0	0	0	0	0	0	0	0	0	0	0	0	0	0	0
43.96	6.752243157447483	1.99310473763982	-8.905080475912586	0	0.9399999999999999	0	0	0	0	0	0	0	0	0	0.8053926765443401	-0.6247842117400739	-0.07958960324533911	0	1.93455486259348e-06	0	0	0	0	0	0	0	0	0	0	0	0	0	0	0	0	0	0	0	0
43.98	6.720709811379743	1.969607586007299	-8.880113973961096	0	0.9399999999999999	0	0	0	0	0	0	0	0	0	0.7544264888052716	-0.6439668012804783	-0.04709164683863376	0	-4.716237435264002e-07	0	0	0	0	0	0	0	0	0	0	0	0	0	0	0	0	0	0	0	0
44.00000000000001	6.705018740091949	1.921100461431194	-8.877673439349024	0	0.9399999999999999	0	0	0	0	0	0	0	0	0	0.6803216326106741	-0.6310431614038828	-0.08908763459833673	0	2.532515839326075e-06	0	0	0	0	0	0	0	0	0	0	0	0	0	0	0	0	0	0	0	0
44.02	6.735826462334365	1.846630286052621	-8.930400125695162	0	0.9399999999999999	0	0	0	0	0	0	0	0	0	0.582364486334189	-0.6052505448712832	-0.1616078885803208	0	2.170593159481847e-08	0	0	0	0	0	0	0	0	0	0	0	0	0	0	0	0	0	0	0	0
44.04000000000001	6.735826462334365	1.846630286052621	-8.930400125695162	0	0.9399999999999999	0	0	0	0	0	0	0	0	0	0.582364486334189	-0.6052505448712832	-0.1616078885803208	0	2.170593159481847e-08	0	0	0	0	0	0	0	0	0	0	0	0	0	0	0	0	0	0	0	0
44.06	7.222827188070133	1.694064655151132	-9.462437179253511	0	0.9399999999999999	0	0	0	0	0	0	0	0	0	0.3635119895677834	-0.5335690149806054	-0.2894421540254525	0	2.296698253226118e-07	0	0	0	0	0	0	0	0	0	0	0	0	0	0	0	0	0	0	0	0
44.08000000000001	7.570024266769412	1.670530267455191	-9.83692369976111	0	0.9399999999999999	0	0	0	0	0	0	0	0	0	0.284943344343715	-0.5160344190490178	-0.3125371631972472	0	-9.864937972539287e-07	0	0	0	0	0	0	0	0	0	0	0	0	0	0	0	0	0	0	0	0
44.1	7.395227849279911	1.659657748039183	-9.695111019394183	0	0.9399999999999999	0	0	0	0	0	0	0	0	0	0.251667819642564	-0.5232154184533383	-0.3148272490882978	0	4.065518013113469e-07	0	0	0	0	0	0	0	0	0	0	0	0	0	0	0	0	0	0	0	0
44.12	7.395227849279911	1.659657748039183	-9.695111019394183	0	0.9399999999999999	0	0	0	0	0	0	0	0	0	0.251667819642564	-0.5232154184533383	-0.3148272490882978	0	4.065518013113469e-07	0	0	0	0	0	0	0	0	0	0	0	0	0	0	0	0	0	0	0	0
44.14	7.194406055833352	1.657222394515178	-9.515958254054661	0	0.9399999999999999	0	0	0	0	0	0	0	0	0	0.2170874115359973	-0.5317023428027366	-0.2972665053305112	0	6.210974958722137e-08	0	0	0	0	0	0	0	0	0	0	0	0	0	0	0	0	0	0	0	0
44.16	7.316458573931129	1.661372155012804	-9.665207211040624	0	0.9399999999999999	0	0	0	0	0	0	0	0	0	0.102791444588029	-0.5309171716900067	-0.2638349784978703	0	-9.196068129355312e-07	0	0	0	0	0	0	0	0	0	0	0	0	0	0	0	0	0	0	0	0
44.18000000000001	7.316458573931129	1.661372155012804	-9.665207211040624	0	0.9399999999999999	0	0	0	0	0	0	0	0	0	0.102791444588029	-0.5309171716900067	-0.2638349784978703	0	-9.196068129355312e-07	0	0	0	0	0	0	0	0	0	0	0	0	0	0	0	0	0	0	0	0
44.2	7.390674927846167	1.66742089647118	-9.744563603695283	0	0.9399999999999999	0	0	0	0	0	0	0	0	0	0.04850917357421264	-0.5201345963167872	-0.253396094830568	0	2.384400169061182e-07	0	0	0	0	0	0	0	0	0	0	0	0	0	0	0	0	0	0	0	0
44.22000000000001	7.387001875095436	1.68463092070758	-9.736860334276312	0	0.9399999999999999	0	0	0	0	0	0	0	0	0	-0.05082035394254641	-0.4908319343571367	-0.2569921263934585	0	-4.137214880554016e-06	0	0	0	0	0	0	0	0	0	0	0	0	0	0	0	0	0	0	0	0
44.24	7.406523517053435	1.692808992956006	-9.749487700544988	0	0.9399999999999999	0	0	0	0	0	0	0	0	0	-0.1070939983709584	-0.4672746386563307	-0.2729667704221493	0	-1.296018108239403e-07	0	0	0	0	0	0	0	0	0	0	0	0	0	0	0	0	0	0	0	0
44.26000000000001	7.453660930202571	1.699794219176278	-9.789532407479181	0	0.9399999999999999	0	0	0	0	0	0	0	0	0	-0.1672781455720177	-0.4349917543094134	-0.2985212719331626	0	-1.542996469868206e-07	0	0	0	0	0	0	0	0	0	0	0	0	0	0	0	0	0	0	0	0
44.28	7.48362035352705	1.704196407536394	-9.813785980065893	0	0.9399999999999999	0	0	0	0	0	0	0	0	0	-0.2210844579676712	-0.3965035754052778	-0.3293345573039553	0	-3.292065239469054e-07	0	0	0	0	0	0	0	0	0	0	0	0	0	0	0	0	0	0	0	0
44.3	7.48362035352705	1.704196407536394	-9.813785980065893	0	0.9399999999999999	0	0	0	0	0	0	0	0	0	-0.2210844579676712	-0.3965035754052778	-0.3293345573039553	0	-3.292065239469054e-07	0	0	0	0	0	0	0	0	0	0	0	0	0	0	0	0	0	0	0	0
44.32000000000001	7.477787538820193	1.705730782730551	-9.803510850494758	0	0.9399999999999999	0	0	0	0	0	0	0	0	0	-0.312607068032084	-0.3071883945628815	-0.3762393663797907	0	-1.146588046661909e-06	0	0	0	0	0	0	0	0	0	0	0	0	0	0	0	0	0	0	0	0
44.34	7.477790483147226	1.705730293081136	-9.80351396203802	0	0.9399999999999999	0	0	0	0	0	0	0	0	0	-0.3126066712873679	-0.3071878332245077	-0.3762391006665511	0	-1.138601073218551e-06	0	0	0	0	0	0	0	0	0	0	0	0	0	0	0	0	0	0	0	0
44.36000000000001	7.458769804800746	1.704212412155707	-9.78628289546967	0	0.9399999999999999	0	0	0	0	0	0	0	0	0	-0.3511661768840353	-0.2580418972614886	-0.3791099708509868	0	-5.142533893234703e-07	0	0	0	0	0	0	0	0	0	0	0	0	0	0	0	0	0	0	0	0
44.38	7.427062704916301	1.701966941749057	-9.758785734710797	0	0.9399999999999999	0	0	0	0	0	0	0	0	0	-0.387272195068581	-0.2110829639646282	-0.3672357678569521	0	-1.885722728676191e-07	0	0	0	0	0	0	0	0	0	0	0	0	0	0	0	0	0	0	0	0
44.40000000000001	7.390714464360781	1.699665239605611	-9.728461118141526	0	0.9399999999999999	0	0	0	0	0	0	0	0	0	-0.4218723451580939	-0.1658983640906831	-0.3402098803749017	0	-7.318151736085817e-07	0	0	0	0	0	0	0	0	0	0	0	0	0	0	0	0	0	0	0	0
44.42	7.330259651218367	1.696199217934003	-9.68494257135189	0	0.9399999999999999	0	0	0	0	0	0	0	0	0	-0.4994974139385924	-0.08162686675213404	-0.2598506801733643	0	-1.35263922819307e-07	0	0	0	0	0	0	0	0	0	0	0	0	0	0	0	0	0	0	0	0
44.44	7.330259651218367	1.696199217934003	-9.68494257135189	0	0.9399999999999999	0	0	0	0	0	0	0	0	0	-0.4994974139385924	-0.08162686675213404	-0.2598506801733643	0	-1.35263922819307e-07	0	0	0	0	0	0	0	0	0	0	0	0	0	0	0	0	0	0	0	0
44.46	6.931041409715442	1.69011736825629	-9.31003002378837	0	0.9399999999999999	0	0	0	0	0	0	0	0	0	-0.52359878	0.01178518376872011	-0.1769810017527951	0	3.236999543010633e-06	0	0	0	0	0	0	0	0	0	0	0	0	0	0	0	0	0	0	0	0
44.48	6.687106282139811	1.698544870077264	-9.084225389457764	0	0.9399999999999999	0	0	0	0	0	0	0	0	0	-0.52359878	0.06288646425187397	-0.1322534310181884	0	1.562858347549315e-07	0	0	0	0	0	0	0	0	0	0	0	0	0	0	0	0	0	0	0	0
44.50000000000001	6.776271523926717	1.694600476601964	-9.186915665092473	0	0.9399999999999999	0	0	0	0	0	0	0	0	0	-0.52359878	0.07195701086121314	-0.1048086385689884	0	-1.443260582456086e-08	0	0	0	0	0	0	0	0	0	0	0	0	0	0	0	0	0	0	0	0
44.52	6.407800897059563	1.723865651449032	-8.853946115910677	0	0.9399999999999999	0	0	0	0	0	0	0	0	0	-0.52359878	0.1542073361861525	-0.05512351371695414	0	-4.197600573632126e-08	0	0	0	0	0	0	0	0	0	0	0	0	0	0	0	0	0	0	0	0
44.54000000000001	6.407800897059563	1.723865651449032	-8.853946115910677	0	0.9399999999999999	0	0	0	0	0	0	0	0	0	-0.52359878	0.1542073361861525	-0.05512351371695414	0	-4.197600573632126e-08	0	0	0	0	0	0	0	0	0	0	0	0	0	0	0	0	0	0	0	0
44.56	6.33242579156455	1.732723902544721	-8.806508651982321	0	0.9399999999999999	0	0	0	0	0	0	0	0	0	-0.52359878	0.1872545023676314	-0.03226546712264484	0	1.240229207309686e-09	0	0	0	0	0	0	0	0	0	0	0	0	0	0	0	0	0	0	0	0
44.58000000000001	6.619163961701097	1.687864899620249	-9.119561089717308	0	0.9399999999999999	0	0	0	0	0	0	0	0	0	-0.52359878	0.2005034320029072	-0.04320294352637927	0.2821692355180769	0.2821687241825968	0	0	0	0	0	0	0	0	0	0	0	0	0	0	0	0	0	0	0	0
44.6	6.63946640715432	1.67141597936056	-9.154894504368883	0	0.9399999999999999	0	0	0	0	0	0	0	0	0	-0.52359878	0.2082896231877999	-0.04266964077613967	0.2904533531696828	0.2904533752161191	0	0	0	0	0	0	0	0	0	0	0	0	0	0	0	0	0	0	0	0
44.62	6.718223562555842	1.669093476849556	-9.232680124704265	0	0.9399999999999999	0	0	0	0	0	0	0	0	0	-0.52359878	0.2126137963981584	-0.03407358020504418	0.3756021573538383	0.37560308407453	0	0	0	0	0	0	0	0	0	0	0	0	0	0	0	0	0	0	0	0
44.64	6.733679905015667	1.655659470848472	-9.264347252868671	0	0.9399999999999999	0	0	0	0	0	0	0	0	0	-0.52359878	0.2303336451194171	-0.01795073339544264	0.4280278701000007	0.4280279347338268	0	0	0	0	0	0	0	0	0	0	0	0	0	0	0	0	0	0	0	0
44.66	6.462872763757191	1.646710053015488	-9.035734970417158	0	0.9399999999999999	0	0	0	0	0	0	0	0	0	-0.52359878	0.2752842541681959	0.03284458460325564	0.4079259663436737	0.4079260465817356	0	0	0	0	0	0	0	0	0	0	0	0	0	0	0	0	0	0	0	0
44.68000000000001	6.337163860556256	1.648300939410856	-8.932838687696174	0	0.9399999999999999	0	0	0	0	0	0	0	0	0	-0.52359878	0.30138178462961	0.03878346937211496	0.3661097422199752	0.3661095391854652	0	0	0	0	0	0	0	0	0	0	0	0	0	0	0	0	0	0	0	0
44.7	6.297874411494939	1.647403773989002	-8.912033409343007	0	0.9399999999999999	0	0	0	0	0	0	0	0	0	-0.52359878	0.3180251048973562	0.03377632737285445	0.3140492346183387	0.3140493907392491	0	0	0	0	0	0	0	0	0	0	0	0	0	0	0	0	0	0	0	0
44.72000000000001	6.219926202200414	1.6507570048654	-8.853666386747797	0	0.9399999999999999	0	0	0	0	0	0	0	0	0	-0.52359878	0.3327606599648812	0.04406329875788189	0.224016143959929	0.2240163778113929	0	0	0	0	0	0	0	0	0	0	0	0	0	0	0	0	0	0	0	0
44.74	6.059808608760346	1.661670803922721	-8.716324724125375	0	0.9399999999999999	0	0	0	0	0	0	0	0	0	-0.52359878	0.3485210162432871	0.07746240745692148	0.0875318718167854	0.0875320712111393	0	0	0	0	0	0	0	0	0	0	0	0	0	0	0	0	0	0	0	0
44.76000000000001	6.059808608760346	1.661670803922721	-8.716324724125375	0	0.9399999999999999	0	0	0	0	0	0	0	0	0	-0.52359878	0.3485210162432871	0.07746240745692148	0.0875318718167854	0.0875320712111393	0	0	0	0	0	0	0	0	0	0	0	0	0	0	0	0	0	0	0	0
44.78	6.057570006409972	1.653347611054121	-8.725814259524668	0	0.9399999999999999	0	0	0	0	0	0	0	0	0	-0.52359878	0.3564010406331938	0.1176797467837963	0	1.164595672299109e-06	0	0	0	0	0	0	0	0	0	0	0	0	0	0	0	0	0	0	0	0
44.8	6.425546801686645	1.619758716418249	-9.102390678940257	0	0.9399999999999999	0	0	0	0	0	0	0	0	0	-0.52359878	0.3544776720126554	0.1841343577635262	0	1.587475192589269e-08	0	0	0	0	0	0	0	0	0	0	0	0	0	0	0	0	0	0	0	0
44.82000000000001	6.872252518936941	1.61245225273281	-9.539158959042819	0	0.9399999999999999	0	0	0	0	0	0	0	0	0	-0.52359878	0.3430105682740068	0.2358014992144971	0	2.336341334238153e-08	0	0	0	0	0	0	0	0	0	0	0	0	0	0	0	0	0	0	0	0
44.84	6.775732322384127	1.614102793210632	-9.471764237619407	0	0.9399999999999999	0	0	0	0	0	0	0	0	0	-0.52359878	0.3426923780905861	0.2456706715358531	0	5.067981629486657e-07	0	0	0	0	0	0	0	0	0	0	0	0	0	0	0	0	0	0	0	0
44.86000000000001	7.06502244761978	1.624041014080584	-9.770926270672817	0	0.9399999999999999	0	0	0	0	0	0	0	0	0	-0.52359878	0.3274427046623257	0.1427870517106104	0	1.073478458203704e-06	0	0	0	0	0	0	0	0	0	0	0	0	0	0	0	0	0	0	0	0
44.88	7.125430690796597	1.638852533577939	-9.848718115053691	0	0.9399999999999999	0	0	0	0	0	0	0	0	0	-0.52359878	0.3357196356395406	0.08551766126861103	0	1.688283385578945e-08	0	0	0	0	0	0	0	0	0	0	0	0	0	0	0	0	0	0	0	0
44.90000000000001	7.243733693192829	1.661189885778827	-9.978347232344358	0	0.9399999999999999	0	0	0	0	0	0	0	0	0	-0.52359878	0.3412099133969971	0.0171523888894091	0	1.103964470061857e-06	0	0	0	0	0	0	0	0	0	0	0	0	0	0	0	0	0	0	0	0
44.92	7.328239062725854	1.691986385186762	-10.0631372594379	0	0.9399999999999999	0	0	0	0	0	0	0	0	0	-0.52359878	0.3082034414943336	-0.04410735521401334	0	-6.305954125402006e-08	0	0	0	0	0	0	0	0	0	0	0	0	0	0	0	0	0	0	0	0
44.94	7.407807681520005	1.729948850651532	-10.13708874217449	0	0.9399999999999999	0	0	0	0	0	0	0	0	0	-0.52359878	0.2632360399085799	-0.06375575567058957	0	-5.521749620603384e-08	0	0	0	0	0	0	0	0	0	0	0	0	0	0	0	0	0	0	0	0
44.96	7.407807681520005	1.729948850651532	-10.13708874217449	0	0.9399999999999999	0	0	0	0	0	0	0	0	0	-0.52359878	0.2632360399085799	-0.06375575567058957	0	-5.521749620603384e-08	0	0	0	0	0	0	0	0	0	0	0	0	0	0	0	0	0	0	0	0
44.98	7.230327661089286	1.742580457368219	-9.970264577929537	0	0.9399999999999999	0	0	0	0	0	0	0	0	0	-0.4422297004837223	0.2258745559689562	-0.07622928862640646	0	-2.076354496896848e-08	0	0	0	0	0	0	0	0	0	0	0	0	0	0	0	0	0	0	0	0
45.00000000000001	7.171089250359794	1.751759375710218	-9.921427673613293	0	0.9399999999999999	0	0	0	0	0	0	0	0	0	-0.3836411317476432	0.20189105005235	-0.0770071111136298	0	-3.276756315478826e-06	0	0	0	0	0	0	0	0	0	0	0	0	0	0	0	0	0	0	0	0
45.02	7.273881209051366	1.760920754489374	-10.05772458695199	0	0.9399999999999999	0	0	0	0	0	0	0	0	0	-0.3050251307430849	0.1933606953406888	-0.1090096510880762	0	-5.613286790392348e-07	0	0	0	0	0	0	0	0	0	0	0	0	0	0	0	0	0	0	0	0
45.04000000000001	7.273881209051366	1.760920754489374	-10.05772458695199	0	0.9399999999999999	0	0	0	0	0	0	0	0	0	-0.3050251307430849	0.1933606953406888	-0.1090096510880762	0	-5.613286790392348e-07	0	0	0	0	0	0	0	0	0	0	0	0	0	0	0	0	0	0	0	0
45.06	7.36111432559444	1.763485718089595	-10.17170680910918	0	0.9399999999999999	0	0	0	0	0	0	0	0	0	-0.2748284649864793	0.1974072825388783	-0.1417602495778515	0	-4.692824128196222e-08	0	0	0	0	0	0	0	0	0	0	0	0	0	0	0	0	0	0	0	0
45.08000000000001	7.422706903710132	1.746589300094121	-10.30666952834335	0	0.9399999999999999	0	0	0	0	0	0	0	0	0	-0.2212578008562266	0.2237764858654321	-0.2189324111408195	0	-1.234884875915597e-07	0	0	0	0	0	0	0	0	0	0	0	0	0	0	0	0	0	0	0	0
45.1	7.36127261638976	1.719949811063802	-10.28773681973459	0	0.9399999999999999	0	0	0	0	0	0	0	0	0	-0.113952926284998	0.2225772293137165	-0.2785960784263468	0	-1.233550733202841e-07	0	0	0	0	0	0	0	0	0	0	0	0	0	0	0	0	0	0	0	0
45.12	7.282912966926999	1.698457154904701	-10.25354863676637	0	0.9399999999999999	0	0	0	0	0	0	0	0	0	-0.04224068071311946	0.2261022840636755	-0.3216011924636322	0	3.062791598267709e-07	0	0	0	0	0	0	0	0	0	0	0	0	0	0	0	0	0	0	0	0
45.14	7.220306794805944	1.685754902494246	-10.23647652016266	0	0.9399999999999999	0	0	0	0	0	0	0	0	0	0.0201442724115662	0.2209508863168052	-0.3501004193623027	0	2.985741633257227e-08	0	0	0	0	0	0	0	0	0	0	0	0	0	0	0	0	0	0	0	0
45.16	7.150786887754833	1.674020556442898	-10.21540079839516	0	0.9399999999999999	0	0	0	0	0	0	0	0	0	0.07795155056864388	0.2182747070419437	-0.3780346815260886	0	2.053883220400799e-08	0	0	0	0	0	0	0	0	0	0	0	0	0	0	0	0	0	0	0	0
45.18000000000001	7.061654987167761	1.658577124068193	-10.17820630309057	0	0.9399999999999999	0	0	0	0	0	0	0	0	0	0.1355959778117438	0.2194834855227642	-0.4136554384441815	0	3.727007571084405e-08	0	0	0	0	0	0	0	0	0	0	0	0	0	0	0	0	0	0	0	0
45.2	7.061654987167761	1.658577124068193	-10.17820630309057	0	0.9399999999999999	0	0	0	0	0	0	0	0	0	0.1355959778117438	0.2194834855227642	-0.4136554384441815	0	3.727007571084405e-08	0	0	0	0	0	0	0	0	0	0	0	0	0	0	0	0	0	0	0	0
45.22000000000001	6.911230517915656	1.623981101642042	-10.14143725058121	0	0.9399999999999999	0	0	0	0	0	0	0	0	0	0.248353619120384	0.2209093696847515	-0.5020603763046242	0	-2.438971152897841e-08	0	0	0	0	0	0	0	0	0	0	0	0	0	0	0	0	0	0	0	0
45.24	6.881889903753732	1.604068686981798	-10.17272102169131	0	0.9399999999999999	0	0	0	0	0	0	0	0	0	0.3042586634374667	0.2193647309716857	-0.5451745635184819	0	1.988163896716297e-08	0	0	0	0	0	0	0	0	0	0	0	0	0	0	0	0	0	0	0	0
45.26000000000001	6.881889903753732	1.604068686981798	-10.17272102169131	0	0.9399999999999999	0	0	0	0	0	0	0	0	0	0.3042586634374667	0.2193647309716857	-0.5451745635184819	0	1.988163896716297e-08	0	0	0	0	0	0	0	0	0	0	0	0	0	0	0	0	0	0	0	0
45.28	6.819035138233134	1.562555611496243	-10.23738522763403	0	0.9399999999999999	0	0	0	0	0	0	0	0	0	0.3868293255350121	0.2048712129291393	-0.6505319692423783	0	1.718597522351459e-06	0	0	0	0	0	0	0	0	0	0	0	0	0	0	0	0	0	0	0	0
45.3	6.339228848985774	1.53898982142972	-9.824571953328842	0	0.9399999999999999	0	0	0	0	0	0	0	0	0	0.4460910510626186	0.2091992583742259	-0.6573863416095159	0	-3.197547074258789e-07	0	0	0	0	0	0	0	0	0	0	0	0	0	0	0	0	0	0	0	0
45.32000000000001	6.304539631469507	1.517725378664769	-9.859105824525885	0	0.9399999999999999	0	0	0	0	0	0	0	0	0	0.4844115922304406	0.2042795054047734	-0.6974085053122508	0	-7.890081062058544e-06	0	0	0	0	0	0	0	0	0	0	0	0	0	0	0	0	0	0	0	0
45.34	6.304563681814946	1.517725640687171	-9.859126949262567	0	0.9399999999999999	0	0	0	0	0	0	0	0	0	0.4844089295629533	0.2042763788249641	-0.6974079771168281	0	-9.609513765254551e-06	0	0	0	0	0	0	0	0	0	0	0	0	0	0	0	0	0	0	0	0
45.36000000000001	6.436594387084508	1.497260482458551	-10.08665665419863	0	0.9399999999999999	0	0	0	0	0	0	0	0	0	0.5445420389290092	0.1835124619021059	-0.6981317	0	-9.502189241324423e-08	0	0	0	0	0	0	0	0	0	0	0	0	0	0	0	0	0	0	0	0
45.38	6.436594387084508	1.497260482458551	-10.08665665419863	0	0.9399999999999999	0	0	0	0	0	0	0	0	0	0.5445420389290092	0.1835124619021059	-0.6981317	0	-9.502189241324423e-08	0	0	0	0	0	0	0	0	0	0	0	0	0	0	0	0	0	0	0	0
45.40000000000001	6.470421211067446	1.484889949578176	-10.21294074505237	0	0.9399999999999999	0	0	0	0	0	0	0	0	0	0.5922881523601378	0.148347689055815	-0.6981317	0	-7.603667988820387e-07	0	0	0	0	0	0	0	0	0	0	0	0	0	0	0	0	0	0	0	0
45.42	6.421081995467955	1.479096855476675	-10.22182305752678	0	0.9399999999999999	0	0	0	0	0	0	0	0	0	0.6140829999259044	0.1286775015859198	-0.6981317	0	4.39984031926966e-07	0	0	0	0	0	0	0	0	0	0	0	0	0	0	0	0	0	0	0	0
45.44	6.421081995467955	1.479096855476675	-10.22182305752678	0	0.9399999999999999	0	0	0	0	0	0	0	0	0	0.6140829999259044	0.1286775015859198	-0.6981317	0	4.39984031926966e-07	0	0	0	0	0	0	0	0	0	0	0	0	0	0	0	0	0	0	0	0
45.46	6.418555761104239	1.480295869975146	-10.27247140131962	0	0.9399999999999999	0	0	0	0	0	0	0	0	0	0.6295969462194116	0.1026258107674884	-0.6981317	0	-1.855722760684032e-08	0	0	0	0	0	0	0	0	0	0	0	0	0	0	0	0	0	0	0	0
45.48	6.52201360212816	1.494727576571978	-10.4851375287138	0	0.9399999999999999	0	0	0	0	0	0	0	0	0	0.6482832671234	0.03149201661584314	-0.6981317	0	1.118856721332198e-06	0	0	0	0	0	0	0	0	0	0	0	0	0	0	0	0	0	0	0	0
45.50000000000001	6.62172556189957	1.506095514234191	-10.63812660825918	0	0.9399999999999999	0	0	0	0	0	0	0	0	0	0.6488279154623063	-0.01231026862069446	-0.6981317	0	1.155562174383422e-07	0	0	0	0	0	0	0	0	0	0	0	0	0	0	0	0	0	0	0	0
45.52	6.62172556189957	1.506095514234191	-10.63812660825918	0	0.9399999999999999	0	0	0	0	0	0	0	0	0	0.6488279154623063	-0.01231026862069446	-0.6981317	0	1.155562174383422e-07	0	0	0	0	0	0	0	0	0	0	0	0	0	0	0	0	0	0	0	0
45.54000000000001	7.058862897662528	1.538259364669588	-11.18072237762855	0	0.9399999999999999	0	0	0	0	0	0	0	0	0	0.6259215105329818	-0.1057389113775823	-0.6981317	0	6.309524014051018e-07	0	0	0	0	0	0	0	0	0	0	0	0	0	0	0	0	0	0	0	0
45.56	7.707857242623041	1.545451566370428	-11.87934105711906	0	0.9399999999999999	0	0	0	0	0	0	0	0	0	0.6082583944278476	-0.1499549706192569	-0.6981317	0	-1.431295510477363e-08	0	0	0	0	0	0	0	0	0	0	0	0	0	0	0	0	0	0	0	0
45.58000000000001	7.707857242623041	1.545451566370428	-11.87934105711906	0	0.9399999999999999	0	0	0	0	0	0	0	0	0	0.6082583944278476	-0.1499549706192569	-0.6981317	0	-1.431295510477363e-08	0	0	0	0	0	0	0	0	0	0	0	0	0	0	0	0	0	0	0	0
45.6	8.313584866252208	1.537960382114723	-12.53075634517414	0	0.9399999999999999	0	0	0	0	0	0	0	0	0	0.5890807819301752	-0.1907596310037431	-0.6981317	0	-2.26627692072759e-08	0	0	0	0	0	0	0	0	0	0	0	0	0	0	0	0	0	0	0	0
45.62	8.562176449874205	1.510251278701068	-12.86579455886469	0	0.9399999999999999	0	0	0	0	0	0	0	0	0	0.5616443886209216	-0.2704733986682254	-0.6981317	0	-3.584873680954169e-08	0	0	0	0	0	0	0	0	0	0	0	0	0	0	0	0	0	0	0	0
45.64	8.562176449874205	1.510251278701068	-12.86579455886469	0	0.9399999999999999	0	0	0	0	0	0	0	0	0	0.5616443886209216	-0.2704733986682254	-0.6981317	0	-3.584873680954169e-08	0	0	0	0	0	0	0	0	0	0	0	0	0	0	0	0	0	0	0	0
45.66	8.471230192832806	1.48819698368643	-12.85521649665461	0	0.9399999999999999	0	0	0	0	0	0	0	0	0	0.5519141938128469	-0.345408748316952	-0.6981317	0	-8.458343585182731e-08	0	0	0	0	0	0	0	0	0	0	0	0	0	0	0	0	0	0	0	0
45.68000000000001	8.415314331222918	1.478124794798519	-12.8339843089819	0	0.9399999999999999	0	0	0	0	0	0	0	0	0	0.5498860996630778	-0.3786479113880362	-0.6981317	0	-2.983475458145934e-07	0	0	0	0	0	0	0	0	0	0	0	0	0	0	0	0	0	0	0	0
45.7	8.415314331222918	1.478124794798519	-12.8339843089819	0	0.9399999999999999	0	0	0	0	0	0	0	0	0	0.5498860996630778	-0.3786479113880362	-0.6981317	0	-2.983475458145934e-07	0	0	0	0	0	0	0	0	0	0	0	0	0	0	0	0	0	0	0	0
45.72000000000001	8.399993347633634	1.464949086369189	-12.84964698700873	0	0.9399999999999999	0	0	0	0	0	0	0	0	0	0.5429633314285915	-0.412387586239032	-0.6981317	0	1.252758662458962e-06	0	0	0	0	0	0	0	0	0	0	0	0	0	0	0	0	0	0	0	0
45.74	8.386056959525179	1.450527816947437	-12.86405050866934	0	0.9399999999999999	0	0	0	0	0	0	0	0	0	0.5348845384896398	-0.4466856899019976	-0.6981317	0	5.080550491795611e-06	0	0	0	0	0	0	0	0	0	0	0	0	0	0	0	0	0	0	0	0
45.76000000000001	8.373362803315608	1.437682741991936	-12.87853952526496	0	0.9399999999999999	0	0	0	0	0	0	0	0	0	0.5254755676187394	-0.4799826012037615	-0.6981317	0	1.641773646528068e-05	0	0	0	0	0	0	0	0	0	0	0	0	0	0	0	0	0	0	0	0
45.78	8.435401926800862	1.415780761062704	-12.98997979074167	0	0.9399999999999999	0	0	0	0	0	0	0	0	0	0.4876688651244006	-0.539581165276198	-0.6981317	0	-1.531636054388309e-07	0	0	0	0	0	0	0	0	0	0	0	0	0	0	0	0	0	0	0	0
45.8	8.435401926800862	1.415780761062704	-12.98997979074167	0	0.9399999999999999	0	0	0	0	0	0	0	0	0	0.4876688651244006	-0.539581165276198	-0.6981317	0	-1.531636054388309e-07	0	0	0	0	0	0	0	0	0	0	0	0	0	0	0	0	0	0	0	0
45.82000000000001	8.516315818335363	1.406454083944777	-13.12268667580213	0	0.9399999999999999	0	0	0	0	0	0	0	0	0	0.4392293592360426	-0.5958948423924278	-0.6981317	0	-5.915642844942755e-08	0	0	0	0	0	0	0	0	0	0	0	0	0	0	0	0	0	0	0	0
45.84	8.516315818335363	1.406454083944777	-13.12268667580213	0	0.9399999999999999	0	0	0	0	0	0	0	0	0	0.4392293592360426	-0.5958948423924278	-0.6981317	0	-5.915642844942755e-08	0	0	0	0	0	0	0	0	0	0	0	0	0	0	0	0	0	0	0	0
45.86000000000001	8.548990246931712	1.413415291483068	-13.1841257644066	0	0.9399999999999999	0	0	0	0	0	0	0	0	0	0.412012509982087	-0.6185541415626097	-0.6981317	0	-1.690595475078917e-06	0	0	0	0	0	0	0	0	0	0	0	0	0	0	0	0	0	0	0	0
45.88	8.634809057371397	1.450497959379748	-13.34073026470418	0	0.9399999999999999	0	0	0	0	0	0	0	0	0	0.3493156649279766	-0.6497418232836841	-0.6981317	0	2.819559481228849e-07	0	0	0	0	0	0	0	0	0	0	0	0	0	0	0	0	0	0	0	0
45.90000000000001	8.768789155419983	1.476892270047609	-13.51495936573724	0	0.9399999999999999	0	0	0	0	0	0	0	0	0	0.3067239802506547	-0.6531070421566573	-0.6981317	0	2.624030295014541e-07	0	0	0	0	0	0	0	0	0	0	0	0	0	0	0	0	0	0	0	0
45.92	9.104779880263253	1.502544916768592	-13.89486736286271	0	0.9399999999999999	0	0	0	0	0	0	0	0	0	0.2527275547832915	-0.6474787026908934	-0.6981317	0	1.341847649437399e-07	0	0	0	0	0	0	0	0	0	0	0	0	0	0	0	0	0	0	0	0
45.94	9.65382440857179	1.511228843952233	-14.49516685710631	0	0.9399999999999999	0	0	0	0	0	0	0	0	0	0.1889916714598357	-0.6394128010217037	-0.6981317	0	3.128840940216215e-08	0	0	0	0	0	0	0	0	0	0	0	0	0	0	0	0	0	0	0	0
45.96	10.09489501158282	1.495536467566436	-14.99422935552423	0	0.9399999999999999	0	0	0	0	0	0	0	0	0	0.1134459253511137	-0.626938768770823	-0.6981317	0	1.043719911530217e-06	0	0	0	0	0	0	0	0	0	0	0	0	0	0	0	0	0	0	0	0
45.98	10.18789960556971	1.477686160390251	-15.10775852940558	0	0.9399999999999999	0	0	0	0	0	0	0	0	0	0.06406169162768487	-0.6047891061249321	-0.6981317	0	8.436425151223837e-08	0	0	0	0	0	0	0	0	0	0	0	0	0	0	0	0	0	0	0	0
46.00000000000001	10.26836336075145	1.442353516393623	-15.3011712824829	0	0.9399999999999999	0	0	0	0	0	0	0	0	0	-0.07847562462219058	-0.5788493893658223	-0.6981317	0	-9.775043104835217e-07	0	0	0	0	0	0	0	0	0	0	0	0	0	0	0	0	0	0	0	0
46.02	10.26836336075145	1.442353516393623	-15.3011712824829	0	0.9399999999999999	0	0	0	0	0	0	0	0	0	-0.07847562462219058	-0.5788493893658223	-0.6981317	0	-9.775043104835217e-07	0	0	0	0	0	0	0	0	0	0	0	0	0	0	0	0	0	0	0	0
46.04000000000001	10.25049459117188	1.42084394900859	-15.36976195855534	0	0.9399999999999999	0	0	0	0	0	0	0	0	0	-0.1818985590714995	-0.5476004923493469	-0.6981317	0	-4.018239732910771e-08	0	0	0	0	0	0	0	0	0	0	0	0	0	0	0	0	0	0	0	0
46.06	10.18353065840877	1.408588360318013	-15.44959949081579	0	0.9399999999999999	0	0	0	0	0	0	0	0	0	-0.30667643388229	-0.501018061135336	-0.6430722922868058	0	-7.615692985628526e-06	0	0	0	0	0	0	0	0	0	0	0	0	0	0	0	0	0	0	0	0
46.08000000000001	10.18351823974289	1.408590424504876	-15.44958070233521	0	0.9399999999999999	0	0	0	0	0	0	0	0	0	-0.3066786087220793	-0.5010151470973971	-0.6430710727996749	0	-7.221422089204044e-06	0	0	0	0	0	0	0	0	0	0	0	0	0	0	0	0	0	0	0	0
46.1	10.15559292538315	1.406554757209317	-15.45556391850556	0	0.9399999999999999	0	0	0	0	0	0	0	0	0	-0.3170350714090331	-0.4792620894428326	-0.5700384196630298	0	3.514701297201422e-07	0	0	0	0	0	0	0	0	0	0	0	0	0	0	0	0	0	0	0	0
46.12	10.1841290423154	1.421802158636867	-15.54796212993515	0	0.9399999999999999	0	0	0	0	0	0	0	0	0	-0.3531689020880958	-0.4520851249791332	-0.4920934950841377	0	-6.693362915412912e-07	0	0	0	0	0	0	0	0	0	0	0	0	0	0	0	0	0	0	0	0
46.14	10.27683211424294	1.436277735608665	-15.67155976514661	0	0.9399999999999999	0	0	0	0	0	0	0	0	0	-0.3365491026646114	-0.4389248448217807	-0.4712715687651493	0	4.730786429529638e-07	0	0	0	0	0	0	0	0	0	0	0	0	0	0	0	0	0	0	0	0
46.16	10.27761645562684	1.436183839977332	-15.67239708602495	0	0.9399999999999999	0	0	0	0	0	0	0	0	0	-0.3457032024031782	-0.4091887147406423	-0.3795117486684358	0	1.515357994974697e-05	0	0	0	0	0	0	0	0	0	0	0	0	0	0	0	0	0	0	0	0
46.18000000000001	10.45730552391076	1.461784587622553	-15.91101490901371	0	0.9399999999999999	0	0	0	0	0	0	0	0	0	-0.4058657161927058	-0.354321584298592	-0.350860378530442	0	3.746910355818614e-10	0	0	0	0	0	0	0	0	0	0	0	0	0	0	0	0	0	0	0	0
46.2	10.49931141190436	1.471555704666581	-15.98086249013796	0	0.9399999999999999	0	0	0	0	0	0	0	0	0	-0.440932380809974	-0.3491948287016953	-0.3753187704697435	0	7.479320429469031e-09	0	0	0	0	0	0	0	0	0	0	0	0	0	0	0	0	0	0	0	0
46.22000000000001	10.48777542910296	1.481559935923521	-15.99705227062766	0	0.9399999999999999	0	0	0	0	0	0	0	0	0	-0.4805714300199659	-0.2821062534219367	-0.4366904100801779	0	-1.876639672740468e-06	0	0	0	0	0	0	0	0	0	0	0	0	0	0	0	0	0	0	0	0
46.24	10.48778358600583	1.481558712260237	-15.99706779259098	0	0.9399999999999999	0	0	0	0	0	0	0	0	0	-0.4805704806145538	-0.2821078119706944	-0.4366877039080242	0	-1.845695868878154e-06	0	0	0	0	0	0	0	0	0	0	0	0	0	0	0	0	0	0	0	0
46.26000000000001	10.59000317538244	1.499226811879827	-16.15557066420339	0	0.9399999999999999	0	0	0	0	0	0	0	0	0	-0.5170396446900207	-0.1726737584993689	-0.5633972888318274	0	-6.817017515820707e-09	0	0	0	0	0	0	0	0	0	0	0	0	0	0	0	0	0	0	0	0
46.28	10.59000317538244	1.499226811879827	-16.15557066420339	0	0.9399999999999999	0	0	0	0	0	0	0	0	0	-0.5170396446900207	-0.1726737584993689	-0.5633972888318274	0	-6.817017515820707e-09	0	0	0	0	0	0	0	0	0	0	0	0	0	0	0	0	0	0	0	0
46.3	10.73524691705744	1.505515294281098	-16.33013728193075	0	0.9399999999999999	0	0	0	0	0	0	0	0	0	-0.5235987185760909	-0.1115406928893281	-0.6257684766979638	0	-5.779339871840381e-06	0	0	0	0	0	0	0	0	0	0	0	0	0	0	0	0	0	0	0	0
46.32000000000001	10.93875794947027	1.504508039414821	-16.56327356614387	0	0.9399999999999999	0	0	0	0	0	0	0	0	0	-0.52359878	-0.04871444596389459	-0.6796667301976684	0	6.97733778336453e-07	0	0	0	0	0	0	0	0	0	0	0	0	0	0	0	0	0	0	0	0
46.34	11.03693831206773	1.495290159462006	-16.67676838911995	0	0.9399999999999999	0	0	0	0	0	0	0	0	0	-0.52359878	0.0130393472917742	-0.6981317	0	-2.703228552461412e-09	0	0	0	0	0	0	0	0	0	0	0	0	0	0	0	0	0	0	0	0
46.36000000000001	11.21547876356955	1.476088684809509	-16.89180051304298	0	0.9399999999999999	0	0	0	0	0	0	0	0	0	-0.52359878	0.1423001492342303	-0.6981317	0	-4.905465984173768e-07	0	0	0	0	0	0	0	0	0	0	0	0	0	0	0	0	0	0	0	0
46.38	11.35847414237221	1.470986644642554	-17.06710293224325	0	0.9399999999999999	0	0	0	0	0	0	0	0	0	-0.52359878	0.2068391917543349	-0.6981317	0	4.231650831238029e-07	0	0	0	0	0	0	0	0	0	0	0	0	0	0	0	0	0	0	0	0
46.40000000000001	11.55042812280704	1.46534657075112	-17.29778019930652	0	0.9399999999999999	0	0	0	0	0	0	0	0	0	-0.52359878	0.2662494090331439	-0.6981317	0	1.422877373982848e-07	0	0	0	0	0	0	0	0	0	0	0	0	0	0	0	0	0	0	0	0
46.42	11.55042812280704	1.46534657075112	-17.29778019930652	0	0.9399999999999999	0	0	0	0	0	0	0	0	0	-0.52359878	0.2662494090331439	-0.6981317	0	1.422877373982848e-07	0	0	0	0	0	0	0	0	0	0	0	0	0	0	0	0	0	0	0	0
46.44	11.99218569359573	1.437837198766321	-17.82918860955188	0	0.9399999999999999	0	0	0	0	0	0	0	0	0	-0.52359878	0.3621617324098576	-0.6981317	0	-4.818085350504498e-07	0	0	0	0	0	0	0	0	0	0	0	0	0	0	0	0	0	0	0	0
46.46	11.99218639698783	1.437837171444784	-17.82918810244022	0	0.9399999999999999	0	0	0	0	0	0	0	0	0	-0.52359878	0.3621619078670285	-0.6981317	0	-1.815979432325211e-07	0	0	0	0	0	0	0	0	0	0	0	0	0	0	0	0	0	0	0	0
46.48	12.07080213982763	1.412697831714591	-17.94063753588078	0	0.9399999999999999	0	0	0	0	0	0	0	0	0	-0.52359878	0.4042544622851633	-0.6649480774076079	0	4.245218271873675e-07	0	0	0	0	0	0	0	0	0	0	0	0	0	0	0	0	0	0	0	0
46.50000000000001	12.0993275330934	1.384071664394293	-18.00101427360911	0	0.9399999999999999	0	0	0	0	0	0	0	0	0	-0.52359878	0.4536043283932903	-0.6236256017676794	0	4.996825850470776e-07	0	0	0	0	0	0	0	0	0	0	0	0	0	0	0	0	0	0	0	0
46.52	12.09551764492731	1.354127446091428	-18.02935461337689	0	0.9399999999999999	0	0	0	0	0	0	0	0	0	-0.52359878	0.5137878774159296	-0.5790475092512918	0	1.344277340448402e-07	0	0	0	0	0	0	0	0	0	0	0	0	0	0	0	0	0	0	0	0
46.54000000000001	12.17760092801849	1.299697113412691	-18.12197186456999	0	0.9399999999999999	0	0	0	0	0	0	0	0	0	-0.52359878	0.52359878	-0.5354249949817317	0	-9.384828616156824e-08	0	0	0	0	0	0	0	0	0	0	0	0	0	0	0	0	0	0	0	0
46.56	12.24602461947934	1.241806678840442	-18.19899425010669	0	0.9399999999999999	0	0	0	0	0	0	0	0	0	-0.52359878	0.52359878	-0.4966768000585807	0	-2.843978328741036e-08	0	0	0	0	0	0	0	0	0	0	0	0	0	0	0	0	0	0	0	0
46.58000000000001	12.29353236571481	1.197157621081267	-18.25460642425653	0	0.9399999999999999	0	0	0	0	0	0	0	0	0	-0.52359878	0.52359878	-0.4595661172357499	0	-1.078170649337602e-07	0	0	0	0	0	0	0	0	0	0	0	0	0	0	0	0	0	0	0	0
46.6	12.32706400304532	1.163887329401718	-18.29943197401815	0	0.9399999999999999	0	0	0	0	0	0	0	0	0	-0.52359878	0.52359878	-0.4351096650848472	0	1.534333970136489e-07	0	0	0	0	0	0	0	0	0	0	0	0	0	0	0	0	0	0	0	0
46.62	12.36816757515377	1.10568538758346	-18.36324939087373	0	0.9399999999999999	0	0	0	0	0	0	0	0	0	-0.52359878	0.52359878	-0.4001969180653113	0	-4.567394925750379e-07	0	0	0	0	0	0	0	0	0	0	0	0	0	0	0	0	0	0	0	0
46.64	12.37585816446238	1.083687750336688	-18.38087485475543	0	0.9399999999999999	0	0	0	0	0	0	0	0	0	-0.52359878	0.52359878	-0.3881579617503831	0	-1.408927571760882e-07	0	0	0	0	0	0	0	0	0	0	0	0	0	0	0	0	0	0	0	0
46.66	12.38295123347531	1.066810882292351	-18.39729972815861	0	0.9399999999999999	0	0	0	0	0	0	0	0	0	-0.52359878	0.52359878	-0.3766442542269109	0	4.470030703914936e-08	0	0	0	0	0	0	0	0	0	0	0	0	0	0	0	0	0	0	0	0
46.68000000000001	12.39294943597917	1.057095295292942	-18.41621552207811	0	0.9399999999999999	0	0	0	0	0	0	0	0	0	-0.52359878	0.52359878	-0.3671563419781256	0	-2.247561429639535e-07	0	0	0	0	0	0	0	0	0	0	0	0	0	0	0	0	0	0	0	0
46.7	12.40953162716244	1.055665997763816	-18.44102935602976	0	0.9399999999999999	0	0	0	0	0	0	0	0	0	-0.52359878	0.52359878	-0.3660472585241121	0	2.863960921315147e-07	0	0	0	0	0	0	0	0	0	0	0	0	0	0	0	0	0	0	0	0
46.72000000000001	12.43193159509419	1.063755428174729	-18.4702390378106	0	0.9399999999999999	0	0	0	0	0	0	0	0	0	-0.52359878	0.52359878	-0.3769512710898115	0	-7.203082355168369e-08	0	0	0	0	0	0	0	0	0	0	0	0	0	0	0	0	0	0	0	0
46.74	12.45667847903556	1.069848152792999	-18.49924569668577	0	0.9399999999999999	0	0	0	0	0	0	0	0	0	-0.52359878	0.52359878	-0.4042020013059681	0	-1.293067032006169e-07	0	0	0	0	0	0	0	0	0	0	0	0	0	0	0	0	0	0	0	0
46.76000000000001	12.48393547722165	1.08042917621344	-18.52936465264499	0	0.9399999999999999	0	0	0	0	0	0	0	0	0	-0.52359878	0.52359878	-0.4090961425570935	0	7.930059582052861e-08	0	0	0	0	0	0	0	0	0	0	0	0	0	0	0	0	0	0	0	0
46.78	12.51221165893508	1.10195494031516	-18.56061569457037	0	0.9399999999999999	0	0	0	0	0	0	0	0	0	-0.52359878	0.52359878	-0.4315720074747049	0	-2.812635829148909e-07	0	0	0	0	0	0	0	0	0	0	0	0	0	0	0	0	0	0	0	0
46.8	12.55441651157164	1.155706844376705	-18.60534813550892	0	0.9399999999999999	0	0	0	0	0	0	0	0	0	-0.52359878	0.52359878	-0.4616195592411705	0	2.15522748491176e-07	0	0	0	0	0	0	0	0	0	0	0	0	0	0	0	0	0	0	0	0
46.82000000000001	12.57347467936611	1.186266870720921	-18.62058345326104	0	0.9399999999999999	0	0	0	0	0	0	0	0	0	-0.52359878	0.52359878	-0.4617674367638341	0	-7.056215898484157e-07	0	0	0	0	0	0	0	0	0	0	0	0	0	0	0	0	0	0	0	0
46.84	12.57347467936611	1.186266870720921	-18.62058345326104	0	0.9399999999999999	0	0	0	0	0	0	0	0	0	-0.52359878	0.52359878	-0.4617674367638341	0	-7.056215898484157e-07	0	0	0	0	0	0	0	0	0	0	0	0	0	0	0	0	0	0	0	0
46.86000000000001	12.58432888450722	1.214271298282228	-18.62334982209599	0	0.9399999999999999	0	0	0	0	0	0	0	0	0	-0.52359878	0.52359878	-0.4370878379510068	0	5.287173474344849e-08	0	0	0	0	0	0	0	0	0	0	0	0	0	0	0	0	0	0	0	0
46.88	12.58729423388731	1.232620603266101	-18.62070521490818	0	0.9399999999999999	0	0	0	0	0	0	0	0	0	-0.52359878	0.52359878	-0.4036031655020583	0	2.688816515947972e-07	0	0	0	0	0	0	0	0	0	0	0	0	0	0	0	0	0	0	0	0
46.90000000000001	12.63825433707679	1.269498411351505	-18.67392283643571	0	0.9399999999999999	0	0	0	0	0	0	0	0	0	-0.52359878	0.52359878	-0.4043572381893286	0	-5.443250372827022e-08	0	0	0	0	0	0	0	0	0	0	0	0	0	0	0	0	0	0	0	0
46.92	12.65416945212657	1.297789711379896	-18.69556324872645	0	0.9399999999999999	0	0	0	0	0	0	0	0	0	-0.52359878	0.52359878	-0.4167802575573922	0	-2.868293202141522e-07	0	0	0	0	0	0	0	0	0	0	0	0	0	0	0	0	0	0	0	0
46.94	12.67957179448998	1.320027012948334	-18.72783732190586	0	0.9399999999999999	0	0	0	0	0	0	0	0	0	-0.52359878	0.52359878	-0.4213427305900164	0	5.207035555869841e-09	0	0	0	0	0	0	0	0	0	0	0	0	0	0	0	0	0	0	0	0
46.96	12.67957179448998	1.320027012948334	-18.72783732190586	0	0.9399999999999999	0	0	0	0	0	0	0	0	0	-0.52359878	0.52359878	-0.4213427305900164	0	5.207035555869841e-09	0	0	0	0	0	0	0	0	0	0	0	0	0	0	0	0	0	0	0	0
46.98	12.65635585501217	1.344291348789869	-18.72793315447327	0	0.9399999999999999	0	0	0	0	0	0	0	0	0	-0.4907359628760359	0.52359878	-0.4722688150420672	0	-3.477360804586816e-07	0	0	0	0	0	0	0	0	0	0	0	0	0	0	0	0	0	0	0	0
47.00000000000001	12.60706300392367	1.364676871011027	-18.70751773949753	0	0.9399999999999999	0	0	0	0	0	0	0	0	0	-0.4500002878577402	0.52359878	-0.5388597355010551	0	-3.173238293492902e-08	0	0	0	0	0	0	0	0	0	0	0	0	0	0	0	0	0	0	0	0
47.02	12.52218005062656	1.376160375306173	-18.65328085958318	0	0.9399999999999999	0	0	0	0	0	0	0	0	0	-0.4002124145520988	0.52359878	-0.5757919010204046	0	-2.143842933164662e-08	0	0	0	0	0	0	0	0	0	0	0	0	0	0	0	0	0	0	0	0
47.04000000000001	12.43197951764127	1.384927345492069	-18.59967649793847	0	0.9399999999999999	0	0	0	0	0	0	0	0	0	-0.3181817875717388	0.52359878	-0.596491741276277	0	-1.375139040895246e-07	0	0	0	0	0	0	0	0	0	0	0	0	0	0	0	0	0	0	0	0
47.06	12.24047276392915	1.39170067480918	-18.46797349100014	0	0.9399999999999999	0	0	0	0	0	0	0	0	0	-0.1342692285040309	0.52359878	-0.6246394147269466	0	-2.6467990394342e-07	0	0	0	0	0	0	0	0	0	0	0	0	0	0	0	0	0	0	0	0
47.08000000000001	12.24047276392915	1.39170067480918	-18.46797349100014	0	0.9399999999999999	0	0	0	0	0	0	0	0	0	-0.1342692285040309	0.52359878	-0.6246394147269466	0	-2.6467990394342e-07	0	0	0	0	0	0	0	0	0	0	0	0	0	0	0	0	0	0	0	0
47.1	12.06636698026942	1.395244999964727	-18.35413614553637	0	0.9399999999999999	0	0	0	0	0	0	0	0	0	0.004322815725570745	0.5011567342002022	-0.6879043190523514	0	-3.312496629660077e-07	0	0	0	0	0	0	0	0	0	0	0	0	0	0	0	0	0	0	0	0
47.12	12.06590627760191	1.395237477890064	-18.35367379082387	0	0.9399999999999999	0	0	0	0	0	0	0	0	0	0.01336187220724251	0.4702987422716435	-0.6803420957000177	0	-1.047829253662636e-07	0	0	0	0	0	0	0	0	0	0	0	0	0	0	0	0	0	0	0	0
47.14	11.96484353798839	1.398437818942768	-18.2732327511289	0	0.9399999999999999	0	0	0	0	0	0	0	0	0	0.0951709221418009	0.4159738447911387	-0.6981317	0	-2.988438453027501e-07	0	0	0	0	0	0	0	0	0	0	0	0	0	0	0	0	0	0	0	0
47.16	11.91074888476742	1.397693377843031	-18.2199455205788	0	0.9399999999999999	0	0	0	0	0	0	0	0	0	0.1385805866817535	0.3924519355994857	-0.6981317	0	-6.400956439385752e-08	0	0	0	0	0	0	0	0	0	0	0	0	0	0	0	0	0	0	0	0
47.18000000000001	11.91074888476742	1.397693377843031	-18.2199455205788	0	0.9399999999999999	0	0	0	0	0	0	0	0	0	0.1385805866817535	0.3924519355994857	-0.6981317	0	-6.400956439385752e-08	0	0	0	0	0	0	0	0	0	0	0	0	0	0	0	0	0	0	0	0
47.2	11.7755227925481	1.378042078695222	-18.11114238189065	0	0.9399999999999999	0	0	0	0	0	0	0	0	0	0.2525235368331137	0.3245542548696666	-0.6981317	0	-1.583618092625157e-09	0	0	0	0	0	0	0	0	0	0	0	0	0	0	0	0	0	0	0	0
47.22000000000001	11.70471129292797	1.362786280300682	-18.06368210120537	0	0.9399999999999999	0	0	0	0	0	0	0	0	0	0.3182515337922281	0.2865601022909391	-0.6981317	0	-1.105632294042159e-07	0	0	0	0	0	0	0	0	0	0	0	0	0	0	0	0	0	0	0	0
47.24	11.62529471597673	1.347256634190623	-17.99811083081489	0	0.9399999999999999	0	0	0	0	0	0	0	0	0	0.3414183553453112	0.2841507648058071	-0.6981317	0	2.116752119164473e-07	0	0	0	0	0	0	0	0	0	0	0	0	0	0	0	0	0	0	0	0
47.26000000000001	11.55352383389153	1.329371796714621	-17.9514680262041	0	0.9399999999999999	0	0	0	0	0	0	0	0	0	0.4064806250300013	0.2531069424792662	-0.6981317	0	1.893655426219331e-08	0	0	0	0	0	0	0	0	0	0	0	0	0	0	0	0	0	0	0	0
47.28	11.47507591860921	1.312613327566626	-17.91440584433097	0	0.9399999999999999	0	0	0	0	0	0	0	0	0	0.5077684009285365	0.1980779913227276	-0.6981317	0	-3.140540438401715e-08	0	0	0	0	0	0	0	0	0	0	0	0	0	0	0	0	0	0	0	0
47.3	11.3893795792358	1.302847006482849	-17.86082549897725	0	0.9399999999999999	0	0	0	0	0	0	0	0	0	0.5629165595382251	0.1778435973928021	-0.6981317	0	-2.150981588569387e-07	0	0	0	0	0	0	0	0	0	0	0	0	0	0	0	0	0	0	0	0
47.32000000000001	11.31890646789487	1.296278923241933	-17.80572173046819	0	0.9399999999999999	0	0	0	0	0	0	0	0	0	0.5780345880303878	0.1811782289198038	-0.6981317	0	-7.972702879095731e-07	0	0	0	0	0	0	0	0	0	0	0	0	0	0	0	0	0	0	0	0
47.34	11.22971173562873	1.293527909303227	-17.77126165572897	0	0.9399999999999999	0	0	0	0	0	0	0	0	0	0.6609506522899695	0.1407416662038468	-0.6981317	0	3.205598379606943e-08	0	0	0	0	0	0	0	0	0	0	0	0	0	0	0	0	0	0	0	0
47.36000000000001	11.15832041327863	1.290156749825652	-17.73808312800281	0	0.9399999999999999	0	0	0	0	0	0	0	0	0	0.704764979094705	0.1192643170825708	-0.6981317	0	-1.878753472745606e-07	0	0	0	0	0	0	0	0	0	0	0	0	0	0	0	0	0	0	0	0
47.38	11.09824177880605	1.28701947887679	-17.7165129069961	0	0.9399999999999999	0	0	0	0	0	0	0	0	0	0.744950000622688	0.09556891618876975	-0.6981317	0	5.949073728636234e-08	0	0	0	0	0	0	0	0	0	0	0	0	0	0	0	0	0	0	0	0
47.40000000000001	11.09824177880605	1.28701947887679	-17.7165129069961	0	0.9399999999999999	0	0	0	0	0	0	0	0	0	0.744950000622688	0.09556891618876975	-0.6981317	0	5.949073728636234e-08	0	0	0	0	0	0	0	0	0	0	0	0	0	0	0	0	0	0	0	0
47.42	11.05105208896164	1.283859747858904	-17.70847544738635	0	0.9399999999999999	0	0	0	0	0	0	0	0	0	0.7821418589702491	0.06667582800244108	-0.6981317	0	-1.571746639235633e-07	0	0	0	0	0	0	0	0	0	0	0	0	0	0	0	0	0	0	0	0
47.44	11.01569236358021	1.279420955404369	-17.71373051281893	0	0.9399999999999999	0	0	0	0	0	0	0	0	0	0.8178509637426907	0.03061789753415427	-0.6981317	0	-8.139705725297697e-09	0	0	0	0	0	0	0	0	0	0	0	0	0	0	0	0	0	0	0	0
47.46	10.98847489555821	1.271230428892643	-17.7289451602297	0	0.9399999999999999	0	0	0	0	0	0	0	0	0	0.8528191574182861	-0.01134702990014161	-0.6981317	0	4.648596816525607e-07	0	0	0	0	0	0	0	0	0	0	0	0	0	0	0	0	0	0	0	0
47.48	10.95766234833201	1.245953441535559	-17.79005625930771	0	0.9399999999999999	0	0	0	0	0	0	0	0	0	0.9190443728787302	-0.1081258579230535	-0.6981317	0	1.015490948865952e-07	0	0	0	0	0	0	0	0	0	0	0	0	0	0	0	0	0	0	0	0
47.50000000000001	10.95033866238151	1.231203147295166	-17.83238993956466	0	0.9399999999999999	0	0	0	0	0	0	0	0	0	0.9505352725357278	-0.1638208290288473	-0.6981317	0	9.538045315804422e-08	0	0	0	0	0	0	0	0	0	0	0	0	0	0	0	0	0	0	0	0
47.52	10.93848529567879	1.21466054281634	-17.87151656741014	0	0.9399999999999999	0	0	0	0	0	0	0	0	0	0.9816766807793771	-0.2216652401160244	-0.6981317	0	1.326739911726709e-06	0	0	0	0	0	0	0	0	0	0	0	0	0	0	0	0	0	0	0	0
47.54000000000001	10.92360257972064	1.198759074079443	-17.90863044222618	0	0.9399999999999999	0	0	0	0	0	0	0	0	0	1.009760285252196	-0.2802310781874524	-0.6981317	0	2.589686454371309e-08	0	0	0	0	0	0	0	0	0	0	0	0	0	0	0	0	0	0	0	0
47.56	10.90758110386926	1.186087523673146	-17.94285527044322	0	0.9399999999999999	0	0	0	0	0	0	0	0	0	1.032027616016979	-0.3362261133327737	-0.6981317	0	2.928374670200887e-07	0	0	0	0	0	0	0	0	0	0	0	0	0	0	0	0	0	0	0	0
47.58000000000001	10.90867247436816	1.172298953581934	-17.98682030226938	0	0.9399999999999999	0	0	0	0	0	0	0	0	0	1.052787035071991	-0.3855953068775875	-0.6981317	0	2.402368236332468e-07	0	0	0	0	0	0	0	0	0	0	0	0	0	0	0	0	0	0	0	0
47.6	10.89140474372103	1.174035031943745	-18.01358671346585	0	0.9399999999999999	0	0	0	0	0	0	0	0	0	1.050630365146923	-0.4380946760193654	-0.6981317	0	1.661301481813232e-07	0	0	0	0	0	0	0	0	0	0	0	0	0	0	0	0	0	0	0	0
47.62	10.90893707568083	1.176083264067194	-18.0634748641978	0	0.9399999999999999	0	0	0	0	0	0	0	0	0	1.043528980820799	-0.4817124417361565	-0.6981317	0	-9.337408109261582e-07	0	0	0	0	0	0	0	0	0	0	0	0	0	0	0	0	0	0	0	0
47.64	10.90893707568083	1.176083264067194	-18.0634748641978	0	0.9399999999999999	0	0	0	0	0	0	0	0	0	1.043528980820799	-0.4817124417361565	-0.6981317	0	-9.337408109261582e-07	0	0	0	0	0	0	0	0	0	0	0	0	0	0	0	0	0	0	0	0
47.66	10.93812224334796	1.176277522241447	-18.12074281423927	0	0.9399999999999999	0	0	0	0	0	0	0	0	0	1.035315782566716	-0.5251340614755271	-0.6981317	0	-1.432980115766097e-07	0	0	0	0	0	0	0	0	0	0	0	0	0	0	0	0	0	0	0	0
47.68000000000001	11.0071075702938	1.178148319926404	-18.23428618968011	0	0.9399999999999999	0	0	0	0	0	0	0	0	0	1.019253613285169	-0.6107298030843927	-0.6981317	0	-3.477351156131736e-07	0	0	0	0	0	0	0	0	0	0	0	0	0	0	0	0	0	0	0	0
47.7	11.0071075702938	1.178148319926404	-18.23428618968011	0	0.9399999999999999	0	0	0	0	0	0	0	0	0	1.019253613285169	-0.6107298030843927	-0.6981317	0	-3.477351156131736e-07	0	0	0	0	0	0	0	0	0	0	0	0	0	0	0	0	0	0	0	0
47.72000000000001	11.03566702454145	1.180724186621735	-18.30477150563809	0	0.9399999999999999	0	0	0	0	0	0	0	0	0	1.012181522332908	-0.6898468988171454	-0.6981317	0	4.792331532534984e-07	0	0	0	0	0	0	0	0	0	0	0	0	0	0	0	0	0	0	0	0
47.74	11.04531415749051	1.187101655991731	-18.33369753679979	0	0.9399999999999999	0	0	0	0	0	0	0	0	0	1.003465384136963	-0.7226211599752738	-0.6981317	0	-8.728809554185683e-08	0	0	0	0	0	0	0	0	0	0	0	0	0	0	0	0	0	0	0	0
47.76000000000001	11.04826078513462	1.195494156066851	-18.35484087158956	0	0.9399999999999999	0	0	0	0	0	0	0	0	0	0.9924528162671608	-0.7513756909461633	-0.6981317	0	5.018774404315037e-08	0	0	0	0	0	0	0	0	0	0	0	0	0	0	0	0	0	0	0	0
47.78	11.04280485181703	1.201976089841098	-18.36806389816169	0	0.9399999999999999	0	0	0	0	0	0	0	0	0	0.9818679329131105	-0.7832256931810554	-0.6981317	0	-5.975210445225371e-08	0	0	0	0	0	0	0	0	0	0	0	0	0	0	0	0	0	0	0	0
47.8	11.03698866524089	1.206502065717675	-18.37940858146965	0	0.9399999999999999	0	0	0	0	0	0	0	0	0	0.9670475911545779	-0.816638170951982	-0.6981317	0	3.187144634766242e-07	0	0	0	0	0	0	0	0	0	0	0	0	0	0	0	0	0	0	0	0
47.82000000000001	11.03439033033428	1.210812151814433	-18.39236331903742	0	0.9399999999999999	0	0	0	0	0	0	0	0	0	0.9464941781039903	-0.8503200030594928	-0.6981317	0	7.796229785450973e-07	0	0	0	0	0	0	0	0	0	0	0	0	0	0	0	0	0	0	0	0
47.84	11.02192740034032	1.21779573970947	-18.38917281630037	0	0.9399999999999999	0	0	0	0	0	0	0	0	0	0.9209605068295458	-0.8726646300000001	-0.6981317	0	-2.365452082506511e-07	0	0	0	0	0	0	0	0	0	0	0	0	0	0	0	0	0	0	0	0
47.86000000000001	11.02192740034032	1.21779573970947	-18.38917281630037	0	0.9399999999999999	0	0	0	0	0	0	0	0	0	0.9209605068295458	-0.8726646300000001	-0.6981317	0	-2.365452082506511e-07	0	0	0	0	0	0	0	0	0	0	0	0	0	0	0	0	0	0	0	0
47.88	10.89963313762028	1.23645628994416	-18.26240491563715	0	0.9399999999999999	0	0	0	0	0	0	0	0	0	0.8728680358336398	-0.8726646300000001	-0.6981317	0	-1.869567311513664e-07	0	0	0	0	0	0	0	0	0	0	0	0	0	0	0	0	0	0	0	0
47.90000000000001	10.8245050880089	1.238628161630177	-18.18380826480177	0	0.9399999999999999	0	0	0	0	0	0	0	0	0	0.8503780605678668	-0.8726646300000001	-0.6981317	0	-1.54659900772799e-07	0	0	0	0	0	0	0	0	0	0	0	0	0	0	0	0	0	0	0	0
47.92	10.77340761054791	1.239736937517643	-18.12561706107728	0	0.9399999999999999	0	0	0	0	0	0	0	0	0	0.8232820140948324	-0.8726646300000001	-0.6981317	0	2.107022999311987e-08	0	0	0	0	0	0	0	0	0	0	0	0	0	0	0	0	0	0	0	0
47.94	10.74307836781506	1.242693724558131	-18.08420899199101	0	0.9399999999999999	0	0	0	0	0	0	0	0	0	0.7913709119251129	-0.8726646300000001	-0.6981317	0	-1.789202096739839e-07	0	0	0	0	0	0	0	0	0	0	0	0	0	0	0	0	0	0	0	0
47.96	10.74307836781506	1.242693724558131	-18.08420899199101	0	0.9399999999999999	0	0	0	0	0	0	0	0	0	0.7913709119251129	-0.8726646300000001	-0.6981317	0	-1.789202096739839e-07	0	0	0	0	0	0	0	0	0	0	0	0	0	0	0	0	0	0	0	0
47.98	10.70714233082088	1.245278788868081	-18.0353421963409	0	0.9399999999999999	0	0	0	0	0	0	0	0	0	0.7591888534071769	-0.8726646300000001	-0.6981317	0	3.963257860733116e-08	0	0	0	0	0	0	0	0	0	0	0	0	0	0	0	0	0	0	0	0
48.00000000000001	10.63706967220367	1.238743663486154	-17.94688419139178	0	0.9399999999999999	0	0	0	0	0	0	0	0	0	0.7025394575810295	-0.8726646300000001	-0.6981317	0	-4.337857722513033e-08	0	0	0	0	0	0	0	0	0	0	0	0	0	0	0	0	0	0	0	0
48.02	10.63706967220367	1.238743663486154	-17.94688419139178	0	0.9399999999999999	0	0	0	0	0	0	0	0	0	0.7025394575810295	-0.8726646300000001	-0.6981317	0	-4.337857722513033e-08	0	0	0	0	0	0	0	0	0	0	0	0	0	0	0	0	0	0	0	0
48.04000000000001	10.59555315894214	1.243383251263723	-17.88974672032752	0	0.9399999999999999	0	0	0	0	0	0	0	0	0	0.6357508878760287	-0.8726646300000001	-0.6981317	0	4.083123543248021e-08	0	0	0	0	0	0	0	0	0	0	0	0	0	0	0	0	0	0	0	0
48.06	10.56054639740261	1.254763430919131	-17.84740267141154	0	0.9399999999999999	0	0	0	0	0	0	0	0	0	0.5831927623211324	-0.8726646300000001	-0.6981317	0	-1.942265611388591e-08	0	0	0	0	0	0	0	0	0	0	0	0	0	0	0	0	0	0	0	0
48.08000000000001	10.51698652194624	1.2647225629534	-17.79760897735604	0	0.9399999999999999	0	0	0	0	0	0	0	0	0	0.5282930783769715	-0.8726646300000001	-0.6981317	0	8.395409607658009e-07	0	0	0	0	0	0	0	0	0	0	0	0	0	0	0	0	0	0	0	0
48.1	10.46813064653131	1.269688824985173	-17.74879626844652	0	0.9399999999999999	0	0	0	0	0	0	0	0	0	0.4586887700211653	-0.8726646300000001	-0.6981317	0	-4.487665251763093e-08	0	0	0	0	0	0	0	0	0	0	0	0	0	0	0	0	0	0	0	0
48.12	10.46813064653131	1.269688824985173	-17.74879626844652	0	0.9399999999999999	0	0	0	0	0	0	0	0	0	0.4586887700211653	-0.8726646300000001	-0.6981317	0	-4.487665251763093e-08	0	0	0	0	0	0	0	0	0	0	0	0	0	0	0	0	0	0	0	0
48.14000000000001	10.41740751946361	1.270241445035148	-17.70518654150107	0	0.9399999999999999	0	0	0	0	0	0	0	0	0	0.3689102213121782	-0.8691844558635475	-0.6981317	0	4.68910066332072e-08	0	0	0	0	0	0	0	0	0	0	0	0	0	0	0	0	0	0	0	0
48.16	10.18171509956532	1.294356597016149	-17.48192268768246	0	0.9399999999999999	0	0	0	0	0	0	0	0	0	0.1378260265419513	-0.7672623747248631	-0.6981317	0	-3.313084117614231e-08	0	0	0	0	0	0	0	0	0	0	0	0	0	0	0	0	0	0	0	0
48.18000000000001	10.08059961099455	1.304826375312683	-17.38726936123999	0	0.9399999999999999	0	0	0	0	0	0	0	0	0	0.03327132544785109	-0.7152067568060501	-0.6981317	0	7.720504167424315e-09	0	0	0	0	0	0	0	0	0	0	0	0	0	0	0	0	0	0	0	0
48.2	9.992977570372855	1.31419511887293	-17.30450981364637	0	0.9399999999999999	0	0	0	0	0	0	0	0	0	-0.05560121200367124	-0.66528747557075	-0.6981317	0	6.544510874659776e-07	0	0	0	0	0	0	0	0	0	0	0	0	0	0	0	0	0	0	0	0
48.22000000000001	9.995553996787679	1.320730305263211	-17.3037571483036	0	0.9399999999999999	0	0	0	0	0	0	0	0	0	-0.06211294316478896	-0.6658232923472513	-0.6981317	0	2.172287176889839e-05	0	0	0	0	0	0	0	0	0	0	0	0	0	0	0	0	0	0	0	0
48.24	9.84916048473483	1.330793081062823	-17.15105837553745	0	0.9399999999999999	0	0	0	0	0	0	0	0	0	-0.1839944298308512	-0.5739185982239459	-0.6981317	0	-3.087110982724824e-07	0	0	0	0	0	0	0	0	0	0	0	0	0	0	0	0	0	0	0	0
48.26000000000001	9.84916048473483	1.330793081062823	-17.15105837553745	0	0.9399999999999999	0	0	0	0	0	0	0	0	0	-0.1839944298308512	-0.5739185982239459	-0.6981317	0	-3.087110982724824e-07	0	0	0	0	0	0	0	0	0	0	0	0	0	0	0	0	0	0	0	0
48.28	9.725821349630758	1.334381199885232	-16.9946748903304	0	0.9399999999999999	0	0	0	0	0	0	0	0	0	-0.2814451997618251	-0.5008083047593158	-0.6981317	0	-1.509180202000949e-07	0	0	0	0	0	0	0	0	0	0	0	0	0	0	0	0	0	0	0	0
48.3	9.704153448481362	1.336756708311609	-16.92558279137941	0	0.9399999999999999	0	0	0	0	0	0	0	0	0	-0.3007317661044658	-0.4453435324325149	-0.6981317	0	-4.607660968968447e-07	0	0	0	0	0	0	0	0	0	0	0	0	0	0	0	0	0	0	0	0
48.32000000000001	9.667854773127365	1.343185789534457	-16.85268211997409	0	0.9399999999999999	0	0	0	0	0	0	0	0	0	-0.3402682509259111	-0.4008907233825758	-0.6981317	0	1.881452785648796e-08	0	0	0	0	0	0	0	0	0	0	0	0	0	0	0	0	0	0	0	0
48.34	9.625857901481139	1.350546910673877	-16.77333960327114	0	0.9399999999999999	0	0	0	0	0	0	0	0	0	-0.3824710581563895	-0.3523829422145369	-0.6981317	0	-1.203156879503576e-07	0	0	0	0	0	0	0	0	0	0	0	0	0	0	0	0	0	0	0	0
48.36000000000001	9.625857901481139	1.350546910673877	-16.77333960327114	0	0.9399999999999999	0	0	0	0	0	0	0	0	0	-0.3824710581563895	-0.3523829422145369	-0.6981317	0	-1.203156879503576e-07	0	0	0	0	0	0	0	0	0	0	0	0	0	0	0	0	0	0	0	0
48.38	9.568635708310289	1.357501768777017	-16.67979673118814	0	0.9399999999999999	0	0	0	0	0	0	0	0	0	-0.4276611414340459	-0.2967767408413596	-0.6981317	0	1.387127790770096e-07	0	0	0	0	0	0	0	0	0	0	0	0	0	0	0	0	0	0	0	0
48.40000000000001	9.435034898196578	1.359062638796723	-16.49245648548188	0	0.9399999999999999	0	0	0	0	0	0	0	0	0	-0.52359878	-0.1574888809467407	-0.6981317	0	7.169850700690869e-07	0	0	0	0	0	0	0	0	0	0	0	0	0	0	0	0	0	0	0	0
48.42	9.435034898196578	1.359062638796723	-16.49245648548188	0	0.9399999999999999	0	0	0	0	0	0	0	0	0	-0.52359878	-0.1574888809467407	-0.6981317	0	7.169850700690869e-07	0	0	0	0	0	0	0	0	0	0	0	0	0	0	0	0	0	0	0	0
48.44	9.525317982486259	1.340834192398097	-16.56195559438157	0	0.9399999999999999	0	0	0	0	0	0	0	0	0	-0.52359878	-0.09115705249336135	-0.6981317	0	5.465781368213537e-08	0	0	0	0	0	0	0	0	0	0	0	0	0	0	0	0	0	0	0	0
48.46	9.604217867089357	1.319162145012116	-16.63692930169751	0	0.9399999999999999	0	0	0	0	0	0	0	0	0	-0.52359878	-0.0129283791786293	-0.6981317	0	2.57676179855337e-07	0	0	0	0	0	0	0	0	0	0	0	0	0	0	0	0	0	0	0	0
48.48	9.666992743228686	1.298271659273567	-16.71225023203925	0	0.9399999999999999	0	0	0	0	0	0	0	0	0	-0.52359878	0.07214672766464426	-0.6981317	0	-1.329202903379113e-07	0	0	0	0	0	0	0	0	0	0	0	0	0	0	0	0	0	0	0	0
48.50000000000001	9.713704426309231	1.282041647899146	-16.78626739100604	0	0.9399999999999999	0	0	0	0	0	0	0	0	0	-0.52359878	0.1590454952831758	-0.6981317	0	3.404758179575604e-08	0	0	0	0	0	0	0	0	0	0	0	0	0	0	0	0	0	0	0	0
48.52	9.753243390342764	1.271742158756102	-16.86735968681684	0	0.9399999999999999	0	0	0	0	0	0	0	0	0	-0.52359878	0.2460832069503149	-0.6981317	0	-1.213764852458659e-07	0	0	0	0	0	0	0	0	0	0	0	0	0	0	0	0	0	0	0	0
48.54000000000001	9.794974777833794	1.266490741044865	-16.96414679334385	0	0.9399999999999999	0	0	0	0	0	0	0	0	0	-0.52359878	0.3337245005681764	-0.6981317	0	-2.523723533542493e-07	0	0	0	0	0	0	0	0	0	0	0	0	0	0	0	0	0	0	0	0
48.56	9.84426201430043	1.26394708529778	-17.07852743990862	0	0.9399999999999999	0	0	0	0	0	0	0	0	0	-0.52359878	0.4232756369336189	-0.6981317	0	-5.178375897515603e-08	0	0	0	0	0	0	0	0	0	0	0	0	0	0	0	0	0	0	0	0
48.58000000000001	9.916241056344955	1.265404898149966	-17.2204599259055	0	0.9399999999999999	0	0	0	0	0	0	0	0	0	-0.52359878	0.5144135834021866	-0.6981317	0	6.016847166728056e-07	0	0	0	0	0	0	0	0	0	0	0	0	0	0	0	0	0	0	0	0
48.6	10.43067727366524	1.234947708460915	-17.7615620410134	0	0.9399999999999999	0	0	0	0	0	0	0	0	0	-0.52359878	0.52359878	-0.6981317	0	-1.3119655244744e-08	0	0	0	0	0	0	0	0	0	0	0	0	0	0	0	0	0	0	0	0
48.62	10.562610963625	1.197176456250437	-17.89073872499624	0	0.9399999999999999	0	0	0	0	0	0	0	0	0	-0.52359878	0.52359878	-0.6981317	0	3.534792406402328e-07	0	0	0	0	0	0	0	0	0	0	0	0	0	0	0	0	0	0	0	0
48.64000000000001	10.5626122294951	1.197174906224641	-17.89073946433119	0	0.9399999999999999	0	0	0	0	0	0	0	0	0	-0.52359878	0.52359878	-0.6981317	0	2.780357604453452e-07	0	0	0	0	0	0	0	0	0	0	0	0	0	0	0	0	0	0	0	0
48.66	10.60051445895898	1.161890647547448	-17.91915761600083	0	0.9399999999999999	0	0	0	0	0	0	0	0	0	-0.52359878	0.52359878	-0.6981317	0	9.878552115910339e-08	0	0	0	0	0	0	0	0	0	0	0	0	0	0	0	0	0	0	0	0
48.68000000000001	10.57355480450606	1.144887881440225	-17.88881696047529	0	0.9399999999999999	0	0	0	0	0	0	0	0	0	-0.52359878	0.52359878	-0.6981317	0	3.755531643156449e-07	0	0	0	0	0	0	0	0	0	0	0	0	0	0	0	0	0	0	0	0
48.7	10.61284821128047	1.138269184826177	-17.93307257847348	0	0.9399999999999999	0	0	0	0	0	0	0	0	0	-0.52359878	0.52359878	-0.6981317	0	-1.452510068202012e-07	0	0	0	0	0	0	0	0	0	0	0	0	0	0	0	0	0	0	0	0
48.72000000000001	10.61284821128047	1.138269184826177	-17.93307257847348	0	0.9399999999999999	0	0	0	0	0	0	0	0	0	-0.52359878	0.52359878	-0.6981317	0	-1.452510068202012e-07	0	0	0	0	0	0	0	0	0	0	0	0	0	0	0	0	0	0	0	0
48.74	10.65430731735099	1.163326690750724	-17.9839852438659	0	0.9399999999999999	0	0	0	0	0	0	0	0	0	-0.52359878	0.52359878	-0.6981317	0	7.096740230633759e-07	0	0	0	0	0	0	0	0	0	0	0	0	0	0	0	0	0	0	0	0
48.76000000000001	10.6611818073886	1.182396924610557	-17.98146401478613	0	0.9399999999999999	0	0	0	0	0	0	0	0	0	-0.52359878	0.52359878	-0.6981317	0	1.093679694871294e-08	0	0	0	0	0	0	0	0	0	0	0	0	0	0	0	0	0	0	0	0
48.78	10.6611818073886	1.182396924610557	-17.98146401478613	0	0.9399999999999999	0	0	0	0	0	0	0	0	0	-0.52359878	0.52359878	-0.6981317	0	1.093679694871294e-08	0	0	0	0	0	0	0	0	0	0	0	0	0	0	0	0	0	0	0	0
48.8	10.65065681362038	1.202832370480512	-17.96464358435435	0	0.9399999999999999	0	0	0	0	0	0	0	0	0	-0.5154180064307328	0.52359878	-0.6981317	0	-1.49091005488942e-07	0	0	0	0	0	0	0	0	0	0	0	0	0	0	0	0	0	0	0	0
48.82000000000001	10.62923828578865	1.232148781009629	-17.94329805791699	0	0.9399999999999999	0	0	0	0	0	0	0	0	0	-0.5113238493772103	0.52359878	-0.6981317	0	-5.276322555455549e-08	0	0	0	0	0	0	0	0	0	0	0	0	0	0	0	0	0	0	0	0
48.84	10.52791736821946	1.274110760781449	-17.83195456007439	0	0.9399999999999999	0	0	0	0	0	0	0	0	0	-0.5191889864432274	0.52359878	-0.6981317	0	-3.716923594757929e-07	0	0	0	0	0	0	0	0	0	0	0	0	0	0	0	0	0	0	0	0
48.86000000000001	10.25181272047196	1.305940490676986	-17.54110658709934	0	0.9399999999999999	0	0	0	0	0	0	0	0	0	-0.52359878	0.52359878	-0.6981317	0	4.506802214443095e-07	0	0	0	0	0	0	0	0	0	0	0	0	0	0	0	0	0	0	0	0
48.88	9.987580897879914	1.313142958601771	-17.29254643415035	0	0.9399999999999999	0	0	0	0	0	0	0	0	0	-0.52359878	0.52359878	-0.6981317	0	3.95294244097118e-07	0	0	0	0	0	0	0	0	0	0	0	0	0	0	0	0	0	0	0	0
48.90000000000001	9.934624918033318	1.31741050388155	-17.25576524819915	0	0.9399999999999999	0	0	0	0	0	0	0	0	0	-0.52359878	0.500362859604694	-0.6981317	0	-5.671697278420594e-08	0	0	0	0	0	0	0	0	0	0	0	0	0	0	0	0	0	0	0	0
48.92	9.886318679619688	1.324341124181499	-17.17452316831988	0	0.9399999999999999	0	0	0	0	0	0	0	0	0	-0.52359878	0.4430087938133387	-0.6981317	0	-1.121463897486338e-07	0	0	0	0	0	0	0	0	0	0	0	0	0	0	0	0	0	0	0	0
48.94	9.901171494237939	1.338075915026631	-17.16925322855999	0	0.9399999999999999	0	0	0	0	0	0	0	0	0	-0.52359878	0.3752383087924581	-0.6981317	0	-5.540201487121768e-08	0	0	0	0	0	0	0	0	0	0	0	0	0	0	0	0	0	0	0	0
48.96	10.19887787898856	1.347090518046595	-17.43618159332722	0	0.9399999999999999	0	0	0	0	0	0	0	0	0	-0.4601067332999283	0.2322486082824168	-0.6981317	0	-1.536865781740034e-06	0	0	0	0	0	0	0	0	0	0	0	0	0	0	0	0	0	0	0	0
48.98	10.58114114652539	1.272775946937071	-17.77014368833815	0	0.9399999999999999	0	0	0	0	0	0	0	0	0	-0.3047078339378015	0.009546737111818138	-0.6981317	0	-5.590574463719699e-08	0	0	0	0	0	0	0	0	0	0	0	0	0	0	0	0	0	0	0	0
49.00000000000001	10.90045097332645	1.182382525907799	-18.07097562338904	0	0.9399999999999999	0	0	0	0	0	0	0	0	0	-0.1487313424460401	-0.2525644184086795	-0.6981317	0	-2.895895770571013e-07	0	0	0	0	0	0	0	0	0	0	0	0	0	0	0	0	0	0	0	0
49.02	10.92441998639315	1.148775060845029	-18.10401370598147	0	0.9399999999999999	0	0	0	0	0	0	0	0	0	-0.06327092989523639	-0.3813047597851165	-0.6981317	0	-1.087149190157779e-07	0	0	0	0	0	0	0	0	0	0	0	0	0	0	0	0	0	0	0	0
49.04000000000001	10.900144193202	1.110640099462243	-18.10103648172225	0	0.9399999999999999	0	0	0	0	0	0	0	0	0	0.03034621273875314	-0.4920455430854777	-0.6981317	0	-6.329823002352086e-06	0	0	0	0	0	0	0	0	0	0	0	0	0	0	0	0	0	0	0	0
49.06	10.90932303547412	1.101760322636004	-18.12029958170868	0	0.9399999999999999	0	0	0	0	0	0	0	0	0	0.04960618778858778	-0.5547992971163896	-0.6981317	0	-1.564445639413578e-07	0	0	0	0	0	0	0	0	0	0	0	0	0	0	0	0	0	0	0	0
49.08000000000001	10.91511570773505	1.06649345846123	-18.17867114249866	0	0.9399999999999999	0	0	0	0	0	0	0	0	0	0.1694779052720556	-0.7195699398511068	-0.6981317	0	6.952357135075961e-08	0	0	0	0	0	0	0	0	0	0	0	0	0	0	0	0	0	0	0	0
49.1	10.92183809708987	1.065567380916835	-18.20474663345731	0	0.9399999999999999	0	0	0	0	0	0	0	0	0	0.2078876587975834	-0.7535904310979161	-0.6981317	0	8.257576307994914e-08	0	0	0	0	0	0	0	0	0	0	0	0	0	0	0	0	0	0	0	0
49.12	10.91862821856379	1.067731842836868	-18.21356760652582	0	0.9399999999999999	0	0	0	0	0	0	0	0	0	0.2073868717160922	-0.780480067379939	-0.6981317	0	-7.42663402858504e-07	0	0	0	0	0	0	0	0	0	0	0	0	0	0	0	0	0	0	0	0
49.14000000000001	10.91457920721639	1.07830710697947	-18.24181718682136	0	0.9399999999999999	0	0	0	0	0	0	0	0	0	0.2389928447422254	-0.828746758874465	-0.6981317	0	-6.158108590663301e-09	0	0	0	0	0	0	0	0	0	0	0	0	0	0	0	0	0	0	0	0
49.16	10.86810375242744	1.119712978373792	-18.24946460008314	0	0.9399999999999999	0	0	0	0	0	0	0	0	0	0.2948064458252322	-0.8726646300000001	-0.6981317	0	-8.42880322110213e-08	0	0	0	0	0	0	0	0	0	0	0	0	0	0	0	0	0	0	0	0
49.18000000000001	10.83676081378725	1.143467484043765	-18.2329337831227	0	0.9399999999999999	0	0	0	0	0	0	0	0	0	0.327322935747167	-0.8726646300000001	-0.6981317	0	3.074845955934242e-07	0	0	0	0	0	0	0	0	0	0	0	0	0	0	0	0	0	0	0	0
49.2	10.83676081378725	1.143467484043765	-18.2329337831227	0	0.9399999999999999	0	0	0	0	0	0	0	0	0	0.327322935747167	-0.8726646300000001	-0.6981317	0	3.074845955934242e-07	0	0	0	0	0	0	0	0	0	0	0	0	0	0	0	0	0	0	0	0
49.22000000000001	10.81532900453955	1.162715420705697	-18.21890102588174	0	0.9399999999999999	0	0	0	0	0	0	0	0	0	0.3644185329414277	-0.8726646300000001	-0.6981317	0	-1.040400804042289e-07	0	0	0	0	0	0	0	0	0	0	0	0	0	0	0	0	0	0	0	0
49.24	10.7990050024642	1.176400991696835	-18.20487842951231	0	0.9399999999999999	0	0	0	0	0	0	0	0	0	0.4046357681185554	-0.8726646300000001	-0.6981317	0	2.125230087869155e-07	0	0	0	0	0	0	0	0	0	0	0	0	0	0	0	0	0	0	0	0
49.26000000000001	10.76037973467857	1.194229037690105	-18.16095779564312	0	0.9399999999999999	0	0	0	0	0	0	0	0	0	0.4926474893232156	-0.8726646300000001	-0.6981317	0	4.548927128735293e-09	0	0	0	0	0	0	0	0	0	0	0	0	0	0	0	0	0	0	0	0
49.28	10.76956930652122	1.172526584715906	-18.1683888422816	0	0.9399999999999999	0	0	0	0	0	0	0	0	0	0.5359605630668555	-0.8726646300000001	-0.6981317	0	1.85492153967654e-08	0	0	0	0	0	0	0	0	0	0	0	0	0	0	0	0	0	0	0	0
49.3	10.76956930652122	1.172526584715906	-18.1683888422816	0	0.9399999999999999	0	0	0	0	0	0	0	0	0	0.5359605630668555	-0.8726646300000001	-0.6981317	0	1.85492153967654e-08	0	0	0	0	0	0	0	0	0	0	0	0	0	0	0	0	0	0	0	0
49.32000000000001	10.70461698157552	1.173532902072871	-18.06768403359021	0	0.9399999999999999	0	0	0	0	0	0	0	0	0	0.6172820004497971	-0.8152344471208167	-0.6981317	0	-1.446702715075514e-07	0	0	0	0	0	0	0	0	0	0	0	0	0	0	0	0	0	0	0	0
49.34	10.70461698157552	1.173532902072871	-18.06768403359021	0	0.9399999999999999	0	0	0	0	0	0	0	0	0	0.6172820004497971	-0.8152344471208167	-0.6981317	0	-1.446702715075514e-07	0	0	0	0	0	0	0	0	0	0	0	0	0	0	0	0	0	0	0	0
49.36000000000001	10.65948285561871	1.157891569042127	-18.01201359910328	0	0.9399999999999999	0	0	0	0	0	0	0	0	0	0.676319180471504	-0.8102794211666634	-0.6981317	0.01474956705508524	0.01474958589350156	0	0	0	0	0	0	0	0	0	0	0	0	0	0	0	0	0	0	0	0
49.38	10.61643922553137	1.110280167974146	-17.98257171760173	0	0.9399999999999999	0	0	0	0	0	0	0	0	0	0.7949480355470752	-0.8726646300000001	-0.6981317	0.08445553164800464	0.08445550251208421	0	0	0	0	0	0	0	0	0	0	0	0	0	0	0	0	0	0	0	0
49.40000000000001	10.61643922553137	1.110280167974146	-17.98257171760173	0	0.9399999999999999	0	0	0	0	0	0	0	0	0	0.7949480355470752	-0.8726646300000001	-0.6981317	0.08445553164800464	0.08445550251208421	0	0	0	0	0	0	0	0	0	0	0	0	0	0	0	0	0	0	0	0
49.42	10.58413593999523	1.085772468217046	-17.94788667743513	0	0.9399999999999999	0	0	0	0	0	0	0	0	0	0.8580317252418124	-0.8726646300000001	-0.6981317	0	-3.314949793241824e-08	0	0	0	0	0	0	0	0	0	0	0	0	0	0	0	0	0	0	0	0
49.44	10.56346313165182	1.078033780613509	-17.91310433635783	0	0.9399999999999999	0	0	0	0	0	0	0	0	0	0.8995606466658652	-0.8726646300000001	-0.6981317	0	-3.666618633431666e-09	0	0	0	0	0	0	0	0	0	0	0	0	0	0	0	0	0	0	0	0
49.46	10.57721387376055	1.060288285040223	-17.92110383313798	0	0.9399999999999999	0	0	0	0	0	0	0	0	0	0.9103322924209658	-0.8726646300000001	-0.6981317	0	3.307513012723085e-08	0	0	0	0	0	0	0	0	0	0	0	0	0	0	0	0	0	0	0	0
49.48	10.57910828881124	1.054453969585301	-17.89036705721669	0	0.9399999999999999	0	0	0	0	0	0	0	0	0	0.9521234028811542	-0.8726646300000001	-0.6981317	0	2.3550691794239e-07	0	0	0	0	0	0	0	0	0	0	0	0	0	0	0	0	0	0	0	0
49.50000000000001	10.5783865340185	1.052719663467965	-17.86459810471582	0	0.9399999999999999	0	0	0	0	0	0	0	0	0	0.9339744401093037	-0.8726646300000001	-0.6981317	0	2.52236008757636e-08	0	0	0	0	0	0	0	0	0	0	0	0	0	0	0	0	0	0	0	0
49.52	10.5783865340185	1.052719663467965	-17.86459810471582	0	0.9399999999999999	0	0	0	0	0	0	0	0	0	0.9339744401093037	-0.8726646300000001	-0.6981317	0	2.52236008757636e-08	0	0	0	0	0	0	0	0	0	0	0	0	0	0	0	0	0	0	0	0
49.54000000000001	10.56371870073282	1.058211109953722	-17.81838155654773	0	0.9399999999999999	0	0	0	0	0	0	0	0	0	0.8955205094286446	-0.8726646300000001	-0.6981317	0	1.956389794447269e-07	0	0	0	0	0	0	0	0	0	0	0	0	0	0	0	0	0	0	0	0
49.56	10.4774685536439	1.080756232792782	-17.70759260579837	0	0.9399999999999999	0	0	0	0	0	0	0	0	0	0.7994127572284473	-0.8726646300000001	-0.6981317	0	3.033331353528372e-10	0	0	0	0	0	0	0	0	0	0	0	0	0	0	0	0	0	0	0	0
49.58000000000001	10.39780168231199	1.09076890573939	-17.62359869672353	0	0.9399999999999999	0	0	0	0	0	0	0	0	0	0.7438309775734226	-0.8726646300000001	-0.6981317	0	-5.163325532737373e-06	0	0	0	0	0	0	0	0	0	0	0	0	0	0	0	0	0	0	0	0
49.6	10.38564286245671	1.094719174830709	-17.59977561888881	0	0.9399999999999999	0	0	0	0	0	0	0	0	0	0.7010434315078881	-0.8726646300000001	-0.6981317	0	5.591276425075955e-08	0	0	0	0	0	0	0	0	0	0	0	0	0	0	0	0	0	0	0	0
49.62	10.31125576969615	1.107584761362914	-17.53915386989826	0	0.9399999999999999	0	0	0	0	0	0	0	0	0	0.6804504426888928	-0.8726646300000001	-0.6981317	0	2.47135104009989e-06	0	0	0	0	0	0	0	0	0	0	0	0	0	0	0	0	0	0	0	0
49.64000000000001	10.25337154363023	1.116244920907782	-17.46817744477231	0	0.9399999999999999	0	0	0	0	0	0	0	0	0	0.6575931407526217	-0.8726646300000001	-0.6502031425804218	0	-1.266430888990596e-10	0	0	0	0	0	0	0	0	0	0	0	0	0	0	0	0	0	0	0	0
49.66	10.19670442150703	1.121869851936051	-17.40627542313578	0	0.9399999999999999	0	0	0	0	0	0	0	0	0	0.6196882818674836	-0.8726646300000001	-0.6167512763324707	0	-2.376280104271471e-07	0	0	0	0	0	0	0	0	0	0	0	0	0	0	0	0	0	0	0	0
49.68000000000001	10.09093135230284	1.161112238221213	-17.3330069978191	0	0.9399999999999999	0	0	0	0	0	0	0	0	0	0.4438461634302365	-0.8726646300000001	-0.6438822453197472	0	-3.909057374344482e-08	0	0	0	0	0	0	0	0	0	0	0	0	0	0	0	0	0	0	0	0
49.7	10.04343201236926	1.204914523813492	-17.31111646275622	0	0.9399999999999999	0	0	0	0	0	0	0	0	0	0.3015653407904293	-0.8726646300000001	-0.6981317	0	-4.621218454271453e-07	0	0	0	0	0	0	0	0	0	0	0	0	0	0	0	0	0	0	0	0
49.72000000000001	10.04709753686884	1.253170332975269	-17.30443126194827	0	0.9399999999999999	0	0	0	0	0	0	0	0	0	0.2059087130942209	-0.8726646300000001	-0.6981317	0	5.078428829354679e-06	0	0	0	0	0	0	0	0	0	0	0	0	0	0	0	0	0	0	0	0
49.74	10.05100899174745	1.294761715714793	-17.29408743115328	0	0.9399999999999999	0	0	0	0	0	0	0	0	0	0.1065338766340394	-0.8726646300000001	-0.6981317	0	1.752735195777701e-07	0	0	0	0	0	0	0	0	0	0	0	0	0	0	0	0	0	0	0	0
49.76000000000001	10.05100899174745	1.294761715714793	-17.29408743115328	0	0.9399999999999999	0	0	0	0	0	0	0	0	0	0.1065338766340394	-0.8726646300000001	-0.6981317	0	1.752735195777701e-07	0	0	0	0	0	0	0	0	0	0	0	0	0	0	0	0	0	0	0	0
49.78	10.09354030739719	1.286338238704797	-17.32048022015377	0	0.9399999999999999	0	0	0	0	0	0	0	0	0	0.05848630393373832	-0.8726646300000001	-0.6981317	0	9.245927130389395e-08	0	0	0	0	0	0	0	0	0	0	0	0	0	0	0	0	0	0	0	0
49.8	10.16643720799966	1.228860026494016	-17.37444270793704	0	0.9399999999999999	0	0	0	0	0	0	0	0	0	0.05608264429182136	-0.8726646300000001	-0.6981317	0	2.472162773785183e-08	0	0	0	0	0	0	0	0	0	0	0	0	0	0	0	0	0	0	0	0
49.82000000000001	10.1932446614286	1.234872086922547	-17.34998932848063	0	0.9399999999999999	0	0	0	0	0	0	0	0	0	-0.0594915375354496	-0.8113706345316579	-0.6981317	0	-2.482511093223725e-08	0	0	0	0	0	0	0	0	0	0	0	0	0	0	0	0	0	0	0	0
49.84	10.1932446614286	1.234872086922547	-17.34998932848063	0	0.9399999999999999	0	0	0	0	0	0	0	0	0	-0.0594915375354496	-0.8113706345316579	-0.6981317	0	-2.482511093223725e-08	0	0	0	0	0	0	0	0	0	0	0	0	0	0	0	0	0	0	0	0
49.86000000000001	10.15996333795952	1.27326151148124	-17.23854717517263	0	0.9399999999999999	0	0	0	0	0	0	0	0	0	-0.1573584895633384	-0.7140334715342993	-0.6981317	0	-5.775294999461478e-07	0	0	0	0	0	0	0	0	0	0	0	0	0	0	0	0	0	0	0	0
49.88	10.15472773087207	1.297119264890967	-17.18100712844224	0	0.9399999999999999	0	0	0	0	0	0	0	0	0	-0.1824302254802397	-0.6628804394354418	-0.6981317	0	2.020374568475101e-07	0	0	0	0	0	0	0	0	0	0	0	0	0	0	0	0	0	0	0	0
49.90000000000001	10.15472773087207	1.297119264890967	-17.18100712844224	0	0.9399999999999999	0	0	0	0	0	0	0	0	0	-0.1824302254802397	-0.6628804394354418	-0.6981317	0	2.020374568475101e-07	0	0	0	0	0	0	0	0	0	0	0	0	0	0	0	0	0	0	0	0
49.92	10.17135717831755	1.313658338192045	-17.13973386758895	0	0.9399999999999999	0	0	0	0	0	0	0	0	0	-0.1877775042214923	-0.6071731299123678	-0.6981317	0	-3.974724645166453e-09	0	0	0	0	0	0	0	0	0	0	0	0	0	0	0	0	0	0	0	0
49.94	10.21748626263848	1.319081908274367	-17.1285054914719	0	0.9399999999999999	0	0	0	0	0	0	0	0	0	-0.1777533643668429	-0.5452780574200052	-0.6981317	0	1.599046011061937e-06	0	0	0	0	0	0	0	0	0	0	0	0	0	0	0	0	0	0	0	0
49.96	10.26989921302935	1.317633588866884	-17.13000531358391	0	0.9399999999999999	0	0	0	0	0	0	0	0	0	-0.1681494955371201	-0.4603462934125164	-0.6981317	0	-9.622769194019662e-09	0	0	0	0	0	0	0	0	0	0	0	0	0	0	0	0	0	0	0	0
49.98	10.25232317896608	1.307284070623586	-17.07217472748833	0	0.9399999999999999	0	0	0	0	0	0	0	0	0	-0.2257351026028417	-0.2355180828439987	-0.6981317	0	4.13350390246439e-07	0	0	0	0	0	0	0	0	0	0	0	0	0	0	0	0	0	0	0	0
50.00000000000001	10.25232317896608	1.307284070623586	-17.07217472748833	0	0.9399999999999999	0	0	0	0	0	0	0	0	0	-0.2257351026028417	-0.2355180828439987	-0.6981317	0	4.13350390246439e-07	0	0	0	0	0	0	0	0	0	0	0	0	0	0	0	0	0	0	0	0
50.02	10.21711122120035	1.296827436399941	-17.04706992605599	0	0.9399999999999999	0	0	0	0	0	0	0	0	0	-0.2683623373756506	-0.1137086809014958	-0.6981317	0	-1.259527318785899e-07	0	0	0	0	0	0	0	0	0	0	0	0	0	0	0	0	0	0	0	0
50.04000000000001	10.19602426349	1.28828542045021	-17.05011268224768	0	0.9399999999999999	0	0	0	0	0	0	0	0	0	-0.3125174648219154	0.00262314532049204	-0.6981317	0	3.224949512585346e-07	0	0	0	0	0	0	0	0	0	0	0	0	0	0	0	0	0	0	0	0
50.06	10.19904054763504	1.282291375913625	-17.08935344106659	0	0.9399999999999999	0	0	0	0	0	0	0	0	0	-0.3505338641657066	0.1141894254768738	-0.6981317	0	-6.855255784966292e-06	0	0	0	0	0	0	0	0	0	0	0	0	0	0	0	0	0	0	0	0
50.08000000000001	10.34593521052544	1.27756217215056	-17.31996739237071	0	0.9399999999999999	0	0	0	0	0	0	0	0	0	-0.354898221193394	0.2843646429965954	-0.6981317	0	1.658812639791683e-07	0	0	0	0	0	0	0	0	0	0	0	0	0	0	0	0	0	0	0	0
50.1	10.34593521052544	1.27756217215056	-17.31996739237071	0	0.9399999999999999	0	0	0	0	0	0	0	0	0	-0.354898221193394	0.2843646429965954	-0.6981317	0	1.658812639791683e-07	0	0	0	0	0	0	0	0	0	0	0	0	0	0	0	0	0	0	0	0
50.12	10.40840009683427	1.250207097362554	-17.41783410407856	0	0.9399999999999999	0	0	0	0	0	0	0	0	0	-0.3202865104399696	0.3681682412762201	-0.6981317	0	2.307997699970791e-07	0	0	0	0	0	0	0	0	0	0	0	0	0	0	0	0	0	0	0	0
50.14000000000001	10.45060288154767	1.212261021541863	-17.47653843228687	0	0.9399999999999999	0	0	0	0	0	0	0	0	0	-0.284672437615618	0.445001115792622	-0.6981317	0	7.593219955742154e-07	0	0	0	0	0	0	0	0	0	0	0	0	0	0	0	0	0	0	0	0
50.16	10.50423687265312	1.132516673586619	-17.51547919704364	0	0.9399999999999999	0	0	0	0	0	0	0	0	0	-0.2029990512399441	0.5203205954426823	-0.6981317	0	-1.274508371537778e-07	0	0	0	0	0	0	0	0	0	0	0	0	0	0	0	0	0	0	0	0
50.18000000000001	10.50848198689764	1.105047093767515	-17.52167888953019	0	0.9399999999999999	0	0	0	0	0	0	0	0	0	-0.174929535253818	0.5125046276173894	-0.6981317	0	-1.126841848492911e-08	0	0	0	0	0	0	0	0	0	0	0	0	0	0	0	0	0	0	0	0
50.2	10.53171933146904	1.099940554916582	-17.54806940469145	0	0.9399999999999999	0	0	0	0	0	0	0	0	0	-0.1522333361308892	0.52359878	-0.6981317	0	4.09760064777161e-08	0	0	0	0	0	0	0	0	0	0	0	0	0	0	0	0	0	0	0	0
50.22000000000001	10.55860125217427	1.090973000514385	-17.58959640293358	0	0.9399999999999999	0	0	0	0	0	0	0	0	0	-0.1118338912150259	0.52359878	-0.6981317	0	-1.120181279969435e-06	0	0	0	0	0	0	0	0	0	0	0	0	0	0	0	0	0	0	0	0
50.24	10.57015925414601	1.114751665893961	-17.61653626473007	0	0.9399999999999999	0	0	0	0	0	0	0	0	0	-0.1053400046514681	0.52359878	-0.6981317	0	-5.487667515510431e-09	0	0	0	0	0	0	0	0	0	0	0	0	0	0	0	0	0	0	0	0
50.26000000000001	10.58225550372463	1.111685417391848	-17.63714396930686	0	0.9399999999999999	0	0	0	0	0	0	0	0	0	-0.09285619624588384	0.52359878	-0.6981317	0	2.531973358581349e-08	0	0	0	0	0	0	0	0	0	0	0	0	0	0	0	0	0	0	0	0
50.28	10.57912924651629	1.119530935346588	-17.62013271349886	0	0.9399999999999999	0	0	0	0	0	0	0	0	0	-0.1001411757416792	0.52359878	-0.6981317	0	-3.144280732934503e-07	0	0	0	0	0	0	0	0	0	0	0	0	0	0	0	0	0	0	0	0
50.3	10.52760064149521	1.153154001261815	-17.55817489282074	0	0.9399999999999999	0	0	0	0	0	0	0	0	0	-0.1428881327530426	0.52359878	-0.6981317	0	6.368494126435245e-10	0	0	0	0	0	0	0	0	0	0	0	0	0	0	0	0	0	0	0	0
50.32000000000001	10.52760064149521	1.153154001261815	-17.55817489282074	0	0.9399999999999999	0	0	0	0	0	0	0	0	0	-0.1428881327530426	0.52359878	-0.6981317	0	6.368494126435245e-10	0	0	0	0	0	0	0	0	0	0	0	0	0	0	0	0	0	0	0	0
50.34	10.49553857886759	1.179033857580736	-17.54053970757198	0	0.9399999999999999	0	0	0	0	0	0	0	0	0	-0.1667152574365537	0.52359878	-0.6981317	0	-1.640052689424721e-07	0	0	0	0	0	0	0	0	0	0	0	0	0	0	0	0	0	0	0	0
50.36000000000001	10.39575832274089	1.208822100855935	-17.43177662106655	0	0.9399999999999999	0	0	0	0	0	0	0	0	0	-0.2110658215797679	0.52359878	-0.6981317	0	-7.000242747713512e-07	0	0	0	0	0	0	0	0	0	0	0	0	0	0	0	0	0	0	0	0
50.38	10.19816961716847	1.202111558396018	-17.15457326245524	0	0.9399999999999999	0	0	0	0	0	0	0	0	0	-0.2613709658910086	0.52359878	-0.6981317	0	6.503361645802987e-07	0	0	0	0	0	0	0	0	0	0	0	0	0	0	0	0	0	0	0	0
50.40000000000001	10.21730942926353	1.200216191709879	-17.15750596124176	0	0.9399999999999999	0	0	0	0	0	0	0	0	0	-0.2241099090988026	0.4588406603149305	-0.6981317	0	1.85474150936421e-08	0	0	0	0	0	0	0	0	0	0	0	0	0	0	0	0	0	0	0	0
50.42	10.4256158057515	1.1597422496879	-17.35915301995798	0	0.9399999999999999	0	0	0	0	0	0	0	0	0	-0.1300195462451275	0.3247592498564142	-0.6981317	0	4.142383099365933e-07	0	0	0	0	0	0	0	0	0	0	0	0	0	0	0	0	0	0	0	0
50.44	10.60290801085661	1.126181249046003	-17.48857406156194	0	0.9399999999999999	0	0	0	0	0	0	0	0	0	-0.05375916169721202	0.1552020863395846	-0.6981317	0	-3.025958712859264e-07	0	0	0	0	0	0	0	0	0	0	0	0	0	0	0	0	0	0	0	0
50.46	10.68636181925255	1.130053460716774	-17.51051307859626	0	0.9399999999999999	0	0	0	0	0	0	0	0	0	-0.0359999832387527	0.02832692747247159	-0.6981317	0	8.552953274791595e-08	0	0	0	0	0	0	0	0	0	0	0	0	0	0	0	0	0	0	0	0
50.48	11.09102866692525	1.178897864436095	-17.91331817527367	0	0.9399999999999999	0	0	0	0	0	0	0	0	0	-0.01850295962029974	-0.2892380313419761	-0.6981317	0	-3.981298058512555e-07	0	0	0	0	0	0	0	0	0	0	0	0	0	0	0	0	0	0	0	0
50.50000000000001	11.21032458210725	1.238891985476189	-18.0216214295431	0	0.9399999999999999	0	0	0	0	0	0	0	0	0	-0.0933040404105361	-0.2836618648917485	-0.6981317	0	-8.184336348111818e-09	0	0	0	0	0	0	0	0	0	0	0	0	0	0	0	0	0	0	0	0
50.52	11.2232142268408	1.15349075711475	-18.07205437329615	0	0.9399999999999999	0	0	0	0	0	0	0	0	0	0.09989374731498113	-0.5084214250260715	-0.6981317	0	-5.766956792198682e-09	0	0	0	0	0	0	0	0	0	0	0	0	0	0	0	0	0	0	0	0
50.54000000000001	11.06113205792969	1.08862792955869	-17.91784580771944	0	0.9399999999999999	0	0	0	0	0	0	0	0	0	0.1916007767576677	-0.4961528131600071	-0.6981317	0	-7.108164903687324e-07	0	0	0	0	0	0	0	0	0	0	0	0	0	0	0	0	0	0	0	0
50.56	11.08104867401891	1.031687729783989	-17.99616755231334	0	0.9399999999999999	0	0	0	0	0	0	0	0	0	0.3527476556206541	-0.6897648547398263	-0.6981317	0	-4.951895155907715e-08	0	0	0	0	0	0	0	0	0	0	0	0	0	0	0	0	0	0	0	0
50.58000000000001	11.0752643430275	1.056175707347361	-17.9773760231131	0	0.9399999999999999	0	0	0	0	0	0	0	0	0	0.3311353725218392	-0.6674490644295099	-0.6981317	0	6.459014847202058e-08	0	0	0	0	0	0	0	0	0	0	0	0	0	0	0	0	0	0	0	0
50.6	11.07882854910329	1.084600574632645	-18.03270710786694	0	0.9399999999999999	0	0	0	0	0	0	0	0	0	0.3802136122063829	-0.766540865027588	-0.6981317	0	2.316196485173116e-07	0	0	0	0	0	0	0	0	0	0	0	0	0	0	0	0	0	0	0	0
50.62	11.08223761776017	1.123093215916067	-18.05088789639678	0	0.9399999999999999	0	0	0	0	0	0	0	0	0	0.3855250398470729	-0.7852269332596223	-0.6981317	0	-1.883970551591477e-07	0	0	0	0	0	0	0	0	0	0	0	0	0	0	0	0	0	0	0	0
50.64000000000001	11.08223761776017	1.123093215916067	-18.05088789639678	0	0.9399999999999999	0	0	0	0	0	0	0	0	0	0.3855250398470729	-0.7852269332596223	-0.6981317	0	-1.883970551591477e-07	0	0	0	0	0	0	0	0	0	0	0	0	0	0	0	0	0	0	0	0
50.66	10.99572882105392	1.158931726657702	-17.99083514829706	0	0.9399999999999999	0	0	0	0	0	0	0	0	0	0.4646832659795487	-0.8001012593225033	-0.6981317	0	3.737275252805116e-07	0	0	0	0	0	0	0	0	0	0	0	0	0	0	0	0	0	0	0	0
50.68000000000001	10.93218977297709	1.162325886582721	-17.93549843773527	0	0.9399999999999999	0	0	0	0	0	0	0	0	0	0.5141528240343252	-0.7964456191232749	-0.6981317	0	-2.275856153970712e-07	0	0	0	0	0	0	0	0	0	0	0	0	0	0	0	0	0	0	0	0
50.7	10.93218977297709	1.162325886582721	-17.93549843773527	0	0.9399999999999999	0	0	0	0	0	0	0	0	0	0.5141528240343252	-0.7964456191232749	-0.6981317	0	-2.275856153970712e-07	0	0	0	0	0	0	0	0	0	0	0	0	0	0	0	0	0	0	0	0
50.72000000000001	10.88524844324209	1.167354528597681	-17.89295745816817	0	0.9399999999999999	0	0	0	0	0	0	0	0	0	0.5564908554211242	-0.7881470823706347	-0.6981317	0	3.444284861593682e-07	0	0	0	0	0	0	0	0	0	0	0	0	0	0	0	0	0	0	0	0
50.74	10.79586555561956	1.182108954947512	-17.80910637934188	0	0.9399999999999999	0	0	0	0	0	0	0	0	0	0.6165324431158284	-0.7514035236207398	-0.6981317	0	-8.356746231874443e-08	0	0	0	0	0	0	0	0	0	0	0	0	0	0	0	0	0	0	0	0
50.76000000000001	10.74612315366599	1.186538456545848	-17.75907654674556	0	0.9399999999999999	0	0	0	0	0	0	0	0	0	0.6487160274418946	-0.7271076460886835	-0.6981317	0	-5.855080874960883e-08	0	0	0	0	0	0	0	0	0	0	0	0	0	0	0	0	0	0	0	0
50.78	10.74612315366599	1.186538456545848	-17.75907654674556	0	0.9399999999999999	0	0	0	0	0	0	0	0	0	0.6487160274418946	-0.7271076460886835	-0.6981317	0	-5.855080874960883e-08	0	0	0	0	0	0	0	0	0	0	0	0	0	0	0	0	0	0	0	0
50.8	10.71089676694548	1.187397215205075	-17.71842101719508	0	0.9399999999999999	0	0	0	0	0	0	0	0	0	0.6837173731074866	-0.7075277250380019	-0.6981317	0	-1.047690226436696e-07	0	0	0	0	0	0	0	0	0	0	0	0	0	0	0	0	0	0	0	0
50.82000000000001	10.71202805527774	1.166874070009082	-17.71074099537466	0	0.9399999999999999	0	0	0	0	0	0	0	0	0	0.7506140844613417	-0.7053257242398109	-0.6981317	0	-1.169907754970783e-07	0	0	0	0	0	0	0	0	0	0	0	0	0	0	0	0	0	0	0	0
50.84	10.74684581317256	1.142087802341508	-17.7473930045093	0	0.9399999999999999	0	0	0	0	0	0	0	0	0	0.7964111843741469	-0.7313591852734884	-0.6981317	0	-4.054785479691471e-07	0	0	0	0	0	0	0	0	0	0	0	0	0	0	0	0	0	0	0	0
50.86000000000001	10.74684581317256	1.142087802341508	-17.7473930045093	0	0.9399999999999999	0	0	0	0	0	0	0	0	0	0.7964111843741469	-0.7313591852734884	-0.6981317	0	-4.054785479691471e-07	0	0	0	0	0	0	0	0	0	0	0	0	0	0	0	0	0	0	0	0
50.88	10.80599302238374	1.109847879981574	-17.81284219235561	0	0.9399999999999999	0	0	0	0	0	0	0	0	0	0.8437667540537204	-0.7791774945719434	-0.6981317	0	7.199780923548956e-08	0	0	0	0	0	0	0	0	0	0	0	0	0	0	0	0	0	0	0	0
50.90000000000001	10.82483947687395	1.095145970791604	-17.83246078662369	0	0.9399999999999999	0	0	0	0	0	0	0	0	0	0.9068183660248148	-0.8241895032935587	-0.6981317	0	-6.346811086644691e-07	0	0	0	0	0	0	0	0	0	0	0	0	0	0	0	0	0	0	0	0
50.92	10.8448211420906	1.077525816903258	-17.84359463761117	0	0.9399999999999999	0	0	0	0	0	0	0	0	0	0.9439685125823114	-0.849607501324144	-0.6981317	0	-7.266549376331458e-08	0	0	0	0	0	0	0	0	0	0	0	0	0	0	0	0	0	0	0	0
50.94	10.89512140464137	1.050120834384936	-17.87394435763865	0	0.9399999999999999	0	0	0	0	0	0	0	0	0	0.9714166822988141	-0.8445478048921866	-0.6981317	0	-1.540220474356427e-08	0	0	0	0	0	0	0	0	0	0	0	0	0	0	0	0	0	0	0	0
50.96	10.88207824118532	1.045819768055612	-17.84703206016588	0	0.9399999999999999	0	0	0	0	0	0	0	0	0	0.9927532289628825	-0.8726646300000001	-0.6981317	0	4.303103430311258e-07	0	0	0	0	0	0	0	0	0	0	0	0	0	0	0	0	0	0	0	0
50.98	10.88207824118532	1.045819768055612	-17.84703206016588	0	0.9399999999999999	0	0	0	0	0	0	0	0	0	0.9927532289628825	-0.8726646300000001	-0.6981317	0	4.303103430311258e-07	0	0	0	0	0	0	0	0	0	0	0	0	0	0	0	0	0	0	0	0
51.00000000000001	10.83419706007255	1.040301912771573	-17.74968134986338	0	0.9399999999999999	0	0	0	0	0	0	0	0	0	0.9453557782285934	-0.8726646300000001	-0.6981317	0	-2.59077534255592e-08	0	0	0	0	0	0	0	0	0	0	0	0	0	0	0	0	0	0	0	0
51.02	10.83419706007255	1.040301912771573	-17.74968134986338	0	0.9399999999999999	0	0	0	0	0	0	0	0	0	0.9453557782285934	-0.8726646300000001	-0.6981317	0	-2.59077534255592e-08	0	0	0	0	0	0	0	0	0	0	0	0	0	0	0	0	0	0	0	0
51.04000000000001	10.73648126331517	1.041670331029988	-17.61914975003712	0	0.9399999999999999	0	0	0	0	0	0	0	0	0	0.8534347320139004	-0.8726646300000001	-0.6981317	0	-1.131176462980803e-07	0	0	0	0	0	0	0	0	0	0	0	0	0	0	0	0	0	0	0	0
51.06	10.66922665957273	1.043907976971429	-17.5445423875885	0	0.9399999999999999	0	0	0	0	0	0	0	0	0	0.7909073484536145	-0.8726646300000001	-0.6981317	0	3.312289253468872e-07	0	0	0	0	0	0	0	0	0	0	0	0	0	0	0	0	0	0	0	0
51.08000000000001	10.59363754007722	1.05323416238012	-17.46854125700324	0	0.9399999999999999	0	0	0	0	0	0	0	0	0	0.7171536942325089	-0.8726646300000001	-0.6981317	0	6.751683748395288e-08	0	0	0	0	0	0	0	0	0	0	0	0	0	0	0	0	0	0	0	0
51.1	10.51709000238152	1.058977121939943	-17.39643710393598	0	0.9399999999999999	0	0	0	0	0	0	0	0	0	0.649344209374718	-0.8726646300000001	-0.6981317	0	6.667121055624967e-07	0	0	0	0	0	0	0	0	0	0	0	0	0	0	0	0	0	0	0	0
51.12	10.44627159070291	1.060250234392461	-17.33785883186502	0	0.9399999999999999	0	0	0	0	0	0	0	0	0	0.5853195207192896	-0.8726646300000001	-0.6981317	0	-1.698537184575434e-08	0	0	0	0	0	0	0	0	0	0	0	0	0	0	0	0	0	0	0	0
51.14000000000001	10.40326167937583	1.083053911366009	-17.30793789050299	0	0.9399999999999999	0	0	0	0	0	0	0	0	0	0.4992030396059908	-0.8719566869954015	-0.6981317	0	6.839124594105808e-07	0	0	0	0	0	0	0	0	0	0	0	0	0	0	0	0	0	0	0	0
51.16	10.40326167937583	1.083053911366009	-17.30793789050299	0	0.9399999999999999	0	0	0	0	0	0	0	0	0	0.4992030396059908	-0.8719566869954015	-0.6981317	0	6.839124594105808e-07	0	0	0	0	0	0	0	0	0	0	0	0	0	0	0	0	0	0	0	0
51.18000000000001	10.31273149735289	1.13114221410086	-17.22364796182211	0	0.9399999999999999	0	0	0	0	0	0	0	0	0	0.3936009197418441	-0.8360607185353328	-0.6981317	0	1.339290328963396e-06	0	0	0	0	0	0	0	0	0	0	0	0	0	0	0	0	0	0	0	0
51.2	10.17746381654631	1.178313356535861	-17.09503878371788	0	0.9399999999999999	0	0	0	0	0	0	0	0	0	0.2908209254749005	-0.7928126087306292	-0.6981317	0	1.9423832264782e-07	0	0	0	0	0	0	0	0	0	0	0	0	0	0	0	0	0	0	0	0
51.22000000000001	9.848763503764745	1.246409890902189	-16.76900858685001	0	0.9399999999999999	0	0	0	0	0	0	0	0	0	0.07326442250132031	-0.6898660798809841	-0.6981317	0	1.049572003584144e-08	0	0	0	0	0	0	0	0	0	0	0	0	0	0	0	0	0	0	0	0
51.24	9.823498135930647	1.231221842519787	-16.7427264102798	0	0.9399999999999999	0	0	0	0	0	0	0	0	0	0.01533556711423136	-0.6550693632941705	-0.6981317	0	-1.484240324453473e-06	0	0	0	0	0	0	0	0	0	0	0	0	0	0	0	0	0	0	0	0
51.26000000000001	9.875126242414906	1.208325957186605	-16.79298761950878	0	0.9399999999999999	0	0	0	0	0	0	0	0	0	-0.02549373770459448	-0.6336007133203425	-0.6981317	0	1.173039202531057e-07	0	0	0	0	0	0	0	0	0	0	0	0	0	0	0	0	0	0	0	0
51.28	9.875126242414906	1.208325957186605	-16.79298761950878	0	0.9399999999999999	0	0	0	0	0	0	0	0	0	-0.02549373770459448	-0.6336007133203425	-0.6981317	0	1.173039202531057e-07	0	0	0	0	0	0	0	0	0	0	0	0	0	0	0	0	0	0	0	0
51.3	9.904120127088555	1.203742205725406	-16.81502737387176	0	0.9399999999999999	0	0	0	0	0	0	0	0	0	-0.08357865580912856	-0.6067834532388484	-0.6981317	0	-4.068233283777804e-07	0	0	0	0	0	0	0	0	0	0	0	0	0	0	0	0	0	0	0	0
51.32000000000001	9.901281646142124	1.209502907851288	-16.79809205764874	0	0.9399999999999999	0	0	0	0	0	0	0	0	0	-0.1480027852507572	-0.5701737061169623	-0.6981317	0	1.035038011500664e-07	0	0	0	0	0	0	0	0	0	0	0	0	0	0	0	0	0	0	0	0
51.34	9.872992965957962	1.226983247691433	-16.6963349009877	0	0.9399999999999999	0	0	0	0	0	0	0	0	0	-0.2188474088882698	-0.4730033466743687	-0.6981317	0	-7.43938733705157e-07	0	0	0	0	0	0	0	0	0	0	0	0	0	0	0	0	0	0	0	0
51.36000000000001	9.858138387312861	1.238566915723387	-16.63278696770002	0	0.9399999999999999	0	0	0	0	0	0	0	0	0	-0.2387371863337558	-0.4179759756738668	-0.6981317	0	-4.130354491304865e-08	0	0	0	0	0	0	0	0	0	0	0	0	0	0	0	0	0	0	0	0
51.38	9.858138387312861	1.238566915723387	-16.63278696770002	0	0.9399999999999999	0	0	0	0	0	0	0	0	0	-0.2387371863337558	-0.4179759756738668	-0.6981317	0	-4.130354491304865e-08	0	0	0	0	0	0	0	0	0	0	0	0	0	0	0	0	0	0	0	0
51.40000000000001	9.859359437494041	1.247767545023078	-16.58168674596217	0	0.9399999999999999	0	0	0	0	0	0	0	0	0	-0.2487088613153959	-0.3573184698339287	-0.6981317	0	2.581342979238874e-06	0	0	0	0	0	0	0	0	0	0	0	0	0	0	0	0	0	0	0	0
51.42	9.87990098951415	1.253593876997515	-16.55077193192454	0	0.9399999999999999	0	0	0	0	0	0	0	0	0	-0.2533179695880974	-0.2891021325307563	-0.6981317	0	3.252222632637083e-07	0	0	0	0	0	0	0	0	0	0	0	0	0	0	0	0	0	0	0	0
51.44	9.953686323293752	1.256232365488679	-16.547492199385	0	0.9399999999999999	0	0	0	0	0	0	0	0	0	-0.2710699894791248	-0.1180824720813337	-0.6981317	0	-9.940240452901622e-07	0	0	0	0	0	0	0	0	0	0	0	0	0	0	0	0	0	0	0	0
51.46	9.997868933149661	1.252629765514131	-16.57426347230016	0	0.9399999999999999	0	0	0	0	0	0	0	0	0	-0.2875096614480455	-0.01716602059364825	-0.6981317	0	-1.526987779559186e-07	0	0	0	0	0	0	0	0	0	0	0	0	0	0	0	0	0	0	0	0
51.48	9.997868933149661	1.252629765514131	-16.57426347230016	0	0.9399999999999999	0	0	0	0	0	0	0	0	0	-0.2875096614480455	-0.01716602059364825	-0.6981317	0	-1.526987779559186e-07	0	0	0	0	0	0	0	0	0	0	0	0	0	0	0	0	0	0	0	0
51.50000000000001	10.04069509420299	1.24911181312834	-16.61920723937337	0	0.9399999999999999	0	0	0	0	0	0	0	0	0	-0.3098779278519022	0.08501811488996829	-0.6981317	0	8.321082971802401e-07	0	0	0	0	0	0	0	0	0	0	0	0	0	0	0	0	0	0	0	0
51.52	10.14999585913312	1.254157073376253	-16.7740887582459	0	0.9399999999999999	0	0	0	0	0	0	0	0	0	-0.3423660561908317	0.2728455445317532	-0.6981317	0	1.225266347083408e-07	0	0	0	0	0	0	0	0	0	0	0	0	0	0	0	0	0	0	0	0
51.54000000000001	10.24004338229229	1.265190951809249	-16.89683061326174	0	0.9399999999999999	0	0	0	0	0	0	0	0	0	-0.3326598427198599	0.3431730101689171	-0.6981317	0	2.016210609672122e-08	0	0	0	0	0	0	0	0	0	0	0	0	0	0	0	0	0	0	0	0
51.56	10.24004338229229	1.265190951809249	-16.89683061326174	0	0.9399999999999999	0	0	0	0	0	0	0	0	0	-0.3326598427198599	0.3431730101689171	-0.6981317	0	2.016210609672122e-08	0	0	0	0	0	0	0	0	0	0	0	0	0	0	0	0	0	0	0	0
51.58000000000001	10.37715569165824	1.267105542007383	-17.08696796143486	0	0.9399999999999999	0	0	0	0	0	0	0	0	0	-0.293424776589287	0.492224432426474	-0.6981317	0	3.118315369388163e-07	0	0	0	0	0	0	0	0	0	0	0	0	0	0	0	0	0	0	0	0
51.6	10.37715568294066	1.267106077497758	-17.0869670820136	0	0.9399999999999999	0	0	0	0	0	0	0	0	0	-0.2934232547471453	0.492223310884244	-0.6981317	0	2.244590789169494e-07	0	0	0	0	0	0	0	0	0	0	0	0	0	0	0	0	0	0	0	0
51.62	10.65499213034798	1.190299425411037	-17.33314660533533	0	0.9399999999999999	0	0	0	0	0	0	0	0	0	-0.1802272082102224	0.52359878	-0.6981317	0	-2.942074017688583e-08	0	0	0	0	0	0	0	0	0	0	0	0	0	0	0	0	0	0	0	0
51.64000000000001	10.72286923150353	1.144590950244768	-17.38053752814759	0	0.9399999999999999	0	0	0	0	0	0	0	0	0	-0.1258846940936289	0.52359878	-0.6981317	0	3.733926695809101e-08	0	0	0	0	0	0	0	0	0	0	0	0	0	0	0	0	0	0	0	0
51.66	10.76097041589014	1.115464581147245	-17.41815489215341	0	0.9399999999999999	0	0	0	0	0	0	0	0	0	-0.07719644906493019	0.52359878	-0.6981317	0	-2.49267292651048e-07	0	0	0	0	0	0	0	0	0	0	0	0	0	0	0	0	0	0	0	0
51.68000000000001	10.78950202177503	1.113812593530598	-17.46067109150389	0	0.9399999999999999	0	0	0	0	0	0	0	0	0	-0.04233847518153729	0.52359878	-0.6981317	0	1.685844797764584e-08	0	0	0	0	0	0	0	0	0	0	0	0	0	0	0	0	0	0	0	0
51.7	10.78310499457476	1.118002758497278	-17.45385447799991	0	0.9399999999999999	0	0	0	0	0	0	0	0	0	-0.05228137797600391	0.52359878	-0.6981317	0	9.519294338499371e-08	0	0	0	0	0	0	0	0	0	0	0	0	0	0	0	0	0	0	0	0
51.72000000000001	10.84541866770768	1.099832784586457	-17.53417583372961	0	0.9399999999999999	0	0	0	0	0	0	0	0	0	-0.02588509783935387	0.52359878	-0.6981317	0	5.919513279272111e-08	0	0	0	0	0	0	0	0	0	0	0	0	0	0	0	0	0	0	0	0
51.74	10.86224755777029	1.082182329952836	-17.53984518491907	0	0.9399999999999999	0	0	0	0	0	0	0	0	0	-0.02116072997825178	0.52359878	-0.6981317	0	1.801266132954871e-08	0	0	0	0	0	0	0	0	0	0	0	0	0	0	0	0	0	0	0	0
51.76000000000001	10.86224755777029	1.082182329952836	-17.53984518491907	0	0.9399999999999999	0	0	0	0	0	0	0	0	0	-0.02116072997825178	0.52359878	-0.6981317	0	1.801266132954871e-08	0	0	0	0	0	0	0	0	0	0	0	0	0	0	0	0	0	0	0	0
51.78	10.83632874045065	1.080919926781845	-17.50430366886027	0	0.9399999999999999	0	0	0	0	0	0	0	0	0	-0.02767488531838007	0.52359878	-0.6981317	0	1.172027178533102e-08	0	0	0	0	0	0	0	0	0	0	0	0	0	0	0	0	0	0	0	0
51.8	10.7866552779512	1.101837787771984	-17.47175782627964	0	0.9399999999999999	0	0	0	0	0	0	0	0	0	-0.05749013526042639	0.52359878	-0.6981317	0	-7.452450098943806e-08	0	0	0	0	0	0	0	0	0	0	0	0	0	0	0	0	0	0	0	0
51.82000000000001	10.67977283956313	1.147326447138953	-17.4070293432347	0	0.9399999999999999	0	0	0	0	0	0	0	0	0	-0.1049808326913831	0.52359878	-0.6981317	0	1.893535970675522e-06	0	0	0	0	0	0	0	0	0	0	0	0	0	0	0	0	0	0	0	0
51.84	10.62766846214857	1.131721630180662	-17.34348762595955	0	0.9399999999999999	0	0	0	0	0	0	0	0	0	-0.08654588914389004	0.52359878	-0.6981317	0	-2.383083350184079e-08	0	0	0	0	0	0	0	0	0	0	0	0	0	0	0	0	0	0	0	0
51.86000000000001	10.53820086126337	1.103664580535678	-17.2186743672355	0	0.9399999999999999	0	0	0	0	0	0	0	0	0	-0.05831666137198136	0.52359878	-0.6981317	0	-3.179376991462555e-07	0	0	0	0	0	0	0	0	0	0	0	0	0	0	0	0	0	0	0	0
51.88	10.5703854224494	1.078505650264639	-17.21999228129805	0	0.9399999999999999	0	0	0	0	0	0	0	0	0	-0.04727032066804847	0.515936735605632	-0.6981317	0	1.835405898306441e-07	0	0	0	0	0	0	0	0	0	0	0	0	0	0	0	0	0	0	0	0
51.90000000000001	10.63844393243468	1.106684816670855	-17.24440945594905	0	0.9399999999999999	0	0	0	0	0	0	0	0	0	-0.04451163465557098	0.372058981496001	-0.6981317	0	-5.582962947156612e-07	0	0	0	0	0	0	0	0	0	0	0	0	0	0	0	0	0	0	0	0
51.92	10.6828316929158	1.158549203202409	-17.22583468790688	0	0.9399999999999999	0	0	0	0	0	0	0	0	0	-0.09621988094289603	0.2844810509926201	-0.6981317	0	-2.314295210237468e-07	0	0	0	0	0	0	0	0	0	0	0	0	0	0	0	0	0	0	0	0
51.94	10.6828316929158	1.158549203202409	-17.22583468790688	0	0.9399999999999999	0	0	0	0	0	0	0	0	0	-0.09621988094289603	0.2844810509926201	-0.6981317	0	-2.314295210237468e-07	0	0	0	0	0	0	0	0	0	0	0	0	0	0	0	0	0	0	0	0
51.96	10.74202936542288	1.197082005392063	-17.23024292023607	0	0.9399999999999999	0	0	0	0	0	0	0	0	0	-0.1420722069242578	0.1775909499306771	-0.6981317	0	-6.012587108791016e-08	0	0	0	0	0	0	0	0	0	0	0	0	0	0	0	0	0	0	0	0
51.98	11.0940050401146	1.328922671858355	-17.58035559151362	0	0.9399999999999999	0	0	0	0	0	0	0	0	0	-0.2080389802133678	-0.008981710881681095	-0.6981317	0	1.419622372033494e-09	0	0	0	0	0	0	0	0	0	0	0	0	0	0	0	0	0	0	0	0
52.00000000000001	11.24099978507451	1.30905788149793	-17.73392229114626	0	0.9399999999999999	0	0	0	0	0	0	0	0	0	-0.1229781183502858	-0.211932764658916	-0.6981317	0	-6.101689003557567e-07	0	0	0	0	0	0	0	0	0	0	0	0	0	0	0	0	0	0	0	0
52.02	11.20364161495375	1.230447675770176	-17.68529417140722	0	0.9399999999999999	0	0	0	0	0	0	0	0	0	0.02619005714477477	-0.2977949553615746	-0.6981317	0	1.978568096964902e-07	0	0	0	0	0	0	0	0	0	0	0	0	0	0	0	0	0	0	0	0
52.04000000000001	11.1955442540029	1.170501011206972	-17.67654289295677	0	0.9399999999999999	0	0	0	0	0	0	0	0	0	0.1465983698553176	-0.3815127980521844	-0.6981317	0	-5.183122578095099e-08	0	0	0	0	0	0	0	0	0	0	0	0	0	0	0	0	0	0	0	0
52.06	11.22544368356035	1.180324446414113	-17.70675545421469	0	0.9399999999999999	0	0	0	0	0	0	0	0	0	0.1741802921631887	-0.4385568467082592	-0.6981317	0	2.700664556357339e-07	0	0	0	0	0	0	0	0	0	0	0	0	0	0	0	0	0	0	0	0
52.08000000000001	11.22544368356035	1.180324446414113	-17.70675545421469	0	0.9399999999999999	0	0	0	0	0	0	0	0	0	0.1741802921631887	-0.4385568467082592	-0.6981317	0	2.700664556357339e-07	0	0	0	0	0	0	0	0	0	0	0	0	0	0	0	0	0	0	0	0
52.1	11.26890756755613	1.205915776655712	-17.74865756657064	0	0.9399999999999999	0	0	0	0	0	0	0	0	0	0.1896190857445648	-0.485363127688037	-0.6981317	0	6.221063840561691e-07	0	0	0	0	0	0	0	0	0	0	0	0	0	0	0	0	0	0	0	0
52.12	11.29138052914871	1.226016146795961	-17.77461863545066	0	0.9399999999999999	0	0	0	0	0	0	0	0	0	0.2170515679061461	-0.5237338944403964	-0.6981317	0	-1.889844082928527e-08	0	0	0	0	0	0	0	0	0	0	0	0	0	0	0	0	0	0	0	0
52.14000000000001	11.22153647553284	1.23616799364537	-17.71047161658088	0	0.9399999999999999	0	0	0	0	0	0	0	0	0	0.3131503607438346	-0.5504625703105852	-0.6981317	0	2.321883206085027e-07	0	0	0	0	0	0	0	0	0	0	0	0	0	0	0	0	0	0	0	0
52.16	11.16464688813326	1.238358401534674	-17.66144499435868	0	0.9399999999999999	0	0	0	0	0	0	0	0	0	0.3554702269352814	-0.570818587879226	-0.6981317	0	-1.131272003468243e-08	0	0	0	0	0	0	0	0	0	0	0	0	0	0	0	0	0	0	0	0
52.18000000000001	11.12937230775037	1.244575209408588	-17.62897699676709	0	0.9399999999999999	0	0	0	0	0	0	0	0	0	0.3891017759098644	-0.5771722750160027	-0.6981317	0	2.813555582717556e-07	0	0	0	0	0	0	0	0	0	0	0	0	0	0	0	0	0	0	0	0
52.2	11.12937230775037	1.244575209408588	-17.62897699676709	0	0.9399999999999999	0	0	0	0	0	0	0	0	0	0.3891017759098644	-0.5771722750160027	-0.6981317	0	2.813555582717556e-07	0	0	0	0	0	0	0	0	0	0	0	0	0	0	0	0	0	0	0	0
52.22000000000001	11.08026585002067	1.257790560340597	-17.58181961418027	0	0.9399999999999999	0	0	0	0	0	0	0	0	0	0.4552026819988504	-0.5875400790190427	-0.6981317	0	5.576800780082229e-07	0	0	0	0	0	0	0	0	0	0	0	0	0	0	0	0	0	0	0	0
52.24	11.063587807688	1.25982863990992	-17.56836743469719	0	0.9399999999999999	0	0	0	0	0	0	0	0	0	0.4382025258669194	-0.5781885701280776	-0.6981317	0	4.201649395966544e-08	0	0	0	0	0	0	0	0	0	0	0	0	0	0	0	0	0	0	0	0
52.26000000000001	10.95530331522271	1.259195721455906	-17.46831754338487	0	0.9399999999999999	0	0	0	0	0	0	0	0	0	0.4808915406905119	-0.5549024845700392	-0.6981317	0	-1.086068952850859e-07	0	0	0	0	0	0	0	0	0	0	0	0	0	0	0	0	0	0	0	0
52.28	10.95530331522271	1.259195721455906	-17.46831754338487	0	0.9399999999999999	0	0	0	0	0	0	0	0	0	0.4808915406905119	-0.5549024845700392	-0.6981317	0	-1.086068952850859e-07	0	0	0	0	0	0	0	0	0	0	0	0	0	0	0	0	0	0	0	0
52.3	10.86875010156398	1.24857645057396	-17.38180419718271	0	0.9399999999999999	0	0	0	0	0	0	0	0	0	0.5326158623616366	-0.5206308091672388	-0.6981317	0	-5.967002446233078e-07	0	0	0	0	0	0	0	0	0	0	0	0	0	0	0	0	0	0	0	0
52.32000000000001	10.91384623971195	1.24233526307427	-17.4275043301399	0	0.9399999999999999	0	0	0	0	0	0	0	0	0	0.5546448407580563	-0.5320057886102842	-0.6981317	0	-6.580146614186033e-08	0	0	0	0	0	0	0	0	0	0	0	0	0	0	0	0	0	0	0	0
52.34	10.91254752797017	1.226781301016274	-17.42214783264134	0	0.9399999999999999	0	0	0	0	0	0	0	0	0	0.5827388609488882	-0.5320521322076385	-0.6981317	0	1.034303702553241e-08	0	0	0	0	0	0	0	0	0	0	0	0	0	0	0	0	0	0	0	0
52.36000000000001	10.96347418535362	1.214533011720522	-17.47113271737161	0	0.9399999999999999	0	0	0	0	0	0	0	0	0	0.615120526615373	-0.5552594291877652	-0.6981317	0	3.689019662775065e-08	0	0	0	0	0	0	0	0	0	0	0	0	0	0	0	0	0	0	0	0
52.38	10.96347418535362	1.214533011720522	-17.47113271737161	0	0.9399999999999999	0	0	0	0	0	0	0	0	0	0.615120526615373	-0.5552594291877652	-0.6981317	0	3.689019662775065e-08	0	0	0	0	0	0	0	0	0	0	0	0	0	0	0	0	0	0	0	0
52.40000000000001	11.027066393215	1.210874276356162	-17.53064559569998	0	0.9399999999999999	0	0	0	0	0	0	0	0	0	0.6438622929001322	-0.5849495863601646	-0.6981317	0	-2.970351701505256e-07	0	0	0	0	0	0	0	0	0	0	0	0	0	0	0	0	0	0	0	0
52.42	11.17198057739841	1.177447279202124	-17.67571245231192	0	0.9399999999999999	0	0	0	0	0	0	0	0	0	0.7051161510559655	-0.652623692158413	-0.6981317	0	-2.540502347698436e-07	0	0	0	0	0	0	0	0	0	0	0	0	0	0	0	0	0	0	0	0
52.44	11.15927047046462	1.179627729703019	-17.66865196425197	0	0.9399999999999999	0	0	0	0	0	0	0	0	0	0.70122153424176	-0.6629881720336294	-0.6981317	0	-1.410385992479951e-06	0	0	0	0	0	0	0	0	0	0	0	0	0	0	0	0	0	0	0	0
52.46	11.25921093307057	1.105838681408505	-17.7916486601301	0	0.9399999999999999	0	0	0	0	0	0	0	0	0	0.7628865703061692	-0.7697756130021889	-0.6981317	0	-1.168205657002221e-09	0	0	0	0	0	0	0	0	0	0	0	0	0	0	0	0	0	0	0	0
52.48	11.27958956441509	1.072641982462271	-17.81899862594727	0	0.9399999999999999	0	0	0	0	0	0	0	0	0	0.7834370098600657	-0.8125995168616029	-0.6981317	0	-7.906480257835094e-08	0	0	0	0	0	0	0	0	0	0	0	0	0	0	0	0	0	0	0	0
52.50000000000001	11.27146787359352	1.051073307867454	-17.81573595424038	0	0.9399999999999999	0	0	0	0	0	0	0	0	0	0.7717685321624749	-0.85848569544394	-0.6981317	0	5.957665787420805e-08	0	0	0	0	0	0	0	0	0	0	0	0	0	0	0	0	0	0	0	0
52.52	11.27146787359352	1.051073307867454	-17.81573595424038	0	0.9399999999999999	0	0	0	0	0	0	0	0	0	0.7717685321624749	-0.85848569544394	-0.6981317	0	5.957665787420805e-08	0	0	0	0	0	0	0	0	0	0	0	0	0	0	0	0	0	0	0	0
52.54000000000001	11.22447255773618	1.047636539399788	-17.76625305806206	0	0.9399999999999999	0	0	0	0	0	0	0	0	0	0.7359732600082788	-0.8726646300000001	-0.6981317	0	-2.455474995636564e-08	0	0	0	0	0	0	0	0	0	0	0	0	0	0	0	0	0	0	0	0
52.56	11.15247373244597	1.054725289178895	-17.6905607622048	0	0.9399999999999999	0	0	0	0	0	0	0	0	0	0.6835458699281997	-0.8726646300000001	-0.6981317	0	5.714334772600344e-08	0	0	0	0	0	0	0	0	0	0	0	0	0	0	0	0	0	0	0	0
52.58000000000001	11.00071808883162	1.080187550748038	-17.54626592562428	0	0.9399999999999999	0	0	0	0	0	0	0	0	0	0.5448504199902204	-0.8726646300000001	-0.6981317	0	-3.432230510478231e-07	0	0	0	0	0	0	0	0	0	0	0	0	0	0	0	0	0	0	0	0
52.6	11.00071699971476	1.08018680897714	-17.5462664183351	0	0.9399999999999999	0	0	0	0	0	0	0	0	0	0.5448495915687285	-0.8726646300000001	-0.6981317	0	-1.741804816204787e-07	0	0	0	0	0	0	0	0	0	0	0	0	0	0	0	0	0	0	0	0
52.62	10.92896511298951	1.082158094995292	-17.48381084959692	0	0.9399999999999999	0	0	0	0	0	0	0	0	0	0.483219011726971	-0.8726646300000001	-0.6981317	0	-2.009835627868612e-09	0	0	0	0	0	0	0	0	0	0	0	0	0	0	0	0	0	0	0	0
52.64000000000001	10.8142942746588	1.081002907667279	-17.3752663593492	0	0.9399999999999999	0	0	0	0	0	0	0	0	0	0.4318943874610768	-0.8332705335408099	-0.6981317	0	4.052323134381811e-07	0	0	0	0	0	0	0	0	0	0	0	0	0	0	0	0	0	0	0	0
52.66	10.6732567165502	1.117079568609483	-17.25600632892221	0	0.9399999999999999	0	0	0	0	0	0	0	0	0	0.2914621619906819	-0.7737893300360491	-0.6981317	0	3.427925858920202e-08	0	0	0	0	0	0	0	0	0	0	0	0	0	0	0	0	0	0	0	0
52.68000000000001	10.54976846938017	1.180465200769988	-17.13946814129756	0	0.9399999999999999	0	0	0	0	0	0	0	0	0	0.1853349618527596	-0.726577498579169	-0.6981317	0	-2.659314109593589e-07	0	0	0	0	0	0	0	0	0	0	0	0	0	0	0	0	0	0	0	0
52.7	10.3060397685783	1.256082137198029	-16.90384669450414	0	0.9399999999999999	0	0	0	0	0	0	0	0	0	0.05296321181454018	-0.6614486904737281	-0.6981317	0	-1.238881245543766e-07	0	0	0	0	0	0	0	0	0	0	0	0	0	0	0	0	0	0	0	0
52.72000000000001	10.3060397685783	1.256082137198029	-16.90384669450414	0	0.9399999999999999	0	0	0	0	0	0	0	0	0	0.05296321181454018	-0.6614486904737281	-0.6981317	0	-1.238881245543766e-07	0	0	0	0	0	0	0	0	0	0	0	0	0	0	0	0	0	0	0	0
52.74	9.987277188590257	1.302936226189161	-16.58845030436649	0	0.9399999999999999	0	0	0	0	0	0	0	0	0	-0.07719773638694516	-0.59412052207711	-0.6981317	0	-3.442221602437944e-07	0	0	0	0	0	0	0	0	0	0	0	0	0	0	0	0	0	0	0	0
52.76000000000001	9.893971083246713	1.265499861182059	-16.47995163329642	0	0.9399999999999999	0	0	0	0	0	0	0	0	0	-0.1663992527011009	-0.5044595079428066	-0.6981317	0	-3.734761701762303e-08	0	0	0	0	0	0	0	0	0	0	0	0	0	0	0	0	0	0	0	0
52.78	9.996637203192812	1.245395819000404	-16.58467900633052	0	0.9399999999999999	0	0	0	0	0	0	0	0	0	-0.1668012557458877	-0.4976416743649046	-0.6981317	0	-4.910938244669302e-09	0	0	0	0	0	0	0	0	0	0	0	0	0	0	0	0	0	0	0	0
52.8	10.0084167247679	1.232540073231932	-16.57901988966746	0	0.9399999999999999	0	0	0	0	0	0	0	0	0	-0.2244354471229235	-0.4423634295290582	-0.6981317	0	-5.58544715998127e-09	0	0	0	0	0	0	0	0	0	0	0	0	0	0	0	0	0	0	0	0
52.82000000000001	9.983536037498924	1.231707987692614	-16.54734088633659	0	0.9399999999999999	0	0	0	0	0	0	0	0	0	-0.2790065539176667	-0.3910237535026962	-0.6981317	0	-1.411437119804163e-06	0	0	0	0	0	0	0	0	0	0	0	0	0	0	0	0	0	0	0	0
52.84	9.983536037498924	1.231707987692614	-16.54734088633659	0	0.9399999999999999	0	0	0	0	0	0	0	0	0	-0.2790065539176667	-0.3910237535026962	-0.6981317	0	-1.411437119804163e-06	0	0	0	0	0	0	0	0	0	0	0	0	0	0	0	0	0	0	0	0
52.86000000000001	9.88898812079773	1.238781669218839	-16.41979784793941	0	0.9399999999999999	0	0	0	0	0	0	0	0	0	-0.3903347706272489	-0.2676448509983793	-0.6981317	0	1.755906372605578e-07	0	0	0	0	0	0	0	0	0	0	0	0	0	0	0	0	0	0	0	0
52.88	9.845771327599302	1.240036667185684	-16.34937846450098	0	0.9399999999999999	0	0	0	0	0	0	0	0	0	-0.4390187582585737	-0.199831994529867	-0.6981317	0	1.25659052442111e-07	0	0	0	0	0	0	0	0	0	0	0	0	0	0	0	0	0	0	0	0
52.90000000000001	9.810955737819791	1.23807734041013	-16.28240721470463	0	0.9399999999999999	0	0	0	0	0	0	0	0	0	-0.4832071272672612	-0.1233256241892578	-0.6981317	0	-1.732540007040252e-06	0	0	0	0	0	0	0	0	0	0	0	0	0	0	0	0	0	0	0	0
52.92	9.786518317045925	1.233910659326589	-16.22365340070754	0	0.9399999999999999	0	0	0	0	0	0	0	0	0	-0.52359878	-0.0364176362357443	-0.6981317	0	-4.400663286273338e-08	0	0	0	0	0	0	0	0	0	0	0	0	0	0	0	0	0	0	0	0
52.94	9.803773603046407	1.256283360079707	-16.22376175778793	0	0.9399999999999999	0	0	0	0	0	0	0	0	0	-0.52359878	-0.06428687501664695	-0.6981317	0	6.762866097407038e-08	0	0	0	0	0	0	0	0	0	0	0	0	0	0	0	0	0	0	0	0
52.96	9.890372727743719	1.232800832189505	-16.25830243997204	0	0.9399999999999999	0	0	0	0	0	0	0	0	0	-0.52359878	0.1357942342472022	-0.6981317	0	-2.799773584849527e-08	0	0	0	0	0	0	0	0	0	0	0	0	0	0	0	0	0	0	0	0
52.98	9.890372727743719	1.232800832189505	-16.25830243997204	0	0.9399999999999999	0	0	0	0	0	0	0	0	0	-0.52359878	0.1357942342472022	-0.6981317	0	-2.799773584849527e-08	0	0	0	0	0	0	0	0	0	0	0	0	0	0	0	0	0	0	0	0
53.00000000000001	10.00942521865914	1.251871068214969	-16.35648715305395	0	0.9399999999999999	0	0	0	0	0	0	0	0	0	-0.52359878	0.3063899254771177	-0.6981317	0	-6.579086230370743e-09	0	0	0	0	0	0	0	0	0	0	0	0	0	0	0	0	0	0	0	0
53.02	10.06679488848661	1.269321830573636	-16.41685660485311	0	0.9399999999999999	0	0	0	0	0	0	0	0	0	-0.52359878	0.3846744335811639	-0.6981317	0	-3.542915456655672e-08	0	0	0	0	0	0	0	0	0	0	0	0	0	0	0	0	0	0	0	0
53.04000000000001	10.06679488848661	1.269321830573636	-16.41685660485311	0	0.9399999999999999	0	0	0	0	0	0	0	0	0	-0.52359878	0.3846744335811639	-0.6981317	0	-3.542915456655672e-08	0	0	0	0	0	0	0	0	0	0	0	0	0	0	0	0	0	0	0	0
53.06	10.12415884905563	1.291865760453928	-16.48280768694075	0	0.9399999999999999	0	0	0	0	0	0	0	0	0	-0.52359878	0.4569465579251759	-0.6981317	0	1.166206098601681e-09	0	0	0	0	0	0	0	0	0	0	0	0	0	0	0	0	0	0	0	0
53.08000000000001	10.18223036908743	1.317457068025609	-16.54687426630768	0	0.9399999999999999	0	0	0	0	0	0	0	0	0	-0.52359878	0.52359878	-0.6981317	0	-4.624399037187591e-07	0	0	0	0	0	0	0	0	0	0	0	0	0	0	0	0	0	0	0	0
53.1	10.28889532959081	1.371474014701324	-16.62615793686423	0	0.9399999999999999	0	0	0	0	0	0	0	0	0	-0.52359878	0.52359878	-0.6981317	0	-1.476930782214147e-07	0	0	0	0	0	0	0	0	0	0	0	0	0	0	0	0	0	0	0	0
53.12	10.48211846491192	1.400418664618587	-16.78972560177075	0	0.9399999999999999	0	0	0	0	0	0	0	0	0	-0.52359878	0.52359878	-0.6981317	0	-1.336757041331576e-06	0	0	0	0	0	0	0	0	0	0	0	0	0	0	0	0	0	0	0	0
53.14000000000001	10.81842733670826	1.412819611208083	-17.09691879753342	0	0.9399999999999999	0	0	0	0	0	0	0	0	0	-0.52359878	0.52359878	-0.6981317	0	5.29173338944446e-08	0	0	0	0	0	0	0	0	0	0	0	0	0	0	0	0	0	0	0	0
53.16	11.05133335445745	1.369732988253671	-17.28506861207895	0	0.9399999999999999	0	0	0	0	0	0	0	0	0	-0.4941099624878829	0.52359878	-0.6981317	0	7.591290217403695e-07	0	0	0	0	0	0	0	0	0	0	0	0	0	0	0	0	0	0	0	0
53.18000000000001	10.19611360793676	1.303068209426045	-16.32752555068245	0	0.9399999999999999	0	0	0	0	0	0	0	0	0	-0.497207291607585	0.1768031862793174	-0.6981317	1.081797721758169	1.081797767952153	0	0	0	0	0	0	0	0	0	0	0	0	0	0	0	0	0	0	0	0
53.2	10.3086966736066	1.304669538373131	-16.40528162578892	0	0.9399999999999999	0	0	0	0	0	0	0	0	0	-0.4486860300235475	0.1306942494767183	-0.6981317	1.179190833254623	1.179192373876266	0	0	0	0	0	0	0	0	0	0	0	0	0	0	0	0	0	0	0	0
53.22000000000001	10.29652251942904	1.305627727637138	-16.40344622922861	0	0.9399999999999999	0	0	0	0	0	0	0	0	0	-0.4701554769539894	0.2330443996803915	-0.6981317	1.079440707933884	1.079440715138711	0	0	0	0	0	0	0	0	0	0	0	0	0	0	0	0	0	0	0	0
53.24	10.27699789295147	1.264096735797257	-16.39655418476398	0	0.9399999999999999	0	0	0	0	0	0	0	0	0	-0.5187968720334192	0.3186592521330436	-0.6981317	1.097268862035631	1.097268790429239	0	0	0	0	0	0	0	0	0	0	0	0	0	0	0	0	0	0	0	0
53.26000000000001	10.27699789295147	1.264096735797257	-16.39655418476398	0	0.9399999999999999	0	0	0	0	0	0	0	0	0	-0.5187968720334192	0.3186592521330436	-0.6981317	1.097268862035631	1.097268790429239	0	0	0	0	0	0	0	0	0	0	0	0	0	0	0	0	0	0	0	0
53.28	10.34763160301176	1.214513877598069	-16.47955770440505	0	0.9399999999999999	0	0	0	0	0	0	0	0	0	-0.52359878	0.3633200066558803	-0.6981317	1.067060534484582	1.067060935123408	0	0	0	0	0	0	0	0	0	0	0	0	0	0	0	0	0	0	0	0
53.3	10.43669129065467	1.192945025679822	-16.6012157809993	0	0.9399999999999999	0	0	0	0	0	0	0	0	0	-0.52359878	0.4911617503149381	-0.6981317	0.8326079682835028	0.8326080979310563	0	0	0	0	0	0	0	0	0	0	0	0	0	0	0	0	0	0	0	0
53.32000000000001	10.43669129065467	1.192945025679822	-16.6012157809993	0	0.9399999999999999	0	0	0	0	0	0	0	0	0	-0.52359878	0.4911617503149381	-0.6981317	0.8326079682835028	0.8326080979310563	0	0	0	0	0	0	0	0	0	0	0	0	0	0	0	0	0	0	0	0
53.34	11.2799151606086	1.224904395051442	-17.40058771063644	0	0.9399999999999999	0	0	0	0	0	0	0	0	0	-0.4560910447264891	0.52359878	-0.6981317	0	-4.273990875533878e-08	0	0	0	0	0	0	0	0	0	0	0	0	0	0	0	0	0	0	0	0
53.36000000000001	11.2799151606086	1.224904395051442	-17.40058771063644	0	0.9399999999999999	0	0	0	0	0	0	0	0	0	-0.4560910447264891	0.52359878	-0.6981317	0	-4.273990875533878e-08	0	0	0	0	0	0	0	0	0	0	0	0	0	0	0	0	0	0	0	0
53.38	11.07119319888662	1.18572799487104	-17.15137241139083	0	0.9399999999999999	0	0	0	0	0	0	0	0	0	-0.4093831041302031	0.52359878	-0.6981317	0	7.720151478533683e-08	0	0	0	0	0	0	0	0	0	0	0	0	0	0	0	0	0	0	0	0
53.40000000000001	10.99353165224732	1.176290104507469	-17.04973323607235	0	0.9399999999999999	0	0	0	0	0	0	0	0	0	-0.461495907927246	0.52359878	-0.6981317	0	1.193728475514003e-06	0	0	0	0	0	0	0	0	0	0	0	0	0	0	0	0	0	0	0	0
53.42	10.89458988940775	1.17744396196394	-16.90748392096175	0	0.9399999999999999	0	0	0	0	0	0	0	0	0	-0.52359878	0.52359878	-0.6981317	0	-7.123525068349992e-07	0	0	0	0	0	0	0	0	0	0	0	0	0	0	0	0	0	0	0	0
53.44	10.81498269475995	1.153797131102653	-16.7821453660538	0	0.9399999999999999	0	0	0	0	0	0	0	0	0	-0.52359878	0.52359878	-0.6981317	0	-1.329014788365915e-07	0	0	0	0	0	0	0	0	0	0	0	0	0	0	0	0	0	0	0	0
53.46	10.92209552578983	1.212171442642962	-16.82923232414239	0	0.9399999999999999	0	0	0	0	0	0	0	0	0	-0.52359878	0.3710360199498652	-0.6981317	0	-6.380296142582558e-07	0	0	0	0	0	0	0	0	0	0	0	0	0	0	0	0	0	0	0	0
53.48	11.11325684219976	1.291657813789879	-16.99970757409028	0	0.9399999999999999	0	0	0	0	0	0	0	0	0	-0.52359878	0.2164330097895946	-0.6981317	0	1.430789848097274e-07	0	0	0	0	0	0	0	0	0	0	0	0	0	0	0	0	0	0	0	0
53.50000000000001	11.24065077423606	1.335361226015428	-17.12169364933154	0	0.9399999999999999	0	0	0	0	0	0	0	0	0	-0.52359878	0.1193023450619757	-0.6981317	0	-1.747506474566723e-06	0	0	0	0	0	0	0	0	0	0	0	0	0	0	0	0	0	0	0	0
53.52	11.24065077423606	1.335361226015428	-17.12169364933154	0	0.9399999999999999	0	0	0	0	0	0	0	0	0	-0.52359878	0.1193023450619757	-0.6981317	0	-1.747506474566723e-06	0	0	0	0	0	0	0	0	0	0	0	0	0	0	0	0	0	0	0	0
53.54000000000001	11.25097967416917	1.349589216286279	-17.12305428443304	0	0.9399999999999999	0	0	0	0	0	0	0	0	0	-0.5219538333668432	0.06292813556299655	-0.6981317	0	-1.261420664405658e-06	0	0	0	0	0	0	0	0	0	0	0	0	0	0	0	0	0	0	0	0
53.56	11.4585316170022	1.28382926196998	-17.25397661931211	0	0.9399999999999999	0	0	0	0	0	0	0	0	0	-0.3551364880365143	-0.09418936022571629	-0.6981317	0	-2.248052234833643e-07	0	0	0	0	0	0	0	0	0	0	0	0	0	0	0	0	0	0	0	0
53.58000000000001	11.5076208486022	1.3052336880474	-17.27403782970081	0	0.9399999999999999	0	0	0	0	0	0	0	0	0	-0.3347689334291489	-0.156183314765703	-0.6981317	0	-2.898367453794038e-07	0	0	0	0	0	0	0	0	0	0	0	0	0	0	0	0	0	0	0	0
53.6	11.5076208486022	1.3052336880474	-17.27403782970081	0	0.9399999999999999	0	0	0	0	0	0	0	0	0	-0.3347689334291489	-0.156183314765703	-0.6981317	0	-2.898367453794038e-07	0	0	0	0	0	0	0	0	0	0	0	0	0	0	0	0	0	0	0	0
53.62	11.59636537699723	1.338099747970378	-17.32151461598618	0	0.9399999999999999	0	0	0	0	0	0	0	0	0	-0.2982271845861745	-0.2515614765058326	-0.6981317	0	-4.583120171788408e-08	0	0	0	0	0	0	0	0	0	0	0	0	0	0	0	0	0	0	0	0
53.64000000000001	11.59636537699723	1.338099747970378	-17.32151461598618	0	0.9399999999999999	0	0	0	0	0	0	0	0	0	-0.2982271845861745	-0.2515614765058326	-0.6981317	0	-4.583120171788408e-08	0	0	0	0	0	0	0	0	0	0	0	0	0	0	0	0	0	0	0	0
53.66	11.58601198163132	1.315949989368112	-17.2874496446681	0	0.9399999999999999	0	0	0	0	0	0	0	0	0	-0.2445753967555243	-0.2831331057054622	-0.6981317	0	7.063642525144682e-08	0	0	0	0	0	0	0	0	0	0	0	0	0	0	0	0	0	0	0	0
53.68000000000001	11.63240729877503	1.313153910703567	-17.31977052487866	0	0.9399999999999999	0	0	0	0	0	0	0	0	0	-0.2023370930522604	-0.3224544007093152	-0.6981317	0	-8.561017402289802e-07	0	0	0	0	0	0	0	0	0	0	0	0	0	0	0	0	0	0	0	0
53.7	11.6572835749488	1.304170894820756	-17.32390497973414	0	0.9399999999999999	0	0	0	0	0	0	0	0	0	-0.1522416909266529	-0.3536007238804564	-0.6981317	0	3.228663194093464e-08	0	0	0	0	0	0	0	0	0	0	0	0	0	0	0	0	0	0	0	0
53.72000000000001	11.69390940264278	1.30080524966002	-17.34182800667761	0	0.9399999999999999	0	0	0	0	0	0	0	0	0	-0.1082729444489763	-0.3812200141132548	-0.6981317	0	-4.346036548222644e-07	0	0	0	0	0	0	0	0	0	0	0	0	0	0	0	0	0	0	0	0
53.74	11.74445764134808	1.297827724214641	-17.36772827679246	0	0.9399999999999999	0	0	0	0	0	0	0	0	0	-0.06633313597829141	-0.4096610896281517	-0.6981317	0	1.19254190266712e-08	0	0	0	0	0	0	0	0	0	0	0	0	0	0	0	0	0	0	0	0
53.76000000000001	11.83860276119721	1.290988593221785	-17.43696470385404	0	0.9399999999999999	0	0	0	0	0	0	0	0	0	0.01529518546001648	-0.4566852356812716	-0.6981317	0	1.896660324103969e-07	0	0	0	0	0	0	0	0	0	0	0	0	0	0	0	0	0	0	0	0
53.78	11.88139383937453	1.2876518524295	-17.46456701071575	0	0.9399999999999999	0	0	0	0	0	0	0	0	0	0.05598844431656032	-0.4757040640339775	-0.6981317	0	-1.775788952341902e-07	0	0	0	0	0	0	0	0	0	0	0	0	0	0	0	0	0	0	0	0
53.8	11.90310625552179	1.285686586584195	-17.47198235890409	0	0.9399999999999999	0	0	0	0	0	0	0	0	0	0.08860629728551046	-0.4817710539861975	-0.6981317	0	-1.378251152781541e-07	0	0	0	0	0	0	0	0	0	0	0	0	0	0	0	0	0	0	0	0
53.82000000000001	11.90310625552179	1.285686586584195	-17.47198235890409	0	0.9399999999999999	0	0	0	0	0	0	0	0	0	0.08860629728551046	-0.4817710539861975	-0.6981317	0	-1.378251152781541e-07	0	0	0	0	0	0	0	0	0	0	0	0	0	0	0	0	0	0	0	0
53.84	11.89871732924914	1.290055624975397	-17.44386746343018	0	0.9399999999999999	0	0	0	0	0	0	0	0	0	0.1392356342563086	-0.4761560272538377	-0.6981317	0	-2.19806228987843e-08	0	0	0	0	0	0	0	0	0	0	0	0	0	0	0	0	0	0	0	0
53.86000000000001	11.87848806403338	1.293765940834626	-17.41251061595209	0	0.9399999999999999	0	0	0	0	0	0	0	0	0	0.1563958369573863	-0.4638063889247185	-0.6981317	0	-5.79842546130757e-07	0	0	0	0	0	0	0	0	0	0	0	0	0	0	0	0	0	0	0	0
53.88	11.84687561850547	1.299068089226999	-17.36903864708734	0	0.9399999999999999	0	0	0	0	0	0	0	0	0	0.1704928078180132	-0.4472685008196345	-0.6981317	0	1.680279747341549e-07	0	0	0	0	0	0	0	0	0	0	0	0	0	0	0	0	0	0	0	0
53.90000000000001	11.80151830975788	1.307353595573303	-17.31037816794879	0	0.9399999999999999	0	0	0	0	0	0	0	0	0	0.1811557038759186	-0.4267962968317216	-0.6981317	0	6.216275077191827e-08	0	0	0	0	0	0	0	0	0	0	0	0	0	0	0	0	0	0	0	0
53.92	11.74928183451573	1.327248963347657	-17.24377564980153	0	0.9399999999999999	0	0	0	0	0	0	0	0	0	0.1798575068393415	-0.4052877979733965	-0.6981317	0	2.028135192071978e-08	0	0	0	0	0	0	0	0	0	0	0	0	0	0	0	0	0	0	0	0
53.94	11.68463010062854	1.350116274304297	-17.16375779498482	0	0.9399999999999999	0	0	0	0	0	0	0	0	0	0.1751323580024613	-0.3840285014654053	-0.6981317	0	9.725788787071765e-08	0	0	0	0	0	0	0	0	0	0	0	0	0	0	0	0	0	0	0	0
53.96	11.61445280489946	1.377346296670321	-17.07896673156623	0	0.9399999999999999	0	0	0	0	0	0	0	0	0	0.1655306885933564	-0.3655364849827998	-0.6981317	0	3.55027985848465e-08	0	0	0	0	0	0	0	0	0	0	0	0	0	0	0	0	0	0	0	0
53.98	11.55191640384069	1.409963838980431	-17.0036018532786	0	0.9399999999999999	0	0	0	0	0	0	0	0	0	0.1498476214353517	-0.3540996960145123	-0.6981317	0	-5.621607870813889e-08	0	0	0	0	0	0	0	0	0	0	0	0	0	0	0	0	0	0	0	0
54.00000000000001	11.64219479502943	1.435402601771432	-17.08158451595358	0	0.9399999999999999	0	0	0	0	0	0	0	0	0	0.1467956080750856	-0.3676933211600711	-0.6981317	0	-2.471831470751995e-08	0	0	0	0	0	0	0	0	0	0	0	0	0	0	0	0	0	0	0	0
54.02	11.78669170112303	1.451491133020816	-17.21862825986983	0	0.9399999999999999	0	0	0	0	0	0	0	0	0	0.1486648016306052	-0.383026883746053	-0.6981317	0	4.575917657825731e-07	0	0	0	0	0	0	0	0	0	0	0	0	0	0	0	0	0	0	0	0
54.04000000000001	11.95434329481655	1.460990892272738	-17.37622027833136	0	0.9399999999999999	0	0	0	0	0	0	0	0	0	0.1503260160299986	-0.4006168570337794	-0.6981317	0	1.770106913294775e-07	0	0	0	0	0	0	0	0	0	0	0	0	0	0	0	0	0	0	0	0
54.06	12.13993252012009	1.464673113900543	-17.550386757025	0	0.9399999999999999	0	0	0	0	0	0	0	0	0	0.1492822929493213	-0.4208920550277003	-0.6981317	0	-6.728498437363209e-08	0	0	0	0	0	0	0	0	0	0	0	0	0	0	0	0	0	0	0	0
54.08000000000001	12.32645609603765	1.462954170687164	-17.73129478653081	0	0.9399999999999999	0	0	0	0	0	0	0	0	0	0.1455239680135059	-0.4391602786814449	-0.6981317	0	4.361389613950008e-07	0	0	0	0	0	0	0	0	0	0	0	0	0	0	0	0	0	0	0	0
54.1	12.5348002351717	1.456218370324675	-17.91552809955165	0	0.9399999999999999	0	0	0	0	0	0	0	0	0	0.1422716872478882	-0.4911941362395835	-0.6981317	0	5.718753810201894e-09	0	0	0	0	0	0	0	0	0	0	0	0	0	0	0	0	0	0	0	0
54.12	12.70470416187147	1.449050743182952	-18.06959762805016	0	0.9399999999999999	0	0	0	0	0	0	0	0	0	0.1328989139847307	-0.5338274164291739	-0.6981317	0	5.01753230546365e-08	0	0	0	0	0	0	0	0	0	0	0	0	0	0	0	0	0	0	0	0
54.14000000000001	12.79985801510507	1.443087617619264	-18.15012577685083	0	0.9399999999999999	0	0	0	0	0	0	0	0	0	0.1223844294564584	-0.5737552584206858	-0.6981317	0	2.7163372255325e-08	0	0	0	0	0	0	0	0	0	0	0	0	0	0	0	0	0	0	0	0
54.16	12.8035109946512	1.442286226140427	-18.14268643717887	0	0.9399999999999999	0	0	0	0	0	0	0	0	0	0.1109702371193006	-0.6064706032734483	-0.6981317	0	-8.664363767281812e-07	0	0	0	0	0	0	0	0	0	0	0	0	0	0	0	0	0	0	0	0
54.18000000000001	12.72887699606159	1.447651954701763	-18.06154489911914	0	0.9399999999999999	0	0	0	0	0	0	0	0	0	0.09461520695273339	-0.6306042411495331	-0.6981317	0	3.763549014273453e-07	0	0	0	0	0	0	0	0	0	0	0	0	0	0	0	0	0	0	0	0
54.2	12.588077243319	1.455617594367363	-17.91492883832665	0	0.9399999999999999	0	0	0	0	0	0	0	0	0	0.07388623551595577	-0.6472483084671758	-0.6981317	0	-1.563331463429495e-09	0	0	0	0	0	0	0	0	0	0	0	0	0	0	0	0	0	0	0	0
54.22000000000001	12.36789360098453	1.460042312848658	-17.68617778211832	0	0.9399999999999999	0	0	0	0	0	0	0	0	0	0.04994895793218772	-0.6568483151500275	-0.6981317	0	-4.947149499877323e-09	0	0	0	0	0	0	0	0	0	0	0	0	0	0	0	0	0	0	0	0
54.24	12.1196478935995	1.456280935105775	-17.42752989996399	0	0.9399999999999999	0	0	0	0	0	0	0	0	0	0.02300583067090178	-0.6620491461573524	-0.6981317	0	-7.312275425235181e-09	0	0	0	0	0	0	0	0	0	0	0	0	0	0	0	0	0	0	0	0
54.26000000000001	12.1196478935995	1.456280935105775	-17.42752989996399	0	0.9399999999999999	0	0	0	0	0	0	0	0	0	0.02300583067090178	-0.6620491461573524	-0.6981317	0	-7.312275425235181e-09	0	0	0	0	0	0	0	0	0	0	0	0	0	0	0	0	0	0	0	0
54.28	11.9200728516536	1.461811229818159	-17.2115936673471	0	0.9399999999999999	0	0	0	0	0	0	0	0	0	-0.01558347850031285	-0.665083940905374	-0.6981317	0	-2.162261983610303e-07	0	0	0	0	0	0	0	0	0	0	0	0	0	0	0	0	0	0	0	0
54.3	11.54864908983752	1.485828268598772	-16.81528319701237	0	0.9399999999999999	0	0	0	0	0	0	0	0	0	-0.06843396139123138	-0.6558932788601609	-0.6981317	0	-2.934375589364195e-07	0	0	0	0	0	0	0	0	0	0	0	0	0	0	0	0	0	0	0	0
54.32000000000001	11.00985445576749	1.478609945637313	-16.238893865424	0	0.9399999999999999	0	0	0	0	0	0	0	0	0	-0.09673623283692429	-0.6337851142014084	-0.6981317	0	-1.767221653770247e-07	0	0	0	0	0	0	0	0	0	0	0	0	0	0	0	0	0	0	0	0
54.34	10.72052599080206	1.425685792784612	-15.83497067871131	0	0.9399999999999999	0	0	0	0	0	0	0	0	0	-0.05570703547512447	-0.6096983846570559	-0.6981317	0	-6.01888899015863e-07	0	0	0	0	0	0	0	0	0	0	0	0	0	0	0	0	0	0	0	0
54.36000000000001	10.63667429233662	1.420520851265433	-15.67968677982644	0	0.9399999999999999	0	0	0	0	0	0	0	0	0	-0.0267784579613429	-0.6156012424896404	-0.6981317	0	9.160594471648427e-09	0	0	0	0	0	0	0	0	0	0	0	0	0	0	0	0	0	0	0	0
54.38	10.60083244028026	1.429732783050419	-15.57389271977818	0	0.9399999999999999	0	0	0	0	0	0	0	0	0	0.006697783146067456	-0.6342331623655074	-0.6981317	0	-5.061722415391194e-07	0	0	0	0	0	0	0	0	0	0	0	0	0	0	0	0	0	0	0	0
54.40000000000001	10.60083244028026	1.429732783050419	-15.57389271977818	0	0.9399999999999999	0	0	0	0	0	0	0	0	0	0.006697783146067456	-0.6342331623655074	-0.6981317	0	-5.061722415391194e-07	0	0	0	0	0	0	0	0	0	0	0	0	0	0	0	0	0	0	0	0
54.42	10.6542511005132	1.458267815958358	-15.51712842784719	0	0.9399999999999999	0	0	0	0	0	0	0	0	0	0.02963516688464835	-0.6783408400107843	-0.6981317	0	-8.766518529495853e-06	0	0	0	0	0	0	0	0	0	0	0	0	0	0	0	0	0	0	0	0
54.44	10.68026287013305	1.466806168837488	-15.49502432648402	0	0.9399999999999999	0	0	0	0	0	0	0	0	0	0.007558159242691418	-0.6909448475856284	-0.6981317	0	7.258579194646672e-06	0	0	0	0	0	0	0	0	0	0	0	0	0	0	0	0	0	0	0	0
54.46	10.75442076193858	1.475099866869753	-15.51502515521785	0	0.9399999999999999	0	0	0	0	0	0	0	0	0	-0.01959921001655579	-0.6968445351666949	-0.6981317	0	-1.934966127937802e-07	0	0	0	0	0	0	0	0	0	0	0	0	0	0	0	0	0	0	0	0
54.48	10.75442076193858	1.475099866869753	-15.51502515521785	0	0.9399999999999999	0	0	0	0	0	0	0	0	0	-0.01959921001655579	-0.6968445351666949	-0.6981317	0	-1.934966127937802e-07	0	0	0	0	0	0	0	0	0	0	0	0	0	0	0	0	0	0	0	0
54.50000000000001	10.78732604419238	1.483388654298116	-15.48557524776474	0	0.9399999999999999	0	0	0	0	0	0	0	0	0	-0.04928766161961488	-0.6972931538580879	-0.6981317	0	1.202039154711916e-06	0	0	0	0	0	0	0	0	0	0	0	0	0	0	0	0	0	0	0	0
54.52	10.82308966933701	1.490373378124891	-15.45087843571876	0	0.9399999999999999	0	0	0	0	0	0	0	0	0	-0.07375604468040345	-0.6892662943245743	-0.6981317	0	1.415940833033739e-06	0	0	0	0	0	0	0	0	0	0	0	0	0	0	0	0	0	0	0	0
54.54000000000001	10.76665061763385	1.490625008308687	-15.31768283967744	0	0.9399999999999999	0	0	0	0	0	0	0	0	0	-0.1037691200468014	-0.6705345633136729	-0.6981317	0	1.244369422678687e-07	0	0	0	0	0	0	0	0	0	0	0	0	0	0	0	0	0	0	0	0
54.56	10.74550646495273	1.485777026935078	-15.2166808782933	0	0.9399999999999999	0	0	0	0	0	0	0	0	0	-0.1318726196525063	-0.641943166903907	-0.6981317	0	-7.486565073534103e-07	0	0	0	0	0	0	0	0	0	0	0	0	0	0	0	0	0	0	0	0
54.58000000000001	10.82233669306689	1.468240634416439	-15.14049192515592	0	0.9399999999999999	0	0	0	0	0	0	0	0	0	-0.1916321082174672	-0.5637387743370513	-0.6981317	0	-8.72495913144021e-07	0	0	0	0	0	0	0	0	0	0	0	0	0	0	0	0	0	0	0	0
54.6	10.82233930713655	1.468240399993626	-15.1404943957412	0	0.9399999999999999	0	0	0	0	0	0	0	0	0	-0.1916319529566039	-0.5637388338228234	-0.6981317	0	-8.68741181074e-07	0	0	0	0	0	0	0	0	0	0	0	0	0	0	0	0	0	0	0	0
54.62	10.90110953502614	1.460159230490565	-15.1499306849879	0	0.9399999999999999	0	0	0	0	0	0	0	0	0	-0.2250821678221434	-0.5233640188322003	-0.6981317	0	6.179290166991169e-06	0	0	0	0	0	0	0	0	0	0	0	0	0	0	0	0	0	0	0	0
54.64000000000001	10.87177649725074	1.499736779952392	-15.02612934753174	0	0.9399999999999999	0	0	0	0	0	0	0	0	0	-0.225502472021273	-0.5375803276212928	-0.6981317	0	1.577540189867876e-06	0	0	0	0	0	0	0	0	0	0	0	0	0	0	0	0	0	0	0	0
54.66	11.11233275107364	1.490022047194152	-15.15060401817826	0	0.9399999999999999	0	0	0	0	0	0	0	0	0	-0.2701569039465729	-0.4712679769311592	-0.6981317	0	5.280637069794372e-07	0	0	0	0	0	0	0	0	0	0	0	0	0	0	0	0	0	0	0	0
54.68000000000001	11.11233275107364	1.490022047194152	-15.15060401817826	0	0.9399999999999999	0	0	0	0	0	0	0	0	0	-0.2701569039465729	-0.4712679769311592	-0.6981317	0	5.280637069794372e-07	0	0	0	0	0	0	0	0	0	0	0	0	0	0	0	0	0	0	0	0
54.7	11.14902545967937	1.528240412929532	-15.11311861324974	0	0.9399999999999999	0	0	0	0	0	0	0	0	0	-0.2523785479854798	-0.4837373402644689	-0.6981317	0	1.206271921233612e-06	0	0	0	0	0	0	0	0	0	0	0	0	0	0	0	0	0	0	0	0
54.72000000000001	11.18555287675175	1.579627624542628	-15.07495261745021	0	0.9399999999999999	0	0	0	0	0	0	0	0	0	-0.2156413867368966	-0.5029216234283658	-0.6981317	0	-9.387774600931759e-08	0	0	0	0	0	0	0	0	0	0	0	0	0	0	0	0	0	0	0	0
54.74	11.55822731997631	1.704479609003379	-15.30304704072645	0	0.9399999999999999	0	0	0	0	0	0	0	0	0	-0.1236729043283636	-0.55675605444272	-0.6981317	0	-5.306542356328413e-06	0	0	0	0	0	0	0	0	0	0	0	0	0	0	0	0	0	0	0	0
54.76000000000001	11.64220959008391	1.755398620722244	-15.32280691797386	0	0.9399999999999999	0	0	0	0	0	0	0	0	0	-0.0808618744258827	-0.5621226654046909	-0.6981317	0	3.463031604878342e-07	0	0	0	0	0	0	0	0	0	0	0	0	0	0	0	0	0	0	0	0
54.78	11.73389886577096	1.781634013394111	-15.37486240550134	0	0.9399999999999999	0	0	0	0	0	0	0	0	0	-0.06553118443602815	-0.5833371638017053	-0.6981317	0	1.391277150187242e-06	0	0	0	0	0	0	0	0	0	0	0	0	0	0	0	0	0	0	0	0
54.8	11.8347388316447	1.796582174048565	-15.39568864491266	0	0.9399999999999999	0	0	0	0	0	0	0	0	0	-0.05491827995957877	-0.5033643613284017	-0.6981317	0	1.900297107174585e-06	0	0	0	0	0	0	0	0	0	0	0	0	0	0	0	0	0	0	0	0
54.82000000000001	11.95052444687185	1.787387162275487	-15.45953475497529	0	0.9399999999999999	0	0	0	0	0	0	0	0	0	-0.07802242530297016	-0.4407453199429161	-0.6981317	0	-4.01800915320747e-08	0	0	0	0	0	0	0	0	0	0	0	0	0	0	0	0	0	0	0	0
54.84	12.08366283078362	1.772702194076346	-15.57172832691595	0	0.9399999999999999	0	0	0	0	0	0	0	0	0	-0.1114218518853078	-0.4327952057648229	-0.6981317	0	-5.515005068878981e-07	0	0	0	0	0	0	0	0	0	0	0	0	0	0	0	0	0	0	0	0
54.86000000000001	12.24136401314628	1.744199068470006	-15.67223200019162	0	0.9399999999999999	0	0	0	0	0	0	0	0	0	-0.1616110340371232	-0.2822932280627745	-0.6981317	0	8.36737077541928e-07	0	0	0	0	0	0	0	0	0	0	0	0	0	0	0	0	0	0	0	0
54.88	12.24136401314628	1.744199068470006	-15.67223200019162	0	0.9399999999999999	0	0	0	0	0	0	0	0	0	-0.1616110340371232	-0.2822932280627745	-0.6981317	0	8.36737077541928e-07	0	0	0	0	0	0	0	0	0	0	0	0	0	0	0	0	0	0	0	0
54.90000000000001	12.59242988377094	1.717728086774345	-15.97534779080496	0	0.9399999999999999	0	0	0	0	0	0	0	0	0	-0.238623842774178	-0.1288642340469896	-0.6981317	0	9.41623258372348e-08	0	0	0	0	0	0	0	0	0	0	0	0	0	0	0	0	0	0	0	0
54.92	12.59242988377094	1.717728086774345	-15.97534779080496	0	0.9399999999999999	0	0	0	0	0	0	0	0	0	-0.238623842774178	-0.1288642340469896	-0.6981317	0	9.41623258372348e-08	0	0	0	0	0	0	0	0	0	0	0	0	0	0	0	0	0	0	0	0
54.94	12.84812319214608	1.71839845690785	-16.19501204802861	0	0.9399999999999999	0	0	0	0	0	0	0	0	0	-0.2842786118533331	-0.003115498133607277	-0.6981317	0	-1.548813875012035e-06	0	0	0	0	0	0	0	0	0	0	0	0	0	0	0	0	0	0	0	0
54.96	12.84812319214608	1.71839845690785	-16.19501204802861	0	0.9399999999999999	0	0	0	0	0	0	0	0	0	-0.2842786118533331	-0.003115498133607277	-0.6981317	0	-1.548813875012035e-06	0	0	0	0	0	0	0	0	0	0	0	0	0	0	0	0	0	0	0	0
54.98	12.9949438277469	1.727290213830183	-16.3048322516745	0	0.9399999999999999	0	0	0	0	0	0	0	0	0	-0.3122130795395641	0.1103736304335531	-0.6981317	0	-8.371835691822038e-08	0	0	0	0	0	0	0	0	0	0	0	0	0	0	0	0	0	0	0	0
55.00000000000001	13.04518685219389	1.73371258602308	-16.33862120171633	0	0.9399999999999999	0	0	0	0	0	0	0	0	0	-0.3215562902930273	0.1044279326805659	-0.6981317	0	-2.82097959731783e-07	0	0	0	0	0	0	0	0	0	0	0	0	0	0	0	0	0	0	0	0
55.02	13.12907455664321	1.732896726555706	-16.39563252354823	0	0.9399999999999999	0	0	0	0	0	0	0	0	0	-0.3430904636632517	0.2373134497856173	-0.6981317	0	2.583110738269263e-07	0	0	0	0	0	0	0	0	0	0	0	0	0	0	0	0	0	0	0	0
55.04000000000001	13.12907455664321	1.732896726555706	-16.39563252354823	0	0.9399999999999999	0	0	0	0	0	0	0	0	0	-0.3430904636632517	0.2373134497856173	-0.6981317	0	2.583110738269263e-07	0	0	0	0	0	0	0	0	0	0	0	0	0	0	0	0	0	0	0	0
55.06	13.20252436159824	1.732648286848886	-16.44433330842181	0	0.9399999999999999	0	0	0	0	0	0	0	0	0	-0.3611197882376478	0.3068192902962211	-0.6981317	0	-2.51787109666224e-09	0	0	0	0	0	0	0	0	0	0	0	0	0	0	0	0	0	0	0	0
55.08000000000001	13.28767566679464	1.730756761898222	-16.50339289374346	0	0.9399999999999999	0	0	0	0	0	0	0	0	0	-0.3818221491533196	0.3771497844486403	-0.6981317	0	-1.518549240757162e-07	0	0	0	0	0	0	0	0	0	0	0	0	0	0	0	0	0	0	0	0
55.1	13.4863765351034	1.72836059273782	-16.65169882564068	0	0.9399999999999999	0	0	0	0	0	0	0	0	0	-0.4305572198913484	0.507560394886896	-0.6981317	0	4.054987420703415e-07	0	0	0	0	0	0	0	0	0	0	0	0	0	0	0	0	0	0	0	0
55.12	13.4863765351034	1.72836059273782	-16.65169882564068	0	0.9399999999999999	0	0	0	0	0	0	0	0	0	-0.4305572198913484	0.507560394886896	-0.6981317	0	4.054987420703415e-07	0	0	0	0	0	0	0	0	0	0	0	0	0	0	0	0	0	0	0	0
55.14000000000001	13.4538839952881	1.741153196371404	-16.58252589968037	0	0.9399999999999999	0	0	0	0	0	0	0	0	0	-0.4495947283313244	0.52359878	-0.6981317	0	-1.49470375087976e-07	0	0	0	0	0	0	0	0	0	0	0	0	0	0	0	0	0	0	0	0
55.16	13.84471545319336	1.715383139420208	-16.79134840880919	0	0.9399999999999999	0	0	0	0	0	0	0	0	0	-0.3739188680041332	0.08727158219811397	-0.6981317	0.9389085020085854	0.9389083213133019	0	0	0	0	0	0	0	0	0	0	0	0	0	0	0	0	0	0	0	0
55.18000000000001	13.89025713608575	1.740661578728646	-16.76054425850862	0	0.9399999999999999	0	0	0	0	0	0	0	0	0	-0.3442074122917986	-0.04110772656589791	-0.6981317	1.255128258918123	1.255128251426433	0	0	0	0	0	0	0	0	0	0	0	0	0	0	0	0	0	0	0	0
55.2	13.95047152247201	1.75172373599011	-16.77947210610697	0	0.9399999999999999	0	0	0	0	0	0	0	0	0	-0.3327134523522959	-0.09580098525695468	-0.6981317	1.388356400148474	1.388356354355768	0	0	0	0	0	0	0	0	0	0	0	0	0	0	0	0	0	0	0	0
55.22000000000001	13.95047152247201	1.75172373599011	-16.77947210610697	0	0.9399999999999999	0	0	0	0	0	0	0	0	0	-0.3327134523522959	-0.09580098525695468	-0.6981317	1.388356400148474	1.388356354355768	0	0	0	0	0	0	0	0	0	0	0	0	0	0	0	0	0	0	0	0
55.24	14.02008855085396	1.758509080184582	-16.80754999720535	0	0.9399999999999999	0	0	0	0	0	0	0	0	0	-0.3248377460414964	-0.1575902060722916	-0.6981317	1.52083855414558	1.520838603121306	0	0	0	0	0	0	0	0	0	0	0	0	0	0	0	0	0	0	0	0
55.26000000000001	14.10262096155485	1.760177255450043	-16.85317893537731	0	0.9399999999999999	0	0	0	0	0	0	0	0	0	-0.3273973787471253	-0.1923832161245739	-0.6981317	1.605797889946406	1.605797864970997	0	0	0	0	0	0	0	0	0	0	0	0	0	0	0	0	0	0	0	0
55.28	14.38368584319955	1.755852727749813	-17.0624828406103	0	0.9399999999999999	0	0	0	0	0	0	0	0	0	-0.3717611157825242	-0.134559589321078	-0.6981317	1.575667260494932	1.575667293867301	0	0	0	0	0	0	0	0	0	0	0	0	0	0	0	0	0	0	0	0
55.3	14.54288633571779	1.757561008023947	-17.19823549152763	0	0.9399999999999999	0	0	0	0	0	0	0	0	0	-0.4093845546138896	-0.04078815698478031	-0.6981317	1.477446992854771	1.477447038472257	0	0	0	0	0	0	0	0	0	0	0	0	0	0	0	0	0	0	0	0
55.32000000000001	14.55465748398887	1.756902131693111	-17.20157343520753	0	0.9399999999999999	0	0	0	0	0	0	0	0	0	-0.4097071614745247	-0.06882135433109073	-0.6981317	1.490973352285848	1.490959662699184	0	0	0	0	0	0	0	0	0	0	0	0	0	0	0	0	0	0	0	0
55.34	14.72894107085499	1.761565289147502	-17.35320621889433	0	0.9399999999999999	0	0	0	0	0	0	0	0	0	-0.4529871828883011	-0.007530923635473686	-0.6981317	1.409476679135729	1.409476675846829	0	0	0	0	0	0	0	0	0	0	0	0	0	0	0	0	0	0	0	0
55.36000000000001	14.85189053490017	1.763411611371779	-17.45840617088565	0	0.9399999999999999	0	0	0	0	0	0	0	0	0	-0.4869398527979529	0.02181207783741362	-0.6981317	1.360340624981457	1.360340583628886	0	0	0	0	0	0	0	0	0	0	0	0	0	0	0	0	0	0	0	0
55.38	14.97700046732656	1.748694413084083	-17.54386287851786	0	0.9399999999999999	0	0	0	0	0	0	0	0	0	-0.511678862921232	-0.05129158110464883	-0.6981317	1.401848961113615	1.401849046045318	0	0	0	0	0	0	0	0	0	0	0	0	0	0	0	0	0	0	0	0
55.40000000000001	14.95381601193489	1.731410519727154	-17.50341161638223	0	0.9399999999999999	0	0	0	0	0	0	0	0	0	-0.500148262950081	-0.1388528445503796	-0.6981317	1.498722495230598	1.498722526986776	0	0	0	0	0	0	0	0	0	0	0	0	0	0	0	0	0	0	0	0
55.42	14.94002089570672	1.71432891049413	-17.47504984305338	0	0.9399999999999999	0	0	0	0	0	0	0	0	0	-0.4961157766323432	-0.1840112192093138	-0.6981317	1.521881397264358	1.521881401711077	0	0	0	0	0	0	0	0	0	0	0	0	0	0	0	0	0	0	0	0
55.44	14.93936378282474	1.690954640066454	-17.45997939046082	0	0.9399999999999999	0	0	0	0	0	0	0	0	0	-0.4954780645024273	-0.1504214545561507	-0.6981317	1.459389797694717	1.459388805385776	0	0	0	0	0	0	0	0	0	0	0	0	0	0	0	0	0	0	0	0
55.46	14.98228425680035	1.692344947895012	-17.49598556744467	0	0.9399999999999999	0	0	0	0	0	0	0	0	0	-0.498966581237118	-0.1763608865640018	-0.6981317	1.438280563602169	1.438280474618158	0	0	0	0	0	0	0	0	0	0	0	0	0	0	0	0	0	0	0	0
55.48	15.10724453612644	1.66332604272461	-17.5853650886529	0	0.9399999999999999	0	0	0	0	0	0	0	0	0	-0.5025248978342403	-0.1601518679850925	-0.6981317	1.313295924853368	1.313296085238444	0	0	0	0	0	0	0	0	0	0	0	0	0	0	0	0	0	0	0	0
55.50000000000001	14.62417523719732	1.51833578591262	-17.10006028942368	0	0.9399999999999999	0	0	0	0	0	0	0	0	0	-0.52359878	0.5176846642130528	-0.6981317	0	1.096889214449716e-06	0	0	0	0	0	0	0	0	0	0	0	0	0	0	0	0	0	0	0	0
55.52	14.97366810337741	1.523960146500901	-17.40647129658203	0	0.9399999999999999	0	0	0	0	0	0	0	0	0	-0.52359878	0.4489996213261244	-0.6981317	0	3.038684748561213e-08	0	0	0	0	0	0	0	0	0	0	0	0	0	0	0	0	0	0	0	0
55.54000000000001	15.63158861701085	1.523850942461522	-18.02561870508009	0	0.9399999999999999	0	0	0	0	0	0	0	0	0	-0.52359878	0.3693141511335955	-0.6981317	0	-9.113382950826109e-07	0	0	0	0	0	0	0	0	0	0	0	0	0	0	0	0	0	0	0	0
55.56	16.20846380049661	1.492438975039029	-18.57091226261409	0	0.9399999999999999	0	0	0	0	0	0	0	0	0	-0.4963786978912824	0.2775652545007984	-0.6981317	0	1.337787943186972e-07	0	0	0	0	0	0	0	0	0	0	0	0	0	0	0	0	0	0	0	0
55.58000000000001	16.22965772966706	1.444199285205044	-18.55438466630321	0	0.9399999999999999	0	0	0	0	0	0	0	0	0	-0.4239977369991672	0.190512919387003	-0.6981317	0	3.145650390000318e-06	0	0	0	0	0	0	0	0	0	0	0	0	0	0	0	0	0	0	0	0
55.6	16.237567051181	1.41403707924206	-18.52291256096951	0	0.9399999999999999	0	0	0	0	0	0	0	0	0	-0.3727509474047023	0.1242121921152814	-0.6981317	0	-1.386400740404519e-07	0	0	0	0	0	0	0	0	0	0	0	0	0	0	0	0	0	0	0	0
55.62	16.22759358068115	1.398763621079702	-18.47314400332271	0	0.9399999999999999	0	0	0	0	0	0	0	0	0	-0.3362565708947913	0.0778149437489972	-0.6981317	0	3.725925672262536e-07	0	0	0	0	0	0	0	0	0	0	0	0	0	0	0	0	0	0	0	0
55.64000000000001	16.2203529668494	1.39755913353214	-18.4286929167092	0	0.9399999999999999	0	0	0	0	0	0	0	0	0	-0.3137551560658557	0.0491528520070248	-0.6981317	0	-1.201010464361875e-07	0	0	0	0	0	0	0	0	0	0	0	0	0	0	0	0	0	0	0	0
55.66	16.22480740743205	1.407521902328691	-18.39554763591759	0	0.9399999999999999	0	0	0	0	0	0	0	0	0	-0.2996198387592796	0.03331148816568316	-0.6981317	0	2.658213610048384e-07	0	0	0	0	0	0	0	0	0	0	0	0	0	0	0	0	0	0	0	0
55.68000000000001	16.21859136600962	1.421225458247461	-18.35124897331354	0	0.9399999999999999	0	0	0	0	0	0	0	0	0	-0.2840240412701385	0.02210169270034811	-0.6981317	0	3.862644727766046e-07	0	0	0	0	0	0	0	0	0	0	0	0	0	0	0	0	0	0	0	0
55.7	16.17859835900807	1.432493525746674	-18.27430383294147	0	0.9399999999999999	0	0	0	0	0	0	0	0	0	-0.2622401262828411	0.009542161698347252	-0.6981317	0	1.86400525175532e-07	0	0	0	0	0	0	0	0	0	0	0	0	0	0	0	0	0	0	0	0
55.72000000000001	16.11125943774381	1.436604086627986	-18.17399190051014	0	0.9399999999999999	0	0	0	0	0	0	0	0	0	-0.2335142013649228	-0.006230444713818165	-0.6981317	0	1.079090531444816e-06	0	0	0	0	0	0	0	0	0	0	0	0	0	0	0	0	0	0	0	0
55.74	16.04100495445659	1.432592866991545	-18.07651938566763	0	0.9399999999999999	0	0	0	0	0	0	0	0	0	-0.1997189814625307	-0.02456678360921383	-0.6981317	0	1.206141369871544e-06	0	0	0	0	0	0	0	0	0	0	0	0	0	0	0	0	0	0	0	0
55.76000000000001	16.04100495445659	1.432592866991545	-18.07651938566763	0	0.9399999999999999	0	0	0	0	0	0	0	0	0	-0.1997189814625307	-0.02456678360921383	-0.6981317	0	1.206141369871544e-06	0	0	0	0	0	0	0	0	0	0	0	0	0	0	0	0	0	0	0	0
55.78	15.98806003941402	1.421869888908727	-18.00171146002655	0	0.9399999999999999	0	0	0	0	0	0	0	0	0	-0.1617324872709415	-0.04381279206942536	-0.6981317	0	-5.193802106105791e-07	0	0	0	0	0	0	0	0	0	0	0	0	0	0	0	0	0	0	0	0
55.8	15.9590563015189	1.407046643605609	-17.9541171344941	0	0.9399999999999999	0	0	0	0	0	0	0	0	0	-0.1211078732365801	-0.06297447830804283	-0.6981317	0	-4.355380616101922e-07	0	0	0	0	0	0	0	0	0	0	0	0	0	0	0	0	0	0	0	0
55.82000000000001	15.95319923322204	1.392109096737027	-17.93077599941316	0	0.9399999999999999	0	0	0	0	0	0	0	0	0	-0.08107447942102271	-0.08175761634812154	-0.6981317	0	-2.206045213629838e-07	0	0	0	0	0	0	0	0	0	0	0	0	0	0	0	0	0	0	0	0
55.84	15.9898889413141	1.374360618139731	-17.93297252834712	0	0.9399999999999999	0	0	0	0	0	0	0	0	0	-0.01509575280283654	-0.1116687289354948	-0.6981317	0	2.496258042646852e-07	0	0	0	0	0	0	0	0	0	0	0	0	0	0	0	0	0	0	0	0
55.86000000000001	16.01207870967599	1.369296419022953	-17.93864653071129	0	0.9399999999999999	0	0	0	0	0	0	0	0	0	0.01227044932554514	-0.120597308370536	-0.6981317	0	-2.927667154751326e-08	0	0	0	0	0	0	0	0	0	0	0	0	0	0	0	0	0	0	0	0
55.88	16.0207746652834	1.363615571296992	-17.93135717954785	0	0.9399999999999999	0	0	0	0	0	0	0	0	0	0.03935032557510531	-0.1251999443530511	-0.6981317	0	2.015600469109927e-06	0	0	0	0	0	0	0	0	0	0	0	0	0	0	0	0	0	0	0	0
55.90000000000001	16.02076905905763	1.363615613318822	-17.93135211020027	0	0.9399999999999999	0	0	0	0	0	0	0	0	0	0.03935044669654968	-0.1251990488554001	-0.6981317	0	2.005365646813629e-06	0	0	0	0	0	0	0	0	0	0	0	0	0	0	0	0	0	0	0	0
55.92	15.99047069960235	1.354531464164992	-17.8688401919327	0	0.9399999999999999	0	0	0	0	0	0	0	0	0	0.08846474153109408	-0.1188804896060603	-0.6981317	0	-1.75216709790887e-08	0	0	0	0	0	0	0	0	0	0	0	0	0	0	0	0	0	0	0	0
55.94	15.96716697350048	1.353069723260118	-17.82839556773231	0	0.9399999999999999	0	0	0	0	0	0	0	0	0	0.1067910131673102	-0.1102067669966521	-0.6981317	0	3.02605130991737e-07	0	0	0	0	0	0	0	0	0	0	0	0	0	0	0	0	0	0	0	0
55.96	15.93850906988843	1.352470090366209	-17.7806619020548	0	0.9399999999999999	0	0	0	0	0	0	0	0	0	0.1230999815045311	-0.09863057811631733	-0.6981317	0	1.096032329926987e-07	0	0	0	0	0	0	0	0	0	0	0	0	0	0	0	0	0	0	0	0
55.98	15.90508621771721	1.351929933413093	-17.72677340492097	0	0.9399999999999999	0	0	0	0	0	0	0	0	0	0.134884867045508	-0.08987241950081264	-0.6981317	0	8.084190722192446e-07	0	0	0	0	0	0	0	0	0	0	0	0	0	0	0	0	0	0	0	0
56.00000000000001	15.90614807155157	1.351773066485027	-17.72713309659009	0	0.9399999999999999	0	0	0	0	0	0	0	0	0	0.1383674446788283	-0.0845137863194851	-0.6981317	0	4.658479191157442e-06	0	0	0	0	0	0	0	0	0	0	0	0	0	0	0	0	0	0	0	0
56.02	15.84729825504706	1.350500244633971	-17.62103923826446	0	0.9399999999999999	0	0	0	0	0	0	0	0	0	0.1674438945628439	-0.05295342574051402	-0.6981317	0	-2.374814473260933e-07	0	0	0	0	0	0	0	0	0	0	0	0	0	0	0	0	0	0	0	0
56.04000000000001	15.84729825504706	1.350500244633971	-17.62103923826446	0	0.9399999999999999	0	0	0	0	0	0	0	0	0	0.1674438945628439	-0.05295342574051402	-0.6981317	0	-2.374814473260933e-07	0	0	0	0	0	0	0	0	0	0	0	0	0	0	0	0	0	0	0	0
56.06	15.80173670174944	1.353042993425747	-17.52575281761485	0	0.9399999999999999	0	0	0	0	0	0	0	0	0	0.1907766625908676	-0.02104387869659041	-0.6981317	0	2.765709336215885e-08	0	0	0	0	0	0	0	0	0	0	0	0	0	0	0	0	0	0	0	0
56.08000000000001	15.78147731307278	1.356745183073368	-17.48099659816617	0	0.9399999999999999	0	0	0	0	0	0	0	0	0	0.1980242820604258	-0.005220400564515148	-0.6981317	0	-9.990969161803025e-07	0	0	0	0	0	0	0	0	0	0	0	0	0	0	0	0	0	0	0	0
56.1	15.78147731307278	1.356745183073368	-17.48099659816617	0	0.9399999999999999	0	0	0	0	0	0	0	0	0	0.1980242820604258	-0.005220400564515148	-0.6981317	0	-9.990969161803025e-07	0	0	0	0	0	0	0	0	0	0	0	0	0	0	0	0	0	0	0	0
56.12	15.73079312109311	1.366273665718013	-17.38405178441235	0	0.9399999999999999	0	0	0	0	0	0	0	0	0	0.2072819783845602	0.02702696151395264	-0.6981317	0	1.375171573530885e-07	0	0	0	0	0	0	0	0	0	0	0	0	0	0	0	0	0	0	0	0
56.14000000000001	15.70240498355911	1.371348840160484	-17.33422637841916	0	0.9399999999999999	0	0	0	0	0	0	0	0	0	0.2099592824188474	0.04228536117125527	-0.6981317	0	-7.987168739059206e-07	0	0	0	0	0	0	0	0	0	0	0	0	0	0	0	0	0	0	0	0
56.16	15.67200827561679	1.37728693246101	-17.28002414313355	0	0.9399999999999999	0	0	0	0	0	0	0	0	0	0.2103497152438817	0.05786898537400639	-0.6927543110535938	0	5.079453452723828e-09	0	0	0	0	0	0	0	0	0	0	0	0	0	0	0	0	0	0	0	0
56.18000000000001	15.63365110277827	1.383733476057309	-17.21847230207499	0	0.9399999999999999	0	0	0	0	0	0	0	0	0	0.2095058822071449	0.07365557812668826	-0.6864855041803157	0	2.549403560367792e-08	0	0	0	0	0	0	0	0	0	0	0	0	0	0	0	0	0	0	0	0
56.2	15.59242726281167	1.390048091689756	-17.15571131165125	0	0.9399999999999999	0	0	0	0	0	0	0	0	0	0.2082037611476775	0.08786576845340237	-0.6794689589191284	0	1.047588083843388e-06	0	0	0	0	0	0	0	0	0	0	0	0	0	0	0	0	0	0	0	0
56.22000000000001	15.55203257486365	1.395205063875821	-17.09518031647903	0	0.9399999999999999	0	0	0	0	0	0	0	0	0	0.2067558952990841	0.1000489795795075	-0.6706680869002638	0	6.628904477813691e-07	0	0	0	0	0	0	0	0	0	0	0	0	0	0	0	0	0	0	0	0
56.24	15.51804546364412	1.399224024663659	-17.04243520533086	0	0.9399999999999999	0	0	0	0	0	0	0	0	0	0.2052333762031261	0.1101123121126903	-0.6606093898678023	0	5.298089273002379e-07	0	0	0	0	0	0	0	0	0	0	0	0	0	0	0	0	0	0	0	0
56.26000000000001	15.49455179028308	1.40219949287624	-17.0011498046299	0	0.9399999999999999	0	0	0	0	0	0	0	0	0	0.2045725510208877	0.1183920538479682	-0.6500234792325855	0	-2.053147727735911e-06	0	0	0	0	0	0	0	0	0	0	0	0	0	0	0	0	0	0	0	0
56.28	15.48740141313461	1.404801135824189	-16.9771368332915	0	0.9399999999999999	0	0	0	0	0	0	0	0	0	0.2046269844356075	0.1233837483088968	-0.6392124802041687	0	-3.274957801455264e-08	0	0	0	0	0	0	0	0	0	0	0	0	0	0	0	0	0	0	0	0
56.3	15.48740141313461	1.404801135824189	-16.9771368332915	0	0.9399999999999999	0	0	0	0	0	0	0	0	0	0.2046269844356075	0.1233837483088968	-0.6392124802041687	0	-3.274957801455264e-08	0	0	0	0	0	0	0	0	0	0	0	0	0	0	0	0	0	0	0	0
56.32000000000001	15.50014076162552	1.408277593195596	-16.97394184777155	0	0.9399999999999999	0	0	0	0	0	0	0	0	0	0.2044814652235058	0.12379120777341	-0.6267147783679552	0	-1.429391986491305e-09	0	0	0	0	0	0	0	0	0	0	0	0	0	0	0	0	0	0	0	0
56.34	15.52771883440589	1.411515225263673	-16.98589066210128	0	0.9399999999999999	0	0	0	0	0	0	0	0	0	0.2051247086806562	0.1208737480986809	-0.6143758622771384	0	5.138082530308458e-07	0	0	0	0	0	0	0	0	0	0	0	0	0	0	0	0	0	0	0	0
56.36000000000001	15.56669501361712	1.416293381639135	-17.00990384449831	0	0.9399999999999999	0	0	0	0	0	0	0	0	0	0.204990134052636	0.1166845338828307	-0.6009841700926525	0	-3.832357943726191e-08	0	0	0	0	0	0	0	0	0	0	0	0	0	0	0	0	0	0	0	0
56.38	15.61206911876836	1.425429017615124	-17.0418523879522	0	0.9399999999999999	0	0	0	0	0	0	0	0	0	0.2006025905647971	0.109738275478722	-0.5901204540893884	0	2.008375012405946e-07	0	0	0	0	0	0	0	0	0	0	0	0	0	0	0	0	0	0	0	0
56.40000000000001	15.68883733947259	1.445578637020589	-17.09596444817685	0	0.9399999999999999	0	0	0	0	0	0	0	0	0	0.1867849654835333	0.09782347755066646	-0.568921427991525	0	7.386824372775201e-08	0	0	0	0	0	0	0	0	0	0	0	0	0	0	0	0	0	0	0	0
56.42	15.69351531819049	1.453645422664688	-17.09105277348784	0	0.9399999999999999	0	0	0	0	0	0	0	0	0	0.1885823368421939	0.09403487373557012	-0.5588232268323885	0	2.129308572932553e-06	0	0	0	0	0	0	0	0	0	0	0	0	0	0	0	0	0	0	0	0
56.44	15.69352035091744	1.453644260896173	-17.09105591847527	0	0.9399999999999999	0	0	0	0	0	0	0	0	0	0.1885837349961397	0.0940331914785258	-0.5588223188887452	0	2.039056475649265e-06	0	0	0	0	0	0	0	0	0	0	0	0	0	0	0	0	0	0	0	0
56.46	15.69709311365352	1.461185355779041	-17.08625818286453	0	0.9399999999999999	0	0	0	0	0	0	0	0	0	0.1825444570309966	0.09369364405308156	-0.5457189350152036	0	3.703222359386656e-06	0	0	0	0	0	0	0	0	0	0	0	0	0	0	0	0	0	0	0	0
56.48	15.59600164495386	1.470451870182882	-16.97214252345446	0	0.9399999999999999	0	0	0	0	0	0	0	0	0	0.1712316357068832	0.1046082885517928	-0.5293732972813876	0	5.2167494641582e-07	0	0	0	0	0	0	0	0	0	0	0	0	0	0	0	0	0	0	0	0
56.50000000000001	15.53181018884156	1.471447979961608	-16.90279701467538	0	0.9399999999999999	0	0	0	0	0	0	0	0	0	0.169611951311445	0.1139569932870301	-0.5216038250223162	0	-2.421668578802179e-07	0	0	0	0	0	0	0	0	0	0	0	0	0	0	0	0	0	0	0	0
56.52	15.4754560940378	1.471674175650659	-16.84156160860389	0	0.9399999999999999	0	0	0	0	0	0	0	0	0	0.1656286037402337	0.1201704473691558	-0.5162603627764938	0	4.300358379376985e-09	0	0	0	0	0	0	0	0	0	0	0	0	0	0	0	0	0	0	0	0
56.54000000000001	15.4754560940378	1.471674175650659	-16.84156160860389	0	0.9399999999999999	0	0	0	0	0	0	0	0	0	0.1656286037402337	0.1201704473691558	-0.5162603627764938	0	4.300358379376985e-09	0	0	0	0	0	0	0	0	0	0	0	0	0	0	0	0	0	0	0	0
56.56	15.43517417874881	1.472240291338408	-16.79598270138423	0	0.9399999999999999	0	0	0	0	0	0	0	0	0	0.1598485401892051	0.1242051364106824	-0.511556533531728	0	1.825568330625473e-07	0	0	0	0	0	0	0	0	0	0	0	0	0	0	0	0	0	0	0	0
56.58000000000001	15.39897719312714	1.476760786049261	-16.74652462731709	0	0.9399999999999999	0	0	0	0	0	0	0	0	0	0.1480689636435039	0.127202839816946	-0.5006572366329141	0	2.171440826333766e-08	0	0	0	0	0	0	0	0	0	0	0	0	0	0	0	0	0	0	0	0
56.6	15.39909211113469	1.476675447063717	-16.74671571063879	0	0.9399999999999999	0	0	0	0	0	0	0	0	0	0.1420282914500002	0.1270190993667522	-0.5059109956673911	0	-2.842223291062236e-06	0	0	0	0	0	0	0	0	0	0	0	0	0	0	0	0	0	0	0	0
56.62	15.40259957563537	1.480775094097734	-16.74280859326837	0	0.9399999999999999	0	0	0	0	0	0	0	0	0	0.1299134514647882	0.1243825680618657	-0.5058566479455686	0	8.699387709197218e-06	0	0	0	0	0	0	0	0	0	0	0	0	0	0	0	0	0	0	0	0
56.64000000000001	15.36624358281212	1.484168897793972	-16.69884502750462	0	0.9399999999999999	0	0	0	0	0	0	0	0	0	0.1150519142954941	0.1236241938204382	-0.5074975504603455	0	3.545344748193107e-07	0	0	0	0	0	0	0	0	0	0	0	0	0	0	0	0	0	0	0	0
56.66	15.31337836656906	1.485072963033715	-16.63177791729913	0	0.9399999999999999	0	0	0	0	0	0	0	0	0	0.08617345493780218	0.1189931083995213	-0.5143983465639078	0	7.31295423318022e-07	0	0	0	0	0	0	0	0	0	0	0	0	0	0	0	0	0	0	0	0
56.68000000000001	15.31337815924979	1.485073248496543	-16.6317784154935	0	0.9399999999999999	0	0	0	0	0	0	0	0	0	0.08617129309090819	0.1189946145554761	-0.514398154532002	0	5.621190203677686e-07	0	0	0	0	0	0	0	0	0	0	0	0	0	0	0	0	0	0	0	0
56.7	15.27748590359462	1.483495308472925	-16.59016930234256	0	0.9399999999999999	0	0	0	0	0	0	0	0	0	0.07009299617841798	0.1166401714471195	-0.5209715683643217	0	9.749417797758388e-08	0	0	0	0	0	0	0	0	0	0	0	0	0	0	0	0	0	0	0	0
56.72000000000001	15.18046822699853	1.476093794609582	-16.48690399237603	0	0.9399999999999999	0	0	0	0	0	0	0	0	0	0.03560441247767299	0.1124214637907186	-0.5460030688102349	0	3.413277795400215e-07	0	0	0	0	0	0	0	0	0	0	0	0	0	0	0	0	0	0	0	0
56.74	15.13247297064387	1.470917597258874	-16.43792790722065	0	0.9399999999999999	0	0	0	0	0	0	0	0	0	0.01859375124275035	0.1097512730684266	-0.5646815269358749	0	8.355027240275904e-08	0	0	0	0	0	0	0	0	0	0	0	0	0	0	0	0	0	0	0	0
56.76000000000001	15.13247297064387	1.470917597258874	-16.43792790722065	0	0.9399999999999999	0	0	0	0	0	0	0	0	0	0.01859375124275035	0.1097512730684266	-0.5646815269358749	0	8.355027240275904e-08	0	0	0	0	0	0	0	0	0	0	0	0	0	0	0	0	0	0	0	0
56.78	15.09825395581773	1.468587090552006	-16.40338776228572	0	0.9399999999999999	0	0	0	0	0	0	0	0	0	0.0005392048560821603	0.1033927053503668	-0.5860542799625369	0	2.804889422759553e-08	0	0	0	0	0	0	0	0	0	0	0	0	0	0	0	0	0	0	0	0
56.8	15.03732497492804	1.469116592477702	-16.34094525804811	0	0.9399999999999999	0	0	0	0	0	0	0	0	0	-0.02168370699132671	0.09554310860470924	-0.6072057880850973	0	2.871928478831961e-07	0	0	0	0	0	0	0	0	0	0	0	0	0	0	0	0	0	0	0	0
56.82000000000001	15.00504630967321	1.473834850727379	-16.30693239452937	0	0.9399999999999999	0	0	0	0	0	0	0	0	0	-0.06014364516775861	0.06822069309311866	-0.653808120834346	0	-1.290618303360836e-08	0	0	0	0	0	0	0	0	0	0	0	0	0	0	0	0	0	0	0	0
56.84	14.95756879519697	1.481636002708137	-16.25666761492236	0	0.9399999999999999	0	0	0	0	0	0	0	0	0	-0.08431939391761024	0.05231280587227841	-0.6745687605080529	0	4.361159111868753e-08	0	0	0	0	0	0	0	0	0	0	0	0	0	0	0	0	0	0	0	0
56.86000000000001	14.95756879519697	1.481636002708137	-16.25666761492236	0	0.9399999999999999	0	0	0	0	0	0	0	0	0	-0.08431939391761024	0.05231280587227841	-0.6745687605080529	0	4.361159111868753e-08	0	0	0	0	0	0	0	0	0	0	0	0	0	0	0	0	0	0	0	0
56.88	14.8868025750899	1.49063748998923	-16.18180975904445	0	0.9399999999999999	0	0	0	0	0	0	0	0	0	-0.1108202530222192	0.03508173582770942	-0.6929193346903244	0	9.920550333465127e-09	0	0	0	0	0	0	0	0	0	0	0	0	0	0	0	0	0	0	0	0
56.90000000000001	14.78086187588427	1.498871284387579	-16.06310557271753	0	0.9399999999999999	0	0	0	0	0	0	0	0	0	-0.1385170634651592	0.01696446627230361	-0.6981317	0	-3.246709653629304e-07	0	0	0	0	0	0	0	0	0	0	0	0	0	0	0	0	0	0	0	0
56.92	14.48005811247722	1.511588494785021	-15.73997503720453	0	0.9399999999999999	0	0	0	0	0	0	0	0	0	-0.1882509353697601	-0.006327224263959894	-0.6981317	0	2.362839043824692e-07	0	0	0	0	0	0	0	0	0	0	0	0	0	0	0	0	0	0	0	0
56.94	14.30384455454153	1.511496242881265	-15.53616327212576	0	0.9399999999999999	0	0	0	0	0	0	0	0	0	-0.2184315496978889	-0.03356353870965961	-0.6981317	0	2.978104370369819e-07	0	0	0	0	0	0	0	0	0	0	0	0	0	0	0	0	0	0	0	0
56.96	14.30384455454153	1.511496242881265	-15.53616327212576	0	0.9399999999999999	0	0	0	0	0	0	0	0	0	-0.2184315496978889	-0.03356353870965961	-0.6981317	0	2.978104370369819e-07	0	0	0	0	0	0	0	0	0	0	0	0	0	0	0	0	0	0	0	0
56.98	14.00740011805459	1.508408291538041	-15.19558356737567	0	0.9399999999999999	0	0	0	0	0	0	0	0	0	-0.2643654509078553	-0.06397673589201437	-0.6981317	0	-3.856564835364308e-07	0	0	0	0	0	0	0	0	0	0	0	0	0	0	0	0	0	0	0	0
57.00000000000001	13.84624146515277	1.5103535242715	-15.02923006359274	0	0.9399999999999999	0	0	0	0	0	0	0	0	0	-0.2712732546526489	-0.07228440134490516	-0.6981317	0	-1.360914241560248e-06	0	0	0	0	0	0	0	0	0	0	0	0	0	0	0	0	0	0	0	0
57.02	13.78253694308894	1.50712616049418	-14.93887430112246	0	0.9399999999999999	0	0	0	0	0	0	0	0	0	-0.287701711362184	-0.08529096271480126	-0.6981317	0	-4.141717019215701e-07	0	0	0	0	0	0	0	0	0	0	0	0	0	0	0	0	0	0	0	0
57.04000000000001	13.84997547713845	1.49725005837918	-14.94975868444998	0	0.9399999999999999	0	0	0	0	0	0	0	0	0	-0.3100094518554327	-0.09325839939697507	-0.6981317	0	1.97411770909229e-07	0	0	0	0	0	0	0	0	0	0	0	0	0	0	0	0	0	0	0	0
57.06	13.84997547713845	1.49725005837918	-14.94975868444998	0	0.9399999999999999	0	0	0	0	0	0	0	0	0	-0.3100094518554327	-0.09325839939697507	-0.6981317	0	1.97411770909229e-07	0	0	0	0	0	0	0	0	0	0	0	0	0	0	0	0	0	0	0	0
57.08000000000001	13.86704126745739	1.492972014581763	-14.93324280379887	0	0.9399999999999999	0	0	0	0	0	0	0	0	0	-0.3226220242658784	-0.0967305089443848	-0.6981317	0	9.606635783001815e-07	0	0	0	0	0	0	0	0	0	0	0	0	0	0	0	0	0	0	0	0
57.1	13.88431738274203	1.488060862519816	-14.91705674962625	0	0.9399999999999999	0	0	0	0	0	0	0	0	0	-0.3375453374120371	-0.09926790518086515	-0.6981317	0	-4.04037663603947e-08	0	0	0	0	0	0	0	0	0	0	0	0	0	0	0	0	0	0	0	0
57.12	13.91622685263104	1.479419262366929	-14.88894242812196	0	0.9399999999999999	0	0	0	0	0	0	0	0	0	-0.3698015036931193	-0.1027704915398995	-0.6981317	0	6.593410853755822e-06	0	0	0	0	0	0	0	0	0	0	0	0	0	0	0	0	0	0	0	0
57.14000000000001	13.98416634352594	1.476336576574923	-14.93263609321485	0	0.9399999999999999	0	0	0	0	0	0	0	0	0	-0.384893990070151	-0.09826170754993772	-0.6981317	0	-1.041803147508703e-07	0	0	0	0	0	0	0	0	0	0	0	0	0	0	0	0	0	0	0	0
57.16	14.01461401748637	1.472555467855824	-14.94012286304326	0	0.9399999999999999	0	0	0	0	0	0	0	0	0	-0.4048054599263119	-0.09311992168011604	-0.6981317	0	6.630927770929077e-08	0	0	0	0	0	0	0	0	0	0	0	0	0	0	0	0	0	0	0	0
57.18000000000001	14.04717953076815	1.467751936951568	-14.94861432994046	0	0.9399999999999999	0	0	0	0	0	0	0	0	0	-0.4244469843116877	-0.08448113325030047	-0.6981317	0	-2.048250683707825e-07	0	0	0	0	0	0	0	0	0	0	0	0	0	0	0	0	0	0	0	0
57.2	14.04717953076815	1.467751936951568	-14.94861432994046	0	0.9399999999999999	0	0	0	0	0	0	0	0	0	-0.4244469843116877	-0.08448113325030047	-0.6981317	0	-2.048250683707825e-07	0	0	0	0	0	0	0	0	0	0	0	0	0	0	0	0	0	0	0	0
57.22000000000001	14.08002169532976	1.461580147776438	-14.95426733234864	0	0.9399999999999999	0	0	0	0	0	0	0	0	0	-0.4422112471378891	-0.07268562116471282	-0.6981317	0	3.851576102829215e-09	0	0	0	0	0	0	0	0	0	0	0	0	0	0	0	0	0	0	0	0
57.24	14.16917305252067	1.443876184933073	-14.97561719725637	0	0.9399999999999999	0	0	0	0	0	0	0	0	0	-0.471528312590011	-0.04504435923969038	-0.6981317	0	-9.191797475582472e-07	0	0	0	0	0	0	0	0	0	0	0	0	0	0	0	0	0	0	0	0
57.26000000000001	14.16917305252067	1.443876184933073	-14.97561719725637	0	0.9399999999999999	0	0	0	0	0	0	0	0	0	-0.471528312590011	-0.04504435923969038	-0.6981317	0	-9.191797475582472e-07	0	0	0	0	0	0	0	0	0	0	0	0	0	0	0	0	0	0	0	0
57.28	14.23192486552527	1.431249827011555	-14.99532037168695	0	0.9399999999999999	0	0	0	0	0	0	0	0	0	-0.482656484106922	-0.03181263920592538	-0.6981317	0	2.092811429444411e-08	0	0	0	0	0	0	0	0	0	0	0	0	0	0	0	0	0	0	0	0
57.3	14.3031383406634	1.415507544557259	-15.01605242314876	0	0.9399999999999999	0	0	0	0	0	0	0	0	0	-0.4922324197779293	-0.02128911820336718	-0.6981317	0	1.700695354063043e-07	0	0	0	0	0	0	0	0	0	0	0	0	0	0	0	0	0	0	0	0
57.32000000000001	14.37654148325066	1.398090209227885	-15.03627968441037	0	0.9399999999999999	0	0	0	0	0	0	0	0	0	-0.5010390355853205	-0.01200948947934149	-0.6981317	0	-1.190487666918626e-08	0	0	0	0	0	0	0	0	0	0	0	0	0	0	0	0	0	0	0	0
57.34	14.44816020958652	1.3803527644608	-15.05409702254856	0	0.9399999999999999	0	0	0	0	0	0	0	0	0	-0.5069513040319561	-0.003947304258064471	-0.6981317	0	-2.879245455679671e-07	0	0	0	0	0	0	0	0	0	0	0	0	0	0	0	0	0	0	0	0
57.36000000000001	14.50908986803755	1.363655660138007	-15.06234046023888	0	0.9399999999999999	0	0	0	0	0	0	0	0	0	-0.5093530347750149	0.002723963088355784	-0.6981317	0	1.32598367271267e-06	0	0	0	0	0	0	0	0	0	0	0	0	0	0	0	0	0	0	0	0
57.38	14.55578195053515	1.349679360798783	-15.05705742156825	0	0.9399999999999999	0	0	0	0	0	0	0	0	0	-0.5062513863472163	0.005466126410138977	-0.6981317	0	1.412764587738793e-07	0	0	0	0	0	0	0	0	0	0	0	0	0	0	0	0	0	0	0	0
57.40000000000001	14.58807452256362	1.340209037534517	-15.03819852777799	0	0.9399999999999999	0	0	0	0	0	0	0	0	0	-0.496260274022269	0.001058469769433289	-0.6981317	0	-9.576930392157503e-07	0	0	0	0	0	0	0	0	0	0	0	0	0	0	0	0	0	0	0	0
57.42	14.61042834767941	1.336248153998048	-15.01383849994762	0	0.9399999999999999	0	0	0	0	0	0	0	0	0	-0.4804413671981145	-0.008784903945559879	-0.6981317	0	1.935669565703684e-05	0	0	0	0	0	0	0	0	0	0	0	0	0	0	0	0	0	0	0	0
57.44	14.6122329505211	1.337635635734908	-14.97578996963403	0	0.9399999999999999	0	0	0	0	0	0	0	0	0	-0.4621112355388873	-0.0250716336656236	-0.6981317	0	-1.067561607579055e-06	0	0	0	0	0	0	0	0	0	0	0	0	0	0	0	0	0	0	0	0
57.46	14.60915875773464	1.346465825972102	-14.93598076138876	0	0.9399999999999999	0	0	0	0	0	0	0	0	0	-0.4338181797430234	-0.05433684313857699	-0.6981317	0	2.439205775993045e-08	0	0	0	0	0	0	0	0	0	0	0	0	0	0	0	0	0	0	0	0
57.48	14.58746406048376	1.360021811538957	-14.87963775157158	0	0.9399999999999999	0	0	0	0	0	0	0	0	0	-0.396977366402968	-0.09810298227669983	-0.6981317	0	-2.067512892854141e-07	0	0	0	0	0	0	0	0	0	0	0	0	0	0	0	0	0	0	0	0
57.50000000000001	14.51567882645409	1.384026202920094	-14.77686394235091	0	0.9399999999999999	0	0	0	0	0	0	0	0	0	-0.3434265996039412	-0.1568051435721075	-0.6981317	0	2.979629234625427e-07	0	0	0	0	0	0	0	0	0	0	0	0	0	0	0	0	0	0	0	0
57.52	14.35386657943727	1.416017768414065	-14.59505148751562	0	0.9399999999999999	0	0	0	0	0	0	0	0	0	-0.2744324812006549	-0.2172673597075071	-0.6981317	0	1.74418440340341e-08	0	0	0	0	0	0	0	0	0	0	0	0	0	0	0	0	0	0	0	0
57.54000000000001	13.9632383658946	1.446688490935153	-14.24047111804436	0	0.9399999999999999	0	0	0	0	0	0	0	0	0	-0.1921088213555525	-0.2346233786693374	-0.6981317	0	-3.976032404040298e-07	0	0	0	0	0	0	0	0	0	0	0	0	0	0	0	0	0	0	0	0
57.56	13.91767760170347	1.446263373941163	-14.22853517364063	0	0.9399999999999999	0	0	0	0	0	0	0	0	0	-0.198132670319956	-0.208826622376511	-0.6981317	0	1.896041907663387e-08	0	0	0	0	0	0	0	0	0	0	0	0	0	0	0	0	0	0	0	0
57.58000000000001	13.87292420650217	1.444047428134876	-14.2142224846393	0	0.9399999999999999	0	0	0	0	0	0	0	0	0	-0.2121759062999133	-0.1860745137892207	-0.6981317	0	-1.205697229541295e-07	0	0	0	0	0	0	0	0	0	0	0	0	0	0	0	0	0	0	0	0
57.6	13.87292420650217	1.444047428134876	-14.2142224846393	0	0.9399999999999999	0	0	0	0	0	0	0	0	0	-0.2121759062999133	-0.1860745137892207	-0.6981317	0	-1.205697229541295e-07	0	0	0	0	0	0	0	0	0	0	0	0	0	0	0	0	0	0	0	0
57.62	13.80631375789126	1.444450242984227	-14.16700221942184	0	0.9399999999999999	0	0	0	0	0	0	0	0	0	-0.2258888549478451	-0.1736424120263171	-0.6981317	0	-1.519171510749737e-09	0	0	0	0	0	0	0	0	0	0	0	0	0	0	0	0	0	0	0	0
57.64000000000001	13.73810814711088	1.451012175922285	-14.10233473806246	0	0.9399999999999999	0	0	0	0	0	0	0	0	0	-0.2347556890623444	-0.1685450523405346	-0.6981317	0	1.48613821759154e-07	0	0	0	0	0	0	0	0	0	0	0	0	0	0	0	0	0	0	0	0
57.66	13.44796700673141	1.475364442365886	-13.77082639628308	0	0.9399999999999999	0	0	0	0	0	0	0	0	0	-0.1979290101011751	-0.1780479411145302	-0.6981317	0	7.185542602009771e-07	0	0	0	0	0	0	0	0	0	0	0	0	0	0	0	0	0	0	0	0
57.68000000000001	13.13962727537917	1.47953430396534	-13.4268321689164	0	0.9399999999999999	0	0	0	0	0	0	0	0	0	-0.1513855344986723	-0.1995731725118498	-0.6981317	0	-5.470278088762879e-07	0	0	0	0	0	0	0	0	0	0	0	0	0	0	0	0	0	0	0	0
57.7	13.13962727537917	1.47953430396534	-13.4268321689164	0	0.9399999999999999	0	0	0	0	0	0	0	0	0	-0.1513855344986723	-0.1995731725118498	-0.6981317	0	-5.470278088762879e-07	0	0	0	0	0	0	0	0	0	0	0	0	0	0	0	0	0	0	0	0
57.72000000000001	12.54618418002679	1.445124684448395	-12.78136145349557	0	0.9399999999999999	0	0	0	0	0	0	0	0	0	-0.0365145338294298	-0.267899320827136	-0.6981317	0	-1.659194732249218e-07	0	0	0	0	0	0	0	0	0	0	0	0	0	0	0	0	0	0	0	0
57.74	12.54618651528865	1.445126280497985	-12.78135898130882	0	0.9399999999999999	0	0	0	0	0	0	0	0	0	-0.03651490307603236	-0.267900254787803	-0.6981317	0	6.097150926108835e-07	0	0	0	0	0	0	0	0	0	0	0	0	0	0	0	0	0	0	0	0
57.76000000000001	12.43390253865487	1.421890647397915	-12.6578080661112	0	0.9399999999999999	0	0	0	0	0	0	0	0	0	0.003962059215786629	-0.2939307488628566	-0.6981317	0	1.095696547881267e-06	0	0	0	0	0	0	0	0	0	0	0	0	0	0	0	0	0	0	0	0
57.78	12.40737253991396	1.40713123977849	-12.62311669037672	0	0.9399999999999999	0	0	0	0	0	0	0	0	0	0.02279524282142593	-0.3028264951306227	-0.6981317	0	1.113574302817029e-07	0	0	0	0	0	0	0	0	0	0	0	0	0	0	0	0	0	0	0	0
57.8	12.44224750037696	1.399226155432305	-12.63349670280491	0	0.9399999999999999	0	0	0	0	0	0	0	0	0	0.02842170839728677	-0.2822879536434336	-0.6981317	0	-4.775558417826192e-08	0	0	0	0	0	0	0	0	0	0	0	0	0	0	0	0	0	0	0	0
57.82000000000001	12.47025624765144	1.39685167538938	-12.64358884946461	0	0.9399999999999999	0	0	0	0	0	0	0	0	0	0.03478226157774176	-0.2704556813696896	-0.6981317	0	-6.643326977439976e-09	0	0	0	0	0	0	0	0	0	0	0	0	0	0	0	0	0	0	0	0
57.84	12.50158843486181	1.393897406027436	-12.65486848720789	0	0.9399999999999999	0	0	0	0	0	0	0	0	0	0.0466306126003953	-0.2634148880321361	-0.6981317	0	-4.229866895890871e-07	0	0	0	0	0	0	0	0	0	0	0	0	0	0	0	0	0	0	0	0
57.86000000000001	12.53552483840526	1.390780707829434	-12.66961123814838	0	0.9399999999999999	0	0	0	0	0	0	0	0	0	0.06106826689305411	-0.2598712173013427	-0.6981317	0	3.526008804778858e-08	0	0	0	0	0	0	0	0	0	0	0	0	0	0	0	0	0	0	0	0
57.88	12.57151967281977	1.388990525984551	-12.6894337327057	0	0.9399999999999999	0	0	0	0	0	0	0	0	0	0.07378625922353822	-0.2561077276863797	-0.6981317	0	-1.433557538833597e-07	0	0	0	0	0	0	0	0	0	0	0	0	0	0	0	0	0	0	0	0
57.90000000000001	12.60880175811073	1.389672153495813	-12.71502992116215	0	0.9399999999999999	0	0	0	0	0	0	0	0	0	0.0819351564045291	-0.2493044408860244	-0.6981317	0	-2.369567013871715e-08	0	0	0	0	0	0	0	0	0	0	0	0	0	0	0	0	0	0	0	0
57.92	12.60880175811073	1.389672153495813	-12.71502992116215	0	0.9399999999999999	0	0	0	0	0	0	0	0	0	0.0819351564045291	-0.2493044408860244	-0.6981317	0	-2.369567013871715e-08	0	0	0	0	0	0	0	0	0	0	0	0	0	0	0	0	0	0	0	0
57.94	12.69424745989004	1.398982959806009	-12.78618280858583	0	0.9399999999999999	0	0	0	0	0	0	0	0	0	0.08204194672256364	-0.2228027113762277	-0.6981317	0	-2.083415991402478e-07	0	0	0	0	0	0	0	0	0	0	0	0	0	0	0	0	0	0	0	0
57.96	12.75591385693723	1.40805687812172	-12.84294942218063	0	0.9399999999999999	0	0	0	0	0	0	0	0	0	0.07134777344658645	-0.2108180350969216	-0.6981317	0	4.096920279804699e-07	0	0	0	0	0	0	0	0	0	0	0	0	0	0	0	0	0	0	0	0
57.98	12.81350005960339	1.414215860903104	-12.89130359965878	0	0.9399999999999999	0	0	0	0	0	0	0	0	0	0.06822673535567768	-0.1814140215594371	-0.6981317	0	-3.816537970525678e-08	0	0	0	0	0	0	0	0	0	0	0	0	0	0	0	0	0	0	0	0
58.00000000000001	12.81350005960339	1.414215860903104	-12.89130359965878	0	0.9399999999999999	0	0	0	0	0	0	0	0	0	0.06822673535567768	-0.1814140215594371	-0.6981317	0	-3.816537970525678e-08	0	0	0	0	0	0	0	0	0	0	0	0	0	0	0	0	0	0	0	0
58.02	12.96953819778287	1.429945567410547	-13.03388494962413	0	0.9399999999999999	0	0	0	0	0	0	0	0	0	0.05386486664968732	-0.1450256751600586	-0.6981317	0	-1.082506744951406e-07	0	0	0	0	0	0	0	0	0	0	0	0	0	0	0	0	0	0	0	0
58.04000000000001	13.04017310910971	1.434006024100716	-13.09556400290649	0	0.9399999999999999	0	0	0	0	0	0	0	0	0	0.05337373924997286	-0.1297807554417173	-0.6981317	0	-6.595427415133326e-08	0	0	0	0	0	0	0	0	0	0	0	0	0	0	0	0	0	0	0	0
58.06	13.13426349011293	1.440143710469222	-13.18743645062206	0	0.9399999999999999	0	0	0	0	0	0	0	0	0	0.0445355021130918	-0.1151176235379445	-0.6981317	0	-8.089071497745816e-09	0	0	0	0	0	0	0	0	0	0	0	0	0	0	0	0	0	0	0	0
58.08000000000001	13.21919538714508	1.444318952062862	-13.26703344327027	0	0.9399999999999999	0	0	0	0	0	0	0	0	0	0.03928986408342771	-0.1045129623707849	-0.6981317	0	-9.432800806780758e-08	0	0	0	0	0	0	0	0	0	0	0	0	0	0	0	0	0	0	0	0
58.1	13.28671114486386	1.446943442744925	-13.33498868454806	0	0.9399999999999999	0	0	0	0	0	0	0	0	0	0.03821487475400317	-0.0919829476704869	-0.6981317	0	-1.27060409899536e-08	0	0	0	0	0	0	0	0	0	0	0	0	0	0	0	0	0	0	0	0
58.12	13.35134743965672	1.449315029599275	-13.39903969211044	0	0.9399999999999999	0	0	0	0	0	0	0	0	0	0.03281654224992402	-0.08070789204312656	-0.6981317	0	-1.081771683426366e-07	0	0	0	0	0	0	0	0	0	0	0	0	0	0	0	0	0	0	0	0
58.14000000000001	13.4165097826302	1.451162790577477	-13.46267233069889	0	0.9399999999999999	0	0	0	0	0	0	0	0	0	0.02570430491504253	-0.0682249726086923	-0.6981317	0	-4.05794119412995e-08	0	0	0	0	0	0	0	0	0	0	0	0	0	0	0	0	0	0	0	0
58.16	13.4165097826302	1.451162790577477	-13.46267233069889	0	0.9399999999999999	0	0	0	0	0	0	0	0	0	0.02570430491504253	-0.0682249726086923	-0.6981317	0	-4.05794119412995e-08	0	0	0	0	0	0	0	0	0	0	0	0	0	0	0	0	0	0	0	0
58.18000000000001	13.48630191873151	1.452065218176657	-13.52802170331295	0	0.9399999999999999	0	0	0	0	0	0	0	0	0	0.01745592351846401	-0.05477773546884358	-0.6981317	0	-3.370679104227362e-08	0	0	0	0	0	0	0	0	0	0	0	0	0	0	0	0	0	0	0	0
58.2	13.61338602346437	1.450690784155187	-13.64201260586049	0	0.9399999999999999	0	0	0	0	0	0	0	0	0	0.002754960094635073	-0.03240103161150518	-0.6981317	0	-8.823480288944144e-08	0	0	0	0	0	0	0	0	0	0	0	0	0	0	0	0	0	0	0	0
58.22000000000001	13.66764517041584	1.448449825145522	-13.68919946770002	0	0.9399999999999999	0	0	0	0	0	0	0	0	0	-0.003330007399879262	-0.02452974055944005	-0.6981317	0	-3.916709977521362e-09	0	0	0	0	0	0	0	0	0	0	0	0	0	0	0	0	0	0	0	0
58.24	13.70804851146032	1.445471207870114	-13.7226220546267	0	0.9399999999999999	0	0	0	0	0	0	0	0	0	-0.008247875376621196	-0.01912490371304848	-0.6981317	0	4.251735150251928e-07	0	0	0	0	0	0	0	0	0	0	0	0	0	0	0	0	0	0	0	0
58.26000000000001	13.73304639431194	1.44210084076017	-13.74078549682876	0	0.9399999999999999	0	0	0	0	0	0	0	0	0	-0.01196036029579337	-0.01568655306376106	-0.6981317	0	1.006333251137766e-06	0	0	0	0	0	0	0	0	0	0	0	0	0	0	0	0	0	0	0	0
58.28	13.73641212509544	1.438784763825034	-13.73775643692053	0	0.9399999999999999	0	0	0	0	0	0	0	0	0	-0.01398638663698691	-0.01490844478241318	-0.6981317	0	-6.299164899502256e-06	0	0	0	0	0	0	0	0	0	0	0	0	0	0	0	0	0	0	0	0
58.3	13.73642413255408	1.438783634305885	-13.73777059063011	0	0.9399999999999999	0	0	0	0	0	0	0	0	0	-0.01398502870649042	-0.01490423368597176	-0.6981317	0	-6.13585959425585e-06	0	0	0	0	0	0	0	0	0	0	0	0	0	0	0	0	0	0	0	0
58.32000000000001	13.75961626384523	1.435186956937104	-13.75471015560516	0	0.9399999999999999	0	0	0	0	0	0	0	0	0	-0.01800912810043062	-0.01174946554763318	-0.6981317	0	-1.422051195487985e-07	0	0	0	0	0	0	0	0	0	0	0	0	0	0	0	0	0	0	0	0
58.34	13.76310313223041	1.428329451481093	-13.75076814987229	0	0.9399999999999999	0	0	0	0	0	0	0	0	0	-0.02319997404989203	-0.01276911305047551	-0.6981317	0	2.731086145953067e-08	0	0	0	0	0	0	0	0	0	0	0	0	0	0	0	0	0	0	0	0
58.36000000000001	13.74725111991824	1.425705161642592	-13.72677895724515	0	0.9399999999999999	0	0	0	0	0	0	0	0	0	-0.02094859128931163	-0.0149794551493744	-0.6981317	0	7.733817647481075e-07	0	0	0	0	0	0	0	0	0	0	0	0	0	0	0	0	0	0	0	0
58.38	13.74725111991824	1.425705161642592	-13.72677895724515	0	0.9399999999999999	0	0	0	0	0	0	0	0	0	-0.02094859128931163	-0.0149794551493744	-0.6981317	0	7.733817647481075e-07	0	0	0	0	0	0	0	0	0	0	0	0	0	0	0	0	0	0	0	0
58.40000000000001	13.71184176255262	1.419935763538236	-13.68503037089137	0	0.9399999999999999	0	0	0	0	0	0	0	0	0	-0.01839554278955973	-0.02300708749910813	-0.6981317	0	-1.560756857959669e-07	0	0	0	0	0	0	0	0	0	0	0	0	0	0	0	0	0	0	0	0
58.42	13.69131364254579	1.417824452620294	-13.6618674467689	0	0.9399999999999999	0	0	0	0	0	0	0	0	0	-0.01551368124033561	-0.02689255343240413	-0.6981317	0	-1.020059841485045e-08	0	0	0	0	0	0	0	0	0	0	0	0	0	0	0	0	0	0	0	0
58.44	13.69131364254579	1.417824452620294	-13.6618674467689	0	0.9399999999999999	0	0	0	0	0	0	0	0	0	-0.01551368124033561	-0.02689255343240413	-0.6981317	0	-1.020059841485045e-08	0	0	0	0	0	0	0	0	0	0	0	0	0	0	0	0	0	0	0	0
58.46	13.65508754276124	1.415823214830557	-13.62103926206697	0	0.9399999999999999	0	0	0	0	0	0	0	0	0	-0.008034609789474435	-0.03193667101205421	-0.6981317	0	2.399882245438358e-07	0	0	0	0	0	0	0	0	0	0	0	0	0	0	0	0	0	0	0	0
58.48	13.65508754276124	1.415823214830557	-13.62103926206697	0	0.9399999999999999	0	0	0	0	0	0	0	0	0	-0.008034609789474435	-0.03193667101205421	-0.6981317	0	2.399882245438358e-07	0	0	0	0	0	0	0	0	0	0	0	0	0	0	0	0	0	0	0	0
58.50000000000001	13.65576390929753	1.413581584267801	-13.61994137080838	0	0.9399999999999999	0	0	0	0	0	0	0	0	0	-0.007645463724957816	-0.03259744358063775	-0.6981317	0	4.518604194454337e-06	0	0	0	0	0	0	0	0	0	0	0	0	0	0	0	0	0	0	0	0
58.52	13.65627288460609	1.412207390929808	-13.61944325062365	0	0.9399999999999999	0	0	0	0	0	0	0	0	0	-0.006634014288310821	-0.03284766676098686	-0.6981317	0	7.620564573126422e-07	0	0	0	0	0	0	0	0	0	0	0	0	0	0	0	0	0	0	0	0
58.54000000000001	13.69261215263533	1.411210047265482	-13.65330226586536	0	0.9399999999999999	0	0	0	0	0	0	0	0	0	-0.009625036967010834	-0.0273255181137209	-0.6981317	0	-3.299365700799823e-07	0	0	0	0	0	0	0	0	0	0	0	0	0	0	0	0	0	0	0	0
58.56	13.69206623954157	1.410936289126725	-13.65356859750153	0	0.9399999999999999	0	0	0	0	0	0	0	0	0	-0.008778478541831202	-0.02566382457136044	-0.6981317	0	-1.407750164513891e-06	0	0	0	0	0	0	0	0	0	0	0	0	0	0	0	0	0	0	0	0
58.58000000000001	13.71481748058773	1.41151519148942	-13.67511208352658	0	0.9399999999999999	0	0	0	0	0	0	0	0	0	-0.01012554540683437	-0.01968320500210676	-0.6981317	0	-1.1202343392781e-07	0	0	0	0	0	0	0	0	0	0	0	0	0	0	0	0	0	0	0	0
58.6	13.74575366834878	1.411772172486446	-13.70490879431335	0	0.9399999999999999	0	0	0	0	0	0	0	0	0	-0.0122544153394886	-0.01284895855679977	-0.6981317	0	3.593058661258665e-07	0	0	0	0	0	0	0	0	0	0	0	0	0	0	0	0	0	0	0	0
58.62	13.81869476328809	1.410752674361926	-13.77687023360296	0	0.9399999999999999	0	0	0	0	0	0	0	0	0	-0.01875476722657061	0.001216648959116945	-0.6981317	0	8.23492679849197e-07	0	0	0	0	0	0	0	0	0	0	0	0	0	0	0	0	0	0	0	0
58.64000000000001	13.85056488755637	1.408452629591668	-13.80809291104345	0	0.9399999999999999	0	0	0	0	0	0	0	0	0	-0.02345501189930515	0.007294653315191765	-0.6981317	0	6.255851586974691e-07	0	0	0	0	0	0	0	0	0	0	0	0	0	0	0	0	0	0	0	0
58.66	13.87421007774391	1.405814082002616	-13.8302734402985	0	0.9399999999999999	0	0	0	0	0	0	0	0	0	-0.02795587009214563	0.01223389598837194	-0.6981317	0	2.287194932326968e-07	0	0	0	0	0	0	0	0	0	0	0	0	0	0	0	0	0	0	0	0
58.68000000000001	13.88812070869382	1.403598541189393	-13.84173064735283	0	0.9399999999999999	0	0	0	0	0	0	0	0	0	-0.03098948696964433	0.01596192920783028	-0.6981317	0	5.085691927886509e-07	0	0	0	0	0	0	0	0	0	0	0	0	0	0	0	0	0	0	0	0
58.7	13.88964575585482	1.401727411727999	-13.83977206550999	0	0.9399999999999999	0	0	0	0	0	0	0	0	0	-0.03206748303079272	0.01770895637273686	-0.6981317	0	3.35900477771526e-07	0	0	0	0	0	0	0	0	0	0	0	0	0	0	0	0	0	0	0	0
58.72000000000001	13.87775218917904	1.400077135295557	-13.82361251659552	0	0.9399999999999999	0	0	0	0	0	0	0	0	0	-0.03069479820433747	0.01696626329870268	-0.6981317	0	-1.181271617678698e-07	0	0	0	0	0	0	0	0	0	0	0	0	0	0	0	0	0	0	0	0
58.74	13.85334872957129	1.398891124118643	-13.79474387063153	0	0.9399999999999999	0	0	0	0	0	0	0	0	0	-0.02636430850329703	0.0136248212757204	-0.6981317	0	-1.004640724671453e-06	0	0	0	0	0	0	0	0	0	0	0	0	0	0	0	0	0	0	0	0
58.76000000000001	13.85334872957129	1.398891124118643	-13.79474387063153	0	0.9399999999999999	0	0	0	0	0	0	0	0	0	-0.02636430850329703	0.0136248212757204	-0.6981317	0	-1.004640724671453e-06	0	0	0	0	0	0	0	0	0	0	0	0	0	0	0	0	0	0	0	0
58.78	13.81942037281138	1.39802558281058	-13.75648963814727	0	0.9399999999999999	0	0	0	0	0	0	0	0	0	-0.01965745152193501	0.008352762090304344	-0.6981317	0	-4.300482996402706e-07	0	0	0	0	0	0	0	0	0	0	0	0	0	0	0	0	0	0	0	0
58.8	13.77887011850676	1.397179453428788	-13.71174089398826	0	0.9399999999999999	0	0	0	0	0	0	0	0	0	-0.01152471838149741	0.002211692296178896	-0.6981317	0	-1.400096316852452e-07	0	0	0	0	0	0	0	0	0	0	0	0	0	0	0	0	0	0	0	0
58.82000000000001	13.70860433623347	1.394781534895768	-13.63336599501086	0	0.9399999999999999	0	0	0	0	0	0	0	0	0	0.003651608251635833	-0.005664952043655719	-0.6981317	0	-2.035335304246275e-07	0	0	0	0	0	0	0	0	0	0	0	0	0	0	0	0	0	0	0	0
58.84	13.68629788125331	1.394617344215878	-13.60765684818904	0	0.9399999999999999	0	0	0	0	0	0	0	0	0	0.01002674736040926	-0.005773551154522965	-0.6981317	0	-2.13890032480881e-07	0	0	0	0	0	0	0	0	0	0	0	0	0	0	0	0	0	0	0	0
58.86000000000001	13.6688229286564	1.396549697595425	-13.58756159654228	0	0.9399999999999999	0	0	0	0	0	0	0	0	0	0.01590218549439486	-0.003007968350703514	-0.6981317	0	1.66673310573209e-07	0	0	0	0	0	0	0	0	0	0	0	0	0	0	0	0	0	0	0	0
58.88	13.66894021616127	1.399752694858374	-13.58568656517276	0	0.9399999999999999	0	0	0	0	0	0	0	0	0	0.01836280988717012	0.004368212312647481	-0.6981317	0	-8.940543610464815e-06	0	0	0	0	0	0	0	0	0	0	0	0	0	0	0	0	0	0	0	0
58.90000000000001	13.65201092545424	1.403707555266875	-13.56704424431874	0	0.9399999999999999	0	0	0	0	0	0	0	0	0	0.02297837267488468	0.002819025760307532	-0.6981317	0	6.264822965581659e-07	0	0	0	0	0	0	0	0	0	0	0	0	0	0	0	0	0	0	0	0
58.92	13.65104337324711	1.408725631098379	-13.56616250384048	0	0.9399999999999999	0	0	0	0	0	0	0	0	0	0.02052937986617252	0.01818345342488172	-0.6981317	0	6.224220569818319e-06	0	0	0	0	0	0	0	0	0	0	0	0	0	0	0	0	0	0	0	0
58.94	13.66499014548108	1.41331117620672	-13.57999782692446	0	0.9399999999999999	0	0	0	0	0	0	0	0	0	0.01645839683017992	0.02663768714233797	-0.6981317	0	5.940076509482188e-09	0	0	0	0	0	0	0	0	0	0	0	0	0	0	0	0	0	0	0	0
58.96	13.66499014548108	1.41331117620672	-13.57999782692446	0	0.9399999999999999	0	0	0	0	0	0	0	0	0	0.01645839683017992	0.02663768714233797	-0.6981317	0	5.940076509482188e-09	0	0	0	0	0	0	0	0	0	0	0	0	0	0	0	0	0	0	0	0
58.98	13.67819227265194	1.417347837740315	-13.59390823296375	0	0.9399999999999999	0	0	0	0	0	0	0	0	0	0.01139444239480197	0.03343171604051236	-0.6981317	0	1.690092465008737e-08	0	0	0	0	0	0	0	0	0	0	0	0	0	0	0	0	0	0	0	0
59.00000000000001	13.70010684521889	1.420455333191495	-13.61688869616248	0	0.9399999999999999	0	0	0	0	0	0	0	0	0	0.004329588394826851	0.04005926176007026	-0.6981317	0	-3.948089940279345e-08	0	0	0	0	0	0	0	0	0	0	0	0	0	0	0	0	0	0	0	0
59.02	13.75059116124267	1.424850322423022	-13.6661011991514	0	0.9399999999999999	0	0	0	0	0	0	0	0	0	-0.009910946021916757	0.05072718764379621	-0.6981317	0	1.772972615250542e-06	0	0	0	0	0	0	0	0	0	0	0	0	0	0	0	0	0	0	0	0
59.04000000000001	13.75064980590001	1.426238563375941	-13.66675350180991	0	0.9399999999999999	0	0	0	0	0	0	0	0	0	-0.008800405417431901	0.05137910671971416	-0.6981317	0	1.177256057150298e-05	0	0	0	0	0	0	0	0	0	0	0	0	0	0	0	0	0	0	0	0
59.06	13.79837246944245	1.428032842598942	-13.7087404142173	0	0.9399999999999999	0	0	0	0	0	0	0	0	0	-0.01731601541948067	0.05295319790817019	-0.6981317	0	-8.616485921290095e-07	0	0	0	0	0	0	0	0	0	0	0	0	0	0	0	0	0	0	0	0
59.08000000000001	13.79837246944245	1.428032842598942	-13.7087404142173	0	0.9399999999999999	0	0	0	0	0	0	0	0	0	-0.01731601541948067	0.05295319790817019	-0.6981317	0	-8.616485921290095e-07	0	0	0	0	0	0	0	0	0	0	0	0	0	0	0	0	0	0	0	0
59.1	13.81756899756397	1.429698472780913	-13.72607331061198	0	0.9399999999999999	0	0	0	0	0	0	0	0	0	-0.0177347875431625	0.05179127456221708	-0.6981317	0	1.550404981224093e-07	0	0	0	0	0	0	0	0	0	0	0	0	0	0	0	0	0	0	0	0
59.12	13.85435079276978	1.432223737553656	-13.76197198886191	0	0.9399999999999999	0	0	0	0	0	0	0	0	0	-0.01696828345131151	0.05048870614379127	-0.6981317	0	9.338285239671961e-08	0	0	0	0	0	0	0	0	0	0	0	0	0	0	0	0	0	0	0	0
59.14000000000001	13.8731154178432	1.433694082073169	-13.7813807347584	0	0.9399999999999999	0	0	0	0	0	0	0	0	0	-0.01705155656639339	0.0508064238629702	-0.6981317	0	3.223111316988461e-08	0	0	0	0	0	0	0	0	0	0	0	0	0	0	0	0	0	0	0	0
59.16	13.8731154178432	1.433694082073169	-13.7813807347584	0	0.9399999999999999	0	0	0	0	0	0	0	0	0	-0.01705155656639339	0.0508064238629702	-0.6981317	0	3.223111316988461e-08	0	0	0	0	0	0	0	0	0	0	0	0	0	0	0	0	0	0	0	0
59.18000000000001	13.90486375658874	1.437280857472813	-13.814103507468	0	0.9399999999999999	0	0	0	0	0	0	0	0	0	-0.01812713278032053	0.05094322197303543	-0.6981317	0	-1.553409563951311e-07	0	0	0	0	0	0	0	0	0	0	0	0	0	0	0	0	0	0	0	0
59.2	13.90486375658874	1.437280857472813	-13.814103507468	0	0.9399999999999999	0	0	0	0	0	0	0	0	0	-0.01812713278032053	0.05094322197303543	-0.6981317	0	-1.553409563951311e-07	0	0	0	0	0	0	0	0	0	0	0	0	0	0	0	0	0	0	0	0
59.22000000000001	13.94005165425711	1.441786730359116	-13.84750703893081	0	0.9399999999999999	0	0	0	0	0	0	0	0	0	-0.01704864307731012	0.05385388125488388	-0.6981317	0	-3.003450932148706e-07	0	0	0	0	0	0	0	0	0	0	0	0	0	0	0	0	0	0	0	0
59.24	13.96011457412949	1.443562557695639	-13.86656795428779	0	0.9399999999999999	0	0	0	0	0	0	0	0	0	-0.01709196417968669	0.0537157863944985	-0.6981317	0	-1.281017657508388e-08	0	0	0	0	0	0	0	0	0	0	0	0	0	0	0	0	0	0	0	0
59.26000000000001	13.98325880068868	1.444635548173165	-13.8892754934614	0	0.9399999999999999	0	0	0	0	0	0	0	0	0	-0.0192040758231115	0.05260141947534386	-0.6981317	0	4.796125414252069e-07	0	0	0	0	0	0	0	0	0	0	0	0	0	0	0	0	0	0	0	0
59.28	13.98358105600287	1.44582455924995	-13.88911323490811	0	0.9399999999999999	0	0	0	0	0	0	0	0	0	-0.02017118610926145	0.05228901346985296	-0.6981317	0	1.171281904212172e-05	0	0	0	0	0	0	0	0	0	0	0	0	0	0	0	0	0	0	0	0
59.3	13.9836066391882	1.445815891642335	-13.88913091675289	0	0.9399999999999999	0	0	0	0	0	0	0	0	0	-0.02018325622973403	0.05229813726497421	-0.6981317	0	1.118850367887823e-05	0	0	0	0	0	0	0	0	0	0	0	0	0	0	0	0	0	0	0	0
59.32000000000001	14.02937762016859	1.445929234231625	-13.93407414746937	0	0.9399999999999999	0	0	0	0	0	0	0	0	0	-0.025342767632461	0.05784757273420504	-0.6981317	0	8.016266239100274e-07	0	0	0	0	0	0	0	0	0	0	0	0	0	0	0	0	0	0	0	0
59.34	14.06215501281314	1.447519100305726	-13.96488100029598	0	0.9399999999999999	0	0	0	0	0	0	0	0	0	-0.03146142104599237	0.06223050227362634	-0.6981317	0	2.258364530066278e-07	0	0	0	0	0	0	0	0	0	0	0	0	0	0	0	0	0	0	0	0
59.36000000000001	14.06279826464578	1.447816279042097	-13.96460341452012	0	0.9399999999999999	0	0	0	0	0	0	0	0	0	-0.03425771589809905	0.0625864643697269	-0.6981317	0	-6.781096916108847e-06	0	0	0	0	0	0	0	0	0	0	0	0	0	0	0	0	0	0	0	0
59.38	14.06281244789319	1.447820421261065	-13.96461748926396	0	0.9399999999999999	0	0	0	0	0	0	0	0	0	-0.03425602152301306	0.06259112006783499	-0.6981317	0	-6.668351139892887e-06	0	0	0	0	0	0	0	0	0	0	0	0	0	0	0	0	0	0	0	0
59.40000000000001	14.07910320709536	1.447093881676574	-13.9801387694423	0	0.9399999999999999	0	0	0	0	0	0	0	0	0	-0.03861396149937364	0.06465291130932951	-0.6981317	0	-1.105332423621787e-07	0	0	0	0	0	0	0	0	0	0	0	0	0	0	0	0	0	0	0	0
59.42	14.07916591783775	1.446163696364709	-13.97958220567197	0	0.9399999999999999	0	0	0	0	0	0	0	0	0	-0.04249041737527878	0.06459772956556921	-0.6981317	0	-2.061125674727757e-07	0	0	0	0	0	0	0	0	0	0	0	0	0	0	0	0	0	0	0	0
59.44	14.06039061797301	1.44418819294191	-13.96025368034687	0	0.9399999999999999	0	0	0	0	0	0	0	0	0	-0.04978926255089232	0.06277392281342865	-0.6981317	0	2.001407763089531e-07	0	0	0	0	0	0	0	0	0	0	0	0	0	0	0	0	0	0	0	0
59.46	14.06004660372776	1.44244276231898	-13.95973742313314	0	0.9399999999999999	0	0	0	0	0	0	0	0	0	-0.05452503760053168	0.06289558759335821	-0.6981317	0	1.162748458001834e-05	0	0	0	0	0	0	0	0	0	0	0	0	0	0	0	0	0	0	0	0
59.48	14.06001827591282	1.442446914411886	-13.95972374286392	0	0.9399999999999999	0	0	0	0	0	0	0	0	0	-0.05452432983539518	0.06289361710214653	-0.6981317	0	6.546140390031592e-06	0	0	0	0	0	0	0	0	0	0	0	0	0	0	0	0	0	0	0	0
59.50000000000001	14.02011585644626	1.438803165349052	-13.92006213095727	0	0.9399999999999999	0	0	0	0	0	0	0	0	0	-0.06084877884615675	0.0563457233633176	-0.6981317	0	2.642399296451152e-07	0	0	0	0	0	0	0	0	0	0	0	0	0	0	0	0	0	0	0	0
59.52	14.02011585644626	1.438803165349052	-13.92006213095727	0	0.9399999999999999	0	0	0	0	0	0	0	0	0	-0.06084877884615675	0.0563457233633176	-0.6981317	0	2.642399296451152e-07	0	0	0	0	0	0	0	0	0	0	0	0	0	0	0	0	0	0	0	0
59.54000000000001	13.99849184907726	1.43694802152842	-13.89925834196051	0	0.9399999999999999	0	0	0	0	0	0	0	0	0	-0.06289686307234199	0.05180025824695206	-0.6981317	0	9.792828119481751e-08	0	0	0	0	0	0	0	0	0	0	0	0	0	0	0	0	0	0	0	0
59.56	13.97122569164863	1.435862248254829	-13.87341403254197	0	0.9399999999999999	0	0	0	0	0	0	0	0	0	-0.06355933579943472	0.04641520047015866	-0.6981317	0	1.081163190872608e-07	0	0	0	0	0	0	0	0	0	0	0	0	0	0	0	0	0	0	0	0
59.58000000000001	13.94060190434709	1.436512295033372	-13.84473097352716	0	0.9399999999999999	0	0	0	0	0	0	0	0	0	-0.06248396960553194	0.04080567107749828	-0.6981317	0	-2.876546631586274e-08	0	0	0	0	0	0	0	0	0	0	0	0	0	0	0	0	0	0	0	0
59.6	13.8737431229809	1.442238729597313	-13.78139210418107	0	0.9399999999999999	0	0	0	0	0	0	0	0	0	-0.05712348221550442	0.03158731352035952	-0.6981317	0	4.602195395866551e-08	0	0	0	0	0	0	0	0	0	0	0	0	0	0	0	0	0	0	0	0
59.62	13.8414294553137	1.444599849387654	-13.75005945335753	0	0.9399999999999999	0	0	0	0	0	0	0	0	0	-0.05424951390477981	0.02702441892719533	-0.6981317	0	2.079592576359348e-07	0	0	0	0	0	0	0	0	0	0	0	0	0	0	0	0	0	0	0	0
59.64000000000001	13.84096719861038	1.44582758007337	-13.75052398530037	0	0.9399999999999999	0	0	0	0	0	0	0	0	0	-0.05414329414146511	0.02580397056067843	-0.6981317	0	1.259526471078771e-05	0	0	0	0	0	0	0	0	0	0	0	0	0	0	0	0	0	0	0	0
59.66	13.84057126831542	1.447738350014292	-13.7517230526618	0	0.9399999999999999	0	0	0	0	0	0	0	0	0	-0.05332872285972075	0.02531021887139412	-0.6981317	0	-1.771894270583013e-06	0	0	0	0	0	0	0	0	0	0	0	0	0	0	0	0	0	0	0	0
59.68000000000001	13.9048755269885	1.448756306109969	-13.81888299514174	0	0.9399999999999999	0	0	0	0	0	0	0	0	0	-0.05793653211672404	0.03259936747815857	-0.6981317	0	7.009874161315779e-08	0	0	0	0	0	0	0	0	0	0	0	0	0	0	0	0	0	0	0	0
59.7	13.9048755269885	1.448756306109969	-13.81888299514174	0	0.9399999999999999	0	0	0	0	0	0	0	0	0	-0.05793653211672404	0.03259936747815857	-0.6981317	0	7.009874161315779e-08	0	0	0	0	0	0	0	0	0	0	0	0	0	0	0	0	0	0	0	0
59.72000000000001	13.9784853094171	1.450211109536932	-13.89683074448563	0	0.9399999999999999	0	0	0	0	0	0	0	0	0	-0.06305318200985552	0.04170395280338662	-0.6981317	0	9.268405500865609e-08	0	0	0	0	0	0	0	0	0	0	0	0	0	0	0	0	0	0	0	0
59.74	14.06279010125151	1.452871596150199	-13.98632969404376	0	0.9399999999999999	0	0	0	0	0	0	0	0	0	-0.06777359602638604	0.05248607322970865	-0.6981317	0	-1.374932947374906e-07	0	0	0	0	0	0	0	0	0	0	0	0	0	0	0	0	0	0	0	0
59.76000000000001	14.21847260697442	1.461280535285324	-14.15241687669624	0	0.9399999999999999	0	0	0	0	0	0	0	0	0	-0.07295718824423271	0.07174592892072552	-0.6981317	0	3.807750090312143e-07	0	0	0	0	0	0	0	0	0	0	0	0	0	0	0	0	0	0	0	0
59.78	14.21847325599157	1.461279709040052	-14.15241625338472	0	0.9399999999999999	0	0	0	0	0	0	0	0	0	-0.0729570800032643	0.07174574046198258	-0.6981317	0	-4.937251190618537e-07	0	0	0	0	0	0	0	0	0	0	0	0	0	0	0	0	0	0	0	0
59.8	14.33276956528265	1.471353281772615	-14.27587389639152	0	0.9399999999999999	0	0	0	0	0	0	0	0	0	-0.07366478838818279	0.08060740743090618	-0.6981317	0	-1.007777473844823e-06	0	0	0	0	0	0	0	0	0	0	0	0	0	0	0	0	0	0	0	0
59.82000000000001	14.37481739350193	1.475559982876506	-14.32205193556464	0	0.9399999999999999	0	0	0	0	0	0	0	0	0	-0.07345176960906707	0.08115441488001714	-0.6981317	0	1.916365300442881e-07	0	0	0	0	0	0	0	0	0	0	0	0	0	0	0	0	0	0	0	0
59.84	14.37481739350193	1.475559982876506	-14.32205193556464	0	0.9399999999999999	0	0	0	0	0	0	0	0	0	-0.07345176960906707	0.08115441488001714	-0.6981317	0	1.916365300442881e-07	0	0	0	0	0	0	0	0	0	0	0	0	0	0	0	0	0	0	0	0
59.86000000000001	14.40535363011669	1.478694852015705	-14.35640399170329	0	0.9399999999999999	0	0	0	0	0	0	0	0	0	-0.07385975769900539	0.07991394874853837	-0.6981317	0	1.090473446206506e-07	0	0	0	0	0	0	0	0	0	0	0	0	0	0	0	0	0	0	0	0
59.88	14.45772164786147	1.48380170544936	-14.41484217085025	0	0.9399999999999999	0	0	0	0	0	0	0	0	0	-0.07491179240997078	0.07629186445840454	-0.6981317	0	2.449193062792764e-08	0	0	0	0	0	0	0	0	0	0	0	0	0	0	0	0	0	0	0	0
59.90000000000001	14.45680520988044	1.485015745397867	-14.41636776740427	0	0.9399999999999999	0	0	0	0	0	0	0	0	0	-0.07681183091283958	0.07235724645746743	-0.6981317	0	5.538117143461541e-06	0	0	0	0	0	0	0	0	0	0	0	0	0	0	0	0	0	0	0	0
59.92	14.45681662424249	1.48502176986334	-14.41637927757771	0	0.9399999999999999	0	0	0	0	0	0	0	0	0	-0.07680488671457918	0.07235702779278962	-0.6981317	0	5.457153722090822e-06	0	0	0	0	0	0	0	0	0	0	0	0	0	0	0	0	0	0	0	0
59.94	14.50359743510432	1.48636912038127	-14.46838224512797	0	0.9399999999999999	0	0	0	0	0	0	0	0	0	-0.08004524327205711	0.06804010226060872	-0.6981317	0	-1.786292578777718e-07	0	0	0	0	0	0	0	0	0	0	0	0	0	0	0	0	0	0	0	0
59.96	14.50267466248317	1.489480168313426	-14.47013898576151	0	0.9399999999999999	0	0	0	0	0	0	0	0	0	-0.0790162852080025	0.06292906643886055	-0.6981317	0	2.524941843967387e-06	0	0	0	0	0	0	0	0	0	0	0	0	0	0	0	0	0	0	0	0
59.98	14.50188168593117	1.493362059668444	-14.47173611290878	0	0.9399999999999999	0	0	0	0	0	0	0	0	0	-0.07703443407038431	0.05800676370943145	-0.6981317	0	-4.647412569905505e-06	0	0	0	0	0	0	0	0	0	0	0	0	0	0	0	0	0	0	0	0
60.00000000000001	14.50094477802008	1.497108263549712	-14.47269579379883	0	0.9399999999999999	0	0	0	0	0	0	0	0	0	-0.0750665627634876	0.05386024091445411	-0.6981317	0	6.131047505350713e-06	0	0	0	0	0	0	0	0	0	0	0	0	0	0	0	0	0	0	0	0
60.02	14.44698502150446	1.500584488677705	-14.4197415846553	0	0.9399999999999999	0	0	0	0	0	0	0	0	0	-0.07374573045588864	0.04673545329535776	-0.6981317	0	1.400180422595533e-07	0	0	0	0	0	0	0	0	0	0	0	0	0	0	0	0	0	0	0	0
60.04000000000001	14.39437831482537	1.503413411507269	-14.36631868267172	0	0.9399999999999999	0	0	0	0	0	0	0	0	0	-0.07110013105356058	0.04238781803871735	-0.6981317	0	1.051282478817168e-07	0	0	0	0	0	0	0	0	0	0	0	0	0	0	0	0	0	0	0	0
60.06	14.39405781702743	1.504998427996631	-14.36601128435666	0	0.9399999999999999	0	0	0	0	0	0	0	0	0	-0.07105392221591753	0.03999661318285195	-0.6981317	0	1.578084853840572e-06	0	0	0	0	0	0	0	0	0	0	0	0	0	0	0	0	0	0	0	0
60.08000000000001	14.33006234595958	1.506346933263758	-14.30252360964908	0	0.9399999999999999	0	0	0	0	0	0	0	0	0	-0.07268887399484161	0.03251968755015608	-0.6981317	0	-7.498126426600554e-08	0	0	0	0	0	0	0	0	0	0	0	0	0	0	0	0	0	0	0	0
60.1	14.33029292442187	1.5066555430889	-14.30220042917398	0	0.9399999999999999	0	0	0	0	0	0	0	0	0	-0.0733703122430389	0.03197320671027482	-0.6981317	0	-9.544100530399037e-06	0	0	0	0	0	0	0	0	0	0	0	0	0	0	0	0	0	0	0	0
60.12	14.2915187424442	1.506734614123555	-14.26229624219109	0	0.9399999999999999	0	0	0	0	0	0	0	0	0	-0.07399955548340693	0.02967139476304136	-0.6981317	0	-2.400990039343581e-08	0	0	0	0	0	0	0	0	0	0	0	0	0	0	0	0	0	0	0	0
60.14000000000001	14.2915187424442	1.506734614123555	-14.26229624219109	0	0.9399999999999999	0	0	0	0	0	0	0	0	0	-0.07399955548340693	0.02967139476304136	-0.6981317	0	-2.400990039343581e-08	0	0	0	0	0	0	0	0	0	0	0	0	0	0	0	0	0	0	0	0
60.16	14.29241159350277	1.5069941041076	-14.26131647943872	0	0.9399999999999999	0	0	0	0	0	0	0	0	0	-0.07441363581108354	0.03002677338647608	-0.6981317	0	4.166229591724354e-06	0	0	0	0	0	0	0	0	0	0	0	0	0	0	0	0	0	0	0	0
60.18000000000001	14.25585435055817	1.506979067473753	-14.22206868375217	0	0.9399999999999999	0	0	0	0	0	0	0	0	0	-0.07481598284694922	0.02770815354485737	-0.6981317	0	3.211925709365486e-07	0	0	0	0	0	0	0	0	0	0	0	0	0	0	0	0	0	0	0	0
60.2	14.25862740222221	1.505258094091805	-14.21850818995481	0	0.9399999999999999	0	0	0	0	0	0	0	0	0	-0.07645718837224325	0.02724575245030588	-0.6981317	0	-5.313096589983003e-06	0	0	0	0	0	0	0	0	0	0	0	0	0	0	0	0	0	0	0	0
60.22000000000001	14.25973433440589	1.503992954439925	-14.21660378192044	0	0.9399999999999999	0	0	0	0	0	0	0	0	0	-0.07951394674431476	0.02717230059161604	-0.6981317	0	3.839713716372781e-06	0	0	0	0	0	0	0	0	0	0	0	0	0	0	0	0	0	0	0	0
60.24	14.26108913632628	1.502649675257534	-14.21429270998226	0	0.9399999999999999	0	0	0	0	0	0	0	0	0	-0.08147341208583773	0.02618908891582673	-0.6981317	0	7.467431272239568e-06	0	0	0	0	0	0	0	0	0	0	0	0	0	0	0	0	0	0	0	0
60.26000000000001	14.26258370578517	1.501339483373333	-14.21170442390006	0	0.9399999999999999	0	0	0	0	0	0	0	0	0	-0.08323175007539285	0.02429683477227366	-0.6981317	0	3.266111588307261e-06	0	0	0	0	0	0	0	0	0	0	0	0	0	0	0	0	0	0	0	0
60.28	14.19913956160071	1.500691033629133	-14.1438914726202	0	0.9399999999999999	0	0	0	0	0	0	0	0	0	-0.08342662863642601	0.01677242595041723	-0.6981317	0	-2.203665380405722e-07	0	0	0	0	0	0	0	0	0	0	0	0	0	0	0	0	0	0	0	0
60.3	14.20108157055696	1.499173946673791	-14.14192735015121	0	0.9399999999999999	0	0	0	0	0	0	0	0	0	-0.08516431928870724	0.01326221215729384	-0.6981317	0	9.159927817219583e-07	0	0	0	0	0	0	0	0	0	0	0	0	0	0	0	0	0	0	0	0
60.32000000000001	14.20107885130509	1.499174513572246	-14.14192416438985	0	0.9399999999999999	0	0	0	0	0	0	0	0	0	-0.08516386829266853	0.01326186757558336	-0.6981317	0	9.106869744850371e-07	0	0	0	0	0	0	0	0	0	0	0	0	0	0	0	0	0	0	0	0
60.34	14.20269953696918	1.497943544293063	-14.14008513875087	0	0.9399999999999999	0	0	0	0	0	0	0	0	0	-0.08600649875634872	0.008802204837793553	-0.6981317	0	-1.334772518862214e-06	0	0	0	0	0	0	0	0	0	0	0	0	0	0	0	0	0	0	0	0
60.36000000000001	14.16862549638053	1.497218898061779	-14.10030545687795	0	0.9399999999999999	0	0	0	0	0	0	0	0	0	-0.08353355327461724	-0.003892921189003231	-0.6981317	0	2.066926258218726e-07	0	0	0	0	0	0	0	0	0	0	0	0	0	0	0	0	0	0	0	0
60.38	14.16992349673037	1.49699126217607	-14.0991056208668	0	0.9399999999999999	0	0	0	0	0	0	0	0	0	-0.08230111051273051	-0.007820925470793438	-0.6981317	0	2.635534389817914e-06	0	0	0	0	0	0	0	0	0	0	0	0	0	0	0	0	0	0	0	0
60.40000000000001	14.13601845283809	1.497436070913439	-14.0627135401432	0	0.9399999999999999	0	0	0	0	0	0	0	0	0	-0.07985057526532378	-0.01320140610354889	-0.6981317	0	1.219015486299235e-07	0	0	0	0	0	0	0	0	0	0	0	0	0	0	0	0	0	0	0	0
60.42	14.13601845283809	1.497436070913439	-14.0627135401432	0	0.9399999999999999	0	0	0	0	0	0	0	0	0	-0.07985057526532378	-0.01320140610354889	-0.6981317	0	1.219015486299235e-07	0	0	0	0	0	0	0	0	0	0	0	0	0	0	0	0	0	0	0	0
60.44	14.1372270107574	1.49760103219003	-14.06139356412112	0	0.9399999999999999	0	0	0	0	0	0	0	0	0	-0.07889508957660409	-0.01492886735708479	-0.6981317	0	6.963725200649419e-06	0	0	0	0	0	0	0	0	0	0	0	0	0	0	0	0	0	0	0	0
60.46	14.08938586775418	1.498615216652901	-14.00705300068138	0	0.9399999999999999	0	0	0	0	0	0	0	0	0	-0.07675371258424778	-0.01952549303955702	-0.6981317	0	-5.140245945735664e-07	0	0	0	0	0	0	0	0	0	0	0	0	0	0	0	0	0	0	0	0
60.48	14.08938586775418	1.498615216652901	-14.00705300068138	0	0.9399999999999999	0	0	0	0	0	0	0	0	0	-0.07675371258424778	-0.01952549303955702	-0.6981317	0	-5.140245945735664e-07	0	0	0	0	0	0	0	0	0	0	0	0	0	0	0	0	0	0	0	0
60.50000000000001	14.09129875440944	1.498741370704691	-14.00505306016131	0	0.9399999999999999	0	0	0	0	0	0	0	0	0	-0.07715383096654967	-0.01895438938481364	-0.6981317	0	1.997235922452834e-05	0	0	0	0	0	0	0	0	0	0	0	0	0	0	0	0	0	0	0	0
60.52	14.09340236014732	1.498567304078674	-14.00262655396082	0	0.9399999999999999	0	0	0	0	0	0	0	0	0	-0.0780102539043441	-0.01862646134715121	-0.6981317	0	-1.408503938792713e-06	0	0	0	0	0	0	0	0	0	0	0	0	0	0	0	0	0	0	0	0
60.54000000000001	14.095944686056	1.498728136422148	-14.0000402726148	0	0.9399999999999999	0	0	0	0	0	0	0	0	0	-0.07833738705470192	-0.01874638232404932	-0.6981317	0	-8.413664220247794e-06	0	0	0	0	0	0	0	0	0	0	0	0	0	0	0	0	0	0	0	0
60.56	14.09862759507774	1.498315452154912	-13.99718990441404	0	0.9399999999999999	0	0	0	0	0	0	0	0	0	-0.0792914712931804	-0.0196928826442396	-0.6981317	0	8.52513822093503e-07	0	0	0	0	0	0	0	0	0	0	0	0	0	0	0	0	0	0	0	0
60.58000000000001	14.10144012655083	1.49811791910688	-13.99427670671921	0	0.9399999999999999	0	0	0	0	0	0	0	0	0	-0.08022373898474505	-0.02108326046352954	-0.6981317	0	3.005795984128175e-06	0	0	0	0	0	0	0	0	0	0	0	0	0	0	0	0	0	0	0	0
60.6	14.10721115168448	1.4980113478478	-13.98854043834056	0	0.9399999999999999	0	0	0	0	0	0	0	0	0	-0.08199712122391474	-0.02458979828454315	-0.6981317	0	-2.323883806546971e-06	0	0	0	0	0	0	0	0	0	0	0	0	0	0	0	0	0	0	0	0
60.62	14.11012116695118	1.498605008109622	-13.98568185457209	0	0.9399999999999999	0	0	0	0	0	0	0	0	0	-0.08199076717907182	-0.02658113284764049	-0.6981317	0	1.056228168564515e-05	0	0	0	0	0	0	0	0	0	0	0	0	0	0	0	0	0	0	0	0
60.64000000000001	14.11294711427935	1.500007674194791	-13.98277696462124	0	0.9399999999999999	0	0	0	0	0	0	0	0	0	-0.08086689473115324	-0.0286990110174088	-0.6981317	0	1.845773868418416e-06	0	0	0	0	0	0	0	0	0	0	0	0	0	0	0	0	0	0	0	0
60.66	14.11556592394324	1.501711026617533	-13.97986173474687	0	0.9399999999999999	0	0	0	0	0	0	0	0	0	-0.07904695089247006	-0.03126169772348475	-0.6981317	0	5.913241110641279e-06	0	0	0	0	0	0	0	0	0	0	0	0	0	0	0	0	0	0	0	0
60.68000000000001	14.11554607196762	1.501717225851388	-13.97984591119342	0	0.9399999999999999	0	0	0	0	0	0	0	0	0	-0.07905201565802897	-0.0312632430420829	-0.6981317	0	8.828460704974413e-06	0	0	0	0	0	0	0	0	0	0	0	0	0	0	0	0	0	0	0	0
60.7	14.11781913707078	1.503489048207149	-13.97705850812889	0	0.9399999999999999	0	0	0	0	0	0	0	0	0	-0.07699357258184979	-0.03394535396150375	-0.6981317	0	3.411250868204774e-07	0	0	0	0	0	0	0	0	0	0	0	0	0	0	0	0	0	0	0	0
60.72000000000001	14.07848895354359	1.504707312389367	-13.93300729906023	0	0.9399999999999999	0	0	0	0	0	0	0	0	0	-0.07459162488973924	-0.03917434916280902	-0.6981317	0	-1.444087654252607e-07	0	0	0	0	0	0	0	0	0	0	0	0	0	0	0	0	0	0	0	0
60.74	14.08221197140506	1.506350578294408	-13.92888893510128	0	0.9399999999999999	0	0	0	0	0	0	0	0	0	-0.07226825268435509	-0.04238098924327093	-0.6981317	0	9.661294984488131e-07	0	0	0	0	0	0	0	0	0	0	0	0	0	0	0	0	0	0	0	0
60.76000000000001	14.08219473531438	1.506337420003699	-13.92887036386706	0	0.9399999999999999	0	0	0	0	0	0	0	0	0	-0.07226831757015077	-0.04237999883009042	-0.6981317	0	6.670701987815467e-07	0	0	0	0	0	0	0	0	0	0	0	0	0	0	0	0	0	0	0	0
60.78	14.08545204309388	1.512045852850234	-13.92542181250234	0	0.9399999999999999	0	0	0	0	0	0	0	0	0	-0.06599106625571963	-0.04428148895662499	-0.6981317	0	2.827960269513491e-07	0	0	0	0	0	0	0	0	0	0	0	0	0	0	0	0	0	0	0	0
60.8	14.08628778513294	1.5149047976961	-13.92445160047809	0	0.9399999999999999	0	0	0	0	0	0	0	0	0	-0.06327569918044215	-0.04375277398174479	-0.6981317	0	-3.349514146372553e-06	0	0	0	0	0	0	0	0	0	0	0	0	0	0	0	0	0	0	0	0
60.82000000000001	14.08773154831536	1.517614042184242	-13.92330562694647	0	0.9399999999999999	0	0	0	0	0	0	0	0	0	-0.0611641590346171	-0.04530746625637318	-0.6981317	0	9.706440478181086e-07	0	0	0	0	0	0	0	0	0	0	0	0	0	0	0	0	0	0	0	0
60.84	14.08899181227156	1.519807288042082	-13.92254404900464	0	0.9399999999999999	0	0	0	0	0	0	0	0	0	-0.05955650006418636	-0.04555614615796375	-0.6981317	0	7.721069561280756e-07	0	0	0	0	0	0	0	0	0	0	0	0	0	0	0	0	0	0	0	0
60.86000000000001	14.09038068235385	1.521014556175539	-13.92203209320017	0	0.9399999999999999	0	0	0	0	0	0	0	0	0	-0.05896641224018569	-0.04587933611765763	-0.6981317	0	2.067565913700865e-05	0	0	0	0	0	0	0	0	0	0	0	0	0	0	0	0	0	0	0	0
60.88	14.20690713744261	1.51950919509699	-14.03708501975857	0	0.9399999999999999	0	0	0	0	0	0	0	0	0	-0.06294508364201687	-0.04074033954071465	-0.6981317	0	-8.416142053567486e-08	0	0	0	0	0	0	0	0	0	0	0	0	0	0	0	0	0	0	0	0
60.90000000000001	14.20690713744261	1.51950919509699	-14.03708501975857	0	0.9399999999999999	0	0	0	0	0	0	0	0	0	-0.06294508364201687	-0.04074033954071465	-0.6981317	0	-8.416142053567486e-08	0	0	0	0	0	0	0	0	0	0	0	0	0	0	0	0	0	0	0	0
60.92	14.20839183238049	1.515447214481481	-14.03578208453937	0	0.9399999999999999	0	0	0	0	0	0	0	0	0	-0.06841852995136745	-0.04133344104030955	-0.6981317	0	1.294528164608206e-06	0	0	0	0	0	0	0	0	0	0	0	0	0	0	0	0	0	0	0	0
60.94	14.20888867068018	1.5114855721005	-14.03552286657716	0	0.9399999999999999	0	0	0	0	0	0	0	0	0	-0.07369144729856773	-0.04173205975998465	-0.6981317	0	2.556781358101902e-06	0	0	0	0	0	0	0	0	0	0	0	0	0	0	0	0	0	0	0	0
60.96	14.20921926451213	1.508685773169742	-14.0351494291765	0	0.9399999999999999	0	0	0	0	0	0	0	0	0	-0.07740042044676253	-0.04215295665259453	-0.6981317	0	9.844793155456778e-07	0	0	0	0	0	0	0	0	0	0	0	0	0	0	0	0	0	0	0	0
60.98	14.20922184828774	1.508685179186713	-14.03514755328608	0	0.9399999999999999	0	0	0	0	0	0	0	0	0	-0.07740029323472018	-0.04215218452345805	-0.6981317	0	4.60092898820345e-07	0	0	0	0	0	0	0	0	0	0	0	0	0	0	0	0	0	0	0	0
61.00000000000001	14.20942680454275	1.508316355309973	-14.03454306271873	0	0.9399999999999999	0	0	0	0	0	0	0	0	0	-0.07866447761476886	-0.04233174741009232	-0.6981317	0	-2.328991836124591e-06	0	0	0	0	0	0	0	0	0	0	0	0	0	0	0	0	0	0	0	0
61.02	14.11226119885532	1.509009965959016	-13.93631436018442	0	0.9399999999999999	0	0	0	0	0	0	0	0	0	-0.07794139873642837	-0.04870031877807011	-0.6981317	0	-7.081928317302341e-08	0	0	0	0	0	0	0	0	0	0	0	0	0	0	0	0	0	0	0	0
61.04000000000001	14.11221591253246	1.507626378183221	-13.93610748618887	0	0.9399999999999999	0	0	0	0	0	0	0	0	0	-0.08010257466664131	-0.04898550399254224	-0.6981317	0	-3.46700231095614e-06	0	0	0	0	0	0	0	0	0	0	0	0	0	0	0	0	0	0	0	0
61.06	14.11221801182549	1.507620576987642	-13.93609753396816	0	0.9399999999999999	0	0	0	0	0	0	0	0	0	-0.0800991113171156	-0.04898992604342652	-0.6981317	0	-2.200101312620679e-06	0	0	0	0	0	0	0	0	0	0	0	0	0	0	0	0	0	0	0	0
61.08000000000001	14.11198089154629	1.506362570779942	-13.93583474555575	0	0.9399999999999999	0	0	0	0	0	0	0	0	0	-0.08202131384380094	-0.04922349799302483	-0.6981317	0	6.094729738814904e-06	0	0	0	0	0	0	0	0	0	0	0	0	0	0	0	0	0	0	0	0
61.1	14.11154540779097	1.50579276976225	-13.93555575362753	0	0.9399999999999999	0	0	0	0	0	0	0	0	0	-0.08326119335497971	-0.04935698547178986	-0.6981317	0	-1.671503026276472e-05	0	0	0	0	0	0	0	0	0	0	0	0	0	0	0	0	0	0	0	0
61.12	14.0452996525031	1.505507029235301	-13.86934827486059	0	0.9399999999999999	0	0	0	0	0	0	0	0	0	-0.08271796971354045	-0.05380002482914276	-0.6981317	0	1.186923081304955e-07	0	0	0	0	0	0	0	0	0	0	0	0	0	0	0	0	0	0	0	0
61.14000000000001	14.04462704379684	1.505063669013902	-13.86980962105709	0	0.9399999999999999	0	0	0	0	0	0	0	0	0	-0.08457505338271547	-0.05399087832318437	-0.6981317	0	-1.684264237244134e-06	0	0	0	0	0	0	0	0	0	0	0	0	0	0	0	0	0	0	0	0
61.16	14.04390616345403	1.50496645174617	-13.87033054794394	0	0.9399999999999999	0	0	0	0	0	0	0	0	0	-0.08571464238446028	-0.05428171628855533	-0.6981317	0	1.08854602590028e-06	0	0	0	0	0	0	0	0	0	0	0	0	0	0	0	0	0	0	0	0
61.18000000000001	14.04390342143945	1.504967422806167	-13.87032775587614	0	0.9399999999999999	0	0	0	0	0	0	0	0	0	-0.08571461650957861	-0.05428142544608364	-0.6981317	0	1.06710774681725e-06	0	0	0	0	0	0	0	0	0	0	0	0	0	0	0	0	0	0	0	0
61.2	14.04347196209427	1.505333141238967	-13.87072993541087	0	0.9399999999999999	0	0	0	0	0	0	0	0	0	-0.0860539810273921	-0.05434467608313064	-0.6981317	0	8.123265145617637e-06	0	0	0	0	0	0	0	0	0	0	0	0	0	0	0	0	0	0	0	0
61.22000000000001	14.04304523561266	1.50575737696269	-13.87111002700669	0	0.9399999999999999	0	0	0	0	0	0	0	0	0	-0.08634415690436799	-0.05444653630015334	-0.6981317	0	-8.414738072350141e-06	0	0	0	0	0	0	0	0	0	0	0	0	0	0	0	0	0	0	0	0
61.24	14.04229612700048	1.50663266581709	-13.87134373996482	0	0.9399999999999999	0	0	0	0	0	0	0	0	0	-0.08597045065659327	-0.05444111791359663	-0.6981317	0	8.999954174205495e-06	0	0	0	0	0	0	0	0	0	0	0	0	0	0	0	0	0	0	0	0
61.26000000000001	14.04147182913133	1.507673611246414	-13.87159858125861	0	0.9399999999999999	0	0	0	0	0	0	0	0	0	-0.08542970607337776	-0.05428967410622272	-0.6981317	0	-9.085517759575817e-06	0	0	0	0	0	0	0	0	0	0	0	0	0	0	0	0	0	0	0	0
61.28	13.95839009611696	1.508141361018477	-13.79051820098248	0	0.9399999999999999	0	0	0	0	0	0	0	0	0	-0.08384650575518451	-0.05858530199183343	-0.6981317	0	-4.53003043244988e-08	0	0	0	0	0	0	0	0	0	0	0	0	0	0	0	0	0	0	0	0
61.3	13.95839009611696	1.508141361018477	-13.79051820098248	0	0.9399999999999999	0	0	0	0	0	0	0	0	0	-0.08384650575518451	-0.05858530199183343	-0.6981317	0	-4.53003043244988e-08	0	0	0	0	0	0	0	0	0	0	0	0	0	0	0	0	0	0	0	0
61.32000000000001	13.95794081304413	1.507760638391105	-13.7906810859602	0	0.9399999999999999	0	0	0	0	0	0	0	0	0	-0.08472423213773819	-0.05829603489669531	-0.6981317	0	-9.164373015182424e-07	0	0	0	0	0	0	0	0	0	0	0	0	0	0	0	0	0	0	0	0
61.34	13.95758583231912	1.50925821352046	-13.7910992401493	0	0.9399999999999999	0	0	0	0	0	0	0	0	0	-0.08419699659891126	-0.05730347934855167	-0.6981317	0	-3.556779889135193e-07	0	0	0	0	0	0	0	0	0	0	0	0	0	0	0	0	0	0	0	0
61.36000000000001	13.95681164730692	1.522305063844524	-13.79267130840031	0	0.9399999999999999	0	0	0	0	0	0	0	0	0	-0.07402664285171291	-0.05186630914669867	-0.6981317	0	8.226685092175678e-08	0	0	0	0	0	0	0	0	0	0	0	0	0	0	0	0	0	0	0	0
61.38	14.04668277662823	1.533249198540922	-13.88299588290052	0	0.9399999999999999	0	0	0	0	0	0	0	0	0	-0.0661993667987897	-0.04478593781145648	-0.6981317	0	-2.00759698416979e-07	0	0	0	0	0	0	0	0	0	0	0	0	0	0	0	0	0	0	0	0
61.40000000000001	14.04577426152623	1.537255639156436	-13.88407527044871	0	0.9399999999999999	0	0	0	0	0	0	0	0	0	-0.06344185082172112	-0.04298362384078063	-0.6981317	0	-1.08940400224018e-06	0	0	0	0	0	0	0	0	0	0	0	0	0	0	0	0	0	0	0	0
61.42	14.04522351548221	1.535805104012877	-13.88494663211767	0	0.9399999999999999	0	0	0	0	0	0	0	0	0	-0.06577338130743646	-0.04259682778469165	-0.6981317	0	-7.22917596961091e-06	0	0	0	0	0	0	0	0	0	0	0	0	0	0	0	0	0	0	0	0
61.44	14.04538312380341	1.534783231952564	-13.88522374503869	0	0.9399999999999999	0	0	0	0	0	0	0	0	0	-0.06675752682895521	-0.04283030560377351	-0.6981317	0	-6.040444281787701e-06	0	0	0	0	0	0	0	0	0	0	0	0	0	0	0	0	0	0	0	0
61.46	14.14303170346627	1.535854560059238	-13.98588089615105	0	0.9399999999999999	0	0	0	0	0	0	0	0	0	-0.06926597148802331	-0.03725503536674628	-0.6981317	0	1.065039757891553e-07	0	0	0	0	0	0	0	0	0	0	0	0	0	0	0	0	0	0	0	0
61.48	14.14212857020552	1.539677412089115	-13.98666319658591	0	0.9399999999999999	0	0	0	0	0	0	0	0	0	-0.06690363230687928	-0.03561550102724855	-0.6981317	0	-4.958363256847098e-07	0	0	0	0	0	0	0	0	0	0	0	0	0	0	0	0	0	0	0	0
61.50000000000001	14.14123566372151	1.545397032728669	-13.98727805425129	0	0.9399999999999999	0	0	0	0	0	0	0	0	0	-0.06284954686037246	-0.03373204529012567	-0.6981317	0	-3.556666239306279e-08	0	0	0	0	0	0	0	0	0	0	0	0	0	0	0	0	0	0	0	0
61.52	14.14121594657182	1.545394811912495	-13.98725838795921	0	0.9399999999999999	0	0	0	0	0	0	0	0	0	-0.06284941680740323	-0.03373145540531301	-0.6981317	0	-2.880899653838086e-06	0	0	0	0	0	0	0	0	0	0	0	0	0	0	0	0	0	0	0	0
61.54000000000001	14.14038871342924	1.551283191800146	-13.98770557909283	0	0.9399999999999999	0	0	0	0	0	0	0	0	0	-0.05860104373494584	-0.03189909798662654	-0.6981317	0	3.034587416649154e-06	0	0	0	0	0	0	0	0	0	0	0	0	0	0	0	0	0	0	0	0
61.56	14.13926752729534	1.553964648127763	-13.98834612345656	0	0.9399999999999999	0	0	0	0	0	0	0	0	0	-0.05836279814290441	-0.02997644142104441	-0.6981317	0	-2.361557938734056e-06	0	0	0	0	0	0	0	0	0	0	0	0	0	0	0	0	0	0	0	0
61.58000000000001	14.13926243197129	1.553962011747594	-13.98834024800089	0	0.9399999999999999	0	0	0	0	0	0	0	0	0	-0.05836293016553724	-0.02997570858606891	-0.6981317	0	-2.266374391811344e-06	0	0	0	0	0	0	0	0	0	0	0	0	0	0	0	0	0	0	0	0
61.6	14.13857167818539	1.550552806069478	-13.98863065561714	0	0.9399999999999999	0	0	0	0	0	0	0	0	0	-0.06264400889301509	-0.02987870988089439	-0.6981317	0	-4.30669438254773e-06	0	0	0	0	0	0	0	0	0	0	0	0	0	0	0	0	0	0	0	0
61.62	14.13779820356424	1.547164537833165	-13.98887330193664	0	0.9399999999999999	0	0	0	0	0	0	0	0	0	-0.06683549087699804	-0.02989750367043222	-0.6981317	0	-3.906871482937462e-06	0	0	0	0	0	0	0	0	0	0	0	0	0	0	0	0	0	0	0	0
61.64000000000001	14.1370329898272	1.537678349845702	-13.98880757524885	0	0.9399999999999999	0	0	0	0	0	0	0	0	0	-0.07787312582375727	-0.03029791694620455	-0.6981317	0	9.604969163305666e-06	0	0	0	0	0	0	0	0	0	0	0	0	0	0	0	0	0	0	0	0
61.66	13.98726945596965	1.529382107500965	-13.83927420398397	0	0.9399999999999999	0	0	0	0	0	0	0	0	0	-0.08483223720819273	-0.03694321898121578	-0.6981317	0	3.667522351237978e-08	0	0	0	0	0	0	0	0	0	0	0	0	0	0	0	0	0	0	0	0
61.68000000000001	13.98720170016266	1.520887371301872	-13.83938163549831	0	0.9399999999999999	0	0	0	0	0	0	0	0	0	-0.09337646550014234	-0.03890769075675912	-0.6981317	0	-2.09795387764451e-07	0	0	0	0	0	0	0	0	0	0	0	0	0	0	0	0	0	0	0	0
61.7	13.98726090604413	1.515415075789414	-13.83944991047382	0	0.9399999999999999	0	0	0	0	0	0	0	0	0	-0.09906219595354414	-0.04000179816147217	-0.6981317	0	9.578445936627023e-08	0	0	0	0	0	0	0	0	0	0	0	0	0	0	0	0	0	0	0	0
61.72000000000001	13.98727115807222	1.515414252330102	-13.83946529345291	0	0.9399999999999999	0	0	0	0	0	0	0	0	0	-0.0990619525829211	-0.04000010046568633	-0.6981317	0	2.192593519098036e-06	0	0	0	0	0	0	0	0	0	0	0	0	0	0	0	0	0	0	0	0
61.74	13.95978091459745	1.515257966146058	-13.81163503740814	0	0.9399999999999999	0	0	0	0	0	0	0	0	0	-0.0990068585823575	-0.04097038435679876	-0.6981317	0	-5.17656914305653e-08	0	0	0	0	0	0	0	0	0	0	0	0	0	0	0	0	0	0	0	0
61.76000000000001	13.95966951299615	1.516518626908514	-13.81141883803074	0	0.9399999999999999	0	0	0	0	0	0	0	0	0	-0.09828472296790015	-0.03934578076385689	-0.6981317	0	-4.080015042343085e-07	0	0	0	0	0	0	0	0	0	0	0	0	0	0	0	0	0	0	0	0
61.78	13.95975573614233	1.516478711157966	-13.81119715057409	0	0.9399999999999999	0	0	0	0	0	0	0	0	0	-0.09849333593420612	-0.0388531263855059	-0.6981317	0	5.550301701729462e-06	0	0	0	0	0	0	0	0	0	0	0	0	0	0	0	0	0	0	0	0
61.8	13.95973873747802	1.516470672798321	-13.81118365083696	0	0.9399999999999999	0	0	0	0	0	0	0	0	0	-0.09849952194756181	-0.03885763845138304	-0.6981317	0	7.795364006553052e-06	0	0	0	0	0	0	0	0	0	0	0	0	0	0	0	0	0	0	0	0
61.82000000000001	13.95971717149212	1.515851558324419	-13.81080888440094	0	0.9399999999999999	0	0	0	0	0	0	0	0	0	-0.09925471409787576	-0.03857504463468016	-0.6981317	0	-8.727639730031935e-06	0	0	0	0	0	0	0	0	0	0	0	0	0	0	0	0	0	0	0	0
61.84	13.95995999370068	1.517251286786664	-13.81024288524955	0	0.9399999999999999	0	0	0	0	0	0	0	0	0	-0.09822392098667788	-0.03761890727291317	-0.6981317	0	1.269851884460519e-06	0	0	0	0	0	0	0	0	0	0	0	0	0	0	0	0	0	0	0	0
61.86000000000001	13.95985863694379	1.518770149812104	-13.81000117421572	0	0.9399999999999999	0	0	0	0	0	0	0	0	0	-0.09680168448904954	-0.03653543972565571	-0.6981317	0	-2.216624463221601e-06	0	0	0	0	0	0	0	0	0	0	0	0	0	0	0	0	0	0	0	0
61.88	13.95975538723981	1.520024823849831	-13.8097247828404	0	0.9399999999999999	0	0	0	0	0	0	0	0	0	-0.09560924379205647	-0.03573349857033589	-0.6981317	0	3.103532259543863e-06	0	0	0	0	0	0	0	0	0	0	0	0	0	0	0	0	0	0	0	0
61.90000000000001	13.95955648288717	1.522087788817972	-13.80946213888434	0	0.9399999999999999	0	0	0	0	0	0	0	0	0	-0.09370533475863645	-0.03459149681058965	-0.6981317	0	-1.125003935462745e-05	0	0	0	0	0	0	0	0	0	0	0	0	0	0	0	0	0	0	0	0
61.92	13.95932195829275	1.525053999068801	-13.80924894474822	0	0.9399999999999999	0	0	0	0	0	0	0	0	0	-0.09098882626031005	-0.03299332483545716	-0.6981317	0	2.809179032438452e-06	0	0	0	0	0	0	0	0	0	0	0	0	0	0	0	0	0	0	0	0
61.94	13.95931441217764	1.525052846868021	-13.80924058366896	0	0.9399999999999999	0	0	0	0	0	0	0	0	0	-0.09098934532730305	-0.03299229657251174	-0.6981317	0	2.784727150933779e-06	0	0	0	0	0	0	0	0	0	0	0	0	0	0	0	0	0	0	0	0
61.96000000000001	13.9590897990546	1.527386577990726	-13.80897000581862	0	0.9399999999999999	0	0	0	0	0	0	0	0	0	-0.08884844960671533	-0.03145782915279896	-0.6981317	0	2.202863620338713e-07	0	0	0	0	0	0	0	0	0	0	0	0	0	0	0	0	0	0	0	0
61.98	13.95880816203191	1.530067970629193	-13.80869686819204	0	0.9399999999999999	0	0	0	0	0	0	0	0	0	-0.0866215980128236	-0.02883951918933152	-0.6981317	0	-6.072288448713422e-06	0	0	0	0	0	0	0	0	0	0	0	0	0	0	0	0	0	0	0	0
62.00000000000001	13.95879402260988	1.530069456647365	-13.80868931577828	0	0.9399999999999999	0	0	0	0	0	0	0	0	0	-0.08662575868347963	-0.02884374821172273	-0.6981317	0	-5.078184037929474e-06	0	0	0	0	0	0	0	0	0	0	0	0	0	0	0	0	0	0	0	0
62.02	13.9584023581065	1.53968802402549	-13.80855726362696	0	0.9399999999999999	0	0	0	0	0	0	0	0	0	-0.07832242037865683	-0.02401333754041629	-0.6981317	0	1.027652610423519e-05	0	0	0	0	0	0	0	0	0	0	0	0	0	0	0	0	0	0	0	0
62.04000000000001	13.95803118216537	1.543056629824221	-13.80848527177727	0	0.9399999999999999	0	0	0	0	0	0	0	0	0	-0.07551660752623386	-0.02220305661448871	-0.6981317	0	4.274986167791995e-06	0	0	0	0	0	0	0	0	0	0	0	0	0	0	0	0	0	0	0	0
62.06	13.95748811555522	1.543666257502619	-13.80851195995532	0	0.9399999999999999	0	0	0	0	0	0	0	0	0	-0.0751543220431857	-0.0213728225804979	-0.6981317	0	-5.147844914213519e-06	0	0	0	0	0	0	0	0	0	0	0	0	0	0	0	0	0	0	0	0
62.08000000000001	13.95728385065284	1.542564720675507	-13.8083784060899	0	0.9399999999999999	0	0	0	0	0	0	0	0	0	-0.07618327152418942	-0.02173604955553402	-0.6981317	0	-8.200665543670457e-06	0	0	0	0	0	0	0	0	0	0	0	0	0	0	0	0	0	0	0	0
62.1	13.95688888273071	1.542577489909852	-13.80859277816882	0	0.9399999999999999	0	0	0	0	0	0	0	0	0	-0.0764136332947883	-0.02109350994398691	-0.6981317	0	5.222384818913575e-06	0	0	0	0	0	0	0	0	0	0	0	0	0	0	0	0	0	0	0	0
62.12	13.95627146330635	1.541199776016278	-13.80867262851726	0	0.9399999999999999	0	0	0	0	0	0	0	0	0	-0.07800899257392396	-0.02082825851923042	-0.6981317	0	3.724305035445282e-06	0	0	0	0	0	0	0	0	0	0	0	0	0	0	0	0	0	0	0	0
62.14000000000001	13.95534971034898	1.536609795211603	-13.80896080391478	0	0.9399999999999999	0	0	0	0	0	0	0	0	0	-0.08291532386533509	-0.0206171082975122	-0.6981317	0	-6.493429169045603e-06	0	0	0	0	0	0	0	0	0	0	0	0	0	0	0	0	0	0	0	0
62.16	13.9553387632858	1.536608859113748	-13.80894487749852	0	0.9399999999999999	0	0	0	0	0	0	0	0	0	-0.08291341685495764	-0.02061587475504486	-0.6981317	0	-6.198980972497385e-06	0	0	0	0	0	0	0	0	0	0	0	0	0	0	0	0	0	0	0	0
62.18000000000001	13.95486632158195	1.532034199501281	-13.80891170617396	0	0.9399999999999999	0	0	0	0	0	0	0	0	0	-0.08748855468887326	-0.02128727203040251	-0.6981317	0	8.423098220437516e-06	0	0	0	0	0	0	0	0	0	0	0	0	0	0	0	0	0	0	0	0
62.2	13.95448324983646	1.527923572685133	-13.80890954420178	0	0.9399999999999999	0	0	0	0	0	0	0	0	0	-0.09161156440550063	-0.02185889945118628	-0.6981317	0	-3.440196801333891e-06	0	0	0	0	0	0	0	0	0	0	0	0	0	0	0	0	0	0	0	0
62.22000000000001	13.95418743002534	1.522874804467236	-13.80908741650818	0	0.9399999999999999	0	0	0	0	0	0	0	0	0	-0.09687731297077208	-0.0221688363171224	-0.6981317	0	6.213781477111768e-08	0	0	0	0	0	0	0	0	0	0	0	0	0	0	0	0	0	0	0	0
62.24	13.95418764747927	1.522874657184191	-13.80908651129375	0	0.9399999999999999	0	0	0	0	0	0	0	0	0	-0.09687684980599959	-0.02216854417718961	-0.6981317	0	-2.476523525610904e-07	0	0	0	0	0	0	0	0	0	0	0	0	0	0	0	0	0	0	0	0
62.26000000000001	13.9540711167923	1.522228764988351	-13.80928783695052	0	0.9399999999999999	0	0	0	0	0	0	0	0	0	-0.09780006075171101	-0.02181204652702209	-0.6981317	0	2.012995262688528e-06	0	0	0	0	0	0	0	0	0	0	0	0	0	0	0	0	0	0	0	0
62.28	13.95385603784697	1.522323120897448	-13.80946711668269	0	0.9399999999999999	0	0	0	0	0	0	0	0	0	-0.09827230735838949	-0.02068799801997133	-0.6981317	0	2.641733323924585e-06	0	0	0	0	0	0	0	0	0	0	0	0	0	0	0	0	0	0	0	0
62.3	13.95385907486505	1.522326462608296	-13.80946737301362	0	0.9399999999999999	0	0	0	0	0	0	0	0	0	-0.09827541988151815	-0.02068889843643369	-0.6981317	0	1.388899885393514e-06	0	0	0	0	0	0	0	0	0	0	0	0	0	0	0	0	0	0	0	0
62.32000000000001	13.95375547520261	1.522027585498602	-13.809564979681	0	0.9399999999999999	0	0	0	0	0	0	0	0	0	-0.09872937672926331	-0.02042427726069477	-0.6981317	0	-2.94884549734462e-06	0	0	0	0	0	0	0	0	0	0	0	0	0	0	0	0	0	0	0	0
62.34	13.95373594717053	1.520008660887049	-13.80967762598717	0	0.9399999999999999	0	0	0	0	0	0	0	0	0	-0.1006855891025349	-0.02072255116747381	-0.6981317	0	1.077795548261742e-06	0	0	0	0	0	0	0	0	0	0	0	0	0	0	0	0	0	0	0	0
62.36000000000001	13.95362516571161	1.519951981166238	-13.80980933977457	0	0.9399999999999999	0	0	0	0	0	0	0	0	0	-0.1007275647127413	-0.02060685965845632	-0.6981317	0	1.508237446104617e-05	0	0	0	0	0	0	0	0	0	0	0	0	0	0	0	0	0	0	0	0
62.38	13.95356375405997	1.519906185165252	-13.80989178792109	0	0.9399999999999999	0	0	0	0	0	0	0	0	0	-0.1008362552012129	-0.02045014533965368	-0.6981317	0	-9.969055043929156e-06	0	0	0	0	0	0	0	0	0	0	0	0	0	0	0	0	0	0	0	0
62.40000000000001	13.95350875205946	1.519238536479745	-13.81020344184576	0	0.9399999999999999	0	0	0	0	0	0	0	0	0	-0.1014736088367265	-0.02002283883223888	-0.6981317	0	2.841276940594304e-06	0	0	0	0	0	0	0	0	0	0	0	0	0	0	0	0	0	0	0	0
62.42	13.95351460531803	1.51924089123166	-13.81020906629012	0	0.9399999999999999	0	0	0	0	0	0	0	0	0	-0.1014716968640863	-0.02002196639412819	-0.6981317	0	2.802813555580624e-06	0	0	0	0	0	0	0	0	0	0	0	0	0	0	0	0	0	0	0	0
62.44	13.95354339843928	1.520502935655119	-13.81064150062227	0	0.9399999999999999	0	0	0	0	0	0	0	0	0	-0.1004226275821686	-0.01902185647072387	-0.6981317	0	-5.667161367683178e-06	0	0	0	0	0	0	0	0	0	0	0	0	0	0	0	0	0	0	0	0
62.46000000000001	13.95356406936438	1.52049756249913	-13.81066072393113	0	0.9399999999999999	0	0	0	0	0	0	0	0	0	-0.1004255020840022	-0.01901909471700389	-0.6981317	0	-1.067066278410971e-05	0	0	0	0	0	0	0	0	0	0	0	0	0	0	0	0	0	0	0	0
62.48	13.95364352831021	1.523396286874215	-13.8110180705278	0	0.9399999999999999	0	0	0	0	0	0	0	0	0	-0.09786591012512362	-0.01782886716709451	-0.6981317	0	9.000951203761162e-06	0	0	0	0	0	0	0	0	0	0	0	0	0	0	0	0	0	0	0	0
62.50000000000001	13.953729609707	1.528382423907506	-13.81125483328147	0	0.9399999999999999	0	0	0	0	0	0	0	0	0	-0.09345478644523704	-0.01570489047121572	-0.6981317	0	-2.791188937013023e-06	0	0	0	0	0	0	0	0	0	0	0	0	0	0	0	0	0	0	0	0
62.52	13.95375031571399	1.52835822924722	-13.81124888350332	0	0.9399999999999999	0	0	0	0	0	0	0	0	0	-0.09343043946711078	-0.01570018397296789	-0.6981317	0	-1.145190981145634e-06	0	0	0	0	0	0	0	0	0	0	0	0	0	0	0	0	0	0	0	0
62.54000000000001	13.95392287598752	1.529552201009611	-13.81144160915493	0	0.9399999999999999	0	0	0	0	0	0	0	0	0	-0.09227733968940212	-0.01511409725136102	-0.6981317	0	4.565180110951813e-06	0	0	0	0	0	0	0	0	0	0	0	0	0	0	0	0	0	0	0	0
62.56	13.95394675575931	1.529505657962341	-13.81149372643998	0	0.9399999999999999	0	0	0	0	0	0	0	0	0	-0.09233458988281561	-0.01499939164568885	-0.6981317	0	-1.288984769020736e-05	0	0	0	0	0	0	0	0	0	0	0	0	0	0	0	0	0	0	0	0
62.58000000000001	13.95392132739724	1.529493900844934	-13.81153399705472	0	0.9399999999999999	0	0	0	0	0	0	0	0	0	-0.0923375744043864	-0.01498005682559057	-0.6981317	0	-5.688057589879702e-06	0	0	0	0	0	0	0	0	0	0	0	0	0	0	0	0	0	0	0	0
62.6	13.95397088440698	1.529947560417436	-13.81186265581	0	0.9399999999999999	0	0	0	0	0	0	0	0	0	-0.0918872343522617	-0.01483044142715699	-0.6981317	0	-3.8877815536971e-06	0	0	0	0	0	0	0	0	0	0	0	0	0	0	0	0	0	0	0	0
62.62	13.95403634845919	1.529933100033853	-13.81185496672985	0	0.9399999999999999	0	0	0	0	0	0	0	0	0	-0.09183116130296884	-0.01496505531435344	-0.6981317	0	1.444692661676531e-05	0	0	0	0	0	0	0	0	0	0	0	0	0	0	0	0	0	0	0	0
62.64000000000001	13.9538236594104	1.529609072608173	-13.81220186265863	0	0.9399999999999999	0	0	0	0	0	0	0	0	0	-0.09165752543745838	-0.01560976363352989	-0.6981317	0	-6.001408075159376e-06	0	0	0	0	0	0	0	0	0	0	0	0	0	0	0	0	0	0	0	0
62.66	13.95365556611047	1.529720086871739	-13.81250804990282	0	0.9399999999999999	0	0	0	0	0	0	0	0	0	-0.09130259475971451	-0.01586310462419438	-0.6981317	0	-4.223249680706968e-06	0	0	0	0	0	0	0	0	0	0	0	0	0	0	0	0	0	0	0	0
62.68000000000001	13.95350002174364	1.530282726267452	-13.81289485871197	0	0.9399999999999999	0	0	0	0	0	0	0	0	0	-0.09036945658424429	-0.01592683496997118	-0.6981317	0	-2.161539235451257e-06	0	0	0	0	0	0	0	0	0	0	0	0	0	0	0	0	0	0	0	0
62.7	13.95350199005933	1.530278628401597	-13.81290047650023	0	0.9399999999999999	0	0	0	0	0	0	0	0	0	-0.09036872691083983	-0.01592126925290469	-0.6981317	0	-1.658149640176104e-06	0	0	0	0	0	0	0	0	0	0	0	0	0	0	0	0	0	0	0	0
62.72000000000001	13.95291918107869	1.532078988125975	-13.8136065561188	0	0.9399999999999999	0	0	0	0	0	0	0	0	0	-0.08822921717584414	-0.0154974313967282	-0.6981317	0	-9.927177746036485e-07	0	0	0	0	0	0	0	0	0	0	0	0	0	0	0	0	0	0	0	0
62.74	13.95256239007731	1.532893166834374	-13.81395735679241	0	0.9399999999999999	0	0	0	0	0	0	0	0	0	-0.08728295749668213	-0.01510798412311313	-0.6981317	0	-3.34855319085117e-06	0	0	0	0	0	0	0	0	0	0	0	0	0	0	0	0	0	0	0	0
62.76000000000001	13.95256257873177	1.532893941140739	-13.81395704750321	0	0.9399999999999999	0	0	0	0	0	0	0	0	0	-0.08727872734992997	-0.0151168798426267	-0.6981317	0	-2.604152384336215e-06	0	0	0	0	0	0	0	0	0	0	0	0	0	0	0	0	0	0	0	0
62.78	13.95219849403469	1.534218726663246	-13.81424149794785	0	0.9399999999999999	0	0	0	0	0	0	0	0	0	-0.0858486116297536	-0.01473878567631976	-0.6981317	0	9.14699483492551e-07	0	0	0	0	0	0	0	0	0	0	0	0	0	0	0	0	0	0	0	0
62.8	13.95136404923743	1.53806134123124	-13.81469660146469	0	0.9399999999999999	0	0	0	0	0	0	0	0	0	-0.08207401606950822	-0.01361172348907723	-0.6981317	0	-1.012606022174682e-06	0	0	0	0	0	0	0	0	0	0	0	0	0	0	0	0	0	0	0	0
62.82000000000001	13.9509020519316	1.538189901149385	-13.81494433977344	0	0.9399999999999999	0	0	0	0	0	0	0	0	0	-0.08168227660551874	-0.01421682504841535	-0.6981317	0	-7.303860505675803e-06	0	0	0	0	0	0	0	0	0	0	0	0	0	0	0	0	0	0	0	0
62.84	13.95034555074293	1.536138808978355	-13.81484152168755	0	0.9399999999999999	0	0	0	0	0	0	0	0	0	-0.08346983499784899	-0.01477288412148784	-0.6981317	0	1.552651314513875e-05	0	0	0	0	0	0	0	0	0	0	0	0	0	0	0	0	0	0	0	0
62.86000000000001	13.8043836545527	1.531474762768858	-13.66867571579164	0	0.9399999999999999	0	0	0	0	0	0	0	0	0	-0.08455739435029436	-0.02187908991252059	-0.6981317	0	8.558018351139136e-08	0	0	0	0	0	0	0	0	0	0	0	0	0	0	0	0	0	0	0	0
62.88	13.80462697366763	1.525416716465096	-13.66872669547422	0	0.9399999999999999	0	0	0	0	0	0	0	0	0	-0.08928502871803727	-0.02471327832932981	-0.6981317	0	5.521083374811086e-07	0	0	0	0	0	0	0	0	0	0	0	0	0	0	0	0	0	0	0	0
62.90000000000001	13.80463921267519	1.525417316626658	-13.66874204290468	0	0.9399999999999999	0	0	0	0	0	0	0	0	0	-0.08928399747876267	-0.02471435229227644	-0.6981317	0	6.264053510952871e-07	0	0	0	0	0	0	0	0	0	0	0	0	0	0	0	0	0	0	0	0
62.92	13.91622102336578	1.516134852536791	-13.77973849790783	0	0.9399999999999999	0	0	0	0	0	0	0	0	0	-0.09926876135011418	-0.02340919504320689	-0.6981317	0	-4.456199704111971e-08	0	0	0	0	0	0	0	0	0	0	0	0	0	0	0	0	0	0	0	0
62.94	13.91622102336578	1.516134852536791	-13.77973849790783	0	0.9399999999999999	0	0	0	0	0	0	0	0	0	-0.09926876135011418	-0.02340919504320689	-0.6981317	0	-4.456199704111971e-08	0	0	0	0	0	0	0	0	0	0	0	0	0	0	0	0	0	0	0	0
62.96000000000001	13.91655295477353	1.515326426281038	-13.77948085159109	0	0.9399999999999999	0	0	0	0	0	0	0	0	0	-0.09955021233790598	-0.02356603387692012	-0.6981317	0	1.689175097405441e-06	0	0	0	0	0	0	0	0	0	0	0	0	0	0	0	0	0	0	0	0
62.98	13.91701573886869	1.516314351894191	-13.7791334595234	0	0.9399999999999999	0	0	0	0	0	0	0	0	0	-0.09819713434529492	-0.02299973616120742	-0.6981317	0	-1.975377061109111e-07	0	0	0	0	0	0	0	0	0	0	0	0	0	0	0	0	0	0	0	0
63.00000000000001	13.91751828098036	1.518088393344345	-13.7787308581213	0	0.9399999999999999	0	0	0	0	0	0	0	0	0	-0.0959842597599936	-0.02211716721624764	-0.6981317	0	4.028448774649774e-06	0	0	0	0	0	0	0	0	0	0	0	0	0	0	0	0	0	0	0	0
63.02	13.91794449254244	1.520268729045442	-13.77833708004339	0	0.9399999999999999	0	0	0	0	0	0	0	0	0	-0.09327360641784806	-0.02099853823169765	-0.6981317	0	2.044908437041298e-06	0	0	0	0	0	0	0	0	0	0	0	0	0	0	0	0	0	0	0	0
63.04000000000001	13.91829082298768	1.522654503948227	-13.77782715459326	0	0.9399999999999999	0	0	0	0	0	0	0	0	0	-0.09026728730398384	-0.02014862545895618	-0.6981317	0	-2.911425424417272e-06	0	0	0	0	0	0	0	0	0	0	0	0	0	0	0	0	0	0	0	0
63.06	13.91887071154479	1.523691583347447	-13.77667080088485	0	0.9399999999999999	0	0	0	0	0	0	0	0	0	-0.08777385577535007	-0.01927451030888828	-0.6981317	0	-5.63754875693166e-06	0	0	0	0	0	0	0	0	0	0	0	0	0	0	0	0	0	0	0	0
63.08000000000001	13.8360493822432	1.523897471044634	-13.6927311648507	0	0.9399999999999999	0	0	0	0	0	0	0	0	0	-0.08482562876961407	-0.02263154872017293	-0.6981317	0	8.766567972355412e-08	0	0	0	0	0	0	0	0	0	0	0	0	0	0	0	0	0	0	0	0
63.1	13.8360493822432	1.523897471044634	-13.6927311648507	0	0.9399999999999999	0	0	0	0	0	0	0	0	0	-0.08482562876961407	-0.02263154872017293	-0.6981317	0	8.766567972355412e-08	0	0	0	0	0	0	0	0	0	0	0	0	0	0	0	0	0	0	0	0
63.12	13.83651991344463	1.523508158498571	-13.69225219294599	0	0.9399999999999999	0	0	0	0	0	0	0	0	0	-0.0843049160244687	-0.02276402672403652	-0.6981317	0	-7.177189407187363e-07	0	0	0	0	0	0	0	0	0	0	0	0	0	0	0	0	0	0	0	0
63.14000000000001	13.83687670232959	1.523760431286414	-13.69173547028873	0	0.9399999999999999	0	0	0	0	0	0	0	0	0	-0.08334655057841521	-0.0227077847056147	-0.6981317	0	-1.776264205536247e-06	0	0	0	0	0	0	0	0	0	0	0	0	0	0	0	0	0	0	0	0
63.16	13.83722328311309	1.524650728470519	-13.69122460802687	0	0.9399999999999999	0	0	0	0	0	0	0	0	0	-0.08200229502413357	-0.02242917033502633	-0.6981317	0	-3.542127410622864e-06	0	0	0	0	0	0	0	0	0	0	0	0	0	0	0	0	0	0	0	0
63.18000000000001	13.83749823781263	1.525448532919165	-13.69055519823832	0	0.9399999999999999	0	0	0	0	0	0	0	0	0	-0.08067376619063836	-0.0220826656849698	-0.6981317	0	2.750702200044229e-06	0	0	0	0	0	0	0	0	0	0	0	0	0	0	0	0	0	0	0	0
63.2	13.77219810561872	1.525688168175673	-13.62403087789931	0	0.9399999999999999	0	0	0	0	0	0	0	0	0	-0.07816726402117091	-0.02468341086406035	-0.6981317	0	3.052590949740999e-07	0	0	0	0	0	0	0	0	0	0	0	0	0	0	0	0	0	0	0	0
63.22000000000001	13.77282272910462	1.525574169220722	-13.623415803123	0	0.9399999999999999	0	0	0	0	0	0	0	0	0	-0.07759532081023357	-0.02489639186518762	-0.6981317	0	-9.022814175400834e-06	0	0	0	0	0	0	0	0	0	0	0	0	0	0	0	0	0	0	0	0
63.24	13.7738226451906	1.527145528830706	-13.62225546233521	0	0.9399999999999999	0	0	0	0	0	0	0	0	0	-0.07458041437611555	-0.02476689769773851	-0.6981317	0	-2.724878021298793e-06	0	0	0	0	0	0	0	0	0	0	0	0	0	0	0	0	0	0	0	0
63.26000000000001	13.77402844520418	1.528476051635048	-13.62166773435843	0	0.9399999999999999	0	0	0	0	0	0	0	0	0	-0.0726203253346514	-0.02443692978980575	-0.6981317	0	8.140261028165766e-06	0	0	0	0	0	0	0	0	0	0	0	0	0	0	0	0	0	0	0	0
63.28	13.77406861326844	1.529112880771449	-13.62116469666609	0	0.9399999999999999	0	0	0	0	0	0	0	0	0	-0.07146686215658032	-0.02419843062829769	-0.6981317	0	-5.368870775480999e-06	0	0	0	0	0	0	0	0	0	0	0	0	0	0	0	0	0	0	0	0
63.3	13.7742055053679	1.528049700271039	-13.62049035802643	0	0.9399999999999999	0	0	0	0	0	0	0	0	0	-0.07130052849093589	-0.02536230285529448	-0.6981317	0	-7.00716576264656e-06	0	0	0	0	0	0	0	0	0	0	0	0	0	0	0	0	0	0	0	0
63.32000000000001	13.77438932841532	1.525797813652067	-13.62011307741295	0	0.9399999999999999	0	0	0	0	0	0	0	0	0	-0.07235965866618868	-0.02688728117766001	-0.6981317	0	-2.194695291521397e-06	0	0	0	0	0	0	0	0	0	0	0	0	0	0	0	0	0	0	0	0
63.34	13.77438670974974	1.525797617287163	-13.62010727596261	0	0.9399999999999999	0	0	0	0	0	0	0	0	0	-0.07235901618170786	-0.02688729831122123	-0.6981317	0	-1.964996526641847e-06	0	0	0	0	0	0	0	0	0	0	0	0	0	0	0	0	0	0	0	0
63.36000000000001	13.77457853587575	1.523737350972854	-13.61994580338676	0	0.9399999999999999	0	0	0	0	0	0	0	0	0	-0.0734640638356107	-0.0283393388201538	-0.6981317	0	-2.266849836987855e-07	0	0	0	0	0	0	0	0	0	0	0	0	0	0	0	0	0	0	0	0
63.38	13.77460746962845	1.523447745846337	-13.61998942569607	0	0.9399999999999999	0	0	0	0	0	0	0	0	0	-0.07316698427422973	-0.02888959911879399	-0.6981317	0	-9.871254186189177e-06	0	0	0	0	0	0	0	0	0	0	0	0	0	0	0	0	0	0	0	0
63.40000000000001	13.77446322910785	1.525137303674567	-13.6202161566112	0	0.9399999999999999	0	0	0	0	0	0	0	0	0	-0.07109901003722199	-0.02868468548234662	-0.6981317	0	1.801009560434162e-07	0	0	0	0	0	0	0	0	0	0	0	0	0	0	0	0	0	0	0	0
