DataType=double
version=3
OpenSimVersion=4.5.1
endheader
time	pelvis_tilt	pelvis_list	pelvis_rotation	pelvis_tx	pelvis_ty	pelvis_tz	hip_flexion_r	hip_adduction_r	hip_rotation_r	knee_angle_r	knee_angle_r_beta	ankle_angle_r	subtalar_angle_r	mtp_angle_r	hip_flexion_l	hip_adduction_l	hip_rotation_l	knee_angle_l	knee_angle_l_beta	ankle_angle_l	subtalar_angle_l	mtp_angle_l	lumbar_extension	lumbar_bending	lumbar_rotation	arm_flex_r	arm_add_r	arm_rot_r	elbow_flex_r	pro_sup_r	wrist_flex_r	wrist_dev_r	arm_flex_l	arm_add_l	arm_rot_l	elbow_flex_l	pro_sup_l	wrist_flex_l	wrist_dev_l
0.02	-0.004629461423113493	1.570865715144663	-0.005844089885801376	0	0.9399999999999999	0	0	0	0	0	0	0	0	0	6.305789391957323e-05	9.427560365223779e-05	0.0004721653129491989	6.864866551599203e-07	8.201106214993686e-07	0	0	0	0	0	0	0	0	0	0	0	0	0	0	0	0	0	0	0	0
0.04	-0.004629461423113493	1.570865715144663	-0.005844089885801376	0	0.9399999999999999	0	0	0	0	0	0	0	0	0	6.305789391957323e-05	9.427560365223779e-05	0.0004721653129491989	6.864866551599203e-07	8.201106214993686e-07	0	0	0	0	0	0	0	0	0	0	0	0	0	0	0	0	0	0	0	0
0.06	-0.004670316008383162	1.57086906670712	-0.005884946108379625	0	0.9399999999999999	0	0	0	0	0	0	0	0	0	7.53247301049652e-05	9.835568033956098e-05	0.0005311129937267449	5.785465744206232e-06	2.974195422839321e-06	0	0	0	0	0	0	0	0	0	0	0	0	0	0	0	0	0	0	0	0
0.08	-0.004689519149222434	1.570877733407491	-0.005904152550577813	0	0.9399999999999999	0	0	0	0	0	0	0	0	0	0.0001042402518461183	0.0001108213020834571	0.0006285440270277099	5.79871698120857e-06	1.919327688473007e-05	0	0	0	0	0	0	0	0	0	0	0	0	0	0	0	0	0	0	0	0
0.1	-0.004526749609964843	1.570984813272989	-0.005741500191889911	0	0.9399999999999999	0	0	0	0	0	0	0	0	0	0.0001949681155424888	0.0002511286376086337	0.001415874945510227	4.218025914858004e-05	4.193622272378919e-05	0	0	0	0	0	0	0	0	0	0	0	0	0	0	0	0	0	0	0	0
0.12	-0.00456138719620024	1.570989911739409	-0.005776155436505146	0	0.9399999999999999	0	0	0	0	0	0	0	0	0	0.000212160296165726	0.0002586354570245234	0.001480124345110117	4.059572908677567e-05	4.208268722210563e-05	0	0	0	0	0	0	0	0	0	0	0	0	0	0	0	0	0	0	0	0
0.14	-0.0045560992553663	1.570991760593321	-0.005770874793074038	0	0.9399999999999999	0	0	0	0	0	0	0	0	0	0.0002156171902385586	0.0002610398492025434	0.001488921277927032	3.999251841890771e-05	4.140861722877338e-05	0	0	0	0	0	0	0	0	0	0	0	0	0	0	0	0	0	0	0	0
0.16	-0.004584199846179635	1.570999333617624	-0.00579899519629373	0	0.9399999999999999	0	0	0	0	0	0	0	0	0	0.0002348565645014822	0.0002721180017343025	0.001577882543303891	4.643720236854986e-05	3.502770293138804e-05	0	0	0	0	0	0	0	0	0	0	0	0	0	0	0	0	0	0	0	0
0.18	-0.004445991403797517	1.57107654473995	-0.0056610742925075	0	0.9399999999999999	0	0	0	0	0	0	0	0	0	0.0002993122072280089	0.0003718490376733974	0.002111582021647115	7.625894478784708e-05	7.639381153446486e-05	0	0	0	0	0	0	0	0	0	0	0	0	0	0	0	0	0	0	0	0
0.2	-0.004487169893712888	1.571079420288702	-0.005702279822322369	0	0.9399999999999999	0	0	0	0	0	0	0	0	0	0.0003085831511620246	0.0003768349829507053	0.002169700206079282	7.625396153989185e-05	7.474828242397124e-05	0	0	0	0	0	0	0	0	0	0	0	0	0	0	0	0	0	0	0	0
0.22	-0.004517991777470205	1.571085617170315	-0.005733136249458228	0	0.9399999999999999	0	0	0	0	0	0	0	0	0	0.0003263341895967601	0.0003863193547650336	0.002256537461872657	6.952337198008189e-05	7.962424341266951e-05	0	0	0	0	0	0	0	0	0	0	0	0	0	0	0	0	0	0	0	0
0.24	-0.004367472431285739	1.571159148933198	-0.005583122338587385	0	0.9399999999999999	0	0	0	0	0	0	0	0	0	0.0003776691551270335	0.0004824609544805874	0.002821122566432011	7.733942526042048e-05	7.808587008315825e-05	0	0	0	0	0	0	0	0	0	0	0	0	0	0	0	0	0	0	0	0
0.26	-0.004402038675467888	1.571163362916504	-0.005617755057584451	0	0.9399999999999999	0	0	0	0	0	0	0	0	0	0.0003872098448567849	0.0004887665039000329	0.002885804129079012	8.104920945230658e-05	7.406715096138121e-05	0	0	0	0	0	0	0	0	0	0	0	0	0	0	0	0	0	0	0	0
0.28	-0.004291373879744044	1.571235601537955	-0.005508286652520055	0	0.9399999999999999	0	0	0	0	0	0	0	0	0	0.0004463511080423162	0.0005927574917514046	0.003515883348033797	8.282725945904859e-05	8.284432400003066e-05	0	0	0	0	0	0	0	0	0	0	0	0	0	0	0	0	0	0	0	0
0.3	-0.004331439563320105	1.571241136274335	-0.005548420638481679	0	0.9399999999999999	0	0	0	0	0	0	0	0	0	0.0004537201517468053	0.0005940667093279015	0.003575196868023606	8.684786370209779e-05	8.261330781931506e-05	0	0	0	0	0	0	0	0	0	0	0	0	0	0	0	0	0	0	0	0
0.32	-0.004333205782784968	1.571243190941658	-0.005550208333233768	0	0.9399999999999999	0	0	0	0	0	0	0	0	0	0.0004559623219405036	0.0005952893959784377	0.003589397310485062	8.623584199319106e-05	8.278806803153052e-05	0	0	0	0	0	0	0	0	0	0	0	0	0	0	0	0	0	0	0	0
0.34	-0.004398067235464977	1.571250051293913	-0.005615149686230356	0	0.9399999999999999	0	0	0	0	0	0	0	0	0	0.0004789072050858123	0.0006057561791399964	0.003731067699841124	8.233807522870296e-05	9.703232976628488e-05	0	0	0	0	0	0	0	0	0	0	0	0	0	0	0	0	0	0	0	0
0.36	-0.004385438299434247	1.571252786421224	-0.005602554494675305	0	0.9399999999999999	0	0	0	0	0	0	0	0	0	0.0004848290894406095	0.0006093862863825914	0.003755408839695808	8.329467878378357e-05	9.680976918738226e-05	0	0	0	0	0	0	0	0	0	0	0	0	0	0	0	0	0	0	0	0
0.38	-0.004186706744233605	1.571328240354175	-0.00540508961304547	0	0.9399999999999999	0	0	0	0	0	0	0	0	0	0.0005377342877758123	0.0007069922933596269	0.004455973384243238	0.0001270950273013297	0.0001261803583143733	0	0	0	0	0	0	0	0	0	0	0	0	0	0	0	0	0	0	0	0
0.4	-0.004260920384903849	1.571333807681348	-0.005479434329940259	0	0.9399999999999999	0	0	0	0	0	0	0	0	0	0.0005629184492957258	0.0007162105883994931	0.004588859822586533	0.0001308018080945258	0.0001284744028826665	0	0	0	0	0	0	0	0	0	0	0	0	0	0	0	0	0	0	0	0
0.42	-0.004283782219546315	1.571341350519073	-0.005502429144956684	0	0.9399999999999999	0	0	0	0	0	0	0	0	0	0.0005850862593965784	0.0007270699402997829	0.004707724808665834	0.0001263456482017001	0.000139769172033034	0	0	0	0	0	0	0	0	0	0	0	0	0	0	0	0	0	0	0	0
0.44	-0.004082405280847957	1.57141209665455	-0.005302814419279461	0	0.9399999999999999	0	0	0	0	0	0	0	0	0	0.0006344408094033549	0.0008186192014660754	0.005391800359334054	0.0001678809168994734	0.0001688021741423516	0	0	0	0	0	0	0	0	0	0	0	0	0	0	0	0	0	0	0	0
0.46	-0.004091410670020608	1.57141487114326	-0.005311918760873101	0	0.9399999999999999	0	0	0	0	0	0	0	0	0	0.0006388748652406485	0.0008202433547749401	0.005410721544150316	0.000165504671614502	0.0001667027980085729	0	0	0	0	0	0	0	0	0	0	0	0	0	0	0	0	0	0	0	0
0.48	-0.004101102376404681	1.571418512704356	-0.00532190760804744	0	0.9399999999999999	0	0	0	0	0	0	0	0	0	0.0006553207053738642	0.0008282911046393424	0.005478935696997104	0.0001715240599929283	0.0001590595290638761	0	0	0	0	0	0	0	0	0	0	0	0	0	0	0	0	0	0	0	0
0.5	-0.004123865139402289	1.57142585760739	-0.005344961264967486	0	0.9399999999999999	0	0	0	0	0	0	0	0	0	0.000670750370564252	0.0008382377210245935	0.00559643404869298	0.0001647751780450659	0.0001751676166942099	0	0	0	0	0	0	0	0	0	0	0	0	0	0	0	0	0	0	0	0
0.52	-0.004000126797021795	1.571470530633203	-0.005223095963349778	0	0.9399999999999999	0	0	0	0	0	0	0	0	0	0.0007131825676187151	0.0008965952356675737	0.006098697966467196	0.0001960957742674101	0.0001968187494284697	0	0	0	0	0	0	0	0	0	0	0	0	0	0	0	0	0	0	0	0
0.54	-0.004024477244200925	1.571475088414401	-0.005247797950918199	0	0.9399999999999999	0	0	0	0	0	0	0	0	0	0.0007229518178490206	0.0009032166019294879	0.006178034175756319	0.0002052690348226843	0.0001926218500824648	0	0	0	0	0	0	0	0	0	0	0	0	0	0	0	0	0	0	0	0
0.5600000000000001	-0.004056968142869068	1.571485016624112	-0.005280602898822717	0	0.9399999999999999	0	0	0	0	0	0	0	0	0	0.0007385094606180315	0.0009144024385390643	0.006322944413833594	0.000196388322948893	0.0002092066547840997	0	0	0	0	0	0	0	0	0	0	0	0	0	0	0	0	0	0	0	0
0.5800000000000001	-0.004065714664080228	1.571486228099741	-0.005289418064320517	0	0.9399999999999999	0	0	0	0	0	0	0	0	0	0.0007421194192936154	0.0009171614546124706	0.006357020074702849	0.0002004565463573453	0.0002092144399204199	0	0	0	0	0	0	0	0	0	0	0	0	0	0	0	0	0	0	0	0
0.6	-0.003894457956329915	1.571539824425152	-0.005120606746184997	0	0.9399999999999999	0	0	0	0	0	0	0	0	0	0.0007907597809534644	0.0009874002749733252	0.007029914245220154	0.0002511169920986305	0.0002508854173940835	0	0	0	0	0	0	0	0	0	0	0	0	0	0	0	0	0	0	0	0
0.62	-0.00393470883154848	1.571541111322125	-0.005161035371087855	0	0.9399999999999999	0	0	0	0	0	0	0	0	0	0.0007992141561622194	0.0009906077779925837	0.007086790625074379	0.0002538401063541192	0.0002516522897397087	0	0	0	0	0	0	0	0	0	0	0	0	0	0	0	0	0	0	0	0
0.64	-0.003822421266263036	1.571590217543672	-0.005051660188750425	0	0.9399999999999999	0	0	0	0	0	0	0	0	0	0.0008460333989956628	0.001054715211043755	0.007773270332048443	0.0002981564785607675	0.0002996021010662686	0	0	0	0	0	0	0	0	0	0	0	0	0	0	0	0	0	0	0	0
0.66	-0.00381388014595323	1.571591786547632	-0.005043273556391344	0	0.9399999999999999	0	0	0	0	0	0	0	0	0	0.0008529017105372245	0.001055878955348359	0.007775329384400289	0.0002942095206894158	0.0002952976787587722	0	0	0	0	0	0	0	0	0	0	0	0	0	0	0	0	0	0	0	0
0.68	-0.003870707854682204	1.571594783626339	-0.005100425040454825	0	0.9399999999999999	0	0	0	0	0	0	0	0	0	0.0008736980343607786	0.001062837300061082	0.007895451530173557	0.0003062299148222783	0.0002920915416314716	0	0	0	0	0	0	0	0	0	0	0	0	0	0	0	0	0	0	0	0
0.7000000000000001	-0.003857124070003153	1.571598303517588	-0.005086983335856862	0	0.9399999999999999	0	0	0	0	0	0	0	0	0	0.0008785070720906555	0.001065101189886629	0.007919313210941645	0.00030621585590408	0.0002935721621783847	0	0	0	0	0	0	0	0	0	0	0	0	0	0	0	0	0	0	0	0
0.7200000000000001	-0.003709301442957364	1.571642813422839	-0.004941800320249562	0	0.9399999999999999	0	0	0	0	0	0	0	0	0	0.0009566995821592915	0.001125667890925587	0.008657814998338625	0.0003490484464361507	0.000350213074651569	0	0	0	0	0	0	0	0	0	0	0	0	0	0	0	0	0	0	0	0
0.74	-0.003717152464259572	1.571644130626722	-0.004949777319032548	0	0.9399999999999999	0	0	0	0	0	0	0	0	0	0.0009542949489443	0.001126620530803586	0.00867179822096424	0.0003494915305452549	0.0003502310844031518	0	0	0	0	0	0	0	0	0	0	0	0	0	0	0	0	0	0	0	0
0.76	-0.00373197580292919	1.571647341121575	-0.004965162826774128	0	0.9399999999999999	0	0	0	0	0	0	0	0	0	0.0009552983527511303	0.001132795476277733	0.008744685643982628	0.0003604185630153004	0.0003491338412805053	0	0	0	0	0	0	0	0	0	0	0	0	0	0	0	0	0	0	0	0
0.78	-0.003755994317399672	1.571652509491666	-0.004989686297501071	0	0.9399999999999999	0	0	0	0	0	0	0	0	0	0.0009653134821356804	0.001139856382058787	0.008858612162535846	0.000356776630851997	0.0003667636595045174	0	0	0	0	0	0	0	0	0	0	0	0	0	0	0	0	0	0	0	0
0.8	-0.003628158927415651	1.571685135457686	-0.004865159557874206	0	0.9399999999999999	0	0	0	0	0	0	0	0	0	0.001003924442993444	0.001182522143559363	0.009365090378273336	0.0003961475117045892	0.0003968520630020323	0	0	0	0	0	0	0	0	0	0	0	0	0	0	0	0	0	0	0	0
0.8200000000000001	-0.003652366453717378	1.571688324607553	-0.004889972371434749	0	0.9399999999999999	0	0	0	0	0	0	0	0	0	0.001011227726050715	0.001187219181091774	0.00944444989137011	0.0004064086030546643	0.0003948413612322289	0	0	0	0	0	0	0	0	0	0	0	0	0	0	0	0	0	0	0	0
0.8400000000000001	-0.003674887192988289	1.571692848536822	-0.004913056195801131	0	0.9399999999999999	0	0	0	0	0	0	0	0	0	0.001021888634669947	0.001193608712272096	0.009559243577200791	0.0004029984244314392	0.0004130031363364747	0	0	0	0	0	0	0	0	0	0	0	0	0	0	0	0	0	0	0	0
0.86	-0.003547539037840647	1.571721881079389	-0.00478930734424846	0	0.9399999999999999	0	0	0	0	0	0	0	0	0	0.001060765288258384	0.001231629477271971	0.01006418339420356	0.0004447664055902151	0.0004454553894846225	0	0	0	0	0	0	0	0	0	0	0	0	0	0	0	0	0	0	0	0
0.88	-0.003571710109492958	1.571724799058946	-0.004814133858656989	0	0.9399999999999999	0	0	0	0	0	0	0	0	0	0.001067692998748232	0.001235942675761157	0.01014355061114002	0.0004553677864879017	0.0004439206825059361	0	0	0	0	0	0	0	0	0	0	0	0	0	0	0	0	0	0	0	0
0.9	-0.003465295776032327	1.571754259380888	-0.004711047221216143	0	0.9399999999999999	0	0	0	0	0	0	0	0	0	0.001125693116680323	0.001274928825220991	0.01075742871502406	0.0004961319172656235	0.0004956200046923321	0	0	0	0	0	0	0	0	0	0	0	0	0	0	0	0	0	0	0	0
0.92	-0.0034782630862129	1.571755837052909	-0.004724253874465604	0	0.9399999999999999	0	0	0	0	0	0	0	0	0	0.001122764922638481	0.001275906741029385	0.01077893754528324	0.0004965362326387458	0.0004959313155138551	0	0	0	0	0	0	0	0	0	0	0	0	0	0	0	0	0	0	0	0
0.9400000000000001	-0.003504531517726305	1.57175666908571	-0.004750852830730117	0	0.9399999999999999	0	0	0	0	0	0	0	0	0	0.001123360143719223	0.001278283691420444	0.01082694802647528	0.0005009259379018242	0.0004991682662520478	0	0	0	0	0	0	0	0	0	0	0	0	0	0	0	0	0	0	0	0
0.9600000000000001	-0.00340385811544206	1.571784167486681	-0.004653883785502317	0	0.9399999999999999	0	0	0	0	0	0	0	0	0	0.001168683551356781	0.001314849367704671	0.01142463978416958	0.0005484844899355867	0.0005483513047575158	0	0	0	0	0	0	0	0	0	0	0	0	0	0	0	0	0	0	0	0
0.98	-0.003398862540618339	1.57178447533232	-0.004649098489622508	0	0.9399999999999999	0	0	0	0	0	0	0	0	0	0.001168510087983209	0.001315364907690109	0.01142422716448994	0.000548079038980305	0.0005479788043731076	0	0	0	0	0	0	0	0	0	0	0	0	0	0	0	0	0	0	0	0
1	-0.003435649100936203	1.571785912624314	-0.004686265821693992	0	0.9399999999999999	0	0	0	0	0	0	0	0	0	0.001172529702130919	0.001317770520452879	0.01148946568065172	0.0005556693999515571	0.0005492985348137466	0	0	0	0	0	0	0	0	0	0	0	0	0	0	0	0	0	0	0	0
1.02	-0.003389929291270433	1.571794405201561	-0.004641963374713829	0	0.9399999999999999	0	0	0	0	0	0	0	0	0	0.001194576755647305	0.001329471397712527	0.01168242474581198	0.0005679265451124513	0.0005643727556425421	0	0	0	0	0	0	0	0	0	0	0	0	0	0	0	0	0	0	0	0
1.04	-0.003488680118482747	1.571797496587526	-0.004741082752878312	0	0.9399999999999999	0	0	0	0	0	0	0	0	0	0.001202769022573694	0.001334261538867728	0.01185197068429898	0.0005779014989213153	0.0005817342362214165	0	0	0	0	0	0	0	0	0	0	0	0	0	0	0	0	0	0	0	0
1.06	-0.003252368295589497	1.571831445402668	-0.004508887271530328	0	0.9399999999999999	0	0	0	0	0	0	0	0	0	0.001265095515719006	0.001378558289223999	0.01262091349543228	0.000646309715857201	0.0006464951112374498	0	0	0	0	0	0	0	0	0	0	0	0	0	0	0	0	0	0	0	0
1.08	-0.003252368295589497	1.571831445402668	-0.004508887271530328	0	0.9399999999999999	0	0	0	0	0	0	0	0	0	0.001265095515719006	0.001378558289223999	0.01262091349543228	0.000646309715857201	0.0006464951112374498	0	0	0	0	0	0	0	0	0	0	0	0	0	0	0	0	0	0	0	0
1.1	-0.003277895144910736	1.571834051987723	-0.004535236746639707	0	0.9399999999999999	0	0	0	0	0	0	0	0	0	0.001267940866047797	0.001382509840276085	0.01270206482907528	0.0006596856051467226	0.0006446387248091044	0	0	0	0	0	0	0	0	0	0	0	0	0	0	0	0	0	0	0	0
1.12	-0.003294019281501489	1.571838028769405	-0.004552236083329922	0	0.9399999999999999	0	0	0	0	0	0	0	0	0	0.001277041374440476	0.001388064687929114	0.01282618584422728	0.0006561501772862298	0.0006664702140567739	0	0	0	0	0	0	0	0	0	0	0	0	0	0	0	0	0	0	0	0
1.14	-0.003303919987567281	1.571842756237614	-0.004562996401181191	0	0.9399999999999999	0	0	0	0	0	0	0	0	0	0.001288375600428733	0.001394698060501654	0.01297920921345671	0.0006800713422169979	0.0006670732854213285	0	0	0	0	0	0	0	0	0	0	0	0	0	0	0	0	0	0	0	0
1.16	-0.003144752334035062	1.571866641347567	-0.004408805744873061	0	0.9399999999999999	0	0	0	0	0	0	0	0	0	0.001327414950816492	0.00142588347964953	0.01355288840864636	0.0007220445223846241	0.0007218845649521196	0	0	0	0	0	0	0	0	0	0	0	0	0	0	0	0	0	0	0	0
1.18	-0.003182185650919738	1.571867624430772	-0.00444668983914823	0	0.9399999999999999	0	0	0	0	0	0	0	0	0	0.001330824158516515	0.001427604943999768	0.01361325484216391	0.0007289445300573166	0.0007233416917569056	0	0	0	0	0	0	0	0	0	0	0	0	0	0	0	0	0	0	0	0
1.2	-0.003088771626298757	1.571884459137136	-0.004358719491250345	0	0.9399999999999999	0	0	0	0	0	0	0	0	0	0.00134631334541088	0.001447215196109727	0.0140152514950021	0.0007611952279219533	0.0007620299172459788	0	0	0	0	0	0	0	0	0	0	0	0	0	0	0	0	0	0	0	0
1.22	-0.003114586752904778	1.571884570161329	-0.004385422152045824	0	0.9399999999999999	0	0	0	0	0	0	0	0	0	0.001363501040296038	0.00145104313785279	0.01409700099592374	0.0007707175111583299	0.0007580060430133501	0	0	0	0	0	0	0	0	0	0	0	0	0	0	0	0	0	0	0	0
1.24	-0.003135028097585961	1.571887464794984	-0.004406731028137397	0	0.9399999999999999	0	0	0	0	0	0	0	0	0	0.00137355735176211	0.001454711828198516	0.01421526739308763	0.0007685534411810581	0.0007786991109608491	0	0	0	0	0	0	0	0	0	0	0	0	0	0	0	0	0	0	0	0
1.26	-0.002982321208450746	1.571911537744913	-0.004260032641464061	0	0.9399999999999999	0	0	0	0	0	0	0	0	0	0.001413173531807754	0.001484881648273135	0.01494518819629513	0.0008431020143611857	0.000844048308482145	0	0	0	0	0	0	0	0	0	0	0	0	0	0	0	0	0	0	0	0
1.28	-0.00300636905361378	1.571912120720877	-0.004285015038394462	0	0.9399999999999999	0	0	0	0	0	0	0	0	0	0.001429782773980601	0.001488310998564361	0.01502599424811961	0.0008523758571961679	0.0008403800121809064	0	0	0	0	0	0	0	0	0	0	0	0	0	0	0	0	0	0	0	0
1.3	-0.003028345693428441	1.571914715673813	-0.004307871203999159	0	0.9399999999999999	0	0	0	0	0	0	0	0	0	0.001439069312438152	0.001491720634338546	0.01514228088289383	0.0008506187680964387	0.0008606459433442792	0	0	0	0	0	0	0	0	0	0	0	0	0	0	0	0	0	0	0	0
1.32	-0.003017551073745235	1.571915834268363	-0.004297277497912815	0	0.9399999999999999	0	0	0	0	0	0	0	0	0	0.00144041170290161	0.001492398091137395	0.01515718630174965	0.0008525311894921607	0.0008612927307829386	0	0	0	0	0	0	0	0	0	0	0	0	0	0	0	0	0	0	0	0
1.34	-0.003034438450869245	1.57191847437891	-0.004315058484278669	0	0.9399999999999999	0	0	0	0	0	0	0	0	0	0.001450302015515214	0.001497071168033139	0.01530076834018514	0.000875784766884061	0.0008631491145603241	0	0	0	0	0	0	0	0	0	0	0	0	0	0	0	0	0	0	0	0
1.36	-0.002844243460559749	1.57194034152848	-0.004131013318189372	0	0.9399999999999999	0	0	0	0	0	0	0	0	0	0.001487795752740663	0.001527004014528926	0.01592346363887177	0.0009251959302907683	0.000925986226614567	0	0	0	0	0	0	0	0	0	0	0	0	0	0	0	0	0	0	0	0
1.38	-0.002884448858602503	1.571941523005181	-0.00417219675923731	0	0.9399999999999999	0	0	0	0	0	0	0	0	0	0.001496314746557325	0.001527583072419599	0.0159982753263969	0.0009329759202605301	0.0009272307991487151	0	0	0	0	0	0	0	0	0	0	0	0	0	0	0	0	0	0	0	0
1.4	-0.002846838481979504	1.571944981356656	-0.004136801647789829	0	0.9399999999999999	0	0	0	0	0	0	0	0	0	0.001513914908923906	0.00153293886335782	0.01617934105288811	0.0009482374154059655	0.0009437455557643953	0	0	0	0	0	0	0	0	0	0	0	0	0	0	0	0	0	0	0	0
1.42	-0.00288003724154201	1.571947165753617	-0.004171009893798671	0	0.9399999999999999	0	0	0	0	0	0	0	0	0	0.001519883225719777	0.001535884643412615	0.01631248650794169	0.0009481433462188063	0.0009684217801643535	0	0	0	0	0	0	0	0	0	0	0	0	0	0	0	0	0	0	0	0
1.44	-0.002762750304481087	1.571959791484265	-0.004060491810253613	0	0.9399999999999999	0	0	0	0	0	0	0	0	0	0.001551330813072456	0.001552724152607223	0.01680452815163483	0.001005122530191971	0.001005260844506331	0	0	0	0	0	0	0	0	0	0	0	0	0	0	0	0	0	0	0	0
1.46	-0.002796519425951859	1.571960559930895	-0.004094948123336271	0	0.9399999999999999	0	0	0	0	0	0	0	0	0	0.001555475222812659	0.00155412690681693	0.01687200672324194	0.00101439688969383	0.00100665958890454	0	0	0	0	0	0	0	0	0	0	0	0	0	0	0	0	0	0	0	0
1.48	-0.002738990431529188	1.571965292847193	-0.004039744802210303	0	0.9399999999999999	0	0	0	0	0	0	0	0	0	0.001574865223687905	0.001560823794295786	0.01707744531008223	0.001037095967450366	0.001021628556283235	0	0	0	0	0	0	0	0	0	0	0	0	0	0	0	0	0	0	0	0
1.5	-0.002786749088602102	1.571967276998272	-0.004088434362690442	0	0.9399999999999999	0	0	0	0	0	0	0	0	0	0.001580234323304364	0.001563669407440518	0.01721443500902214	0.001035895281810019	0.001047967735400401	0	0	0	0	0	0	0	0	0	0	0	0	0	0	0	0	0	0	0	0
1.52	-0.002652953115436376	1.571979922568819	-0.003960835093598213	0	0.9399999999999999	0	0	0	0	0	0	0	0	0	0.001615648246978939	0.001580642718630886	0.01773688448505713	0.001092396672257633	0.001092785006598032	0	0	0	0	0	0	0	0	0	0	0	0	0	0	0	0	0	0	0	0
1.54	-0.002677383300414611	1.571981100035395	-0.003986330693300386	0	0.9399999999999999	0	0	0	0	0	0	0	0	0	0.001620191985679803	0.001582563458208039	0.01781699888249643	0.001105535164381864	0.001093000348063612	0	0	0	0	0	0	0	0	0	0	0	0	0	0	0	0	0	0	0	0
1.56	-0.002687568506432333	1.571984493923514	-0.003997615795184728	0	0.9399999999999999	0	0	0	0	0	0	0	0	0	0.00162781788583056	0.001585967741418597	0.01795165372888553	0.00110580859053296	0.001116569428895154	0	0	0	0	0	0	0	0	0	0	0	0	0	0	0	0	0	0	0	0
1.58	-0.002699030645055897	1.571986106609154	-0.004010180533477421	0	0.9399999999999999	0	0	0	0	0	0	0	0	0	0.00163739781980713	0.00158989358905711	0.01810107910994223	0.001131694197716161	0.001118708460145878	0	0	0	0	0	0	0	0	0	0	0	0	0	0	0	0	0	0	0	0
1.6	-0.002517382283777675	1.57200304908027	-0.003835399475925537	0	0.9399999999999999	0	0	0	0	0	0	0	0	0	0.001686586494225327	0.001611612430071901	0.01889487819471137	0.001205188425505535	0.00120515098365919	0	0	0	0	0	0	0	0	0	0	0	0	0	0	0	0	0	0	0	0
1.62	-0.002554100664758078	1.57200314035806	-0.003872733003984958	0	0.9399999999999999	0	0	0	0	0	0	0	0	0	0.001691805665004261	0.001613074360764242	0.01895766621283964	0.001212721085630735	0.001206359064517467	0	0	0	0	0	0	0	0	0	0	0	0	0	0	0	0	0	0	0	0
1.64	-0.002556298659043571	1.57200344035271	-0.003875073437632996	0	0.9399999999999999	0	0	0	0	0	0	0	0	0	0.001692814484725785	0.001613376900858545	0.01897129593823169	0.001212387844680009	0.001207330191522491	0	0	0	0	0	0	0	0	0	0	0	0	0	0	0	0	0	0	0	0
1.66	-0.002515979144320833	1.572007434583303	-0.003836394945413394	0	0.9399999999999999	0	0	0	0	0	0	0	0	0	0.001705904237346789	0.001618098791188476	0.01912728037217744	0.001225420773594003	0.00122186900864255	0	0	0	0	0	0	0	0	0	0	0	0	0	0	0	0	0	0	0	0
1.68	-0.002572311501122658	1.572007916274481	-0.003893293100035736	0	0.9399999999999999	0	0	0	0	0	0	0	0	0	0.001710260703281178	0.001620005890194396	0.01923669317253301	0.001228341434166017	0.001238504817035476	0	0	0	0	0	0	0	0	0	0	0	0	0	0	0	0	0	0	0	0
1.7	-0.002380685441454282	1.572024195126642	-0.003709301362289005	0	0.9399999999999999	0	0	0	0	0	0	0	0	0	0.001758195190555571	0.001639515274066376	0.02005289957212835	0.001317270071839882	0.001316868114232695	0	0	0	0	0	0	0	0	0	0	0	0	0	0	0	0	0	0	0	0
1.72	-0.002421956969842793	1.572023465822319	-0.003751075183133756	0	0.9399999999999999	0	0	0	0	0	0	0	0	0	0.001763400913706357	0.001641146650806026	0.02011214359155546	0.001323096232999571	0.001319024130959453	0	0	0	0	0	0	0	0	0	0	0	0	0	0	0	0	0	0	0	0
1.74	-0.002320759905823524	1.572033314817147	-0.003659780535158857	0	0.9399999999999999	0	0	0	0	0	0	0	0	0	0.001793531832884188	0.00165077064395912	0.02053009697624249	0.001359182629988817	0.001358391928795736	0	0	0	0	0	0	0	0	0	0	0	0	0	0	0	0	0	0	0	0
1.76	-0.002320759905823524	1.572033314817147	-0.003659780535158857	0	0.9399999999999999	0	0	0	0	0	0	0	0	0	0.001793531832884188	0.00165077064395912	0.02053009697624249	0.001359182629988817	0.001358391928795736	0	0	0	0	0	0	0	0	0	0	0	0	0	0	0	0	0	0	0	0
1.78	-0.002397985665881194	1.572032142432126	-0.003737584409152459	0	0.9399999999999999	0	0	0	0	0	0	0	0	0	0.001797919018518926	0.001653442656770568	0.02064969839912077	0.001374779307871265	0.001364008849575659	0	0	0	0	0	0	0	0	0	0	0	0	0	0	0	0	0	0	0	0
1.8	-0.002389683809832328	1.572032229400377	-0.003729530784087973	0	0.9399999999999999	0	0	0	0	0	0	0	0	0	0.001799755801776167	0.001654012714336115	0.02066788259300137	0.001376278193258079	0.001366145622557851	0	0	0	0	0	0	0	0	0	0	0	0	0	0	0	0	0	0	0	0
1.82	-0.00224151574300256	1.572040458621928	-0.003588232594628803	0	0.9399999999999999	0	0	0	0	0	0	0	0	0	0.001838836651630388	0.001665863079092002	0.02121757954962798	0.001427501157903928	0.001427417117700958	0	0	0	0	0	0	0	0	0	0	0	0	0	0	0	0	0	0	0	0
1.84	-0.002276861149308335	1.572040858353113	-0.003624296862132488	0	0.9399999999999999	0	0	0	0	0	0	0	0	0	0.00184112178578963	0.001666801378349809	0.02128239931519423	0.0014367125235107	0.001429631660746373	0	0	0	0	0	0	0	0	0	0	0	0	0	0	0	0	0	0	0	0
1.86	-0.002224100344167504	1.57204363587417	-0.003574021294227398	0	0.9399999999999999	0	0	0	0	0	0	0	0	0	0.001855982715761582	0.001670971631300997	0.02147756414267973	0.001458439535583779	0.001447199527353217	0	0	0	0	0	0	0	0	0	0	0	0	0	0	0	0	0	0	0	0
1.88	-0.002151740397443044	1.572048306583593	-0.003505603655287105	0	0.9399999999999999	0	0	0	0	0	0	0	0	0	0.001877504021648528	0.00167761084506582	0.0218068409298416	0.001498682528920668	0.001474435263821262	0	0	0	0	0	0	0	0	0	0	0	0	0	0	0	0	0	0	0	0
1.9	-0.002129444515858654	1.572053664608218	-0.003492619313757924	0	0.9399999999999999	0	0	0	0	0	0	0	0	0	0.001894407453674876	0.001684766496395329	0.02214342827683007	0.001517834720516803	0.001517898114556538	0	0	0	0	0	0	0	0	0	0	0	0	0	0	0	0	0	0	0	0
1.92	-0.00216328003429642	1.572053884644244	-0.003527260207815213	0	0.9399999999999999	0	0	0	0	0	0	0	0	0	0.001897533309547243	0.001685640406892351	0.0222113745359256	0.001527844342188897	0.001519991578802256	0	0	0	0	0	0	0	0	0	0	0	0	0	0	0	0	0	0	0	0
1.94	-0.002105279537070576	1.57205626323917	-0.003471966899966031	0	0.9399999999999999	0	0	0	0	0	0	0	0	0	0.001913574607321035	0.001689314103766811	0.02241699537042074	0.001552954568102983	0.001537443990175708	0	0	0	0	0	0	0	0	0	0	0	0	0	0	0	0	0	0	0	0
1.96	-0.002153059202441939	1.572057303777583	-0.003520822645292499	0	0.9399999999999999	0	0	0	0	0	0	0	0	0	0.001918873075100335	0.001690956183140984	0.02255396982034676	0.001552326266305199	0.001564362706445342	0	0	0	0	0	0	0	0	0	0	0	0	0	0	0	0	0	0	0	0
1.98	-0.002018692256778712	1.572064019402062	-0.003393600611615461	0	0.9399999999999999	0	0	0	0	0	0	0	0	0	0.00195411636811504	0.001700546844760191	0.02307601674096453	0.001612372036403286	0.00161273339322233	0	0	0	0	0	0	0	0	0	0	0	0	0	0	0	0	0	0	0	0
2	-0.002043038854713089	1.572064642799751	-0.003419168934588047	0	0.9399999999999999	0	0	0	0	0	0	0	0	0	0.001957317573131434	0.001701687220790561	0.02315609433688801	0.001626164659497998	0.001613945436023334	0	0	0	0	0	0	0	0	0	0	0	0	0	0	0	0	0	0	0	0
2.02	-0.001935498217739351	1.57207316243348	-0.00332095900967741	0	0.9399999999999999	0	0	0	0	0	0	0	0	0	0.001993954477843549	0.001711595842880092	0.02376745133527532	0.001682180887859452	0.001682257351595635	0	0	0	0	0	0	0	0	0	0	0	0	0	0	0	0	0	0	0	0
2.04	-0.001935498217739351	1.57207316243348	-0.00332095900967741	0	0.9399999999999999	0	0	0	0	0	0	0	0	0	0.001993954477843549	0.001711595842880092	0.02376745133527532	0.001682180887859452	0.001682257351595635	0	0	0	0	0	0	0	0	0	0	0	0	0	0	0	0	0	0	0	0
2.06	-0.001969228985344829	1.572072433526435	-0.003355522280357853	0	0.9399999999999999	0	0	0	0	0	0	0	0	0	0.001997161864487913	0.001713112500180053	0.0238354882245418	0.001692159949203546	0.001684286552768968	0	0	0	0	0	0	0	0	0	0	0	0	0	0	0	0	0	0	0	0
2.08	-0.001911090381120757	1.572074359976908	-0.003300174905420831	0	0.9399999999999999	0	0	0	0	0	0	0	0	0	0.002012698245511817	0.001716425897255237	0.02404135655781948	0.001717425866948111	0.001701847414296933	0	0	0	0	0	0	0	0	0	0	0	0	0	0	0	0	0	0	0	0
2.1	-0.001958727163614057	1.572075271559789	-0.003348922799511618	0	0.9399999999999999	0	0	0	0	0	0	0	0	0	0.00201787144025492	0.001717847012610072	0.0241785061310798	0.001716823761401929	0.001728883189089512	0	0	0	0	0	0	0	0	0	0	0	0	0	0	0	0	0	0	0	0
2.12	-0.001824519832436991	1.572080895257065	-0.003222060946545409	0	0.9399999999999999	0	0	0	0	0	0	0	0	0	0.002052758770179082	0.001726117622025885	0.02470002504364486	0.001777118677841914	0.001777477045778532	0	0	0	0	0	0	0	0	0	0	0	0	0	0	0	0	0	0	0	0
2.14	-0.001848846591210882	1.572081409361462	-0.003247642292793492	0	0.9399999999999999	0	0	0	0	0	0	0	0	0	0.002055663154519288	0.001727108680738869	0.02478010037448348	0.001791011084146833	0.001778852854593932	0	0	0	0	0	0	0	0	0	0	0	0	0	0	0	0	0	0	0	0
2.16	-0.00187030044495092	1.572082187932484	-0.00327026302319039	0	0.9399999999999999	0	0	0	0	0	0	0	0	0	0.002061070338715777	0.001728453567019249	0.02489556565270914	0.001791317372604295	0.001801186062354203	0	0	0	0	0	0	0	0	0	0	0	0	0	0	0	0	0	0	0	0
2.18	-0.001741455461690549	1.572087190205862	-0.003148571021796426	0	0.9399999999999999	0	0	0	0	0	0	0	0	0	0.002094613910436156	0.001735959310398791	0.02539769789439913	0.00184845634517008	0.001849067727543567	0	0	0	0	0	0	0	0	0	0	0	0	0	0	0	0	0	0	0	0
2.2	-0.001765313078791862	1.572087679945863	-0.003173695200941206	0	0.9399999999999999	0	0	0	0	0	0	0	0	0	0.002097433352793326	0.001736882345480554	0.02547699222239459	0.001861541561753424	0.001851155995288018	0	0	0	0	0	0	0	0	0	0	0	0	0	0	0	0	0	0	0	0
2.22	-0.001828230499707852	1.572088432358713	-0.003237498588451406	0	0.9399999999999999	0	0	0	0	0	0	0	0	0	0.002103261403024598	0.001738431347206375	0.02564369018050369	0.001881426480744569	0.001863980783898	0	0	0	0	0	0	0	0	0	0	0	0	0	0	0	0	0	0	0	0
2.24	-0.00163220375986296	1.572094862209826	-0.003049355096282617	0	0.9399999999999999	0	0	0	0	0	0	0	0	0	0.002150411577567875	0.001747850700033993	0.02631879588198329	0.001943873238370591	0.00194393217324428	0	0	0	0	0	0	0	0	0	0	0	0	0	0	0	0	0	0	0	0
2.26	-0.0016572276470239	1.572095156935693	-0.003075662827062943	0	0.9399999999999999	0	0	0	0	0	0	0	0	0	0.002152609942088827	0.001748885323927072	0.02640073123787493	0.001959482373514169	0.001944352381107593	0	0	0	0	0	0	0	0	0	0	0	0	0	0	0	0	0	0	0	0
2.28	-0.001663454861939381	1.572095385279978	-0.003082146962124969	0	0.9399999999999999	0	0	0	0	0	0	0	0	0	0.002153258678542065	0.001749074529727138	0.02642265224847239	0.001957150082606132	0.001948336784875511	0	0	0	0	0	0	0	0	0	0	0	0	0	0	0	0	0	0	0	0
2.3	-0.001548311209196114	1.572099801875522	-0.002973209382193826	0	0.9399999999999999	0	0	0	0	0	0	0	0	0	0.002190039560299137	0.00175637937684633	0.0270174785814443	0.002015930455943225	0.002017007738174742	0	0	0	0	0	0	0	0	0	0	0	0	0	0	0	0	0	0	0	0
2.32	-0.001574245509494328	1.572100287127721	-0.003000432410276294	0	0.9399999999999999	0	0	0	0	0	0	0	0	0	0.002193562568063087	0.001757232002175155	0.0270989141978445	0.002028233020357093	0.002019849622677014	0	0	0	0	0	0	0	0	0	0	0	0	0	0	0	0	0	0	0	0
2.34	-0.001514327974308748	1.572101994289379	-0.002943769105149332	0	0.9399999999999999	0	0	0	0	0	0	0	0	0	0.002207836485265324	0.001760083853172274	0.02731816685601134	0.002056171409420731	0.002038552348807561	0	0	0	0	0	0	0	0	0	0	0	0	0	0	0	0	0	0	0	0
2.36	-0.001529920924630312	1.572102084812889	-0.002959608407716342	0	0.9399999999999999	0	0	0	0	0	0	0	0	0	0.002208288912802826	0.001760211467704299	0.02733840482477287	0.002053242034014171	0.002044933199146449	0	0	0	0	0	0	0	0	0	0	0	0	0	0	0	0	0	0	0	0
2.38	-0.001438446746398261	1.572108614103968	-0.002877763855593041	0	0.9399999999999999	0	0	0	0	0	0	0	0	0	0.002250100376239835	0.001766118213519548	0.02794285399335276	0.00210958751526709	0.002109488468109539	0	0	0	0	0	0	0	0	0	0	0	0	0	0	0	0	0	0	0	0
2.4	-0.001438446746398261	1.572108614103968	-0.002877763855593041	0	0.9399999999999999	0	0	0	0	0	0	0	0	0	0.002250100376239835	0.001766118213519548	0.02794285399335276	0.00210958751526709	0.002109488468109539	0	0	0	0	0	0	0	0	0	0	0	0	0	0	0	0	0	0	0	0
2.42	-0.001471947228329224	1.572107020645068	-0.002912154172502978	0	0.9399999999999999	0	0	0	0	0	0	0	0	0	0.002248501655690007	0.001768036005462136	0.02801099204679115	0.00212103209667845	0.002113033238850603	0	0	0	0	0	0	0	0	0	0	0	0	0	0	0	0	0	0	0	0
2.44	-0.001352588088003325	1.57210818478455	-0.002803382519630982	0	0.9399999999999999	0	0	0	0	0	0	0	0	0	0.00228916561788398	0.001777381695231841	0.02864295444443845	0.002182728253367793	0.002182685641405049	0	0	0	0	0	0	0	0	0	0	0	0	0	0	0	0	0	0	0	0
2.46	-0.001377974426035	1.572111807219374	-0.002830086159025242	0	0.9399999999999999	0	0	0	0	0	0	0	0	0	0.002288595728351135	0.00177541489981927	0.02872371653961193	0.002199061206206462	0.002184262748518458	0	0	0	0	0	0	0	0	0	0	0	0	0	0	0	0	0	0	0	0
2.48	-0.001358447686249929	1.572111725708768	-0.002811497914247981	0	0.9399999999999999	0	0	0	0	0	0	0	0	0	0.002290037157221419	0.001776309690146335	0.02875775358331505	0.002201080902056743	0.00218935007304886	0	0	0	0	0	0	0	0	0	0	0	0	0	0	0	0	0	0	0	0
2.5	-0.001275190869540714	1.572114470950235	-0.002734236586503881	0	0.9399999999999999	0	0	0	0	0	0	0	0	0	0.002324650567040749	0.001781569342247969	0.02932512028255198	0.002255056232317192	0.002257445036934418	0	0	0	0	0	0	0	0	0	0	0	0	0	0	0	0	0	0	0	0
2.52	-0.001275133472310647	1.572114480359665	-0.002734223769359842	0	0.9399999999999999	0	0	0	0	0	0	0	0	0	0.002324664345523439	0.001781572107538864	0.02932520173921297	0.002256236822064064	0.002256257321185166	0	0	0	0	0	0	0	0	0	0	0	0	0	0	0	0	0	0	0	0
2.54	-0.001308608548840736	1.572114740672945	-0.002768565870945794	0	0.9399999999999999	0	0	0	0	0	0	0	0	0	0.002326776432552882	0.001782074677358121	0.02939389323879452	0.002266734291080184	0.002258695371440766	0	0	0	0	0	0	0	0	0	0	0	0	0	0	0	0	0	0	0	0
2.56	-0.001188182310452729	1.572120668835657	-0.002657763842869643	0	0.9399999999999999	0	0	0	0	0	0	0	0	0	0.002375261142439913	0.001787108967179021	0.03003016869111254	0.002327022970978683	0.002326839962630665	0	0	0	0	0	0	0	0	0	0	0	0	0	0	0	0	0	0	0	0
2.58	-0.001188182310452729	1.572120668835657	-0.002657763842869643	0	0.9399999999999999	0	0	0	0	0	0	0	0	0	0.002375261142439913	0.001787108967179021	0.03003016869111254	0.002327022970978683	0.002326839962630665	0	0	0	0	0	0	0	0	0	0	0	0	0	0	0	0	0	0	0	0
2.6	-0.001221664531997544	1.572118881519448	-0.002692153577644642	0	0.9399999999999999	0	0	0	0	0	0	0	0	0	0.002371318954275326	0.001789095046785641	0.03009819884195881	0.002339141103579609	0.00233109842873349	0	0	0	0	0	0	0	0	0	0	0	0	0	0	0	0	0	0	0	0
2.62	-0.00110009749267406	1.57211849983706	-0.002581541822827216	0	0.9399999999999999	0	0	0	0	0	0	0	0	0	0.00241026715674072	0.001798064659657011	0.03073509474244204	0.002402361097197244	0.00240234726365438	0	0	0	0	0	0	0	0	0	0	0	0	0	0	0	0	0	0	0	0
2.64	-0.00110009749267406	1.57211849983706	-0.002581541822827216	0	0.9399999999999999	0	0	0	0	0	0	0	0	0	0.00241026715674072	0.001798064659657011	0.03073509474244204	0.002402361097197244	0.00240234726365438	0	0	0	0	0	0	0	0	0	0	0	0	0	0	0	0	0	0	0	0
2.66	-0.001126228582191869	1.572122865054825	-0.002609010860043374	0	0.9399999999999999	0	0	0	0	0	0	0	0	0	0.002409653873406472	0.001795371789326703	0.03081470197980355	0.002418109283206046	0.002404283529269118	0	0	0	0	0	0	0	0	0	0	0	0	0	0	0	0	0	0	0	0
2.68	-0.001144509654873528	1.572122611130466	-0.002628632852635731	0	0.9399999999999999	0	0	0	0	0	0	0	0	0	0.002414445544125816	0.001796703972912527	0.03093359387809241	0.002418500995895868	0.002428490597738713	0	0	0	0	0	0	0	0	0	0	0	0	0	0	0	0	0	0	0	0
2.7	-0.001153023999315905	1.572123105462974	-0.00263853715926384	0	0.9399999999999999	0	0	0	0	0	0	0	0	0	0.002421440804347098	0.001797846787220051	0.0310870500299394	0.002446379458089336	0.00243322974921568	0	0	0	0	0	0	0	0	0	0	0	0	0	0	0	0	0	0	0	0
2.72	-0.0009927315097341446	1.572125835717576	-0.002485996495072574	0	0.9399999999999999	0	0	0	0	0	0	0	0	0	0.002460492401439763	0.001802897464150606	0.03165771615556361	0.00250173247144992	0.002501469512774924	0	0	0	0	0	0	0	0	0	0	0	0	0	0	0	0	0	0	0	0
2.74	-0.00102866311406193	1.572125948889318	-0.002522688414114231	0	0.9399999999999999	0	0	0	0	0	0	0	0	0	0.002461489755745344	0.001803304554443146	0.03171989608161453	0.002510805857758179	0.002504328104480538	0	0	0	0	0	0	0	0	0	0	0	0	0	0	0	0	0	0	0	0
2.76	-0.0009830087218647807	1.572126741772431	-0.002479830398300512	0	0.9399999999999999	0	0	0	0	0	0	0	0	0	0.002472641580355316	0.001805029027974743	0.03191584739480277	0.002530491932378313	0.002527665266276756	0	0	0	0	0	0	0	0	0	0	0	0	0	0	0	0	0	0	0	0
2.78	-0.0008827269239170603	1.572129791154395	-0.002386908063791843	0	0.9399999999999999	0	0	0	0	0	0	0	0	0	0.002515133917301195	0.001810088879050006	0.03258246436287641	0.002599594100129582	0.002599589282023248	0	0	0	0	0	0	0	0	0	0	0	0	0	0	0	0	0	0	0	0
2.8	-0.0009076903895071481	1.57212956213772	-0.002413227003531523	0	0.9399999999999999	0	0	0	0	0	0	0	0	0	0.002515988668182541	0.001811047984624975	0.03266367707214405	0.002615643052569497	0.002600503153223358	0	0	0	0	0	0	0	0	0	0	0	0	0	0	0	0	0	0	0	0
2.82	-0.0009046896581331804	1.572129833352821	-0.002411189204134671	0	0.9399999999999999	0	0	0	0	0	0	0	0	0	0.002517654876285947	0.001811260041283882	0.03269692313425963	0.002614878488518848	0.002607973130682862	0	0	0	0	0	0	0	0	0	0	0	0	0	0	0	0	0	0	0	0
2.84	-0.0008538175602202053	1.572130474935532	-0.0023633902242336	0	0.9399999999999999	0	0	0	0	0	0	0	0	0	0.00252843233390749	0.001812870465560053	0.032879106326953	0.002637927952400534	0.0026249231888679	0	0	0	0	0	0	0	0	0	0	0	0	0	0	0	0	0	0	0	0
2.86	-0.000904189534813316	1.572130764712514	-0.002414834518233554	0	0.9399999999999999	0	0	0	0	0	0	0	0	0	0.002532681705893602	0.001813571509373335	0.03300195492918005	0.002638213411703685	0.002648407887882507	0	0	0	0	0	0	0	0	0	0	0	0	0	0	0	0	0	0	0	0
2.88	-0.0007713100978880856	1.572132778493668	-0.002289698825047826	0	0.9399999999999999	0	0	0	0	0	0	0	0	0	0.002566360743178334	0.00181770601459992	0.0335139053173989	0.002698180047535885	0.002698719850234367	0	0	0	0	0	0	0	0	0	0	0	0	0	0	0	0	0	0	0	0
2.9	-0.0007952460449313848	1.572132957005813	-0.002314993685631691	0	0.9399999999999999	0	0	0	0	0	0	0	0	0	0.002568542788358728	0.001818253424592049	0.03359334480327923	0.002711751067827589	0.002701101965845021	0	0	0	0	0	0	0	0	0	0	0	0	0	0	0	0	0	0	0	0
2.92	-0.0008202137964310432	1.572133196694353	-0.002341120794508177	0	0.9399999999999999	0	0	0	0	0	0	0	0	0	0.00257274813699314	0.001818953775722673	0.03370374306808901	0.002712957893724807	0.0027222984309058	0	0	0	0	0	0	0	0	0	0	0	0	0	0	0	0	0	0	0	0
2.94	-0.0006878569122877048	1.572135001804345	-0.002216452635816087	0	0.9399999999999999	0	0	0	0	0	0	0	0	0	0.00260576976775497	0.00182285443779268	0.03421002461951698	0.002772130582951298	0.002772765232585189	0	0	0	0	0	0	0	0	0	0	0	0	0	0	0	0	0	0	0	0
2.96	-0.000711635886420223	1.572135167167525	-0.002241594960430558	0	0.9399999999999999	0	0	0	0	0	0	0	0	0	0.002608015898789171	0.001823381497625355	0.03428921029909317	0.00278544379666453	0.002775348710449803	0	0	0	0	0	0	0	0	0	0	0	0	0	0	0	0	0	0	0	0
2.98	-0.0007380802230357291	1.572135376887202	-0.002269162172967568	0	0.9399999999999999	0	0	0	0	0	0	0	0	0	0.002612035275808286	0.001824043594478183	0.03439770214432341	0.002786876088614647	0.002795919071662158	0	0	0	0	0	0	0	0	0	0	0	0	0	0	0	0	0	0	0	0
3	-0.0006043834276359157	1.572137041405409	-0.002143153042016479	0	0.9399999999999999	0	0	0	0	0	0	0	0	0	0.002645169233715798	0.001827812188035642	0.03490575684973286	0.002846221273216556	0.002846887242630478	0	0	0	0	0	0	0	0	0	0	0	0	0	0	0	0	0	0	0	0
3.02	-0.0006281171385751972	1.572137193292781	-0.002168254347901222	0	0.9399999999999999	0	0	0	0	0	0	0	0	0	0.002647411501208994	0.001828324484431249	0.03498485838448285	0.002859463113356425	0.00284954548281505	0	0	0	0	0	0	0	0	0	0	0	0	0	0	0	0	0	0	0	0
3.04	-0.0006550623394592804	1.572137381833822	-0.002196312560700309	0	0.9399999999999999	0	0	0	0	0	0	0	0	0	0.002651349224313295	0.001828963292691448	0.03509272737516015	0.002860986122861778	0.002869913647521353	0	0	0	0	0	0	0	0	0	0	0	0	0	0	0	0	0	0	0	0
3.06	-0.0004940916795888332	1.572139693732278	-0.00204376402009413	0	0.9399999999999999	0	0	0	0	0	0	0	0	0	0.002701173460034126	0.001833892801413137	0.03583032987612722	0.002944442301311568	0.002944796014081158	0	0	0	0	0	0	0	0	0	0	0	0	0	0	0	0	0	0	0	0
3.08	-0.0005186923468072086	1.572139552585764	-0.002069741651239229	0	0.9399999999999999	0	0	0	0	0	0	0	0	0	0.002700423452823644	0.001834635934930378	0.03591071669773376	0.002959239865507325	0.002947811115853005	0	0	0	0	0	0	0	0	0	0	0	0	0	0	0	0	0	0	0	0
3.1	-0.0004992356235431949	1.572139922682409	-0.002051265792488095	0	0.9399999999999999	0	0	0	0	0	0	0	0	0	0.002701758727679933	0.00183483605927912	0.03594501574410818	0.002964721095144317	0.002949488584958793	0	0	0	0	0	0	0	0	0	0	0	0	0	0	0	0	0	0	0	0
3.12	-0.0005070699502861819	1.572140022327544	-0.002060950820204323	0	0.9399999999999999	0	0	0	0	0	0	0	0	0	0.002708220783960549	0.001835765308480631	0.03607556806409597	0.002961135486337122	0.002979995741283821	0	0	0	0	0	0	0	0	0	0	0	0	0	0	0	0	0	0	0	0
3.14	-0.0003835641401248692	1.572141756952195	-0.001946505024806641	0	0.9399999999999999	0	0	0	0	0	0	0	0	0	0.002738946455502001	0.001839484871020686	0.03657501422935466	0.003020525723614134	0.003020597544181351	0	0	0	0	0	0	0	0	0	0	0	0	0	0	0	0	0	0	0	0
3.16	-0.0004207955087049431	1.572141683271677	-0.001985102891472045	0	0.9399999999999999	0	0	0	0	0	0	0	0	0	0.002739762172545809	0.001839893997445762	0.03664743213245276	0.003032031079477759	0.003024462215096393	0	0	0	0	0	0	0	0	0	0	0	0	0	0	0	0	0	0	0	0
3.18	-0.0003676051687745983	1.572142019993065	-0.001935555945690846	0	0.9399999999999999	0	0	0	0	0	0	0	0	0	0.00275167159623154	0.00184111399345503	0.03685365679331008	0.003059698278559488	0.003045107445792443	0	0	0	0	0	0	0	0	0	0	0	0	0	0	0	0	0	0	0	0
3.2	-0.0004215166359539899	1.572142198645182	-0.001990977958387242	0	0.9399999999999999	0	0	0	0	0	0	0	0	0	0.002757460907560364	0.001841830682975376	0.03699973417395871	0.00306496268212942	0.003068959136210615	0	0	0	0	0	0	0	0	0	0	0	0	0	0	0	0	0	0	0	0
3.22	-0.0004341704466156921	1.572142368500166	-0.002004869575749169	0	0.9399999999999999	0	0	0	0	0	0	0	0	0	0.002763208803145806	0.00184256008920462	0.03713062721803403	0.003085901207468544	0.003076193645702467	0	0	0	0	0	0	0	0	0	0	0	0	0	0	0	0	0	0	0	0
3.24	-0.000270663003165509	1.57214363866193	-0.001848960571942984	0	0.9399999999999999	0	0	0	0	0	0	0	0	0	0.002801638977555326	0.001846117306530031	0.03768738975593785	0.003143423495332751	0.003142969547720415	0	0	0	0	0	0	0	0	0	0	0	0	0	0	0	0	0	0	0	0
3.26	-0.000308092084207997	1.572143679967702	-0.001887080197630265	0	0.9399999999999999	0	0	0	0	0	0	0	0	0	0.002802477653386113	0.001846425141507535	0.03774645563445868	0.00315158719285379	0.003146180620157008	0	0	0	0	0	0	0	0	0	0	0	0	0	0	0	0	0	0	0	0
3.28	-0.000265425362021044	1.572144012059381	-0.001847125079545623	0	0.9399999999999999	0	0	0	0	0	0	0	0	0	0.002812627860436113	0.001847666635722928	0.03793387459836685	0.003171485159555935	0.003168389070860316	0	0	0	0	0	0	0	0	0	0	0	0	0	0	0	0	0	0	0	0
3.3	-0.0003230723744531648	1.572144109665327	-0.001905395927336495	0	0.9399999999999999	0	0	0	0	0	0	0	0	0	0.00281519697441384	0.001848120409469617	0.03803457878395169	0.003176084900534977	0.003183087760620608	0	0	0	0	0	0	0	0	0	0	0	0	0	0	0	0	0	0	0	0
3.32	-0.0001603518254928235	1.572145341532037	-0.001750273410226762	0	0.9399999999999999	0	0	0	0	0	0	0	0	0	0.00285403490721442	0.001851829118594929	0.03861764153528816	0.00324397270499669	0.003243650666308153	0	0	0	0	0	0	0	0	0	0	0	0	0	0	0	0	0	0	0	0
3.34	-0.0001959513201297735	1.5721453954205	-0.001786618789035664	0	0.9399999999999999	0	0	0	0	0	0	0	0	0	0.002855040581324743	0.001852135687557077	0.03867727023793753	0.003252493278619839	0.003246531139492522	0	0	0	0	0	0	0	0	0	0	0	0	0	0	0	0	0	0	0	0
3.36	-0.0001057750709394715	1.572146146167948	-0.001702521071499723	0	0.9399999999999999	0	0	0	0	0	0	0	0	0	0.00287740101595185	0.001854608869809855	0.03906750838131933	0.003292049315228029	0.003292982222041509	0	0	0	0	0	0	0	0	0	0	0	0	0	0	0	0	0	0	0	0
3.38	-0.0001324956314753213	1.572146380722963	-0.001730636412313793	0	0.9399999999999999	0	0	0	0	0	0	0	0	0	0.002881267923647885	0.001855206872507049	0.03918681136786334	0.003308700011212033	0.003287714425168655	0	0	0	0	0	0	0	0	0	0	0	0	0	0	0	0	0	0	0	0
3.4	-0.0001485722868792844	1.572146377313711	-0.001746974091270853	0	0.9399999999999999	0	0	0	0	0	0	0	0	0	0.002881887580841496	0.001855379244412282	0.03921890157250287	0.003307334321772448	0.003295720497371415	0	0	0	0	0	0	0	0	0	0	0	0	0	0	0	0	0	0	0	0
3.42	-0.0001842184844242499	1.572146441638773	-0.001783695501838855	0	0.9399999999999999	0	0	0	0	0	0	0	0	0	0.002886757909787418	0.001856192174527916	0.03936964298937255	0.003312292480171072	0.003323405181502932	0	0	0	0	0	0	0	0	0	0	0	0	0	0	0	0	0	0	0	0
3.44	4.645677627369275e-06	1.572147697359523	-0.001604036061377049	0	0.9399999999999999	0	0	0	0	0	0	0	0	0	0.002933031994655846	0.001860097695994427	0.03999842490776372	0.003389239680115639	0.003389164490667612	0	0	0	0	0	0	0	0	0	0	0	0	0	0	0	0	0	0	0	0
3.46	-2.885498776820312e-05	1.572147701967197	-0.00163848081969768	0	0.9399999999999999	0	0	0	0	0	0	0	0	0	0.002932754965567675	0.001860481126583706	0.04006673238466246	0.003400572650847048	0.003392544968442372	0	0	0	0	0	0	0	0	0	0	0	0	0	0	0	0	0	0	0	0
3.48	2.973126238351476e-05	1.572147952463723	-0.001583033126942	0	0.9399999999999999	0	0	0	0	0	0	0	0	0	0.002942928623466766	0.001861755154910176	0.04027271904098762	0.003428592427184754	0.003412876330494974	0	0	0	0	0	0	0	0	0	0	0	0	0	0	0	0	0	0	0	0
3.5	-3.173751843372435e-05	1.572148159956285	-0.001645571083533464	0	0.9399999999999999	0	0	0	0	0	0	0	0	0	0.002947788434135742	0.001862452051319259	0.04043323602342586	0.003425121084758698	0.003438522474885967	0	0	0	0	0	0	0	0	0	0	0	0	0	0	0	0	0	0	0	0
3.52	0.0001431492719297705	1.572149120527744	-0.001478801575595045	0	0.9399999999999999	0	0	0	0	0	0	0	0	0	0.002995525266461052	0.001866728431942943	0.04116170905757144	0.003515070274987463	0.003515221549995661	0	0	0	0	0	0	0	0	0	0	0	0	0	0	0	0	0	0	0	0
3.54	0.0001431492719297705	1.572149120527744	-0.001478801575595045	0	0.9399999999999999	0	0	0	0	0	0	0	0	0	0.002995525266461052	0.001866728431942943	0.04116170905757144	0.003515070274987463	0.003515221549995661	0	0	0	0	0	0	0	0	0	0	0	0	0	0	0	0	0	0	0	0
3.56	0.0001182717862933155	1.572149213617832	-0.001505074059918204	0	0.9399999999999999	0	0	0	0	0	0	0	0	0	0.002997524198293955	0.001867189192214152	0.04124249737942979	0.003530361211794913	0.003516892043375157	0	0	0	0	0	0	0	0	0	0	0	0	0	0	0	0	0	0	0	0
3.58	9.934895767867508e-05	1.57214931506348	-0.00152536797069061	0	0.9399999999999999	0	0	0	0	0	0	0	0	0	0.003002290522026249	0.001867832242553462	0.04136157013203971	0.003531143707995698	0.00354117880524918	0	0	0	0	0	0	0	0	0	0	0	0	0	0	0	0	0	0	0	0
3.6	0.0002264210786575571	1.572150063114582	-0.001406217692061818	0	0.9399999999999999	0	0	0	0	0	0	0	0	0	0.003034843597080119	0.00187081131911215	0.04186015149535918	0.003591096922480949	0.003591692086771184	0	0	0	0	0	0	0	0	0	0	0	0	0	0	0	0	0	0	0	0
3.62	0.0002026391140723015	1.572150120818418	-0.001431395903631069	0	0.9399999999999999	0	0	0	0	0	0	0	0	0	0.003036899541336225	0.00187124660260748	0.0419394033347129	0.003604684532367917	0.00359442982343304	0	0	0	0	0	0	0	0	0	0	0	0	0	0	0	0	0	0	0	0
3.64	0.0001765950635800783	1.572150184062807	-0.001458600121636425	0	0.9399999999999999	0	0	0	0	0	0	0	0	0	0.00304076504621505	0.001871798077829355	0.04204838471345414	0.003606241362341293	0.0036153582088076	0	0	0	0	0	0	0	0	0	0	0	0	0	0	0	0	0	0	0	0
3.66	0.0003100594734715294	1.572150827367328	-0.001333009032204114	0	0.9399999999999999	0	0	0	0	0	0	0	0	0	0.003073707491022799	0.001874723092045908	0.04255588684442843	0.003666395714956789	0.003667046510624025	0	0	0	0	0	0	0	0	0	0	0	0	0	0	0	0	0	0	0	0
3.68	0.0002863232852378559	1.572150878686246	-0.001358143099966002	0	0.9399999999999999	0	0	0	0	0	0	0	0	0	0.003075779105096395	0.001875155551764998	0.04263500390494347	0.003679788055830858	0.00366983603677834	0	0	0	0	0	0	0	0	0	0	0	0	0	0	0	0	0	0	0	0
3.7	0.0002594516022925889	1.572150932389489	-0.001386153718285911	0	0.9399999999999999	0	0	0	0	0	0	0	0	0	0.003079528178177225	0.001875696532452574	0.04274293899355065	0.00368143388502445	0.003690367865399803	0	0	0	0	0	0	0	0	0	0	0	0	0	0	0	0	0	0	0	0
3.72	0.0003936439136141122	1.572151519398028	-0.001259826694948341	0	0.9399999999999999	0	0	0	0	0	0	0	0	0	0.003112409958369312	0.001878596690243995	0.04325141366594195	0.003741461283157579	0.003742135738390786	0	0	0	0	0	0	0	0	0	0	0	0	0	0	0	0	0	0	0	0
3.74	0.0003699408130835483	1.572151565864358	-0.001284929267070213	0	0.9399999999999999	0	0	0	0	0	0	0	0	0	0.003114480770296174	0.001879026963586846	0.04333047634676355	0.003754781699955838	0.003744951715365449	0	0	0	0	0	0	0	0	0	0	0	0	0	0	0	0	0	0	0	0
3.76	0.0003427219650662502	1.572151611581637	-0.001313279027452395	0	0.9399999999999999	0	0	0	0	0	0	0	0	0	0.003118176557441197	0.001879562888704602	0.04343799283896202	0.003756472802414661	0.003765324488232117	0	0	0	0	0	0	0	0	0	0	0	0	0	0	0	0	0	0	0	0
3.78	0.0004772296099025896	1.572152146999994	-0.001186637411980853	0	0.9399999999999999	0	0	0	0	0	0	0	0	0	0.0031510275187531	0.001882442163448347	0.04394688612660277	0.003816468484664689	0.003817154121833759	0	0	0	0	0	0	0	0	0	0	0	0	0	0	0	0	0	0	0	0
3.8	0.0004535428469609846	1.572152188772656	-0.001211725127990681	0	0.9399999999999999	0	0	0	0	0	0	0	0	0	0.003153094441189775	0.001882871041104203	0.04402592254211358	0.003829758911956616	0.00381998678096046	0	0	0	0	0	0	0	0	0	0	0	0	0	0	0	0	0	0	0	0
3.82	0.0004261563187655	1.572152227341691	-0.001240239287602576	0	0.9399999999999999	0	0	0	0	0	0	0	0	0	0.003156760309579747	0.001883404111429359	0.04413323945137761	0.003831476237865456	0.003840286600889755	0	0	0	0	0	0	0	0	0	0	0	0	0	0	0	0	0	0	0	0
3.84	0.0005608184599660826	1.572152714893039	-0.001113447198755476	0	0.9399999999999999	0	0	0	0	0	0	0	0	0	0.003189590879077826	0.001886266455695269	0.04464233176769638	0.003891473062967079	0.003892164371454203	0	0	0	0	0	0	0	0	0	0	0	0	0	0	0	0	0	0	0	0
3.86	0.0005371404219871957	1.572152752238623	-0.001138527559309273	0	0.9399999999999999	0	0	0	0	0	0	0	0	0	0.003191652524825882	0.001886694572647687	0.04472135444648691	0.003904750714049993	0.003895008477197285	0	0	0	0	0	0	0	0	0	0	0	0	0	0	0	0	0	0	0	0
3.88	0.0005096661657016008	1.572152784269436	-0.001167128203241736	0	0.9399999999999999	0	0	0	0	0	0	0	0	0	0.003195298800223595	0.001887226098683587	0.04482856736250248	0.003906484503302249	0.00391527269183455	0	0	0	0	0	0	0	0	0	0	0	0	0	0	0	0	0	0	0	0
3.9	0.000670695661573635	1.572153409100973	-0.001014401402384126	0	0.9399999999999999	0	0	0	0	0	0	0	0	0	0.003230456162083556	0.001890381256690347	0.0453852067489891	0.003968470944816121	0.003968667228998746	0	0	0	0	0	0	0	0	0	0	0	0	0	0	0	0	0	0	0	0
3.92	0.0006204599490355557	1.572153429968591	-0.001065554906191645	0	0.9399999999999999	0	0	0	0	0	0	0	0	0	0.003230825244452696	0.001890775770072472	0.04547470018253033	0.003978229017780987	0.003968946337502758	0	0	0	0	0	0	0	0	0	0	0	0	0	0	0	0	0	0	0	0
3.94	0.0006132499882482382	1.572153423623622	-0.001072942446618501	0	0.9399999999999999	0	0	0	0	0	0	0	0	0	0.00323109129017329	0.001890880347807727	0.04549502742854711	0.003979172247052677	0.00397234179522231	0	0	0	0	0	0	0	0	0	0	0	0	0	0	0	0	0	0	0	0
3.96	0.0007575155752947072	1.572151342830145	-0.0009397699368783609	0	0.9399999999999999	0	0	0	0	0	0	0	0	0	0.003280231281951903	0.001897281853042792	0.04626524541075063	0.00406394809397502	0.004063960391630335	0	0	0	0	0	0	0	0	0	0	0	0	0	0	0	0	0	0	0	0
3.98	0.0007485621421353503	1.5721536276948	-0.000949478496245348	0	0.9399999999999999	0	0	0	0	0	0	0	0	0	0.003279358012529326	0.001895634582922019	0.04628988047909373	0.004061609233590366	0.004065011786740891	0	0	0	0	0	0	0	0	0	0	0	0	0	0	0	0	0	0	0	0
4	0.0007338640747650813	1.572153744982991	-0.0009644070301843152	0	0.9399999999999999	0	0	0	0	0	0	0	0	0	0.003279233901012039	0.001895632531071317	0.04631048010585037	0.004064666587778255	0.004066294836873547	0	0	0	0	0	0	0	0	0	0	0	0	0	0	0	0	0	0	0	0
4.02	0.000737792371643251	1.571784876542132	-0.0009573788864712786	0	0.9399999999999999	0	0	0	0	0	0	0	0	0	0.01676560254975752	-0.0006152830212713486	0.06185607117935241	0	9.925098906651573e-07	0	0	0	0	0	0	0	0	0	0	0	0	0	0	0	0	0	0	0	0
4.04	0.0004175430012476908	1.573085063942612	-0.001284689422813406	0	0.9399999999999999	0	0	0	0	0	0	0	0	0	0.02860911832515324	-0.003522070022938036	0.07742031056377789	0	1.553749591001066e-06	0	0	0	0	0	0	0	0	0	0	0	0	0	0	0	0	0	0	0	0
4.06	-0.0001563406634654782	1.575876050724845	-0.001951292186277526	0	0.9399999999999999	0	0	0	0	0	0	0	0	0	0.03555740005893095	-0.0106384410828297	0.09378219788645642	0	-4.933745404933063e-06	0	0	0	0	0	0	0	0	0	0	0	0	0	0	0	0	0	0	0	0
4.08	-0.0008498511347802966	1.578906738769072	-0.002938027778843097	0	0.9399999999999999	0	0	0	0	0	0	0	0	0	0.03818375934396818	-0.02043003411480506	0.1075115994706933	0	5.614851210831026e-07	0	0	0	0	0	0	0	0	0	0	0	0	0	0	0	0	0	0	0	0
4.1	-0.001572773218715678	1.581827803217988	-0.004101899754371686	0	0.9399999999999999	0	0	0	0	0	0	0	0	0	0.03971917987501801	-0.03075646391751097	0.1168221154030577	0	-5.802616199822119e-06	0	0	0	0	0	0	0	0	0	0	0	0	0	0	0	0	0	0	0	0
4.119999999999999	-0.002429266606787957	1.584231348236778	-0.00508795853029787	0	0.9399999999999999	0	0	0	0	0	0	0	0	0	0.04926226468988369	-0.03746398149887829	0.1245508240498102	0	1.785032377674692e-05	0	0	0	0	0	0	0	0	0	0	0	0	0	0	0	0	0	0	0	0
4.14	-0.003360136009430697	1.585061992362714	-0.006076429405801505	0	0.9399999999999999	0	0	0	0	0	0	0	0	0	0.06434864875999821	-0.0362425169648834	0.131758603308532	0	8.039490521623523e-06	0	0	0	0	0	0	0	0	0	0	0	0	0	0	0	0	0	0	0	0
4.159999999999999	-0.004872207847452474	1.583203093823128	-0.007688578868793634	0	0.9399999999999999	0	0	0	0	0	0	0	0	0	0.07885406421616845	-0.03526170971386684	0.1476680140793431	0	-1.824589025000839e-06	0	0	0	0	0	0	0	0	0	0	0	0	0	0	0	0	0	0	0	0
4.18	-0.005120526507936518	1.582025991587608	-0.008321230118903778	0	0.9399999999999999	0	0	0	0	0	0	0	0	0	0.0923042038991729	-0.05787661994366741	0.1808813969541135	0	6.66223053355164e-06	0	0	0	0	0	0	0	0	0	0	0	0	0	0	0	0	0	0	0	0
4.199999999999999	-0.005107878317988338	1.58202708920391	-0.00833442967428342	0	0.9399999999999999	0	0	0	0	0	0	0	0	0	0.09230507652293797	-0.0578731998531432	0.1808848577538534	0	3.987139242153854e-06	0	0	0	0	0	0	0	0	0	0	0	0	0	0	0	0	0	0	0	0
4.22	-0.005033119011129157	1.58195805658042	-0.008780508346156988	0	0.9399999999999999	0	0	0	0	0	0	0	0	0	0.09487772246386392	-0.07311704060632505	0.1899820039065691	0	-4.673102521606917e-06	0	0	0	0	0	0	0	0	0	0	0	0	0	0	0	0	0	0	0	0
4.239999999999999	-0.004378860803988317	1.582957992620211	-0.008243621297374847	0	0.9399999999999999	0	0	0	0	0	0	0	0	0	0.1177174497265821	-0.08944957421756811	0.1893686566680963	0	-1.628225331620199e-07	0	0	0	0	0	0	0	0	0	0	0	0	0	0	0	0	0	0	0	0
4.26	-0.003525265757976912	1.583563935301065	-0.007649330595219838	0	0.9399999999999999	0	0	0	0	0	0	0	0	0	0.1322584542240398	-0.09210638400753154	0.1831831541893366	0	-2.730629230020036e-06	0	0	0	0	0	0	0	0	0	0	0	0	0	0	0	0	0	0	0	0
4.279999999999999	-0.003520628769065666	1.583562017350862	-0.007656783410815228	0	0.9399999999999999	0	0	0	0	0	0	0	0	0	0.1322592444889255	-0.09210756682676272	0.1831864784423152	0	-2.493487809231499e-06	0	0	0	0	0	0	0	0	0	0	0	0	0	0	0	0	0	0	0	0
4.3	-0.002433979176339778	1.583597718540653	-0.006977020724329727	0	0.9399999999999999	0	0	0	0	0	0	0	0	0	0.1460258090396649	-0.09620648456330123	0.1772482197258145	0	7.443098131908543e-06	0	0	0	0	0	0	0	0	0	0	0	0	0	0	0	0	0	0	0	0
4.319999999999999	-0.00027958300156817	1.583075831191501	-0.005350532676247893	0	0.9399999999999999	0	0	0	0	0	0	0	0	0	0.1737876342104598	-0.1080358463938879	0.1710208756612146	0	-5.461562214648986e-06	0	0	0	0	0	0	0	0	0	0	0	0	0	0	0	0	0	0	0	0
4.34	0.0009295716269588091	1.58299299870651	-0.004919537372571574	0	0.9399999999999999	0	0	0	0	0	0	0	0	0	0.1890705485645911	-0.1123194121170704	0.1687983593447476	0	-7.993623247155297e-06	0	0	0	0	0	0	0	0	0	0	0	0	0	0	0	0	0	0	0	0
4.359999999999999	0.8901811248763628	1.590485575153746	-0.8931591560914969	0	0.9399999999999999	0	0	0	0	0	0	0	0	0	0.2133708534906258	-0.1121200387391608	0.1660065193213755	0	-6.145033638292497e-08	0	0	0	0	0	0	0	0	0	0	0	0	0	0	0	0	0	0	0	0
4.38	0.8901727182708306	1.592221835586662	-0.892895917956098	0	0.9399999999999999	0	0	0	0	0	0	0	0	0	0.2359921725883087	-0.1148304722867024	0.1661191692836068	0	-4.471536247109845e-06	0	0	0	0	0	0	0	0	0	0	0	0	0	0	0	0	0	0	0	0
4.399999999999999	0.8900126979174472	1.595124024363401	-0.892875016783418	0	0.9399999999999999	0	0	0	0	0	0	0	0	0	0.2516975342145278	-0.1141626246241713	0.1654443663159374	0	-1.634360451098236e-06	0	0	0	0	0	0	0	0	0	0	0	0	0	0	0	0	0	0	0	0
4.42	0.889470744332815	1.598464110083228	-0.8931903831128206	0	0.9399999999999999	0	0	0	0	0	0	0	0	0	0.266434207932901	-0.1142167028258046	0.1628412776497954	0	1.545144442642365e-05	0	0	0	0	0	0	0	0	0	0	0	0	0	0	0	0	0	0	0	0
4.44	0.8894724329086705	1.598468932709331	-0.8931867179054541	0	0.9399999999999999	0	0	0	0	0	0	0	0	0	0.2664402280617987	-0.1142057137560177	0.1628861773708072	0	1.105401248241273e-05	0	0	0	0	0	0	0	0	0	0	0	0	0	0	0	0	0	0	0	0
4.46	0.8887450193881351	1.601895540559143	-0.8937468509162246	0	0.9399999999999999	0	0	0	0	0	0	0	0	0	0.2812796351739695	-0.1133071617258835	0.1579073271839563	0	1.284906710089849e-06	0	0	0	0	0	0	0	0	0	0	0	0	0	0	0	0	0	0	0	0
4.48	0.8875807390576458	1.605221621089832	-0.8948589986418165	0	0.9399999999999999	0	0	0	0	0	0	0	0	0	0.2956518012042815	-0.111341697808149	0.1481288167906206	0	6.069732549022582e-06	0	0	0	0	0	0	0	0	0	0	0	0	0	0	0	0	0	0	0	0
4.5	0.8855694486839012	1.612835611979297	-0.8976607085895966	0	0.9399999999999999	0	0	0	0	0	0	0	0	0	0.3139782899030297	-0.1081389129255257	0.1344284363381499	0	1.08148936599073e-05	0	0	0	0	0	0	0	0	0	0	0	0	0	0	0	0	0	0	0	0
4.52	0.8859169776946622	1.612837436561918	-0.8979735613378619	0	0.9399999999999999	0	0	0	0	0	0	0	0	0	0.3282484384758315	-0.106630512229353	0.1256288605356307	0	3.307937982639369e-06	0	0	0	0	0	0	0	0	0	0	0	0	0	0	0	0	0	0	0	0
4.54	0.8839396264639511	1.619156541821572	-0.9017634717634362	0	0.9399999999999999	0	0	0	0	0	0	0	0	0	0.3553237992238636	-0.09290257338614391	0.1016846388383038	0	-8.102177213311191e-06	0	0	0	0	0	0	0	0	0	0	0	0	0	0	0	0	0	0	0	0
4.56	1.03257686838892	1.6221826968661	-1.053242143759049	0	0.9399999999999999	0	0	0	0	0	0	0	0	0	0.3698325450706467	-0.09214941905838024	0.09529949926011236	0	1.347948312859096e-07	0	0	0	0	0	0	0	0	0	0	0	0	0	0	0	0	0	0	0	0
4.58	1.031447014891978	1.624011053104268	-1.054640324456069	0	0.9399999999999999	0	0	0	0	0	0	0	0	0	0.381796636860428	-0.08553125569993207	0.08941499162445336	0.008322319333835036	0.008325041088611953	0	0	0	0	0	0	0	0	0	0	0	0	0	0	0	0	0	0	0	0
4.6	1.030281842566616	1.625078746353146	-1.05598754794448	0	0.9399999999999999	0	0	0	0	0	0	0	0	0	0.4072919544498859	-0.07916058243088253	0.08390894136623873	0.04697280694533595	0.04696801730197885	0	0	0	0	0	0	0	0	0	0	0	0	0	0	0	0	0	0	0	0
4.62	1.029075502731467	1.625665403052256	-1.057179997955345	0	0.9399999999999999	0	0	0	0	0	0	0	0	0	0.4346994144592568	-0.0738159485627695	0.07942410307109085	0.0946251393462955	0.09462251796744384	0	0	0	0	0	0	0	0	0	0	0	0	0	0	0	0	0	0	0	0
4.64	1.027612909092527	1.625543966666182	-1.057839615663534	0	0.9399999999999999	0	0	0	0	0	0	0	0	0	0.4635051026828575	-0.0696065095326487	0.07476639497881132	0.1506007715032778	0.1506002866815606	0	0	0	0	0	0	0	0	0	0	0	0	0	0	0	0	0	0	0	0
4.659999999999999	1.027610261005327	1.625543504994445	-1.057834905885049	0	0.9399999999999999	0	0	0	0	0	0	0	0	0	0.4635054085093731	-0.06960467726961875	0.07477002524975269	0.150600914377963	0.1506004406932038	0	0	0	0	0	0	0	0	0	0	0	0	0	0	0	0	0	0	0	0
4.68	0.9605745708961179	1.624807612764565	-0.9925876064012202	0	0.9399999999999999	0	0	0	0	0	0	0	0	0	0.4918292260229646	-0.06545243086418484	0.06820368602626535	0.2113911585459318	0.2113909996111702	0	0	0	0	0	0	0	0	0	0	0	0	0	0	0	0	0	0	0	0
4.699999999999999	0.9586994268671889	1.624827938883681	-0.9923724996254082	0	0.9399999999999999	0	0	0	0	0	0	0	0	0	0.5240548175653514	-0.06657440361072531	0.06308805443176368	0.2691270518822063	0.2691194587977747	0	0	0	0	0	0	0	0	0	0	0	0	0	0	0	0	0	0	0	0
4.72	0.877713907666309	1.6261265005535	-0.9129964218951395	0	0.9399999999999999	0	0	0	0	0	0	0	0	0	0.5541236007514562	-0.05833622404976407	0.05255715497630517	0.3028481654910005	0.3028477421270231	0	0	0	0	0	0	0	0	0	0	0	0	0	0	0	0	0	0	0	0
4.739999999999999	0.8249902987118244	1.629390501123	-0.8619986898761243	0	0.9399999999999999	0	0	0	0	0	0	0	0	0	0.5872215045389321	-0.04530562173069679	0.04592797267083284	0.3268801503429104	0.3268801322233984	0	0	0	0	0	0	0	0	0	0	0	0	0	0	0	0	0	0	0	0
4.76	0.7106857527708802	1.642187493819643	-0.7544721529451128	0	0.9399999999999999	0	0	0	0	0	0	0	0	0	0.6598417073952373	-0.03927479458178215	0.04143764818769229	0.4893177132129203	0.489317462770283	0	0	0	0	0	0	0	0	0	0	0	0	0	0	0	0	0	0	0	0
4.779999999999999	0.7106857527708802	1.642187493819643	-0.7544721529451128	0	0.9399999999999999	0	0	0	0	0	0	0	0	0	0.6598417073952373	-0.03927479458178215	0.04143764818769229	0.4893177132129203	0.489317462770283	0	0	0	0	0	0	0	0	0	0	0	0	0	0	0	0	0	0	0	0
4.8	0.6601489757318405	1.65013081794842	-0.7094120938590338	0	0.9399999999999999	0	0	0	0	0	0	0	0	0	0.6888252879708747	-0.02726382944287824	0.03277582592571954	0.5653421837524897	0.5653400259553553	0	0	0	0	0	0	0	0	0	0	0	0	0	0	0	0	0	0	0	0
4.819999999999999	0.6556509147742109	1.658137613369345	-0.7117101977864904	0	0.9399999999999999	0	0	0	0	0	0	0	0	0	0.7139669720306051	-0.01482802035078113	0.0285242906748416	0.6079060571429018	0.60790665091709	0	0	0	0	0	0	0	0	0	0	0	0	0	0	0	0	0	0	0	0
4.84	0.6984858982091864	1.669625035098033	-0.7723995011135458	0	0.9399999999999999	0	0	0	0	0	0	0	0	0	0.7427549341527905	0.004408699563289044	0.04710992849156694	0.6741008116149262	0.6741008868426218	0	0	0	0	0	0	0	0	0	0	0	0	0	0	0	0	0	0	0	0
4.859999999999999	0.6984858982091864	1.669625035098033	-0.7723995011135458	0	0.9399999999999999	0	0	0	0	0	0	0	0	0	0.7427549341527905	0.004408699563289044	0.04710992849156694	0.6741008116149262	0.6741008868426218	0	0	0	0	0	0	0	0	0	0	0	0	0	0	0	0	0	0	0	0
4.88	0.7808129030165938	1.672890218403547	-0.8648065985192215	0	0.9399999999999999	0	0	0	0	0	0	0	0	0	0.7491086051497663	0.006767938060535203	0.06498013449891747	0.7086203431016609	0.7086204111341852	0	0	0	0	0	0	0	0	0	0	0	0	0	0	0	0	0	0	0	0
4.899999999999999	0.8625968986925742	1.67693303545675	-0.9554769581062129	0	0.9399999999999999	0	0	0	0	0	0	0	0	0	0.7514540599850925	0.001893005982004361	0.07303801571067894	0.7338431671566853	0.7338426975398535	0	0	0	0	0	0	0	0	0	0	0	0	0	0	0	0	0	0	0	0
4.92	0.9593044618492701	1.681139477580197	-1.060037580777748	0	0.9399999999999999	0	0	0	0	0	0	0	0	0	0.7523010955520703	-0.01112799726316239	0.07205753395178205	0.7502596640558898	0.750258418205531	0	0	0	0	0	0	0	0	0	0	0	0	0	0	0	0	0	0	0	0
4.94	1.058462937877368	1.684380517050339	-1.16588622525863	0	0.9399999999999999	0	0	0	0	0	0	0	0	0	0.748249324728928	-0.02588926216689008	0.06703378871386341	0.7522160932075762	0.7522161165941735	0	0	0	0	0	0	0	0	0	0	0	0	0	0	0	0	0	0	0	0
4.96	1.148703494890839	1.687162041683164	-1.261479817644209	0	0.9399999999999999	0	0	0	0	0	0	0	0	0	0.737424388697149	-0.03659351938416617	0.0633284245786534	0.73923161195788	0.7392313671198474	0	0	0	0	0	0	0	0	0	0	0	0	0	0	0	0	0	0	0	0
4.98	1.224787017736038	1.690403505438466	-1.340934133484939	0	0.9399999999999999	0	0	0	0	0	0	0	0	0	0.7231080839304277	-0.0393756008534619	0.06381540562316627	0.7179495293751998	0.7179495888978907	0	0	0	0	0	0	0	0	0	0	0	0	0	0	0	0	0	0	0	0
5	1.288101626700038	1.694155531390569	-1.405586374387139	0	0.9399999999999999	0	0	0	0	0	0	0	0	0	0.7108213540157158	-0.03539836375070882	0.06863125230464279	0.6993467636600255	0.6993467415767335	0	0	0	0	0	0	0	0	0	0	0	0	0	0	0	0	0	0	0	0
5.02	1.375658488188966	1.703299997677478	-1.488984317650885	0	0.9399999999999999	0	0	0	0	0	0	0	0	0	0.7083027640344927	-0.02920595566938277	0.08177418328949795	0.6889037607351846	0.6889037559073007	0	0	0	0	0	0	0	0	0	0	0	0	0	0	0	0	0	0	0	0
5.04	1.396047106444721	1.708158433210338	-1.504402923714616	0	0.9399999999999999	0	0	0	0	0	0	0	0	0	0.689357695415925	-0.006834496520540399	0.1011945356980495	0.6700465012439232	0.6700465018475711	0	0	0	0	0	0	0	0	0	0	0	0	0	0	0	0	0	0	0	0
5.06	1.396047106444721	1.708158433210338	-1.504402923714616	0	0.9399999999999999	0	0	0	0	0	0	0	0	0	0.689357695415925	-0.006834496520540399	0.1011945356980495	0.6700465012439232	0.6700465018475711	0	0	0	0	0	0	0	0	0	0	0	0	0	0	0	0	0	0	0	0
5.08	1.399000063051268	1.712999195852962	-1.501125176574681	0	0.9399999999999999	0	0	0	0	0	0	0	0	0	0.6803423886974671	0.003640018754705455	0.1145752128482305	0.6570173073765614	0.6570190412629709	0	0	0	0	0	0	0	0	0	0	0	0	0	0	0	0	0	0	0	0
5.1	1.353429981016658	1.720347837200852	-1.442140299396647	0	0.9399999999999999	0	0	0	0	0	0	0	0	0	0.6555846068785947	0.02596802706252663	0.1334930699119811	0.6212300914723509	0.6212312105434457	0	0	0	0	0	0	0	0	0	0	0	0	0	0	0	0	0	0	0	0
5.12	1.318611918065266	1.722705727034921	-1.401210749322725	0	0.9399999999999999	0	0	0	0	0	0	0	0	0	0.6367571679261372	0.03959786694503305	0.1345783547919851	0.5909088089347473	0.5909083770199506	0	0	0	0	0	0	0	0	0	0	0	0	0	0	0	0	0	0	0	0
5.14	1.318611918065266	1.722705727034921	-1.401210749322725	0	0.9399999999999999	0	0	0	0	0	0	0	0	0	0.6367571679261372	0.03959786694503305	0.1345783547919851	0.5909088089347473	0.5909083770199506	0	0	0	0	0	0	0	0	0	0	0	0	0	0	0	0	0	0	0	0
5.159999999999999	1.276879921819375	1.724004019970725	-1.354181950988921	0	0.9399999999999999	0	0	0	0	0	0	0	0	0	0.6152782986496277	0.05420772311391284	0.1370696362229691	0.56142588830888	0.5614261556853343	0	0	0	0	0	0	0	0	0	0	0	0	0	0	0	0	0	0	0	0
5.18	1.232984100353855	1.724168832989184	-1.30577572722938	0	0.9399999999999999	0	0	0	0	0	0	0	0	0	0.591874024268172	0.06916979504841968	0.1378094349625563	0.5321160258229807	0.5321160825104749	0	0	0	0	0	0	0	0	0	0	0	0	0	0	0	0	0	0	0	0
5.199999999999999	1.191663398247407	1.722770889691952	-1.260850995683194	0	0.9399999999999999	0	0	0	0	0	0	0	0	0	0.567369679142154	0.08270896353876114	0.1359424637301437	0.5047868351678289	0.5047869058169872	0	0	0	0	0	0	0	0	0	0	0	0	0	0	0	0	0	0	0	0
5.22	1.155249648724093	1.719759077990737	-1.221749502608568	0	0.9399999999999999	0	0	0	0	0	0	0	0	0	0.5409448889437712	0.0943442589087011	0.1311653186979574	0.4771574510078576	0.4771578238628414	0	0	0	0	0	0	0	0	0	0	0	0	0	0	0	0	0	0	0	0
5.239999999999999	1.089103472357967	1.712972464917772	-1.152202329724109	0	0.9399999999999999	0	0	0	0	0	0	0	0	0	0.4868958210479337	0.1132530750119439	0.1189200374352172	0.4180943306592794	0.4180943786046216	0	0	0	0	0	0	0	0	0	0	0	0	0	0	0	0	0	0	0	0
5.26	1.089103472357967	1.712972464917772	-1.152202329724109	0	0.9399999999999999	0	0	0	0	0	0	0	0	0	0.4868958210479337	0.1132530750119439	0.1189200374352172	0.4180943306592794	0.4180943786046216	0	0	0	0	0	0	0	0	0	0	0	0	0	0	0	0	0	0	0	0
5.279999999999999	1.058070325371641	1.710893476111281	-1.120252686197949	0	0.9399999999999999	0	0	0	0	0	0	0	0	0	0.4624970025440838	0.1204709967481866	0.1124214042603071	0.3923612444505101	0.3923613121296773	0	0	0	0	0	0	0	0	0	0	0	0	0	0	0	0	0	0	0	0
5.3	1.025961392407467	1.70993292870689	-1.087625876096491	0	0.9399999999999999	0	0	0	0	0	0	0	0	0	0.4396094939257892	0.1265793443739201	0.1061274016893476	0.3664368747518461	0.3664368911108718	0	0	0	0	0	0	0	0	0	0	0	0	0	0	0	0	0	0	0	0
5.319999999999999	0.9420063447274216	1.707498520266174	-1.002364178643709	0	0.9399999999999999	0	0	0	0	0	0	0	0	0	0.394225295424474	0.1389586333620226	0.09664345273673576	0.3124824022327086	0.3124824111080599	0	0	0	0	0	0	0	0	0	0	0	0	0	0	0	0	0	0	0	0
5.34	0.9420063447274216	1.707498520266174	-1.002364178643709	0	0.9399999999999999	0	0	0	0	0	0	0	0	0	0.394225295424474	0.1389586333620226	0.09664345273673576	0.3124824022327086	0.3124824111080599	0	0	0	0	0	0	0	0	0	0	0	0	0	0	0	0	0	0	0	0
5.359999999999999	0.8978253416099022	1.7053493954158	-0.9570686279941062	0	0.9399999999999999	0	0	0	0	0	0	0	0	0	0.372745710124857	0.1448407242755029	0.09458722387345177	0.2863268174131861	0.2863268216023505	0	0	0	0	0	0	0	0	0	0	0	0	0	0	0	0	0	0	0	0
5.38	0.8599016482344873	1.703049072757234	-0.9176099885307321	0	0.9399999999999999	0	0	0	0	0	0	0	0	0	0.3537448172585018	0.1510359400664409	0.0945217535592089	0.2616970341714855	0.2616965005279857	0	0	0	0	0	0	0	0	0	0	0	0	0	0	0	0	0	0	0	0
5.399999999999999	0.8056997832863216	1.699878005914148	-0.8585217180721909	0	0.9399999999999999	0	0	0	0	0	0	0	0	0	0.3244383037117674	0.1601197418824664	0.1013513634052398	0.222230819726276	0.2222329632571124	0	0	0	0	0	0	0	0	0	0	0	0	0	0	0	0	0	0	0	0
5.42	0.8056992911203879	1.699870422226653	-0.8585214737052859	0	0.9399999999999999	0	0	0	0	0	0	0	0	0	0.3244352631549052	0.1601190970346669	0.1013494831816133	0.2222306092863897	0.2222334374282622	0	0	0	0	0	0	0	0	0	0	0	0	0	0	0	0	0	0	0	0
5.44	0.7878013050479249	1.69842096059715	-0.8371325671533789	0	0.9399999999999999	0	0	0	0	0	0	0	0	0	0.3117993257202284	0.1633716656720891	0.1085760477406456	0.2045121479823228	0.2045120624136001	0	0	0	0	0	0	0	0	0	0	0	0	0	0	0	0	0	0	0	0
5.46	0.7716022176308476	1.697119865521955	-0.8167475519863597	0	0.9399999999999999	0	0	0	0	0	0	0	0	0	0.299021355557336	0.1660956501630852	0.1185881648212932	0.1868579784344639	0.1868579830590894	0	0	0	0	0	0	0	0	0	0	0	0	0	0	0	0	0	0	0	0
5.48	0.7368753464330536	1.695389989041306	-0.7715401647073417	0	0.9399999999999999	0	0	0	0	0	0	0	0	0	0.2723674962474771	0.1710713585825167	0.1433396763819459	0.1571548089833394	0.1571548342012841	0	0	0	0	0	0	0	0	0	0	0	0	0	0	0	0	0	0	0	0
5.5	0.71696971628651	1.694413633392066	-0.745653637619021	0	0.9399999999999999	0	0	0	0	0	0	0	0	0	0.2578284997618171	0.1731556774179123	0.1548729701611283	0.1433900475761286	0.1433900535073974	0	0	0	0	0	0	0	0	0	0	0	0	0	0	0	0	0	0	0	0
5.52	0.71696971628651	1.694413633392066	-0.745653637619021	0	0.9399999999999999	0	0	0	0	0	0	0	0	0	0.2578284997618171	0.1731556774179123	0.1548729701611283	0.1433900475761286	0.1433900535073974	0	0	0	0	0	0	0	0	0	0	0	0	0	0	0	0	0	0	0	0
5.54	0.6926755443978088	1.693403606625832	-0.7149784480472288	0	0.9399999999999999	0	0	0	0	0	0	0	0	0	0.2431726184246053	0.1750796722663414	0.1652632925529523	0.1289320389696855	0.128932084999522	0	0	0	0	0	0	0	0	0	0	0	0	0	0	0	0	0	0	0	0
5.56	0.6617596235755066	1.692584088274313	-0.6773007926293745	0	0.9399999999999999	0	0	0	0	0	0	0	0	0	0.2290751508377166	0.1776788910721308	0.1748497259163435	0.1145831799612958	0.1145821966122448	0	0	0	0	0	0	0	0	0	0	0	0	0	0	0	0	0	0	0	0
5.58	0.6262537957347795	1.690769811574186	-0.6344957335315772	0	0.9399999999999999	0	0	0	0	0	0	0	0	0	0.2155505954200311	0.1798921298776879	0.1838507941649959	0.1033083976805986	0.1033083826081019	0	0	0	0	0	0	0	0	0	0	0	0	0	0	0	0	0	0	0	0
5.6	0.5912533142659196	1.688107377952906	-0.5920036807156357	0	0.9399999999999999	0	0	0	0	0	0	0	0	0	0.203502820281336	0.1809942405263403	0.1914674005321386	0.09608033750048491	0.09608041804023441	0	0	0	0	0	0	0	0	0	0	0	0	0	0	0	0	0	0	0	0
5.62	0.5577454594183777	1.684391512142136	-0.5508003103383171	0	0.9399999999999999	0	0	0	0	0	0	0	0	0	0.1927816581645788	0.180840788276335	0.197417634003468	0.09201896101023954	0.09201882460758212	0	0	0	0	0	0	0	0	0	0	0	0	0	0	0	0	0	0	0	0
5.64	0.525402479664236	1.679994762206059	-0.5106887353834426	0	0.9399999999999999	0	0	0	0	0	0	0	0	0	0.1835228196802651	0.1795451632024475	0.2015883602158676	0.09053648438990973	0.09053666807620786	0	0	0	0	0	0	0	0	0	0	0	0	0	0	0	0	0	0	0	0
5.659999999999999	0.4884883680338549	1.674797562045307	-0.4659043171460699	0	0.9399999999999999	0	0	0	0	0	0	0	0	0	0.1754459892420456	0.1770341848381389	0.2043581422947937	0.09203293763602878	0.09203267897977517	0	0	0	0	0	0	0	0	0	0	0	0	0	0	0	0	0	0	0	0
5.68	0.4446825052785063	1.669501901102423	-0.4139860538721082	0	0.9399999999999999	0	0	0	0	0	0	0	0	0	0.1684062426129095	0.1743795341363941	0.2060782179522023	0.09568398399736708	0.09568406926486718	0	0	0	0	0	0	0	0	0	0	0	0	0	0	0	0	0	0	0	0
5.699999999999999	0.3927992024845711	1.66432751338272	-0.353768912017576	0	0.9399999999999999	0	0	0	0	0	0	0	0	0	0.1626186081909389	0.1716600395581987	0.2070287229435538	0.1013353022709609	0.1013349903186481	0	0	0	0	0	0	0	0	0	0	0	0	0	0	0	0	0	0	0	0
5.72	0.2588459354037253	1.654309638570816	-0.201771726751494	0	0.9399999999999999	0	0	0	0	0	0	0	0	0	0.154095549371674	0.1666929960290338	0.210305591216457	0.1165076711065989	0.1165077037682979	0	0	0	0	0	0	0	0	0	0	0	0	0	0	0	0	0	0	0	0
5.739999999999999	0.2588459354037253	1.654309638570816	-0.201771726751494	0	0.9399999999999999	0	0	0	0	0	0	0	0	0	0.154095549371674	0.1666929960290338	0.210305591216457	0.1165076711065989	0.1165077037682979	0	0	0	0	0	0	0	0	0	0	0	0	0	0	0	0	0	0	0	0
5.76	0.1779851513702969	1.649863983032693	-0.111064843929902	0	0.9399999999999999	0	0	0	0	0	0	0	0	0	0.1513264570578266	0.164452766928574	0.2135090178375298	0.1261064367606986	0.1261066326941391	0	0	0	0	0	0	0	0	0	0	0	0	0	0	0	0	0	0	0	0
5.779999999999999	-0.006257809523461374	1.641217717877495	0.0942413571692733	0	0.9399999999999999	0	0	0	0	0	0	0	0	0	0.1498926499149738	0.1586432386240616	0.2228547970080981	0.1535770099238189	0.1535769818929958	0	0	0	0	0	0	0	0	0	0	0	0	0	0	0	0	0	0	0	0
5.8	-0.006257809523461374	1.641217717877495	0.0942413571692733	0	0.9399999999999999	0	0	0	0	0	0	0	0	0	0.1498926499149738	0.1586432386240616	0.2228547970080981	0.1535770099238189	0.1535769818929958	0	0	0	0	0	0	0	0	0	0	0	0	0	0	0	0	0	0	0	0
5.819999999999999	-0.1146882117219005	1.63693872502229	0.213770082809067	0	0.9399999999999999	0	0	0	0	0	0	0	0	0	0.1498459591001368	0.1539558185017195	0.2294235492740676	0.1684420727682441	0.1684422640345364	0	0	0	0	0	0	0	0	0	0	0	0	0	0	0	0	0	0	0	0
5.84	-0.3496788185239624	1.630957106382094	0.4712100529826148	0	0.9399999999999999	0	0	0	0	0	0	0	0	0	0.1452650795303131	0.1438861909373938	0.2460303179904986	0.1905454581495856	0.1905454774193601	0	0	0	0	0	0	0	0	0	0	0	0	0	0	0	0	0	0	0	0
5.859999999999999	-0.4843343841918358	1.629625343334786	0.6168301938745275	0	0.9399999999999999	0	0	0	0	0	0	0	0	0	0.1374385163543884	0.140235074623879	0.2579790833152303	0.190574088711287	0.1905749361148532	0	0	0	0	0	0	0	0	0	0	0	0	0	0	0	0	0	0	0	0
5.88	-0.6201515780991983	1.629978460406427	0.7634895440493351	0	0.9399999999999999	0	0	0	0	0	0	0	0	0	0.1332207120350109	0.1380102987556023	0.2657664092722816	0.2068135529688911	0.2068133254290462	0	0	0	0	0	0	0	0	0	0	0	0	0	0	0	0	0	0	0	0
5.899999999999999	-0.6201515780991983	1.629978460406427	0.7634895440493351	0	0.9399999999999999	0	0	0	0	0	0	0	0	0	0.1332207120350109	0.1380102987556023	0.2657664092722816	0.2068135529688911	0.2068133254290462	0	0	0	0	0	0	0	0	0	0	0	0	0	0	0	0	0	0	0	0
5.92	-0.741451397836722	1.632010857764894	0.8958154055978174	0	0.9399999999999999	0	0	0	0	0	0	0	0	0	0.1263969345599531	0.1361215210429647	0.2759287305149415	0.2135404060447734	0.2135405107201862	0	0	0	0	0	0	0	0	0	0	0	0	0	0	0	0	0	0	0	0
5.94	-0.8461674465713576	1.635246123282967	1.012040719844375	0	0.9399999999999999	0	0	0	0	0	0	0	0	0	0.1192215265486826	0.1339850260519261	0.286094931167048	0.219298659272407	0.2193014624777186	0	0	0	0	0	0	0	0	0	0	0	0	0	0	0	0	0	0	0	0
5.96	-1.019295159050157	1.644488551644531	1.209681473079325	0	0.9399999999999999	0	0	0	0	0	0	0	0	0	0.1024884132880371	0.1287447592777592	0.3096591730683026	0.2244876563002399	0.2244876520858698	0	0	0	0	0	0	0	0	0	0	0	0	0	0	0	0	0	0	0	0
5.98	-1.071059391397933	1.649707933949626	1.274464489088452	0	0.9399999999999999	0	0	0	0	0	0	0	0	0	0.09172715620282759	0.1214872399380401	0.3170189474610903	0.2319889161191572	0.2319891682282349	0	0	0	0	0	0	0	0	0	0	0	0	0	0	0	0	0	0	0	0
6	-1.10140116057371	1.654482464925004	1.318173486812862	0	0.9399999999999999	0	0	0	0	0	0	0	0	0	0.08106196172578636	0.1161004494466744	0.3257118849843516	0.2320093467324731	0.232009345948588	0	0	0	0	0	0	0	0	0	0	0	0	0	0	0	0	0	0	0	0
6.02	-1.115617541108334	1.658939092196556	1.345799232258108	0	0.9399999999999999	0	0	0	0	0	0	0	0	0	0.07486571962826463	0.1170168983830024	0.3392322426881215	0.2320020470859488	0.232002211674006	0	0	0	0	0	0	0	0	0	0	0	0	0	0	0	0	0	0	0	0
6.04	-1.115299074720663	1.658938155595954	1.34548520953966	0	0.9399999999999999	0	0	0	0	0	0	0	0	0	0.06809173432977027	0.1102453721329805	0.3338980480705334	0.2259090537284439	0.2259087412957414	0	0	0	0	0	0	0	0	0	0	0	0	0	0	0	0	0	0	0	0
6.06	-1.101526745260587	1.666396196229568	1.357899616734616	0	0.9399999999999999	0	0	0	0	0	0	0	0	0	0.03473477638097623	0.09816888456833188	0.3533385468741447	0.1927746627765072	0.1927747255538191	0	0	0	0	0	0	0	0	0	0	0	0	0	0	0	0	0	0	0	0
6.08	-1.094262298921714	1.668513436445701	1.363341354177197	0	0.9399999999999999	0	0	0	0	0	0	0	0	0	0.01543807440615652	0.08981273786931293	0.3659857778402273	0.167503219691946	0.1675032699788898	0	0	0	0	0	0	0	0	0	0	0	0	0	0	0	0	0	0	0	0
6.1	-1.087046292935746	1.669881275164285	1.368262683029234	0	0.9399999999999999	0	0	0	0	0	0	0	0	0	-0.006269818989999514	0.07977801218026713	0.3797449482389298	0.1371161322050568	0.1371120693891177	0	0	0	0	0	0	0	0	0	0	0	0	0	0	0	0	0	0	0	0
6.12	-1.080031878318527	1.670839953457584	1.372678987632802	0	0.9399999999999999	0	0	0	0	0	0	0	0	0	-0.03021435681761871	0.06745078042870167	0.3941898074155053	0.1018113333428494	0.1018126872592035	0	0	0	0	0	0	0	0	0	0	0	0	0	0	0	0	0	0	0	0
6.14	-1.080029380979351	1.670840522740281	1.37267673580663	0	0.9399999999999999	0	0	0	0	0	0	0	0	0	-0.03021504646042057	0.06745173010838851	0.3941910988434489	0.1018118474895577	0.1018131890117591	0	0	0	0	0	0	0	0	0	0	0	0	0	0	0	0	0	0	0	0
6.16	-1.073380374966426	1.671496619717406	1.376534136249113	0	0.9399999999999999	0	0	0	0	0	0	0	0	0	-0.05539470674426999	0.05217178038023886	0.4093791652440968	0.06255840528664362	0.06255779256274926	0	0	0	0	0	0	0	0	0	0	0	0	0	0	0	0	0	0	0	0
6.18	-1.067258739723994	1.671579385737349	1.379968079179695	0	0.9399999999999999	0	0	0	0	0	0	0	0	0	-0.08179075748667088	0.03339252572885004	0.4235585764845519	0.01875791225504713	0.01875867131933454	0	0	0	0	0	0	0	0	0	0	0	0	0	0	0	0	0	0	0	0
6.199999999999999	-1.061806669950481	1.670462537495187	1.383220636560248	0	0.9399999999999999	0	0	0	0	0	0	0	0	0	-0.09708406209953559	0.01430048564007144	0.4308619175006941	0	4.274211863766439e-06	0	0	0	0	0	0	0	0	0	0	0	0	0	0	0	0	0	0	0	0
6.22	-1.056867836188651	1.667409179073686	1.385896720321462	0	0.9399999999999999	0	0	0	0	0	0	0	0	0	-0.1010360645913405	-0.003846126452738034	0.4340831094132157	0	5.17923241918868e-06	0	0	0	0	0	0	0	0	0	0	0	0	0	0	0	0	0	0	0	0
6.239999999999999	-1.013832975841916	1.662090967696659	1.349323653486914	0	0.9399999999999999	0	0	0	0	0	0	0	0	0	-0.1000685845190708	-0.0199038233840993	0.4355362847210117	0	-3.23378364069073e-07	0	0	0	0	0	0	0	0	0	0	0	0	0	0	0	0	0	0	0	0
6.26	-1.009635965544913	1.65584182250956	1.350480658867012	0	0.9399999999999999	0	0	0	0	0	0	0	0	0	-0.09686226616046895	-0.04074344604622135	0.434562567593111	0	2.914998813931048e-05	0	0	0	0	0	0	0	0	0	0	0	0	0	0	0	0	0	0	0	0
6.279999999999999	-0.7992421639581657	1.649006229413522	1.146230356985451	0	0.9399999999999999	0	0	0	0	0	0	0	0	0	-0.08897899632734932	-0.06492115037044141	0.4236807002247444	0	3.472807109478974e-07	0	0	0	0	0	0	0	0	0	0	0	0	0	0	0	0	0	0	0	0
6.3	-0.7239212015943582	1.648773056019017	1.073371049753058	0	0.9399999999999999	0	0	0	0	0	0	0	0	0	-0.08598223978469673	-0.05998148723064255	0.4263575096052789	0	-2.999596749768934e-07	0	0	0	0	0	0	0	0	0	0	0	0	0	0	0	0	0	0	0	0
6.319999999999999	-0.6654642007481034	1.649651369377308	1.01750031970288	0	0.9399999999999999	0	0	0	0	0	0	0	0	0	-0.08017917059555089	-0.09729982092588411	0.4113848123411913	0	2.82880189933456e-07	0	0	0	0	0	0	0	0	0	0	0	0	0	0	0	0	0	0	0	0
6.34	-0.631691454184116	1.652252832629328	0.9866565714261638	0	0.9399999999999999	0	0	0	0	0	0	0	0	0	-0.08061741143420538	-0.09386141459499907	0.4145041565898474	0	9.504593464024411e-08	0	0	0	0	0	0	0	0	0	0	0	0	0	0	0	0	0	0	0	0
6.359999999999999	-0.6283000239461458	1.6566371764351	0.9866523215618733	0	0.9399999999999999	0	0	0	0	0	0	0	0	0	-0.07560199260401361	-0.144640295207458	0.4182572400175254	0	7.92133767100878e-06	0	0	0	0	0	0	0	0	0	0	0	0	0	0	0	0	0	0	0	0
6.38	-0.6521106613277778	1.662050329129802	1.015078555664266	0	0.9399999999999999	0	0	0	0	0	0	0	0	0	-0.08059872891073651	-0.1438973935075435	0.4231213398210333	0	3.358578042299282e-07	0	0	0	0	0	0	0	0	0	0	0	0	0	0	0	0	0	0	0	0
6.399999999999999	-0.6951901653482088	1.667906855753926	1.06388388377487	0	0.9399999999999999	0	0	0	0	0	0	0	0	0	-0.08695904089725399	-0.1693450333429134	0.4341704599333516	0	-1.34074252082154e-08	0	0	0	0	0	0	0	0	0	0	0	0	0	0	0	0	0	0	0	0
6.42	-0.7510604243815149	1.674476592305599	1.127350759241079	0	0.9399999999999999	0	0	0	0	0	0	0	0	0	-0.1005397226179937	-0.2103282259737332	0.4507098918792647	0	-4.043818531731166e-08	0	0	0	0	0	0	0	0	0	0	0	0	0	0	0	0	0	0	0	0
6.44	-0.7510604243815149	1.674476592305599	1.127350759241079	0	0.9399999999999999	0	0	0	0	0	0	0	0	0	-0.1005397226179937	-0.2103282259737332	0.4507098918792647	0	-4.043818531731166e-08	0	0	0	0	0	0	0	0	0	0	0	0	0	0	0	0	0	0	0	0
6.46	-0.8604508552992608	1.689512760663616	1.256201732602902	0	0.9399999999999999	0	0	0	0	0	0	0	0	0	-0.115706906633679	-0.2438124077950488	0.4619949652098412	0	-2.377100210916599e-07	0	0	0	0	0	0	0	0	0	0	0	0	0	0	0	0	0	0	0	0
6.48	-0.8604508552992608	1.689512760663616	1.256201732602902	0	0.9399999999999999	0	0	0	0	0	0	0	0	0	-0.115706906633679	-0.2438124077950488	0.4619949652098412	0	-2.377100210916599e-07	0	0	0	0	0	0	0	0	0	0	0	0	0	0	0	0	0	0	0	0
6.5	-0.9079565578266384	1.69678136173753	1.314437132327228	0	0.9399999999999999	0	0	0	0	0	0	0	0	0	-0.1195801861131891	-0.2555257250758882	0.459109414158844	0	1.510435237933585e-08	0	0	0	0	0	0	0	0	0	0	0	0	0	0	0	0	0	0	0	0
6.52	-0.945344687137899	1.702989533497959	1.363045808441736	0	0.9399999999999999	0	0	0	0	0	0	0	0	0	-0.1189588148117624	-0.2627374114490271	0.4519614807836132	0	2.502643928595728e-07	0	0	0	0	0	0	0	0	0	0	0	0	0	0	0	0	0	0	0	0
6.54	-1.013183177036779	1.715897001891018	1.455773213007885	0	0.9399999999999999	0	0	0	0	0	0	0	0	0	-0.1365446361956638	-0.2823217584531293	0.4498283042513407	0	-2.09916494202472e-07	0	0	0	0	0	0	0	0	0	0	0	0	0	0	0	0	0	0	0	0
6.56	-1.01403207629501	1.715897866576198	1.456621660746905	0	0.9399999999999999	0	0	0	0	0	0	0	0	0	-0.1007374576247501	-0.2743097775557983	0.442135062808486	0	1.478735985777443e-08	0	0	0	0	0	0	0	0	0	0	0	0	0	0	0	0	0	0	0	0
6.58	-1.050083791093605	1.722767856455804	1.506028717432994	0	0.9399999999999999	0	0	0	0	0	0	0	0	0	-0.08103585493443621	-0.2828514923095108	0.4436218496165592	0	3.262825648573829e-07	0	0	0	0	0	0	0	0	0	0	0	0	0	0	0	0	0	0	0	0
6.6	-1.090246417050529	1.727841071040715	1.559727377738704	0	0.9399999999999999	0	0	0	0	0	0	0	0	0	-0.05165299405119073	-0.2937275685836161	0.4478949279386556	0	1.106205923500173e-07	0	0	0	0	0	0	0	0	0	0	0	0	0	0	0	0	0	0	0	0
6.62	-1.135922852040913	1.73041959951914	1.618957963205273	0	0.9399999999999999	0	0	0	0	0	0	0	0	0	-0.01526166323240069	-0.3076921943531258	0.4566668661805618	0	-3.088705073741814e-07	0	0	0	0	0	0	0	0	0	0	0	0	0	0	0	0	0	0	0	0
6.64	-1.190474453515774	1.732116589109431	1.68710569078469	0	0.9399999999999999	0	0	0	0	0	0	0	0	0	0.02469902927904366	-0.3247036802850882	0.4684503014008266	0	-2.438833702859721e-06	0	0	0	0	0	0	0	0	0	0	0	0	0	0	0	0	0	0	0	0
6.66	-1.251073777996956	1.734627394972213	1.761633314244991	0	0.9399999999999999	0	0	0	0	0	0	0	0	0	0.06696518094816577	-0.3427924937024424	0.4835495773735565	0	-5.486703697248543e-07	0	0	0	0	0	0	0	0	0	0	0	0	0	0	0	0	0	0	0	0
6.68	-1.308168252590983	1.737727446034399	1.833317347814042	0	0.9399999999999999	0	0	0	0	0	0	0	0	0	0.1102450759701616	-0.3593619173576365	0.5012876272786794	0	-5.025737806756581e-07	0	0	0	0	0	0	0	0	0	0	0	0	0	0	0	0	0	0	0	0
6.699999999999999	-1.398213825900385	1.745732125930799	1.952540815473846	0	0.9399999999999999	0	0	0	0	0	0	0	0	0	0.1923402241068262	-0.3854417440544062	0.5384705049068489	0	-3.072116544978811e-06	0	0	0	0	0	0	0	0	0	0	0	0	0	0	0	0	0	0	0	0
6.72	-1.424700876341522	1.75008859438423	1.992661167305698	0	0.9399999999999999	0	0	0	0	0	0	0	0	0	0.1962323183050668	-0.388607831847715	0.5545969086084727	0	-4.617924824647585e-07	0	0	0	0	0	0	0	0	0	0	0	0	0	0	0	0	0	0	0	0
6.739999999999999	-1.422835928949622	1.750108767373475	1.990801859974802	0	0.9399999999999999	0	0	0	0	0	0	0	0	0	0.2284800684827876	-0.3941943815840149	0.5561784829041825	0	-1.718236586272895e-06	0	0	0	0	0	0	0	0	0	0	0	0	0	0	0	0	0	0	0	0
6.76	-1.435075565632765	1.753950650106023	2.015759725548882	0	0.9399999999999999	0	0	0	0	0	0	0	0	0	0.2592036544375142	-0.3991525883956558	0.5709592581916546	0	1.209428516426997e-06	0	0	0	0	0	0	0	0	0	0	0	0	0	0	0	0	0	0	0	0
6.779999999999999	-1.420725593552909	1.759245885906311	2.023221400992556	0	0.9399999999999999	0	0	0	0	0	0	0	0	0	0.302955552482738	-0.3973653155243019	0.5895722920266587	0	6.427510739488083e-07	0	0	0	0	0	0	0	0	0	0	0	0	0	0	0	0	0	0	0	0
6.8	-1.420725593552909	1.759245885906311	2.023221400992556	0	0.9399999999999999	0	0	0	0	0	0	0	0	0	0.302955552482738	-0.3973653155243019	0.5895722920266587	0	6.427510739488083e-07	0	0	0	0	0	0	0	0	0	0	0	0	0	0	0	0	0	0	0	0
6.819999999999999	-1.359934217005403	1.759311398115192	1.976815193752243	0	0.9399999999999999	0	0	0	0	0	0	0	0	0	0.3151813823694237	-0.3737878028155928	0.5907172201087428	0	-4.675284229015941e-06	0	0	0	0	0	0	0	0	0	0	0	0	0	0	0	0	0	0	0	0
6.84	-1.325817707203344	1.757562654134974	1.947015777937068	0	0.9399999999999999	0	0	0	0	0	0	0	0	0	0.3083573950139022	-0.3582275408565775	0.5892741234216563	0	-1.101506624399088e-06	0	0	0	0	0	0	0	0	0	0	0	0	0	0	0	0	0	0	0	0
6.859999999999999	-1.291057403997427	1.754153003450617	1.914971056758124	0	0.9399999999999999	0	0	0	0	0	0	0	0	0	0.2960534447089276	-0.3352840661390133	0.5629519493341882	0	8.22920118698555e-07	0	0	0	0	0	0	0	0	0	0	0	0	0	0	0	0	0	0	0	0
6.88	-1.291057403997427	1.754153003450617	1.914971056758124	0	0.9399999999999999	0	0	0	0	0	0	0	0	0	0.2960534447089276	-0.3352840661390133	0.5629519493341882	0	8.22920118698555e-07	0	0	0	0	0	0	0	0	0	0	0	0	0	0	0	0	0	0	0	0
6.899999999999999	-1.258160189986679	1.749614456036947	1.883217407814278	0	0.9399999999999999	0	0	0	0	0	0	0	0	0	0.2807334833328209	-0.3189734281200284	0.5411076504117664	0	-1.645941180665227e-07	0	0	0	0	0	0	0	0	0	0	0	0	0	0	0	0	0	0	0	0
6.92	-1.228613736051752	1.744375195049394	1.853907254616659	0	0.9399999999999999	0	0	0	0	0	0	0	0	0	0.2643020230391777	-0.3094613389219674	0.5171880961601438	0	-8.900081017019908e-07	0	0	0	0	0	0	0	0	0	0	0	0	0	0	0	0	0	0	0	0
6.94	-1.203166855389858	1.7389260789922	1.828259306821173	0	0.9399999999999999	0	0	0	0	0	0	0	0	0	0.2466384554022426	-0.3048784275878817	0.4953844309686692	0	-1.548852058282504e-07	0	0	0	0	0	0	0	0	0	0	0	0	0	0	0	0	0	0	0	0
6.96	-1.181439666537502	1.733714528086695	1.806149689384955	0	0.9399999999999999	0	0	0	0	0	0	0	0	0	0.2281289785557175	-0.3031754677605237	0.479649077695286	0	-6.732808848558451e-08	0	0	0	0	0	0	0	0	0	0	0	0	0	0	0	0	0	0	0	0
6.98	-1.164930538019379	1.730174583769639	1.789482845517656	0	0.9399999999999999	0	0	0	0	0	0	0	0	0	0.2080316089932993	-0.3055325389663314	0.4715565251925841	0	-1.486125940181446e-09	0	0	0	0	0	0	0	0	0	0	0	0	0	0	0	0	0	0	0	0
7	-1.164927675238652	1.726085128565581	1.789994204751401	0	0.9399999999999999	0	0	0	0	0	0	0	0	0	0.1862653769388281	-0.3133037755830489	0.468920291227946	0	9.308333949980739e-07	0	0	0	0	0	0	0	0	0	0	0	0	0	0	0	0	0	0	0	0
7.02	-1.189561865274237	1.723740007143425	1.815263398086844	0	0.9399999999999999	0	0	0	0	0	0	0	0	0	0.120663477966347	-0.3435654042504439	0.4628820057953915	0	-2.768191591853996e-07	0	0	0	0	0	0	0	0	0	0	0	0	0	0	0	0	0	0	0	0
7.04	-1.217898538934812	1.720491004902774	1.844294837921338	0	0.9399999999999999	0	0	0	0	0	0	0	0	0	0.08306155558196918	-0.3612616669792578	0.460937379613238	0	-5.308929947235846e-07	0	0	0	0	0	0	0	0	0	0	0	0	0	0	0	0	0	0	0	0
7.06	-1.250273987904537	1.717350024661109	1.877130226812757	0	0.9399999999999999	0	0	0	0	0	0	0	0	0	0.0878617328802597	-0.3648484845632958	0.4621487185713437	0	-1.094772359162255e-07	0	0	0	0	0	0	0	0	0	0	0	0	0	0	0	0	0	0	0	0
7.08	-1.282081163090119	1.714374367072161	1.908860277653675	0	0.9399999999999999	0	0	0	0	0	0	0	0	0	-0.003642788904106462	-0.396903133448066	0.4539386859431468	0	-1.811397463403207e-08	0	0	0	0	0	0	0	0	0	0	0	0	0	0	0	0	0	0	0	0
7.1	-1.308538283239782	1.712267635820705	1.93444951356744	0	0.9399999999999999	0	0	0	0	0	0	0	0	0	-0.05059705159534699	-0.414192628768409	0.4483238203962097	0	-9.765890109034265e-08	0	0	0	0	0	0	0	0	0	0	0	0	0	0	0	0	0	0	0	0
7.12	-1.308538283239782	1.712267635820705	1.93444951356744	0	0.9399999999999999	0	0	0	0	0	0	0	0	0	-0.05059705159534699	-0.414192628768409	0.4483238203962097	0	-9.765890109034265e-08	0	0	0	0	0	0	0	0	0	0	0	0	0	0	0	0	0	0	0	0
7.14	-1.329859233347627	1.711161238350327	1.954364209087611	0	0.9399999999999999	0	0	0	0	0	0	0	0	0	-0.09983639645742923	-0.4304812257796465	0.4398155493726901	0	1.057050563005468e-07	0	0	0	0	0	0	0	0	0	0	0	0	0	0	0	0	0	0	0	0
7.16	-1.350556370695202	1.710735534562435	1.973107541776446	0	0.9399999999999999	0	0	0	0	0	0	0	0	0	-0.1497132363636249	-0.4457509288547878	0.4271331373709793	0	-7.572823242004438e-08	0	0	0	0	0	0	0	0	0	0	0	0	0	0	0	0	0	0	0	0
7.18	-1.371311457820649	1.710430946550505	1.991479270640304	0	0.9399999999999999	0	0	0	0	0	0	0	0	0	-0.1996771564580333	-0.4611064429797698	0.4097486806799294	0	-5.657851566657481e-07	0	0	0	0	0	0	0	0	0	0	0	0	0	0	0	0	0	0	0	0
7.199999999999999	-1.397569393589706	1.707649711020619	2.014842198500987	0	0.9399999999999999	0	0	0	0	0	0	0	0	0	-0.2499347692892113	-0.4750657780954329	0.3876215528565031	0	7.294010946221263e-08	0	0	0	0	0	0	0	0	0	0	0	0	0	0	0	0	0	0	0	0
7.22	-1.454058738527255	1.704114803079483	2.063534220252039	0	0.9399999999999999	0	0	0	0	0	0	0	0	0	-0.3101484930877018	-0.4856389716866013	0.3552711881306561	0	3.046129729322848e-07	0	0	0	0	0	0	0	0	0	0	0	0	0	0	0	0	0	0	0	0
7.239999999999999	-1.45524728331684	1.704106034865492	2.064711697253788	0	0.9399999999999999	0	0	0	0	0	0	0	0	0	-0.3795813425120866	-0.4845408283678371	0.3384658148482699	0	-1.298684510707982e-06	0	0	0	0	0	0	0	0	0	0	0	0	0	0	0	0	0	0	0	0
7.26	-1.52297772982011	1.700321250354916	2.12224982613369	0	0.9399999999999999	0	0	0	0	0	0	0	0	0	-0.4937714921504892	-0.4864403208281088	0.3025768377610488	0	-2.921043177609672e-07	0	0	0	0	0	0	0	0	0	0	0	0	0	0	0	0	0	0	0	0
7.279999999999999	-1.52297772982011	1.700321250354916	2.12224982613369	0	0.9399999999999999	0	0	0	0	0	0	0	0	0	-0.4937714921504892	-0.4864403208281088	0.3025768377610488	0	-2.921043177609672e-07	0	0	0	0	0	0	0	0	0	0	0	0	0	0	0	0	0	0	0	0
7.3	-1.550965966416616	1.697338133844382	2.145005720232871	0	0.9399999999999999	0	0	0	0	0	0	0	0	0	-0.52359878	-0.4815922039814551	0.274086243649765	0	-7.197905756540027e-08	0	0	0	0	0	0	0	0	0	0	0	0	0	0	0	0	0	0	0	0
7.319999999999999	-1.609095694029452	1.679843159559622	2.204174974858807	0	0.9399999999999999	0	0	0	0	0	0	0	0	0	-0.52359878	-0.4729980886729873	0.2320355516822975	0	-7.129078436583785e-08	0	0	0	0	0	0	0	0	0	0	0	0	0	0	0	0	0	0	0	0
7.34	-1.653253045517495	1.665124271588634	2.246607932738137	0	0.9399999999999999	0	0	0	0	0	0	0	0	0	-0.52359878	-0.4590509915077433	0.1770263117319214	0	2.027420327787763e-07	0	0	0	0	0	0	0	0	0	0	0	0	0	0	0	0	0	0	0	0
7.359999999999999	-1.682124745033648	1.651800761862116	2.271874936557195	0	0.9399999999999999	0	0	0	0	0	0	0	0	0	-0.52359878	-0.4437723035084054	0.1341499790930745	0	-6.766213869912403e-06	0	0	0	0	0	0	0	0	0	0	0	0	0	0	0	0	0	0	0	0
7.38	-1.68477337950903	1.643062258768365	2.268440988392331	0	0.9399999999999999	0	0	0	0	0	0	0	0	0	-0.52359878	-0.4282678795044307	0.1036681974566198	0	-2.663893216608744e-06	0	0	0	0	0	0	0	0	0	0	0	0	0	0	0	0	0	0	0	0
7.399999999999999	-1.626389364876248	1.638252737265511	2.202329854325836	0	0.9399999999999999	0	0	0	0	0	0	0	0	0	-0.52359878	-0.4140422037054366	0.08269473903617862	0	-1.664914945951122e-07	0	0	0	0	0	0	0	0	0	0	0	0	0	0	0	0	0	0	0	0
7.42	-1.555963194074627	1.63676528223664	2.123205430931023	0	0.9399999999999999	0	0	0	0	0	0	0	0	0	-0.52359878	-0.401996635579028	0.06737460465508838	0	-1.547086262417912e-07	0	0	0	0	0	0	0	0	0	0	0	0	0	0	0	0	0	0	0	0
7.44	-1.482387832268438	1.639922252126276	2.04026317697127	0	0.9399999999999999	0	0	0	0	0	0	0	0	0	-0.52359878	-0.3925491270581792	0.05295905621731564	0	-8.145302480871902e-07	0	0	0	0	0	0	0	0	0	0	0	0	0	0	0	0	0	0	0	0
7.46	-1.420650882830518	1.664811619943517	1.958755350601159	0	0.9399999999999999	0	0	0	0	0	0	0	0	0	-0.52359878	-0.3895967078691672	0.01598334846673415	0	3.048759065389276e-08	0	0	0	0	0	0	0	0	0	0	0	0	0	0	0	0	0	0	0	0
7.48	-1.424658408000149	1.684006524793987	1.95346014170208	0	0.9399999999999999	0	0	0	0	0	0	0	0	0	-0.52359878	-0.3949458839608126	-0.00384159377417115	0	-2.351035191347653e-06	0	0	0	0	0	0	0	0	0	0	0	0	0	0	0	0	0	0	0	0
7.5	-1.491345273000893	1.682613096719777	2.020132055184413	0	0.9399999999999999	0	0	0	0	0	0	0	0	0	-0.52359878	-0.4052177913385645	-0.007044365589488372	0	-1.267809046368725e-07	0	0	0	0	0	0	0	0	0	0	0	0	0	0	0	0	0	0	0	0
7.52	-1.469855664795606	1.727363131349776	1.983548745544431	0	0.9399999999999999	0	0	0	0	0	0	0	0	0	-0.52359878	-0.4107249610759218	-0.03072199844801383	0	-3.817858726807772e-08	0	0	0	0	0	0	0	0	0	0	0	0	0	0	0	0	0	0	0	0
7.54	-1.482326220888504	1.747862494046919	1.991036619200363	0	0.9399999999999999	0	0	0	0	0	0	0	0	0	-0.52359878	-0.4179169984800038	-0.03013995806330622	0	3.978631160785988e-08	0	0	0	0	0	0	0	0	0	0	0	0	0	0	0	0	0	0	0	0
7.56	-1.484126914656935	1.765308904553053	1.989526999273334	0	0.9399999999999999	0	0	0	0	0	0	0	0	0	-0.5232054200569392	-0.4235253397971885	-0.01959779605699314	0	9.712182144345758e-06	0	0	0	0	0	0	0	0	0	0	0	0	0	0	0	0	0	0	0	0
7.58	-1.494722252562473	1.77100004340461	2.000932440644493	0	0.9399999999999999	0	0	0	0	0	0	0	0	0	-0.5067250198859904	-0.4294757171669874	0.00302120598973032	0	-6.90036948453883e-07	0	0	0	0	0	0	0	0	0	0	0	0	0	0	0	0	0	0	0	0
7.6	-1.499887195426552	1.774665733415809	2.006876561351356	0	0.9399999999999999	0	0	0	0	0	0	0	0	0	-0.4908879961894829	-0.4343892210834931	0.0289388617513244	0	-7.934983725553149e-08	0	0	0	0	0	0	0	0	0	0	0	0	0	0	0	0	0	0	0	0
7.62	-1.499887195426552	1.774665733415809	2.006876561351356	0	0.9399999999999999	0	0	0	0	0	0	0	0	0	-0.4908879961894829	-0.4343892210834931	0.0289388617513244	0	-7.934983725553149e-08	0	0	0	0	0	0	0	0	0	0	0	0	0	0	0	0	0	0	0	0
7.64	-1.499761315357851	1.776947357094321	2.00709944339904	0	0.9399999999999999	0	0	0	0	0	0	0	0	0	-0.4765396312535395	-0.4407806765980143	0.05414403219779496	0	-1.941949364542079e-07	0	0	0	0	0	0	0	0	0	0	0	0	0	0	0	0	0	0	0	0
7.66	-1.493807791580776	1.777763168603445	2.000729625351646	0	0.9399999999999999	0	0	0	0	0	0	0	0	0	-0.4610746702845147	-0.44872411922523	0.07620698660813492	0	-4.360394332968863e-07	0	0	0	0	0	0	0	0	0	0	0	0	0	0	0	0	0	0	0	0
7.68	-1.477915957360173	1.776985117618902	1.983161151642323	0	0.9399999999999999	0	0	0	0	0	0	0	0	0	-0.4437107519429226	-0.4518844852554204	0.0942169375145772	0	-5.709592707164628e-08	0	0	0	0	0	0	0	0	0	0	0	0	0	0	0	0	0	0	0	0
7.699999999999999	-1.457255787248254	1.775438737572624	1.960255747810997	0	0.9399999999999999	0	0	0	0	0	0	0	0	0	-0.4269414904999063	-0.4502391666356669	0.111219014729585	0	1.017181161437428e-07	0	0	0	0	0	0	0	0	0	0	0	0	0	0	0	0	0	0	0	0
7.72	-1.404110463937242	1.768848274524083	1.900653763871921	0	0.9399999999999999	0	0	0	0	0	0	0	0	0	-0.4022185341700594	-0.4410167841932005	0.1390938540708857	0	1.988277763414891e-06	0	0	0	0	0	0	0	0	0	0	0	0	0	0	0	0	0	0	0	0
7.739999999999999	-1.404110463937242	1.768848274524083	1.900653763871921	0	0.9399999999999999	0	0	0	0	0	0	0	0	0	-0.4022185341700594	-0.4410167841932005	0.1390938540708857	0	1.988277763414891e-06	0	0	0	0	0	0	0	0	0	0	0	0	0	0	0	0	0	0	0	0
7.76	-1.356327652199083	1.76034107937717	1.844366023591944	0	0.9399999999999999	0	0	0	0	0	0	0	0	0	-0.3902031810356175	-0.4243153580095197	0.1440506374687867	0	-4.985130331770787e-07	0	0	0	0	0	0	0	0	0	0	0	0	0	0	0	0	0	0	0	0
7.779999999999999	-1.342160015379002	1.754616019109072	1.825397966912562	0	0.9399999999999999	0	0	0	0	0	0	0	0	0	-0.3919015408636517	-0.4149195697697307	0.1413254840206256	0	3.712618673558699e-07	0	0	0	0	0	0	0	0	0	0	0	0	0	0	0	0	0	0	0	0
7.8	-1.337719037395359	1.748941648073808	1.815874161975426	0	0.9399999999999999	0	0	0	0	0	0	0	0	0	-0.4001647294965376	-0.4074592282895264	0.1372005384102856	0	-4.392369617655794e-07	0	0	0	0	0	0	0	0	0	0	0	0	0	0	0	0	0	0	0	0
7.819999999999999	-1.337719037395359	1.748941648073808	1.815874161975426	0	0.9399999999999999	0	0	0	0	0	0	0	0	0	-0.4001647294965376	-0.4074592282895264	0.1372005384102856	0	-4.392369617655794e-07	0	0	0	0	0	0	0	0	0	0	0	0	0	0	0	0	0	0	0	0
7.84	-1.340879492864399	1.74427757984417	1.813573034837503	0	0.9399999999999999	0	0	0	0	0	0	0	0	0	-0.4157982364566349	-0.4044620667268442	0.130517045843597	0	-1.01087882975773e-06	0	0	0	0	0	0	0	0	0	0	0	0	0	0	0	0	0	0	0	0
7.859999999999999	-1.351751007388684	1.741499016360859	1.818703195847326	0	0.9399999999999999	0	0	0	0	0	0	0	0	0	-0.4399253878891233	-0.4059654650916087	0.1205288910822161	0	-3.168753111034128e-07	0	0	0	0	0	0	0	0	0	0	0	0	0	0	0	0	0	0	0	0
7.88	-1.36080704345183	1.740482721824428	1.821992083835018	0	0.9399999999999999	0	0	0	0	0	0	0	0	0	-0.4725161257780603	-0.4082167519820908	0.1066510785205852	0	9.249308095202676e-08	0	0	0	0	0	0	0	0	0	0	0	0	0	0	0	0	0	0	0	0
7.899999999999999	-1.370386399696682	1.740543857306069	1.825912967445177	0	0.9399999999999999	0	0	0	0	0	0	0	0	0	-0.5131133613616259	-0.4089983474612494	0.08753566854001044	0	1.976693998565319e-07	0	0	0	0	0	0	0	0	0	0	0	0	0	0	0	0	0	0	0	0
7.92	-1.388167115617808	1.721771303101186	1.845190949586329	0	0.9399999999999999	0	0	0	0	0	0	0	0	0	-0.52359878	-0.4056332126066686	0.08042184987918802	0	-6.696615435156695e-08	0	0	0	0	0	0	0	0	0	0	0	0	0	0	0	0	0	0	0	0
7.94	-1.416885215129105	1.696344502056865	1.877822100015507	0	0.9399999999999999	0	0	0	0	0	0	0	0	0	-0.52359878	-0.4026690696653745	0.07531467881313	0	8.114995483353344e-07	0	0	0	0	0	0	0	0	0	0	0	0	0	0	0	0	0	0	0	0
7.96	-1.457923169144645	1.671884100961434	1.92229905619369	0	0.9399999999999999	0	0	0	0	0	0	0	0	0	-0.52359878	-0.4000243443757858	0.06791798453464999	0	-3.179871265320998e-07	0	0	0	0	0	0	0	0	0	0	0	0	0	0	0	0	0	0	0	0
7.98	-1.529698675650632	1.649240374703544	1.995483418018024	0	0.9399999999999999	0	0	0	0	0	0	0	0	0	-0.52359878	-0.3835657439546031	0.05605701027690399	0	-1.392673933480978e-07	0	0	0	0	0	0	0	0	0	0	0	0	0	0	0	0	0	0	0	0
8	-1.686145091943698	1.625787743720458	2.146862455478487	0	0.9399999999999999	0	0	0	0	0	0	0	0	0	-0.52359878	-0.3616036449150341	0.03907198288138634	0	-6.900792833499367e-07	0	0	0	0	0	0	0	0	0	0	0	0	0	0	0	0	0	0	0	0
8.02	-1.684649622346898	1.571381600401953	2.151442552447071	0	0.9399999999999999	0	0	0	0	0	0	0	0	0	-0.52359878	-0.3090527706142319	0.03661507184471917	0	8.33468667494489e-09	0	0	0	0	0	0	0	0	0	0	0	0	0	0	0	0	0	0	0	0
8.039999999999999	-0.6069397243811373	1.531824892847045	1.070529473184033	0	0.9399999999999999	0	0	0	0	0	0	0	0	0	-0.52359878	-0.3094167727674826	0.01772971408515114	0	7.607301291291595e-07	0	0	0	0	0	0	0	0	0	0	0	0	0	0	0	0	0	0	0	0
8.06	-0.8670671254248818	1.508444188286044	1.328093616182338	0	0.9399999999999999	0	0	0	0	0	0	0	0	0	-0.52359878	-0.2952079204973559	0.02338528890843221	0	-1.088162347612625e-07	0	0	0	0	0	0	0	0	0	0	0	0	0	0	0	0	0	0	0	0
8.08	-0.8013482064732037	1.515812333317477	1.250013908970757	0	0.9399999999999999	0	0	0	0	0	0	0	0	0	-0.52359878	-0.2777643441498324	0.02938252301963989	0.1044256041426917	0.1044258148428389	0	0	0	0	0	0	0	0	0	0	0	0	0	0	0	0	0	0	0	0
8.1	-0.8052765001966733	1.513700486444455	1.246712509688698	0	0.9399999999999999	0	0	0	0	0	0	0	0	0	-0.52359878	-0.2737329296501647	0.02261247868023218	0.1041324915302644	0.1041332340094526	0	0	0	0	0	0	0	0	0	0	0	0	0	0	0	0	0	0	0	0
8.119999999999999	-0.5587840872108564	1.531086657111576	0.9907788773424954	0	0.9399999999999999	0	0	0	0	0	0	0	0	0	-0.52359878	-0.2491755436885695	0.03892681448846273	0.2465648548127032	0.2465647493542316	0	0	0	0	0	0	0	0	0	0	0	0	0	0	0	0	0	0	0	0
8.140000000000001	-0.07572216895585632	1.541333746363412	0.491164484505391	0	0.9399999999999999	0	0	0	0	0	0	0	0	0	-0.52359878	-0.2163175657684478	0.03639300553775947	0.3746006121296473	0.3746006623796826	0	0	0	0	0	0	0	0	0	0	0	0	0	0	0	0	0	0	0	0
8.16	0.502100632757479	1.542942028082562	-0.09940889339191676	0	0.9399999999999999	0	0	0	0	0	0	0	0	0	-0.52359878	-0.1984045113606848	0.01390640057561142	0.483418744625996	0.4834174526545747	0	0	0	0	0	0	0	0	0	0	0	0	0	0	0	0	0	0	0	0
8.18	1.119952074020496	1.539886372471198	-0.7353838132993794	0	0.9399999999999999	0	0	0	0	0	0	0	0	0	-0.52359878	-0.1997516188789204	-0.06216433761999925	0.6290513493850522	0.6290508981479955	0	0	0	0	0	0	0	0	0	0	0	0	0	0	0	0	0	0	0	0
8.199999999999999	1.119952074020496	1.539886372471198	-0.7353838132993794	0	0.9399999999999999	0	0	0	0	0	0	0	0	0	-0.52359878	-0.1997516188789204	-0.06216433761999925	0.6290513493850522	0.6290508981479955	0	0	0	0	0	0	0	0	0	0	0	0	0	0	0	0	0	0	0	0
8.219999999999999	1.109652007725828	1.557364698677795	-0.7455820330370915	0	0.9399999999999999	0	0	0	0	0	0	0	0	0	-0.52359878	-0.1883822423161362	-0.1305197904087728	0.6655357315565402	0.6655362283639366	0	0	0	0	0	0	0	0	0	0	0	0	0	0	0	0	0	0	0	0
8.24	1.109652007725828	1.557364698677795	-0.7455820330370915	0	0.9399999999999999	0	0	0	0	0	0	0	0	0	-0.52359878	-0.1883822423161362	-0.1305197904087728	0.6655357315565402	0.6655362283639366	0	0	0	0	0	0	0	0	0	0	0	0	0	0	0	0	0	0	0	0
8.26	1.102191086642449	1.575071489333644	-0.7530668197166394	0	0.9399999999999999	0	0	0	0	0	0	0	0	0	-0.52359878	-0.1550841876734042	-0.1489153452092212	0.6483423047318325	0.6483412674449941	0	0	0	0	0	0	0	0	0	0	0	0	0	0	0	0	0	0	0	0
8.279999999999999	1.84981607423489	1.595104442187853	-1.518310685603022	0	0.9399999999999999	0	0	0	0	0	0	0	0	0	-0.52359878	-0.1221869517369921	-0.1579616320509807	0.6061142768211675	0.6061141798581107	0	0	0	0	0	0	0	0	0	0	0	0	0	0	0	0	0	0	0	0
8.299999999999999	1.570264333117772	1.612061183676558	-1.270793711326007	0	0.9399999999999999	0	0	0	0	0	0	0	0	0	-0.52359878	-0.07411739232070444	-0.1566105596535604	0.5535604488090908	0.5535602142092531	0	0	0	0	0	0	0	0	0	0	0	0	0	0	0	0	0	0	0	0
8.32	1.711357388597549	1.647832945835181	-1.425340437451702	0	0.9399999999999999	0	0	0	0	0	0	0	0	0	-0.52359878	-0.05484271188439599	-0.1117713790691409	0.3997628616405913	0.3997627675041132	0	0	0	0	0	0	0	0	0	0	0	0	0	0	0	0	0	0	0	0
8.34	1.783807761361462	1.666480499224054	-1.508419286646782	0	0.9399999999999999	0	0	0	0	0	0	0	0	0	-0.52359878	-0.05071365883575328	-0.09196175595711836	0.3753951765817931	0.3753951032643417	0	0	0	0	0	0	0	0	0	0	0	0	0	0	0	0	0	0	0	0
8.359999999999999	1.862643810075094	1.666607187008648	-1.592527494190774	0	0.9399999999999999	0	0	0	0	0	0	0	0	0	-0.52359878	-0.05401132718769065	-0.1045184978809509	0.3014144181945673	0.3014140082422379	0	0	0	0	0	0	0	0	0	0	0	0	0	0	0	0	0	0	0	0
8.379999999999999	1.929535687202245	1.686124681042787	-1.66009944487745	0	0.9399999999999999	0	0	0	0	0	0	0	0	0	-0.52359878	-0.06023770473367968	-0.08179728063572578	0.1904813770330458	0.1904811725877638	0	0	0	0	0	0	0	0	0	0	0	0	0	0	0	0	0	0	0	0
8.4	1.91009039934812	1.705654307709512	-1.639081850079811	0	0.9399999999999999	0	0	0	0	0	0	0	0	0	-0.52359878	-0.06291619751159681	-0.05131836466940679	0.06914915465600732	0.06914926886036318	0	0	0	0	0	0	0	0	0	0	0	0	0	0	0	0	0	0	0	0
8.42	2.01100145960297	1.704068078648271	-1.732890996442664	0	0.9399999999999999	0	0	0	0	0	0	0	0	0	-0.52359878	-0.08517218959500776	-0.03186658943873859	0	1.575718724778863e-08	0	0	0	0	0	0	0	0	0	0	0	0	0	0	0	0	0	0	0	0
8.44	2.157330623858694	1.654886323589103	-1.870833661394367	0	0.9399999999999999	0	0	0	0	0	0	0	0	0	-0.52359878	-0.1188883219624737	-0.009759582999086389	0	6.70294360083742e-08	0	0	0	0	0	0	0	0	0	0	0	0	0	0	0	0	0	0	0	0
8.459999999999999	2.334183199481264	1.630690894562928	-2.040056165049246	0	0.9399999999999999	0	0	0	0	0	0	0	0	0	-0.52359878	-0.1401408227641843	0.005222666280232028	0	2.249898703244063e-07	0	0	0	0	0	0	0	0	0	0	0	0	0	0	0	0	0	0	0	0
8.48	2.334183199481264	1.630690894562928	-2.040056165049246	0	0.9399999999999999	0	0	0	0	0	0	0	0	0	-0.52359878	-0.1401408227641843	0.005222666280232028	0	2.249898703244063e-07	0	0	0	0	0	0	0	0	0	0	0	0	0	0	0	0	0	0	0	0
8.5	2.650835413104133	1.612691114988949	-2.341906596639807	0	0.9399999999999999	0	0	0	0	0	0	0	0	0	-0.52359878	-0.169784434260355	0.02288681032901997	0	5.270916396235262e-07	0	0	0	0	0	0	0	0	0	0	0	0	0	0	0	0	0	0	0	0
8.52	3.339924900097888	1.601466921947126	-3.032129722098962	0	0.9399999999999999	0	0	0	0	0	0	0	0	0	-0.52359878	-0.1832829318335457	0.03142690245847996	0	-1.69663520997369e-06	0	0	0	0	0	0	0	0	0	0	0	0	0	0	0	0	0	0	0	0
8.539999999999999	4.020998256225086	1.607309499439509	-3.705574652171218	0	0.9399999999999999	0	0	0	0	0	0	0	0	0	-0.52359878	-0.2044696916294771	0.03971737592085868	0	1.67921256691485e-06	0	0	0	0	0	0	0	0	0	0	0	0	0	0	0	0	0	0	0	0
8.56	4.582475439910344	1.647675323497351	-4.270187708725854	0	0.9399999999999999	0	0	0	0	0	0	0	0	0	-0.52359878	-0.2301217405106871	0.04841214330927571	0	-9.040831173109195e-07	0	0	0	0	0	0	0	0	0	0	0	0	0	0	0	0	0	0	0	0
8.58	4.582475439910344	1.647675323497351	-4.270187708725854	0	0.9399999999999999	0	0	0	0	0	0	0	0	0	-0.52359878	-0.2301217405106871	0.04841214330927571	0	-9.040831173109195e-07	0	0	0	0	0	0	0	0	0	0	0	0	0	0	0	0	0	0	0	0
8.6	4.692843937984279	1.668886086965812	-4.382142020838032	0	0.9399999999999999	0	0	0	0	0	0	0	0	0	-0.52359878	-0.2423145918493433	0.04915186638768051	0	7.438852404075021e-07	0	0	0	0	0	0	0	0	0	0	0	0	0	0	0	0	0	0	0	0
8.619999999999999	4.811708930875882	1.688796923728879	-4.50499895322038	0	0.9399999999999999	0	0	0	0	0	0	0	0	0	-0.52359878	-0.2472206905667044	0.04018936959975126	0	-1.958422353284042e-07	0	0	0	0	0	0	0	0	0	0	0	0	0	0	0	0	0	0	0	0
8.640000000000001	4.86021043776549	1.726717062588088	-4.563175014740496	0	0.9399999999999999	0	0	0	0	0	0	0	0	0	-0.52359878	-0.2584006415621632	0.01903172648395252	0	3.783913229169904e-08	0	0	0	0	0	0	0	0	0	0	0	0	0	0	0	0	0	0	0	0
8.66	4.88108288786389	1.73997949128503	-4.589651632320066	0	0.9399999999999999	0	0	0	0	0	0	0	0	0	-0.52359878	-0.2568519943728182	0.003310162901465137	0	-9.176824222857649e-07	0	0	0	0	0	0	0	0	0	0	0	0	0	0	0	0	0	0	0	0
8.68	4.894794985653236	1.747166765526905	-4.607853493608267	0	0.9399999999999999	0	0	0	0	0	0	0	0	0	-0.5197329770026009	-0.2564592986557929	-0.009989481624658623	0	-1.055429565983306e-07	0	0	0	0	0	0	0	0	0	0	0	0	0	0	0	0	0	0	0	0
8.699999999999999	4.894794985653236	1.747166765526905	-4.607853493608267	0	0.9399999999999999	0	0	0	0	0	0	0	0	0	-0.5197329770026009	-0.2564592986557929	-0.009989481624658623	0	-1.055429565983306e-07	0	0	0	0	0	0	0	0	0	0	0	0	0	0	0	0	0	0	0	0
8.720000000000001	4.903777675763988	1.7395496667563	-4.618045496946917	0	0.9399999999999999	0	0	0	0	0	0	0	0	0	-0.4962579535566203	-0.26084560181739	-0.01456064695154159	0	-3.176000718171455e-08	0	0	0	0	0	0	0	0	0	0	0	0	0	0	0	0	0	0	0	0
8.74	4.904010443849329	1.729454350844142	-4.618747970478485	0	0.9399999999999999	0	0	0	0	0	0	0	0	0	-0.4701029539981202	-0.265669534271229	-0.01052896608579477	0	-1.067971425468272e-06	0	0	0	0	0	0	0	0	0	0	0	0	0	0	0	0	0	0	0	0
8.76	4.90391963593118	1.716738460519288	-4.618686769291156	0	0.9399999999999999	0	0	0	0	0	0	0	0	0	-0.4457706811415231	-0.2705415909674072	-0.0005034685357707254	0	2.705194887119315e-06	0	0	0	0	0	0	0	0	0	0	0	0	0	0	0	0	0	0	0	0
8.779999999999999	4.889430709794865	1.702114572733848	-4.604217154143162	0	0.9399999999999999	0	0	0	0	0	0	0	0	0	-0.4267255771065525	-0.2760858441348502	0.01301992594373274	0	-2.520887422325755e-07	0	0	0	0	0	0	0	0	0	0	0	0	0	0	0	0	0	0	0	0
8.799999999999999	4.864910923043942	1.687483203665212	-4.579729549447366	0	0.9399999999999999	0	0	0	0	0	0	0	0	0	-0.410333515747656	-0.2839359970772203	0.02140551429202561	0	7.234708433106478e-08	0	0	0	0	0	0	0	0	0	0	0	0	0	0	0	0	0	0	0	0
8.82	4.8301858929631	1.674986942451776	-4.544756317668179	0	0.9399999999999999	0	0	0	0	0	0	0	0	0	-0.3965915642395333	-0.2902894749399778	0.02336379928020086	0	2.024274490090039e-07	0	0	0	0	0	0	0	0	0	0	0	0	0	0	0	0	0	0	0	0
8.84	4.731211674085844	1.656327966271529	-4.444749733548884	0	0.9399999999999999	0	0	0	0	0	0	0	0	0	-0.3672466438145369	-0.2779012431273578	0.005731043191742335	0	2.241653067481339e-08	0	0	0	0	0	0	0	0	0	0	0	0	0	0	0	0	0	0	0	0
8.859999999999999	4.658404049693129	1.646645655654025	-4.371274383574974	0	0.9399999999999999	0	0	0	0	0	0	0	0	0	-0.3574173818339957	-0.2546610032108368	-0.01099365442416601	0	-2.202152971989171e-07	0	0	0	0	0	0	0	0	0	0	0	0	0	0	0	0	0	0	0	0
8.879999999999999	4.658404049693129	1.646645655654025	-4.371274383574974	0	0.9399999999999999	0	0	0	0	0	0	0	0	0	-0.3574173818339957	-0.2546610032108368	-0.01099365442416601	0	-2.202152971989171e-07	0	0	0	0	0	0	0	0	0	0	0	0	0	0	0	0	0	0	0	0
8.9	4.552449546895178	1.636272544866672	-4.264935649866195	0	0.9399999999999999	0	0	0	0	0	0	0	0	0	-0.3550027452574072	-0.2268740645504816	-0.02855747527722309	0	1.660103510374356e-07	0	0	0	0	0	0	0	0	0	0	0	0	0	0	0	0	0	0	0	0
8.92	4.2633717543602	1.621346990890493	-3.97678822205446	0	0.9399999999999999	0	0	0	0	0	0	0	0	0	-0.3695706648937223	-0.1923576918669957	-0.06807279077842593	0	-7.880074911411382e-07	0	0	0	0	0	0	0	0	0	0	0	0	0	0	0	0	0	0	0	0
8.94	4.125200748564368	1.619462049033535	-3.839350135002793	0	0.9399999999999999	0	0	0	0	0	0	0	0	0	-0.3753701760261189	-0.1876001965697091	-0.09582069452866833	0	8.037909809047021e-07	0	0	0	0	0	0	0	0	0	0	0	0	0	0	0	0	0	0	0	0
8.959999999999999	4.010146663226539	1.621312877320227	-3.725406184315545	0	0.9399999999999999	0	0	0	0	0	0	0	0	0	-0.3714372158715645	-0.1856459046549795	-0.117593285627025	0	4.746735578440002e-08	0	0	0	0	0	0	0	0	0	0	0	0	0	0	0	0	0	0	0	0
8.98	4.009052225599174	1.625263374737174	-3.725744657400754	0	0.9399999999999999	0	0	0	0	0	0	0	0	0	-0.3666142744699226	-0.1770480676557328	-0.1261729068682175	0	1.302330324733033e-05	0	0	0	0	0	0	0	0	0	0	0	0	0	0	0	0	0	0	0	0
9	4.009003851077355	1.62526983766099	-3.725726810043386	0	0.9399999999999999	0	0	0	0	0	0	0	0	0	-0.3666060405570045	-0.1770503801686216	-0.1261612695117401	0	1.720028939824533e-05	0	0	0	0	0	0	0	0	0	0	0	0	0	0	0	0	0	0	0	0
9.02	3.907222678846547	1.628279750450134	-3.624995959750119	0	0.9399999999999999	0	0	0	0	0	0	0	0	0	-0.3550727590602961	-0.1746774122143839	-0.1321341819303661	0	-7.460481809520163e-08	0	0	0	0	0	0	0	0	0	0	0	0	0	0	0	0	0	0	0	0
9.039999999999999	3.730305152420122	1.627016531370298	-3.451481951989893	0	0.9399999999999999	0	0	0	0	0	0	0	0	0	-0.3375905579104646	-0.1706286608134696	-0.1363894819624201	0	-2.515650374414697e-07	0	0	0	0	0	0	0	0	0	0	0	0	0	0	0	0	0	0	0	0
9.06	3.730892039375781	1.627022251648389	-3.452069807918379	0	0.9399999999999999	0	0	0	0	0	0	0	0	0	-0.3162217209480653	-0.1684391365366499	-0.1323908037632865	0.0216813080777145	0.02168131086998221	0	0	0	0	0	0	0	0	0	0	0	0	0	0	0	0	0	0	0	0
9.08	3.594533583563517	1.620059511886323	-3.324552862761257	0	0.9399999999999999	0	0	0	0	0	0	0	0	0	-0.2757383704798397	-0.1686244372048532	-0.1890562923019343	0	-7.100303164344768e-08	0	0	0	0	0	0	0	0	0	0	0	0	0	0	0	0	0	0	0	0
9.1	3.594533583563517	1.620059511886323	-3.324552862761257	0	0.9399999999999999	0	0	0	0	0	0	0	0	0	-0.2757383704798397	-0.1686244372048532	-0.1890562923019343	0	-7.100303164344768e-08	0	0	0	0	0	0	0	0	0	0	0	0	0	0	0	0	0	0	0	0
9.119999999999999	3.592312541752988	1.613598383147346	-3.327617787872822	0	0.9399999999999999	0	0	0	0	0	0	0	0	0	-0.2499801975516689	-0.1633174945111049	-0.2251354567153825	0	-1.736196495373254e-06	0	0	0	0	0	0	0	0	0	0	0	0	0	0	0	0	0	0	0	0
9.140000000000001	3.124454572469805	1.598478638049639	-2.871600105004755	0	0.9399999999999999	0	0	0	0	0	0	0	0	0	-0.1690145065515753	-0.1639023384431639	-0.2803588814010729	0	2.714318812956206e-06	0	0	0	0	0	0	0	0	0	0	0	0	0	0	0	0	0	0	0	0
9.16	2.748820372686219	1.597074577873054	-2.501424104303943	0	0.9399999999999999	0	0	0	0	0	0	0	0	0	-0.1612601030715441	-0.1574468448064882	-0.2847218361917315	0	-2.276043260334171e-07	0	0	0	0	0	0	0	0	0	0	0	0	0	0	0	0	0	0	0	0
9.18	2.400930392862035	1.600509814651141	-2.158113164608761	0	0.9399999999999999	0	0	0	0	0	0	0	0	0	-0.09370689802161225	-0.1897932840353	-0.283224139545783	0	2.503281296113103e-08	0	0	0	0	0	0	0	0	0	0	0	0	0	0	0	0	0	0	0	0
9.199999999999999	2.401010924017728	1.600513289208104	-2.158193325647259	0	0.9399999999999999	0	0	0	0	0	0	0	0	0	-0.04856554340842584	-0.2070377662286997	-0.2993497197842732	0	2.176256343738196e-07	0	0	0	0	0	0	0	0	0	0	0	0	0	0	0	0	0	0	0	0
9.220000000000001	1.891729118629221	1.615648046354604	-1.655285067394745	0	0.9399999999999999	0	0	0	0	0	0	0	0	0	0.1194655897907254	-0.2380015671048633	-0.2842641393797189	0	1.222041553634804e-06	0	0	0	0	0	0	0	0	0	0	0	0	0	0	0	0	0	0	0	0
9.24	1.718873976869362	1.62502871708807	-1.485251487882963	0	0.9399999999999999	0	0	0	0	0	0	0	0	0	0.1986787213803664	-0.2440953968763659	-0.258130231203833	0	-2.613261041248397e-07	0	0	0	0	0	0	0	0	0	0	0	0	0	0	0	0	0	0	0	0
9.26	1.580669047599648	1.63581859563828	-1.350826356547262	0	0.9399999999999999	0	0	0	0	0	0	0	0	0	0.2067391573327513	-0.2352378462344314	-0.2637264653695076	0	-7.159523297967825e-08	0	0	0	0	0	0	0	0	0	0	0	0	0	0	0	0	0	0	0	0
9.279999999999999	1.46662159439071	1.649861393537836	-1.242329853978615	0	0.9399999999999999	0	0	0	0	0	0	0	0	0	0.3218369533515558	-0.2502787664736634	-0.1677783659664875	0	-1.564083604152523e-07	0	0	0	0	0	0	0	0	0	0	0	0	0	0	0	0	0	0	0	0
9.299999999999999	1.46662159439071	1.649861393537836	-1.242329853978615	0	0.9399999999999999	0	0	0	0	0	0	0	0	0	0.3218369533515558	-0.2502787664736634	-0.1677783659664875	0	-1.564083604152523e-07	0	0	0	0	0	0	0	0	0	0	0	0	0	0	0	0	0	0	0	0
9.32	1.282336239627935	1.686589174432287	-1.076312021055655	0	0.9399999999999999	0	0	0	0	0	0	0	0	0	0.388314134335651	-0.2376554006607735	-0.1098291073805725	0	-9.74166004888246e-08	0	0	0	0	0	0	0	0	0	0	0	0	0	0	0	0	0	0	0	0
9.34	1.281084234615947	1.686595850705449	-1.075057879999201	0	0.9399999999999999	0	0	0	0	0	0	0	0	0	0.3918813882160819	-0.2465491625445786	-0.06724751564452444	0	2.135365810757374e-07	0	0	0	0	0	0	0	0	0	0	0	0	0	0	0	0	0	0	0	0
9.359999999999999	1.131921013704632	1.72841295250534	-0.9535848898833919	0	0.9399999999999999	0	0	0	0	0	0	0	0	0	0.4263071869295891	-0.2392307212234204	-0.01725973136885701	0	2.293171588540627e-07	0	0	0	0	0	0	0	0	0	0	0	0	0	0	0	0	0	0	0	0
9.379999999999999	1.089466111191534	1.751535556002977	-0.9278005866609373	0	0.9399999999999999	0	0	0	0	0	0	0	0	0	0.4430814847110767	-0.2286110525450391	-0.03693504900747935	0	5.791188948381436e-07	0	0	0	0	0	0	0	0	0	0	0	0	0	0	0	0	0	0	0	0
9.4	1.06738011813205	1.774485607455124	-0.9235551002837535	0	0.9399999999999999	0	0	0	0	0	0	0	0	0	0.4508908170859355	-0.2142447741855743	-0.07936769452044962	0	4.442711672832354e-07	0	0	0	0	0	0	0	0	0	0	0	0	0	0	0	0	0	0	0	0
9.42	1.06738011813205	1.774485607455124	-0.9235551002837535	0	0.9399999999999999	0	0	0	0	0	0	0	0	0	0.4508908170859355	-0.2142447741855743	-0.07936769452044962	0	4.442711672832354e-07	0	0	0	0	0	0	0	0	0	0	0	0	0	0	0	0	0	0	0	0
9.44	1.060128543975651	1.796084920755463	-0.935368234504077	0	0.9399999999999999	0	0	0	0	0	0	0	0	0	0.4606559930100594	-0.1913507256922342	-0.1397775289608077	0	1.218432025881289e-07	0	0	0	0	0	0	0	0	0	0	0	0	0	0	0	0	0	0	0	0
9.459999999999999	1.065683346025834	1.815767795902702	-0.961435466702688	0	0.9399999999999999	0	0	0	0	0	0	0	0	0	0.4860325937097983	-0.1725055186284893	-0.2002723503329516	0	5.442114721504283e-08	0	0	0	0	0	0	0	0	0	0	0	0	0	0	0	0	0	0	0	0
9.48	1.079097440300373	1.831683900356809	-0.9957964086849269	0	0.9399999999999999	0	0	0	0	0	0	0	0	0	0.5170880886024232	-0.1671443956080645	-0.2278498617590556	0	-6.808944632927495e-07	0	0	0	0	0	0	0	0	0	0	0	0	0	0	0	0	0	0	0	0
9.5	1.107418954631709	1.857742104250524	-1.064202497590245	0	0.9399999999999999	0	0	0	0	0	0	0	0	0	0.5398723763307688	-0.1689616345448588	-0.2206083726992736	0	-7.426467422300413e-08	0	0	0	0	0	0	0	0	0	0	0	0	0	0	0	0	0	0	0	0
9.52	1.107418954631709	1.857742104250524	-1.064202497590245	0	0.9399999999999999	0	0	0	0	0	0	0	0	0	0.5398723763307688	-0.1689616345448588	-0.2206083726992736	0	-7.426467422300413e-08	0	0	0	0	0	0	0	0	0	0	0	0	0	0	0	0	0	0	0	0
9.539999999999999	1.133695643325916	1.866468814701546	-1.111153024510735	0	0.9399999999999999	0	0	0	0	0	0	0	0	0	0.5436906997227473	-0.1677041022442962	-0.2304750919253652	0	1.091335509216581e-07	0	0	0	0	0	0	0	0	0	0	0	0	0	0	0	0	0	0	0	0
9.56	1.188239224029511	1.881489394260405	-1.203527437402349	0	0.9399999999999999	0	0	0	0	0	0	0	0	0	0.5554581630611397	-0.1780847252954619	-0.2288168579537974	0	-6.155847848578643e-07	0	0	0	0	0	0	0	0	0	0	0	0	0	0	0	0	0	0	0	0
9.58	1.215100962162442	1.886328940638229	-1.247401470749207	0	0.9399999999999999	0	0	0	0	0	0	0	0	0	0.5529368708105646	-0.1758424063778083	-0.2254820454316136	0	2.529653653009411e-07	0	0	0	0	0	0	0	0	0	0	0	0	0	0	0	0	0	0	0	0
9.6	1.242033166229329	1.888968460708219	-1.290421671118269	0	0.9399999999999999	0	0	0	0	0	0	0	0	0	0.5356641801585941	-0.1607540431940551	-0.182677847156554	0	2.683919407081626e-07	0	0	0	0	0	0	0	0	0	0	0	0	0	0	0	0	0	0	0	0
9.619999999999999	1.242033166229329	1.888968460708219	-1.290421671118269	0	0.9399999999999999	0	0	0	0	0	0	0	0	0	0.5356641801585941	-0.1607540431940551	-0.182677847156554	0	2.683919407081626e-07	0	0	0	0	0	0	0	0	0	0	0	0	0	0	0	0	0	0	0	0
9.640000000000001	1.268513665429895	1.892011292736517	-1.332673558289978	0	0.9399999999999999	0	0	0	0	0	0	0	0	0	0.5332199634407243	-0.157450685494628	-0.1758159631648678	0	-4.825974834824332e-08	0	0	0	0	0	0	0	0	0	0	0	0	0	0	0	0	0	0	0	0
9.66	1.290816035038932	1.896860916190697	-1.370719251853509	0	0.9399999999999999	0	0	0	0	0	0	0	0	0	0.5362498872946321	-0.1502325774918542	-0.1740303271540309	0	-2.389254049371791e-07	0	0	0	0	0	0	0	0	0	0	0	0	0	0	0	0	0	0	0	0
9.68	1.308901641749447	1.908223792920061	-1.419008090041433	0	0.9399999999999999	0	0	0	0	0	0	0	0	0	0.5415811409708119	-0.1438920448191321	-0.1686523764174912	0	2.341176822666709e-07	0	0	0	0	0	0	0	0	0	0	0	0	0	0	0	0	0	0	0	0
9.699999999999999	1.309845860502571	1.908259447062587	-1.420036723246433	0	0.9399999999999999	0	0	0	0	0	0	0	0	0	0.5415610951047545	-0.1367076676192703	-0.1725712619526123	0	3.308494007143955e-06	0	0	0	0	0	0	0	0	0	0	0	0	0	0	0	0	0	0	0	0
9.720000000000001	1.300887686779166	1.910965318713521	-1.424285381382333	0	0.9399999999999999	0	0	0	0	0	0	0	0	0	0.5378326479764853	-0.1299530304762296	-0.1698269447943914	0	5.615186768761855e-07	0	0	0	0	0	0	0	0	0	0	0	0	0	0	0	0	0	0	0	0
9.74	1.260235264147494	1.912155168167426	-1.406197081820591	0	0.9399999999999999	0	0	0	0	0	0	0	0	0	0.5234782051186626	-0.11805927777668	-0.1700571192781499	0	6.826048179638628e-07	0	0	0	0	0	0	0	0	0	0	0	0	0	0	0	0	0	0	0	0
9.76	1.260626914700997	1.912190256958737	-1.406528704070524	0	0.9399999999999999	0	0	0	0	0	0	0	0	0	0.5177396391982475	-0.1133675341418418	-0.161595867653178	0	2.088164892288457e-06	0	0	0	0	0	0	0	0	0	0	0	0	0	0	0	0	0	0	0	0
9.779999999999999	1.234212772772147	1.912329743477961	-1.390045281013219	0	0.9399999999999999	0	0	0	0	0	0	0	0	0	0.5035590048934276	-0.1034896572574423	-0.1632751261245091	0	3.547567054182362e-06	0	0	0	0	0	0	0	0	0	0	0	0	0	0	0	0	0	0	0	0
9.799999999999999	1.177329062752922	1.911867420714616	-1.349521521223658	0	0.9399999999999999	0	0	0	0	0	0	0	0	0	0.4782287968871719	-0.08072416336238361	-0.1846582106433639	0	8.239244245544914e-07	0	0	0	0	0	0	0	0	0	0	0	0	0	0	0	0	0	0	0	0
9.82	1.154447177175174	1.909936027669378	-1.334600583114242	0	0.9399999999999999	0	0	0	0	0	0	0	0	0	0.4716686202157175	-0.07062798921822955	-0.1992369525268202	0	3.889695154897273e-07	0	0	0	0	0	0	0	0	0	0	0	0	0	0	0	0	0	0	0	0
9.84	1.137076800252087	1.90794147205817	-1.325269318140896	0	0.9399999999999999	0	0	0	0	0	0	0	0	0	0.4677609157631399	-0.06925550488072257	-0.2078650664443228	0	1.308549960497947e-07	0	0	0	0	0	0	0	0	0	0	0	0	0	0	0	0	0	0	0	0
9.859999999999999	1.122274689786662	1.907061788031843	-1.318375797342082	0	0.9399999999999999	0	0	0	0	0	0	0	0	0	0.4714306481821424	-0.0553114977627013	-0.2213933572162526	0	-6.794809262908363e-06	0	0	0	0	0	0	0	0	0	0	0	0	0	0	0	0	0	0	0	0
9.879999999999999	1.107002603197799	1.90744563655384	-1.310655040315107	0	0.9399999999999999	0	0	0	0	0	0	0	0	0	0.4700657272853023	-0.05392353989876345	-0.2296267205968454	0	3.099328447057338e-08	0	0	0	0	0	0	0	0	0	0	0	0	0	0	0	0	0	0	0	0
9.9	1.09290218036237	1.908359279966622	-1.303610715595252	0	0.9399999999999999	0	0	0	0	0	0	0	0	0	0.474993212950879	-0.03898563359801503	-0.2282384106019368	0	-6.10740396869993e-08	0	0	0	0	0	0	0	0	0	0	0	0	0	0	0	0	0	0	0	0
9.92	1.09290218036237	1.908359279966622	-1.303610715595252	0	0.9399999999999999	0	0	0	0	0	0	0	0	0	0.474993212950879	-0.03898563359801503	-0.2282384106019368	0	-6.10740396869993e-08	0	0	0	0	0	0	0	0	0	0	0	0	0	0	0	0	0	0	0	0
9.94	1.080584130523316	1.909112850467826	-1.29754793338287	0	0.9399999999999999	0	0	0	0	0	0	0	0	0	0.4746687124270781	-0.03200687599103774	-0.2258168819319335	0	1.562048985712416e-07	0	0	0	0	0	0	0	0	0	0	0	0	0	0	0	0	0	0	0	0
9.959999999999999	1.069247050609391	1.909997049819849	-1.291165319986718	0	0.9399999999999999	0	0	0	0	0	0	0	0	0	0.4728989300282981	-0.02545962386237447	-0.2201722082756051	0	2.450127775219471e-07	0	0	0	0	0	0	0	0	0	0	0	0	0	0	0	0	0	0	0	0
9.98	1.059314498504446	1.911099373250271	-1.284795092996406	0	0.9399999999999999	0	0	0	0	0	0	0	0	0	0.4696959877944647	-0.01904321092033385	-0.2127747274531492	0	3.510106069047051e-07	0	0	0	0	0	0	0	0	0	0	0	0	0	0	0	0	0	0	0	0
10	1.051377922731324	1.912471111907904	-1.279155392426352	0	0.9399999999999999	0	0	0	0	0	0	0	0	0	0.4655722777207104	-0.01305616138524382	-0.2054253571656714	0	2.780516545830398e-07	0	0	0	0	0	0	0	0	0	0	0	0	0	0	0	0	0	0	0	0
10.02	1.045372821146085	1.913900964579472	-1.27471142677999	0	0.9399999999999999	0	0	0	0	0	0	0	0	0	0.4609275176666881	-0.007391429592812539	-0.1995478228646057	0	1.749262562296153e-07	0	0	0	0	0	0	0	0	0	0	0	0	0	0	0	0	0	0	0	0
10.04	1.039285980726594	1.915324984672365	-1.269546014081345	0	0.9399999999999999	0	0	0	0	0	0	0	0	0	0.4561498102020825	-0.001390194575661333	-0.1952607189305877	0	-2.759815438305066e-06	0	0	0	0	0	0	0	0	0	0	0	0	0	0	0	0	0	0	0	0
10.06	1.019977727690021	1.917126951688754	-1.249988079802783	0	0.9399999999999999	0	0	0	0	0	0	0	0	0	0.450328386164449	0.008881298322804826	-0.1931916465188125	0	4.861506241153866e-07	0	0	0	0	0	0	0	0	0	0	0	0	0	0	0	0	0	0	0	0
10.08	1.009874538799059	1.916889414122375	-1.239112299832189	0	0.9399999999999999	0	0	0	0	0	0	0	0	0	0.4409329265295057	0.02107065921697404	-0.1897963221866246	0	-6.093932843958843e-07	0	0	0	0	0	0	0	0	0	0	0	0	0	0	0	0	0	0	0	0
10.1	1.000086046765986	1.915895237374647	-1.228140493052731	0	0.9399999999999999	0	0	0	0	0	0	0	0	0	0.4355028203335197	0.02894101397519998	-0.1888467527762758	0	-7.678813120298591e-07	0	0	0	0	0	0	0	0	0	0	0	0	0	0	0	0	0	0	0	0
10.12	1.000086046765986	1.915895237374647	-1.228140493052731	0	0.9399999999999999	0	0	0	0	0	0	0	0	0	0.4355028203335197	0.02894101397519998	-0.1888467527762758	0	-7.678813120298591e-07	0	0	0	0	0	0	0	0	0	0	0	0	0	0	0	0	0	0	0	0
10.14	0.9897488636457655	1.914061606782651	-1.216022744834824	0	0.9399999999999999	0	0	0	0	0	0	0	0	0	0.430051626456727	0.03695820355563081	-0.1872332245963564	0	-2.401205552347853e-07	0	0	0	0	0	0	0	0	0	0	0	0	0	0	0	0	0	0	0	0
10.16	0.9797213970135457	1.911274945516408	-1.203604249281596	0	0.9399999999999999	0	0	0	0	0	0	0	0	0	0.4245463844590966	0.04434511010895979	-0.1849601010783948	0	-6.605271934589366e-07	0	0	0	0	0	0	0	0	0	0	0	0	0	0	0	0	0	0	0	0
10.18	0.9712736555662629	1.907378915240974	-1.192222664429933	0	0.9399999999999999	0	0	0	0	0	0	0	0	0	0.4183182880003485	0.05014890140801485	-0.1814979204747808	0	1.288399804791484e-07	0	0	0	0	0	0	0	0	0	0	0	0	0	0	0	0	0	0	0	0
10.2	0.9601297532767903	1.899356887408129	-1.173205739186558	0	0.9399999999999999	0	0	0	0	0	0	0	0	0	0.4047657688394924	0.06014764997725502	-0.1701176346181036	0	1.335012373945249e-07	0	0	0	0	0	0	0	0	0	0	0	0	0	0	0	0	0	0	0	0
10.22	0.9601297532767903	1.899356887408129	-1.173205739186558	0	0.9399999999999999	0	0	0	0	0	0	0	0	0	0.4047657688394924	0.06014764997725502	-0.1701176346181036	0	1.335012373945249e-07	0	0	0	0	0	0	0	0	0	0	0	0	0	0	0	0	0	0	0	0
10.24	0.9582479997727159	1.895832570486322	-1.166340122448656	0	0.9399999999999999	0	0	0	0	0	0	0	0	0	0.3978193470858617	0.06419676768678707	-0.1629107998556373	0	2.954337687220823e-07	0	0	0	0	0	0	0	0	0	0	0	0	0	0	0	0	0	0	0	0
10.26	0.9577557883848045	1.892485759056624	-1.160166366450618	0	0.9399999999999999	0	0	0	0	0	0	0	0	0	0.3915612537673955	0.06778639044583813	-0.1554162137280944	0	-4.250694530284531e-09	0	0	0	0	0	0	0	0	0	0	0	0	0	0	0	0	0	0	0	0
10.28	0.9560333926131377	1.88536519566784	-1.145181024133517	0	0.9399999999999999	0	0	0	0	0	0	0	0	0	0.3819636694201411	0.07256261584303812	-0.1407377541524779	0	1.456226869906015e-07	0	0	0	0	0	0	0	0	0	0	0	0	0	0	0	0	0	0	0	0
10.3	0.955429401551112	1.881251200500668	-1.137036283851867	0	0.9399999999999999	0	0	0	0	0	0	0	0	0	0.3744849859863727	0.07635556112501124	-0.1308303243508038	0	-1.861989184470569e-08	0	0	0	0	0	0	0	0	0	0	0	0	0	0	0	0	0	0	0	0
10.32	0.9551084422362207	1.877312693419611	-1.128457925583781	0	0.9399999999999999	0	0	0	0	0	0	0	0	0	0.3689294988747245	0.07908177239233899	-0.1223072554511902	0	-1.5830846974164e-07	0	0	0	0	0	0	0	0	0	0	0	0	0	0	0	0	0	0	0	0
10.34	0.9529769296884038	1.873697759148833	-1.11718064688892	0	0.9399999999999999	0	0	0	0	0	0	0	0	0	0.3638145672706823	0.08240328124664391	-0.1142146335488698	0	2.407882641661608e-07	0	0	0	0	0	0	0	0	0	0	0	0	0	0	0	0	0	0	0	0
10.36	0.9487574672007113	1.870161907353442	-1.103153077528432	0	0.9399999999999999	0	0	0	0	0	0	0	0	0	0.3593045525302966	0.08550715727189326	-0.1046669641843347	0	-2.39811099325516e-08	0	0	0	0	0	0	0	0	0	0	0	0	0	0	0	0	0	0	0	0
10.38	0.9431552458806068	1.866305044592748	-1.087228707391843	0	0.9399999999999999	0	0	0	0	0	0	0	0	0	0.3543894589382363	0.08947876303496524	-0.09712020242570492	0	1.978900961294221e-06	0	0	0	0	0	0	0	0	0	0	0	0	0	0	0	0	0	0	0	0
10.4	0.9431794634471746	1.866182825188044	-1.087301760264062	0	0.9399999999999999	0	0	0	0	0	0	0	0	0	0.355851343780826	0.09003765038456195	-0.1007922283744595	0	9.830421392469274e-06	0	0	0	0	0	0	0	0	0	0	0	0	0	0	0	0	0	0	0	0
10.42	0.9286342043618471	1.857436343340929	-1.050881409783586	0	0.9399999999999999	0	0	0	0	0	0	0	0	0	0.3491117355946875	0.0992462421304955	-0.08823257645239314	0	2.123885922019746e-07	0	0	0	0	0	0	0	0	0	0	0	0	0	0	0	0	0	0	0	0
10.44	0.9213036777289063	1.85242678462688	-1.031897288154179	0	0.9399999999999999	0	0	0	0	0	0	0	0	0	0.3450469534073788	0.1044141613446807	-0.08192507452197419	0	-7.735424256469701e-07	0	0	0	0	0	0	0	0	0	0	0	0	0	0	0	0	0	0	0	0
10.46	0.9180275825276254	1.846577989433779	-1.016254585766574	0	0.9399999999999999	0	0	0	0	0	0	0	0	0	0.3409260027116148	0.1087499619741246	-0.07508609680838098	0	5.123580246472417e-07	0	0	0	0	0	0	0	0	0	0	0	0	0	0	0	0	0	0	0	0
10.48	0.917092799338467	1.840985820493294	-1.001808634471476	0	0.9399999999999999	0	0	0	0	0	0	0	0	0	0.3398172065446577	0.1126085526183064	-0.06971124403611641	0	4.891644418091291e-07	0	0	0	0	0	0	0	0	0	0	0	0	0	0	0	0	0	0	0	0
10.5	0.9174167011373802	1.836067762983298	-0.9882943016362928	0	0.9399999999999999	0	0	0	0	0	0	0	0	0	0.336473846856516	0.1173683619417638	-0.06084799700380508	0	1.936462837414219e-07	0	0	0	0	0	0	0	0	0	0	0	0	0	0	0	0	0	0	0	0
10.52	0.9183480080050239	1.831497436795803	-0.9752946054856769	0	0.9399999999999999	0	0	0	0	0	0	0	0	0	0.3465273958558411	0.118038547741223	-0.05928885854009175	0.02213504785082403	0.02213512875234892	0	0	0	0	0	0	0	0	0	0	0	0	0	0	0	0	0	0	0	0
10.54	0.9183480080050239	1.831497436795803	-0.9752946054856769	0	0.9399999999999999	0	0	0	0	0	0	0	0	0	0.3465273958558411	0.118038547741223	-0.05928885854009175	0.02213504785082403	0.02213512875234892	0	0	0	0	0	0	0	0	0	0	0	0	0	0	0	0	0	0	0	0
10.56	0.9184534599732723	1.827212398444886	-0.9612603557698362	0	0.9399999999999999	0	0	0	0	0	0	0	0	0	0.3633196562153363	0.116253223427092	-0.06049188186410964	0.05784674956106359	0.05784674936506452	0	0	0	0	0	0	0	0	0	0	0	0	0	0	0	0	0	0	0	0
10.58	0.9174331340704275	1.823350364625295	-0.9459076219129572	0	0.9399999999999999	0	0	0	0	0	0	0	0	0	0.3804731585715349	0.1138878671953069	-0.06146094940900816	0.09423711796070881	0.09423707324668187	0	0	0	0	0	0	0	0	0	0	0	0	0	0	0	0	0	0	0	0
10.6	0.9178205311870867	1.815939756816714	-0.9177265480103245	0	0.9399999999999999	0	0	0	0	0	0	0	0	0	0.4130251429731949	0.1086405496117057	-0.06269899551426457	0.169827805743365	0.1698276741075508	0	0	0	0	0	0	0	0	0	0	0	0	0	0	0	0	0	0	0	0
10.62	0.9191372159013871	1.812389147981526	-0.9049848838619329	0	0.9399999999999999	0	0	0	0	0	0	0	0	0	0.4248842430067469	0.1065328195002714	-0.06389026256037901	0.1907190017653453	0.1907186761987114	0	0	0	0	0	0	0	0	0	0	0	0	0	0	0	0	0	0	0	0
10.64	0.9211398566448297	1.809085815269124	-0.8930445203912276	0	0.9399999999999999	0	0	0	0	0	0	0	0	0	0.4366401112189059	0.1046137004251687	-0.06354501980907007	0.2244442963386786	0.2244442926843212	0	0	0	0	0	0	0	0	0	0	0	0	0	0	0	0	0	0	0	0
10.66	0.9266039866510244	1.80574036480972	-0.8846830805993122	0	0.9399999999999999	0	0	0	0	0	0	0	0	0	0.4456332789008604	0.1029732175364337	-0.06154038905659272	0.2548532146968441	0.2548539670323199	0	0	0	0	0	0	0	0	0	0	0	0	0	0	0	0	0	0	0	0
10.68	0.9261923549860429	1.80571368595905	-0.8842956529184517	0	0.9399999999999999	0	0	0	0	0	0	0	0	0	0.4478662794141561	0.1037662166233344	-0.06040632787385007	0.2728206965905808	0.2728210363551847	0	0	0	0	0	0	0	0	0	0	0	0	0	0	0	0	0	0	0	0
10.7	0.9399670143479155	1.799125794150933	-0.8703383026828545	0	0.9399999999999999	0	0	0	0	0	0	0	0	0	0.4506196145759929	0.1054551348846246	-0.04267465578802376	0.301903313733449	0.3019041901775723	0	0	0	0	0	0	0	0	0	0	0	0	0	0	0	0	0	0	0	0
10.72	0.9471333332586551	1.795652586003915	-0.863296379072633	0	0.9399999999999999	0	0	0	0	0	0	0	0	0	0.4498352318384431	0.1011876756509386	-0.04652367811524966	0.3373068942795131	0.3373069121010971	0	0	0	0	0	0	0	0	0	0	0	0	0	0	0	0	0	0	0	0
10.74	0.9471333332586551	1.795652586003915	-0.863296379072633	0	0.9399999999999999	0	0	0	0	0	0	0	0	0	0.4498352318384431	0.1011876756509386	-0.04652367811524966	0.3373068942795131	0.3373069121010971	0	0	0	0	0	0	0	0	0	0	0	0	0	0	0	0	0	0	0	0
10.76	0.9631722694537707	1.784584231453212	-0.8502537673253957	0	0.9399999999999999	0	0	0	0	0	0	0	0	0	0.4247078417635439	0.1029454024675251	-0.02926587580088855	0.3334568794036351	0.3334568782173836	0	0	0	0	0	0	0	0	0	0	0	0	0	0	0	0	0	0	0	0
10.78	0.971445029515156	1.777302003118008	-0.8436111364253869	0	0.9399999999999999	0	0	0	0	0	0	0	0	0	0.4077330667750768	0.1055077764685382	-0.01536932229375086	0.3220311901028915	0.3220306490789965	0	0	0	0	0	0	0	0	0	0	0	0	0	0	0	0	0	0	0	0
10.8	0.9787021708450173	1.769596435693359	-0.8357276129218041	0	0.9399999999999999	0	0	0	0	0	0	0	0	0	0.4008649374930091	0.1046471180945861	-0.001347001336963509	0.3225477970335106	0.3225478015747112	0	0	0	0	0	0	0	0	0	0	0	0	0	0	0	0	0	0	0	0
10.82	0.9819682788350771	1.761303611208871	-0.8238726729258392	0	0.9399999999999999	0	0	0	0	0	0	0	0	0	0.3816378393168479	0.1056347938695045	0.0111851680713619	0.3087015942639163	0.3087014433579698	0	0	0	0	0	0	0	0	0	0	0	0	0	0	0	0	0	0	0	0
10.84	0.9809091174317243	1.752629725723227	-0.8077487968392838	0	0.9399999999999999	0	0	0	0	0	0	0	0	0	0.3533035674078824	0.1049271027262188	0.02084339011078767	0.278121697869236	0.278121664613165	0	0	0	0	0	0	0	0	0	0	0	0	0	0	0	0	0	0	0	0
10.86	0.9809091174317243	1.752629725723227	-0.8077487968392838	0	0.9399999999999999	0	0	0	0	0	0	0	0	0	0.3533035674078824	0.1049271027262188	0.02084339011078767	0.278121697869236	0.278121664613165	0	0	0	0	0	0	0	0	0	0	0	0	0	0	0	0	0	0	0	0
10.88	0.9546579095940693	1.735759432473386	-0.7517300051093395	0	0.9399999999999999	0	0	0	0	0	0	0	0	0	0.3281834168985321	0.1040634064052225	0.0490023937627901	0.2642184575425955	0.2642186234556837	0	0	0	0	0	0	0	0	0	0	0	0	0	0	0	0	0	0	0	0
10.9	0.9282066732470744	1.727829604527084	-0.7108769004446728	0	0.9399999999999999	0	0	0	0	0	0	0	0	0	0.3096405603411935	0.09697598692941586	0.05610382381061545	0.2400622934296867	0.2400620798813237	0	0	0	0	0	0	0	0	0	0	0	0	0	0	0	0	0	0	0	0
10.92	0.8924767280540513	1.720845890933045	-0.6612291296775527	0	0.9399999999999999	0	0	0	0	0	0	0	0	0	0.2961057125617413	0.09404671099763508	0.06548757662719729	0.2286020051673811	0.2286020165770601	0	0	0	0	0	0	0	0	0	0	0	0	0	0	0	0	0	0	0	0
10.94	0.842724768983627	1.71517911583782	-0.5981908525851892	0	0.9399999999999999	0	0	0	0	0	0	0	0	0	0.2855901574323491	0.09773708446935124	0.07888479722153269	0.2286076335630013	0.2286088302656316	0	0	0	0	0	0	0	0	0	0	0	0	0	0	0	0	0	0	0	0
10.96	0.7815727512367202	1.710395717809476	-0.5246267460972325	0	0.9399999999999999	0	0	0	0	0	0	0	0	0	0.2641188362013718	0.09091034491498158	0.08070331574658619	0.1987048588864734	0.1987049682681907	0	0	0	0	0	0	0	0	0	0	0	0	0	0	0	0	0	0	0	0
10.98	0.715370917651846	1.706069206328009	-0.4469878466274603	0	0.9399999999999999	0	0	0	0	0	0	0	0	0	0.2529888306499841	0.09439024514755716	0.09231242493293813	0.1986763328920772	0.1986768059625515	0	0	0	0	0	0	0	0	0	0	0	0	0	0	0	0	0	0	0	0
11	0.6491826002189092	1.70246406670937	-0.3700762588109829	0	0.9399999999999999	0	0	0	0	0	0	0	0	0	0.2273354418687635	0.0847955320554932	0.09333690784664012	0.1603698205349502	0.1603706955119774	0	0	0	0	0	0	0	0	0	0	0	0	0	0	0	0	0	0	0	0
11.02	0.5835498105900726	1.699850856042077	-0.2941242979907884	0	0.9399999999999999	0	0	0	0	0	0	0	0	0	0.2078846385459055	0.07986393069972123	0.09924429426142931	0.1388057653459331	0.138805756391319	0	0	0	0	0	0	0	0	0	0	0	0	0	0	0	0	0	0	0	0
11.04	0.5157742263998354	1.697483653747565	-0.2162155828751939	0	0.9399999999999999	0	0	0	0	0	0	0	0	0	0.1861403572868991	0.07373505015827403	0.1058735065028944	0.1141821517997368	0.1141821345544251	0	0	0	0	0	0	0	0	0	0	0	0	0	0	0	0	0	0	0	0
11.06	0.4394817170157241	1.695443808836279	-0.129675936662718	0	0.9399999999999999	0	0	0	0	0	0	0	0	0	0.1755761001146193	0.07533041915337058	0.1166382358479913	0.1141907792798819	0.1141902702837495	0	0	0	0	0	0	0	0	0	0	0	0	0	0	0	0	0	0	0	0
11.08	0.4402552009529408	1.69540065758468	-0.1304172666645433	0	0.9399999999999999	0	0	0	0	0	0	0	0	0	0.1617175185273343	0.06608641980986377	0.1140214062828409	0.08777382571857256	0.08777595333558739	0	0	0	0	0	0	0	0	0	0	0	0	0	0	0	0	0	0	0	0
11.1	0.267177475262525	1.6948115190184	0.0641626132792403	0	0.9399999999999999	0	0	0	0	0	0	0	0	0	0.1046272057456311	0.04532061664211721	0.1364133755923794	0.02839176082353498	0.02839164068230936	0	0	0	0	0	0	0	0	0	0	0	0	0	0	0	0	0	0	0	0
11.12	0.267177475262525	1.6948115190184	0.0641626132792403	0	0.9399999999999999	0	0	0	0	0	0	0	0	0	0.1046272057456311	0.04532061664211721	0.1364133755923794	0.02839176082353498	0.02839164068230936	0	0	0	0	0	0	0	0	0	0	0	0	0	0	0	0	0	0	0	0
11.14	0.1763622054318151	1.697093796060743	0.1667661433645312	0	0.9399999999999999	0	0	0	0	0	0	0	0	0	0.07521228061688374	0.03161119899548296	0.1497759656341517	0	1.406237635471315e-07	0	0	0	0	0	0	0	0	0	0	0	0	0	0	0	0	0	0	0	0
11.16	0.0873043089933542	1.701530946395598	0.2677994898835195	0	0.9399999999999999	0	0	0	0	0	0	0	0	0	0.05857022791380924	0.01588316596076939	0.1573276236179907	0	1.746621065537253e-06	0	0	0	0	0	0	0	0	0	0	0	0	0	0	0	0	0	0	0	0
11.18	-0.03296281770042623	1.716194290432872	0.4102848684812613	0	0.9399999999999999	0	0	0	0	0	0	0	0	0	0.02703825314299843	-0.01386913699675478	0.1690150354969919	0	-1.447117908504053e-07	0	0	0	0	0	0	0	0	0	0	0	0	0	0	0	0	0	0	0	0
11.2	-0.06633110176116	1.723453847674673	0.453159379298713	0	0.9399999999999999	0	0	0	0	0	0	0	0	0	-0.002725159732385604	-0.01794623968922737	0.1793489069583884	0	4.085517796098433e-08	0	0	0	0	0	0	0	0	0	0	0	0	0	0	0	0	0	0	0	0
11.22	-0.09363556067344728	1.730598223876239	0.4892804334787608	0	0.9399999999999999	0	0	0	0	0	0	0	0	0	0.008018875933666335	-0.03810222855285181	0.181189737273563	0	7.475672513676599e-07	0	0	0	0	0	0	0	0	0	0	0	0	0	0	0	0	0	0	0	0
11.24	-0.1231517877012965	1.737135422450792	0.5275181587674039	0	0.9399999999999999	0	0	0	0	0	0	0	0	0	-0.02573403515743114	-0.04096773585268877	0.1884715849637411	0	-9.051366361607702e-07	0	0	0	0	0	0	0	0	0	0	0	0	0	0	0	0	0	0	0	0
11.26	-0.156138241426891	1.742182133910309	0.5693252343570598	0	0.9399999999999999	0	0	0	0	0	0	0	0	0	-0.01488287539957514	-0.05858863160872243	0.195415590478926	0	-5.335546484168021e-07	0	0	0	0	0	0	0	0	0	0	0	0	0	0	0	0	0	0	0	0
11.28	-0.1561349230652738	1.742184448525631	0.5693261801654791	0	0.9399999999999999	0	0	0	0	0	0	0	0	0	-0.01489593135073044	-0.05859118699684895	0.1954193337939526	0	-8.582829525495345e-08	0	0	0	0	0	0	0	0	0	0	0	0	0	0	0	0	0	0	0	0
11.3	-0.2273675452739964	1.747987692032792	0.6606461727671734	0	0.9399999999999999	0	0	0	0	0	0	0	0	0	-0.0358863807628299	-0.09072568661852166	0.2018291241984194	0	9.659638950390285e-08	0	0	0	0	0	0	0	0	0	0	0	0	0	0	0	0	0	0	0	0
11.32	-0.2273675452739964	1.747987692032792	0.6606461727671734	0	0.9399999999999999	0	0	0	0	0	0	0	0	0	-0.0358863807628299	-0.09072568661852166	0.2018291241984194	0	9.659638950390285e-08	0	0	0	0	0	0	0	0	0	0	0	0	0	0	0	0	0	0	0	0
11.34	-0.3071691696373509	1.749278719682856	0.764007451973292	0	0.9399999999999999	0	0	0	0	0	0	0	0	0	-0.04630452500453002	-0.1199129743129051	0.2137425175210921	0	-4.175089493099488e-07	0	0	0	0	0	0	0	0	0	0	0	0	0	0	0	0	0	0	0	0
11.36	-0.3059743586434749	1.749482212060044	0.7626455190376926	0	0.9399999999999999	0	0	0	0	0	0	0	0	0	-0.0470018199570324	-0.1418917729321896	0.198540212373771	0	-2.906198869503291e-05	0	0	0	0	0	0	0	0	0	0	0	0	0	0	0	0	0	0	0	0
11.38	-0.4100393398846568	1.751826879640863	0.8927882315611609	0	0.9399999999999999	0	0	0	0	0	0	0	0	0	-0.09286753262154829	-0.1955842448110749	0.1926307272039638	0	-8.61886239223664e-08	0	0	0	0	0	0	0	0	0	0	0	0	0	0	0	0	0	0	0	0
11.4	-0.4573267696684808	1.755743016976425	0.9536605375241916	0	0.9399999999999999	0	0	0	0	0	0	0	0	0	-0.08624090211033029	-0.2293935761162719	0.191811615440306	0	-8.281980979232758e-08	0	0	0	0	0	0	0	0	0	0	0	0	0	0	0	0	0	0	0	0
11.42	-0.5050498314451393	1.762280399202353	1.014889587042217	0	0.9399999999999999	0	0	0	0	0	0	0	0	0	-0.109120120908766	-0.2484550412167119	0.1784268383059158	0	2.684350949308751e-07	0	0	0	0	0	0	0	0	0	0	0	0	0	0	0	0	0	0	0	0
11.44	-0.5050498314451393	1.762280399202353	1.014889587042217	0	0.9399999999999999	0	0	0	0	0	0	0	0	0	-0.109120120908766	-0.2484550412167119	0.1784268383059158	0	2.684350949308751e-07	0	0	0	0	0	0	0	0	0	0	0	0	0	0	0	0	0	0	0	0
11.46	-0.5894746265663386	1.784174203763187	1.127541298606893	0	0.9399999999999999	0	0	0	0	0	0	0	0	0	-0.1625139107316306	-0.2770889858003102	0.1332150303873557	0	2.156304548571277e-07	0	0	0	0	0	0	0	0	0	0	0	0	0	0	0	0	0	0	0	0
11.48	-0.5894746265663386	1.784174203763187	1.127541298606893	0	0.9399999999999999	0	0	0	0	0	0	0	0	0	-0.1625139107316306	-0.2770889858003102	0.1332150303873557	0	2.156304548571277e-07	0	0	0	0	0	0	0	0	0	0	0	0	0	0	0	0	0	0	0	0
11.5	-0.6274901222154501	1.797527986032663	1.180034906609486	0	0.9399999999999999	0	0	0	0	0	0	0	0	0	-0.1939337927822455	-0.2899169749571129	0.1090889898187666	0	1.379272180623978e-07	0	0	0	0	0	0	0	0	0	0	0	0	0	0	0	0	0	0	0	0
11.52	-0.710898771459167	1.823410892443645	1.291610472802353	0	0.9399999999999999	0	0	0	0	0	0	0	0	0	-0.2385557578066184	-0.3126722906592203	0.09892106331415436	0	-2.785112508220738e-07	0	0	0	0	0	0	0	0	0	0	0	0	0	0	0	0	0	0	0	0
11.54	-0.7518143117677146	1.835407272116617	1.345409390280835	0	0.9399999999999999	0	0	0	0	0	0	0	0	0	-0.295597247422111	-0.3369301307562513	0.049996704998341	0	-1.007216063043627e-06	0	0	0	0	0	0	0	0	0	0	0	0	0	0	0	0	0	0	0	0
11.56	-0.7910569124919804	1.845952630939318	1.396571684297179	0	0.9399999999999999	0	0	0	0	0	0	0	0	0	-0.3272262730959179	-0.358581065660482	0.04156000427892277	0	5.900458042448531e-07	0	0	0	0	0	0	0	0	0	0	0	0	0	0	0	0	0	0	0	0
11.58	-0.7910569124919804	1.845952630939318	1.396571684297179	0	0.9399999999999999	0	0	0	0	0	0	0	0	0	-0.3272262730959179	-0.358581065660482	0.04156000427892277	0	5.900458042448531e-07	0	0	0	0	0	0	0	0	0	0	0	0	0	0	0	0	0	0	0	0
11.6	-0.8274158229378172	1.854591151454739	1.444135952454823	0	0.9399999999999999	0	0	0	0	0	0	0	0	0	-0.3571262397413728	-0.3822517885117235	0.03615906801400342	0	-6.686976454232165e-07	0	0	0	0	0	0	0	0	0	0	0	0	0	0	0	0	0	0	0	0
11.62	-0.8923300571302236	1.869024789866059	1.529026509682305	0	0.9399999999999999	0	0	0	0	0	0	0	0	0	-0.422124158670381	-0.4256552038320269	0.02200939353973251	0	-1.113800211661738e-06	0	0	0	0	0	0	0	0	0	0	0	0	0	0	0	0	0	0	0	0
11.64	-0.9199404582403168	1.875212627545489	1.565145257592617	0	0.9399999999999999	0	0	0	0	0	0	0	0	0	-0.4599471954217145	-0.4395238116712389	0.009076229226804698	0	-2.650194309936279e-06	0	0	0	0	0	0	0	0	0	0	0	0	0	0	0	0	0	0	0	0
11.66	-0.9433678890499837	1.880704627351999	1.59628004609826	0	0.9399999999999999	0	0	0	0	0	0	0	0	0	-0.5018615761433055	-0.4460641252419273	-0.006014335678933874	0	3.122782154280449e-07	0	0	0	0	0	0	0	0	0	0	0	0	0	0	0	0	0	0	0	0
11.68	-0.9542543005537524	1.872149327571794	1.619782835386054	0	0.9399999999999999	0	0	0	0	0	0	0	0	0	-0.52359878	-0.4441468822933364	-0.01196368850872486	0	2.324410531318504e-06	0	0	0	0	0	0	0	0	0	0	0	0	0	0	0	0	0	0	0	0
11.7	-0.9542543005537524	1.872149327571794	1.619782835386054	0	0.9399999999999999	0	0	0	0	0	0	0	0	0	-0.52359878	-0.4441468822933364	-0.01196368850872486	0	2.324410531318504e-06	0	0	0	0	0	0	0	0	0	0	0	0	0	0	0	0	0	0	0	0
11.72	-0.9620498380266953	1.82538856946968	1.661089782934409	0	0.9399999999999999	0	0	0	0	0	0	0	0	0	-0.52359878	-0.4224335913015397	-0.006734868500031349	0	-5.418100186835333e-07	0	0	0	0	0	0	0	0	0	0	0	0	0	0	0	0	0	0	0	0
11.74	-0.9620498380266953	1.82538856946968	1.661089782934409	0	0.9399999999999999	0	0	0	0	0	0	0	0	0	-0.52359878	-0.4224335913015397	-0.006734868500031349	0	-5.418100186835333e-07	0	0	0	0	0	0	0	0	0	0	0	0	0	0	0	0	0	0	0	0
11.76	-0.974893264950923	1.801135262452276	1.688541292357076	0	0.9399999999999999	0	0	0	0	0	0	0	0	0	-0.52359878	-0.4069885418026286	-0.007213302670388048	0	-1.452980010184911e-07	0	0	0	0	0	0	0	0	0	0	0	0	0	0	0	0	0	0	0	0
11.78	-0.9965740657599382	1.777251151684034	1.722895156580055	0	0.9399999999999999	0	0	0	0	0	0	0	0	0	-0.52359878	-0.3895915248230216	-0.01040990854879472	0	-1.302131564491446e-07	0	0	0	0	0	0	0	0	0	0	0	0	0	0	0	0	0	0	0	0
11.8	-1.027449960974179	1.753964519229296	1.763780449318942	0	0.9399999999999999	0	0	0	0	0	0	0	0	0	-0.52359878	-0.3693278900344672	-0.0156209519370907	0	1.811614229945638e-06	0	0	0	0	0	0	0	0	0	0	0	0	0	0	0	0	0	0	0	0
11.82	-1.073151995720804	1.7325701324082	1.817204299188625	0	0.9399999999999999	0	0	0	0	0	0	0	0	0	-0.52359878	-0.3483263004394759	-0.0216823845774954	0	-7.960217540565966e-07	0	0	0	0	0	0	0	0	0	0	0	0	0	0	0	0	0	0	0	0
11.84	-1.130667862734073	1.714292354467472	1.880849917729085	0	0.9399999999999999	0	0	0	0	0	0	0	0	0	-0.52359878	-0.3272953255259612	-0.02830115720867521	0	1.796301197822611e-06	0	0	0	0	0	0	0	0	0	0	0	0	0	0	0	0	0	0	0	0
11.86	-1.189004232126111	1.700252744759973	1.944048481672632	0	0.9399999999999999	0	0	0	0	0	0	0	0	0	-0.52359878	-0.3057343969366588	-0.03558115902288034	0	2.599727874448722e-06	0	0	0	0	0	0	0	0	0	0	0	0	0	0	0	0	0	0	0	0
11.88	-1.282136422229633	1.682940105762025	2.043657722266548	0	0.9399999999999999	0	0	0	0	0	0	0	0	0	-0.52359878	-0.2690800340083366	-0.05558506149271594	0	2.869001885423591e-06	0	0	0	0	0	0	0	0	0	0	0	0	0	0	0	0	0	0	0	0
11.9	-1.282136422229633	1.682940105762025	2.043657722266548	0	0.9399999999999999	0	0	0	0	0	0	0	0	0	-0.52359878	-0.2690800340083366	-0.05558506149271594	0	2.869001885423591e-06	0	0	0	0	0	0	0	0	0	0	0	0	0	0	0	0	0	0	0	0
11.92	-1.31735326529078	1.678825615890205	2.081967899336102	0	0.9399999999999999	0	0	0	0	0	0	0	0	0	-0.52359878	-0.2490673067238508	-0.06994663237940571	0	-1.594518008391127e-07	0	0	0	0	0	0	0	0	0	0	0	0	0	0	0	0	0	0	0	0
11.94	-1.329670621495545	1.676672929889599	2.097085909252784	0	0.9399999999999999	0	0	0	0	0	0	0	0	0	-0.52359878	-0.2481102327287642	-0.07137324395277482	0	-4.033821131855172e-07	0	0	0	0	0	0	0	0	0	0	0	0	0	0	0	0	0	0	0	0
11.96	-1.284879250047732	1.689144759271803	2.051849237921875	0	0.9399999999999999	0	0	0	0	0	0	0	0	0	-0.52359878	-0.2481643512746554	-0.07588529935215853	0	3.26259014324691e-07	0	0	0	0	0	0	0	0	0	0	0	0	0	0	0	0	0	0	0	0
11.98	-1.248139972608739	1.699377749230864	2.015585920931247	0	0.9399999999999999	0	0	0	0	0	0	0	0	0	-0.52359878	-0.2547129363791449	-0.07623892551575324	0	-3.497760227054015e-08	0	0	0	0	0	0	0	0	0	0	0	0	0	0	0	0	0	0	0	0
12	-1.248139972608739	1.699377749230864	2.015585920931247	0	0.9399999999999999	0	0	0	0	0	0	0	0	0	-0.52359878	-0.2547129363791449	-0.07623892551575324	0	-3.497760227054015e-08	0	0	0	0	0	0	0	0	0	0	0	0	0	0	0	0	0	0	0	0
12.02	-1.206763412323767	1.712734422425221	1.973850331922685	0	0.9399999999999999	0	0	0	0	0	0	0	0	0	-0.52359878	-0.2657373913786676	-0.07536557224085126	0	4.319805659587347e-06	0	0	0	0	0	0	0	0	0	0	0	0	0	0	0	0	0	0	0	0
12.04	-1.133400121503215	1.747230738460848	1.894836946809561	0	0.9399999999999999	0	0	0	0	0	0	0	0	0	-0.52359878	-0.2961710999707563	-0.07436120819016671	0	1.745859934464045e-07	0	0	0	0	0	0	0	0	0	0	0	0	0	0	0	0	0	0	0	0
12.06	-1.101221335930533	1.7684658344013	1.856358866951318	0	0.9399999999999999	0	0	0	0	0	0	0	0	0	-0.52359878	-0.311117344861245	-0.07596469571762743	0	-3.103129891861067e-06	0	0	0	0	0	0	0	0	0	0	0	0	0	0	0	0	0	0	0	0
12.08	-1.093153472156559	1.764030711401259	1.845729982147476	0	0.9399999999999999	0	0	0	0	0	0	0	0	0	-0.52359878	-0.307270128968462	-0.07810040035297286	0	1.084945688100779e-06	0	0	0	0	0	0	0	0	0	0	0	0	0	0	0	0	0	0	0	0
12.1	-1.059558569956342	1.820846743094469	1.792540584316596	0	0.9399999999999999	0	0	0	0	0	0	0	0	0	-0.52359878	-0.3350982986531144	-0.08710133200787308	0	1.623250727439944e-06	0	0	0	0	0	0	0	0	0	0	0	0	0	0	0	0	0	0	0	0
12.12	-1.058890749052798	1.81140037596753	1.787840319722803	0	0.9399999999999999	0	0	0	0	0	0	0	0	0	-0.4574455646271755	-0.3449819878941038	-0.07259325452092882	0	1.022078595136753e-06	0	0	0	0	0	0	0	0	0	0	0	0	0	0	0	0	0	0	0	0
12.14	-1.047048839034635	1.796796807230114	1.771845367720001	0	0.9399999999999999	0	0	0	0	0	0	0	0	0	-0.3804592434675322	-0.3487064532343739	-0.05371470855077479	0	1.320850690269665e-08	0	0	0	0	0	0	0	0	0	0	0	0	0	0	0	0	0	0	0	0
12.16	-1.038531523680571	1.781903489100735	1.758067098953904	0	0.9399999999999999	0	0	0	0	0	0	0	0	0	-0.3674122996583471	-0.3423559955274543	-0.05728896701462423	0	2.95472862134806e-06	0	0	0	0	0	0	0	0	0	0	0	0	0	0	0	0	0	0	0	0
12.18	-1.029443190270251	1.766981055881753	1.742274191500736	0	0.9399999999999999	0	0	0	0	0	0	0	0	0	-0.2877686423424393	-0.3458289008192778	-0.04001060251198146	0	6.106387845070439e-07	0	0	0	0	0	0	0	0	0	0	0	0	0	0	0	0	0	0	0	0
12.2	-1.028744583366767	1.751759635706696	1.733264926571866	0	0.9399999999999999	0	0	0	0	0	0	0	0	0	-0.1339453745152651	-0.3612743144300107	0.004944107699508494	0	-2.735377463982094e-05	0	0	0	0	0	0	0	0	0	0	0	0	0	0	0	0	0	0	0	0
12.22	-1.019045701326363	1.751693342936514	1.723440603336368	0	0.9399999999999999	0	0	0	0	0	0	0	0	0	-0.1341853713294276	-0.3595490214787347	0.004787956730520376	0	8.512226592306032e-08	0	0	0	0	0	0	0	0	0	0	0	0	0	0	0	0	0	0	0	0
12.24	-1.001732214453971	1.7374579614756	1.697129580086831	0	0.9399999999999999	0	0	0	0	0	0	0	0	0	-0.04824822487296166	-0.3624571962276246	0.0278280985482146	0	2.597657990714461e-06	0	0	0	0	0	0	0	0	0	0	0	0	0	0	0	0	0	0	0	0
12.26	-0.9820908839492061	1.725168403367658	1.667844238162486	0	0.9399999999999999	0	0	0	0	0	0	0	0	0	0.03519811318856881	-0.3668120127533132	0.05097182707357358	0	5.188476550898117e-06	0	0	0	0	0	0	0	0	0	0	0	0	0	0	0	0	0	0	0	0
12.28	-0.9610739865046956	1.714984612730123	1.636760218999931	0	0.9399999999999999	0	0	0	0	0	0	0	0	0	0.1154787828699358	-0.3720473936865467	0.07471323173005494	0	9.676390533631306e-08	0	0	0	0	0	0	0	0	0	0	0	0	0	0	0	0	0	0	0	0
12.3	-0.9371730831146438	1.706545130858208	1.603421532235986	0	0.9399999999999999	0	0	0	0	0	0	0	0	0	0.1927394870144391	-0.3765092674849045	0.1004105910193374	0	2.205440640443557e-06	0	0	0	0	0	0	0	0	0	0	0	0	0	0	0	0	0	0	0	0
12.32	-0.8851745454087151	1.692032237944646	1.533887427108269	0	0.9399999999999999	0	0	0	0	0	0	0	0	0	0.2714596349127891	-0.3786822734148618	0.1168399522488626	0	4.541155923786702e-06	0	0	0	0	0	0	0	0	0	0	0	0	0	0	0	0	0	0	0	0
12.34	-0.8830468989275881	1.685463562146516	1.523965669408725	0	0.9399999999999999	0	0	0	0	0	0	0	0	0	0.4177345946894812	-0.3853580470322352	0.1866986625643763	0	-1.982432980929711e-06	0	0	0	0	0	0	0	0	0	0	0	0	0	0	0	0	0	0	0	0
12.36	-0.8287238454677843	1.679344526972364	1.462854404196993	0	0.9399999999999999	0	0	0	0	0	0	0	0	0	0.4911982236611902	-0.3834509394606723	0.2153835691087688	0	-1.173037050583889e-06	0	0	0	0	0	0	0	0	0	0	0	0	0	0	0	0	0	0	0	0
12.38	-0.8287238454677843	1.679344526972364	1.462854404196993	0	0.9399999999999999	0	0	0	0	0	0	0	0	0	0.4911982236611902	-0.3834509394606723	0.2153835691087688	0	-1.173037050583889e-06	0	0	0	0	0	0	0	0	0	0	0	0	0	0	0	0	0	0	0	0
12.4	-0.7555129530039693	1.669931527122496	1.37918911878716	0	0.9399999999999999	0	0	0	0	0	0	0	0	0	0.6316993960078058	-0.3771084944356731	0.2722917544443594	0	3.046795293159335e-07	0	0	0	0	0	0	0	0	0	0	0	0	0	0	0	0	0	0	0	0
12.42	-0.7160165986089039	1.667568948662163	1.336237324033754	0	0.9399999999999999	0	0	0	0	0	0	0	0	0	0.6816771658633572	-0.3605000179625607	0.2799161187175401	0	3.102920510703957e-06	0	0	0	0	0	0	0	0	0	0	0	0	0	0	0	0	0	0	0	0
12.44	-0.6722545604410308	1.666639934215262	1.290172804773963	0	0.9399999999999999	0	0	0	0	0	0	0	0	0	0.7562558391070507	-0.3653542981204631	0.3259600204753879	0	1.556005021662766e-06	0	0	0	0	0	0	0	0	0	0	0	0	0	0	0	0	0	0	0	0
12.46	-0.6722545604410308	1.666639934215262	1.290172804773963	0	0.9399999999999999	0	0	0	0	0	0	0	0	0	0.7562558391070507	-0.3653542981204631	0.3259600204753879	0	1.556005021662766e-06	0	0	0	0	0	0	0	0	0	0	0	0	0	0	0	0	0	0	0	0
12.48	-0.5773251244158609	1.665411098689629	1.192670601484079	0	0.9399999999999999	0	0	0	0	0	0	0	0	0	0.8681298490561111	-0.3571424765570144	0.3770495962236503	0	-4.747689448987995e-07	0	0	0	0	0	0	0	0	0	0	0	0	0	0	0	0	0	0	0	0
12.5	-0.5773251244158609	1.665411098689629	1.192670601484079	0	0.9399999999999999	0	0	0	0	0	0	0	0	0	0.8681298490561111	-0.3571424765570144	0.3770495962236503	0	-4.747689448987995e-07	0	0	0	0	0	0	0	0	0	0	0	0	0	0	0	0	0	0	0	0
12.52	-0.463242981484598	1.664804334071932	1.074469271257513	0	0.9399999999999999	0	0	0	0	0	0	0	0	0	0.9186541225756416	-0.3538491083552314	0.3904588937981833	0	-2.086771030935322e-06	0	0	0	0	0	0	0	0	0	0	0	0	0	0	0	0	0	0	0	0
12.54	-0.392569825588822	1.666205202718436	1.001406229809068	0	0.9399999999999999	0	0	0	0	0	0	0	0	0	1.004754682133682	-0.3331379142578573	0.4022207698678377	0	9.851227441973117e-07	0	0	0	0	0	0	0	0	0	0	0	0	0	0	0	0	0	0	0	0
12.56	-0.3300634584728203	1.668249362703062	0.9368197758891603	0	0.9399999999999999	0	0	0	0	0	0	0	0	0	1.039022917953455	-0.3326622365141371	0.4104414671511575	0	-2.952367787515405e-07	0	0	0	0	0	0	0	0	0	0	0	0	0	0	0	0	0	0	0	0
12.58	-0.2758939932935154	1.6688396536743	0.8804729298019317	0	0.9399999999999999	0	0	0	0	0	0	0	0	0	1.060158767003967	-0.3557077523273378	0.4319363585408934	0	-1.431826875027151e-07	0	0	0	0	0	0	0	0	0	0	0	0	0	0	0	0	0	0	0	0
12.6	-0.2758939932935154	1.6688396536743	0.8804729298019317	0	0.9399999999999999	0	0	0	0	0	0	0	0	0	1.060158767003967	-0.3557077523273378	0.4319363585408934	0	-1.431826875027151e-07	0	0	0	0	0	0	0	0	0	0	0	0	0	0	0	0	0	0	0	0
12.62	-0.2144950894190573	1.666309256279267	0.8166904612455901	0	0.9399999999999999	0	0	0	0	0	0	0	0	0	1.088279751929365	-0.3561201988764385	0.4324748086273722	0	6.416003927325019e-07	0	0	0	0	0	0	0	0	0	0	0	0	0	0	0	0	0	0	0	0
12.64	-0.1567028865827155	1.661746225548497	0.7569889599280154	0	0.9399999999999999	0	0	0	0	0	0	0	0	0	1.115575436436008	-0.3547558722585568	0.4270470951938733	0	1.088633263178611e-06	0	0	0	0	0	0	0	0	0	0	0	0	0	0	0	0	0	0	0	0
12.66	0.03141011927770689	1.649347635290741	0.5681910776285395	0	0.9399999999999999	0	0	0	0	0	0	0	0	0	1.166174981715614	-0.3462185736482499	0.3885795866551047	0	-2.249106504240023e-07	0	0	0	0	0	0	0	0	0	0	0	0	0	0	0	0	0	0	0	0
12.68	0.03141011927770689	1.649347635290741	0.5681910776285395	0	0.9399999999999999	0	0	0	0	0	0	0	0	0	1.166174981715614	-0.3462185736482499	0.3885795866551047	0	-2.249106504240023e-07	0	0	0	0	0	0	0	0	0	0	0	0	0	0	0	0	0	0	0	0
12.7	0.1701273040941891	1.642876265976053	0.4300315454167004	0	0.9399999999999999	0	0	0	0	0	0	0	0	0	1.18885774056346	-0.3396495562011513	0.3571463301968573	0	-1.178091433352355e-06	0	0	0	0	0	0	0	0	0	0	0	0	0	0	0	0	0	0	0	0
12.72	0.341948794656726	1.637452593698358	0.2591469339274546	0	0.9399999999999999	0	0	0	0	0	0	0	0	0	1.209529613584351	-0.3298673818902418	0.319800826087848	0	-1.154270684820238e-06	0	0	0	0	0	0	0	0	0	0	0	0	0	0	0	0	0	0	0	0
12.74	0.5502253137868042	1.633754127615331	0.05188914402874768	0	0.9399999999999999	0	0	0	0	0	0	0	0	0	1.228887212913213	-0.3187425107250904	0.2777803130980094	0	-4.230996112477419e-07	0	0	0	0	0	0	0	0	0	0	0	0	0	0	0	0	0	0	0	0
12.76	1.038041599854502	1.635287845773174	-0.4351088658852061	0	0.9399999999999999	0	0	0	0	0	0	0	0	0	1.264138868351687	-0.310595774765709	0.2383645829700427	0	-4.344838174083917e-07	0	0	0	0	0	0	0	0	0	0	0	0	0	0	0	0	0	0	0	0
12.78	1.244556997301421	1.640640483355668	-0.6425078238788345	0	0.9399999999999999	0	0	0	0	0	0	0	0	0	1.281563082334593	-0.3049669491824086	0.1977725808593426	0	-1.74118300543301e-07	0	0	0	0	0	0	0	0	0	0	0	0	0	0	0	0	0	0	0	0
12.8	1.244953725020873	1.640649892316789	-0.642935365944621	0	0.9399999999999999	0	0	0	0	0	0	0	0	0	1.285479710566265	-0.2986578112314743	0.169929848435289	0	-2.450108968631443e-07	0	0	0	0	0	0	0	0	0	0	0	0	0	0	0	0	0	0	0	0
12.82	1.412306193322572	1.647973325480228	-0.8117484049601076	0	0.9399999999999999	0	0	0	0	0	0	0	0	0	1.301870595505727	-0.2945403490470173	0.156850946430306	0	-8.799110016254561e-07	0	0	0	0	0	0	0	0	0	0	0	0	0	0	0	0	0	0	0	0
12.84	1.543280271248948	1.656850341881816	-0.9449707269948495	0	0.9399999999999999	0	0	0	0	0	0	0	0	0	1.314486486985864	-0.2903349891524362	0.1524582041346442	0	4.585934029885253e-07	0	0	0	0	0	0	0	0	0	0	0	0	0	0	0	0	0	0	0	0
12.86	1.647406769386154	1.665776855724953	-1.05256501811192	0	0.9399999999999999	0	0	0	0	0	0	0	0	0	1.322601254422235	-0.2868704723396567	0.1558851273053652	0	8.625068064322004e-07	0	0	0	0	0	0	0	0	0	0	0	0	0	0	0	0	0	0	0	0
12.88	1.790160280892297	1.681591032733386	-1.205524606742598	0	0.9399999999999999	0	0	0	0	0	0	0	0	0	1.336623563103649	-0.2912029882364622	0.1689595181711051	0	-3.984109374182958e-07	0	0	0	0	0	0	0	0	0	0	0	0	0	0	0	0	0	0	0	0
12.9	1.78974525496863	1.681656457049887	-1.205032934478902	0	0.9399999999999999	0	0	0	0	0	0	0	0	0	1.327163190047241	-0.2834627003409804	0.1862341375056059	0	1.169717953256157e-06	0	0	0	0	0	0	0	0	0	0	0	0	0	0	0	0	0	0	0	0
12.92	1.841015487791755	1.688190523859672	-1.262898888443752	0	0.9399999999999999	0	0	0	0	0	0	0	0	0	1.3240170911523	-0.2835745467780837	0.2128256434057338	0	4.551242094692441e-07	0	0	0	0	0	0	0	0	0	0	0	0	0	0	0	0	0	0	0	0
12.94	1.930703852772416	1.697391076379505	-1.366948478972523	0	0.9399999999999999	0	0	0	0	0	0	0	0	0	1.322381032295287	-0.2928824479320264	0.2468722473611498	0	3.367231818624939e-06	0	0	0	0	0	0	0	0	0	0	0	0	0	0	0	0	0	0	0	0
12.96	1.969059277514367	1.700429072187516	-1.412754252816397	0	0.9399999999999999	0	0	0	0	0	0	0	0	0	1.288822506724346	-0.2851425287158447	0.3145711802875649	0	-8.045181977647728e-07	0	0	0	0	0	0	0	0	0	0	0	0	0	0	0	0	0	0	0	0
12.98	1.969059277514367	1.700429072187516	-1.412754252816397	0	0.9399999999999999	0	0	0	0	0	0	0	0	0	1.288822506724346	-0.2851425287158447	0.3145711802875649	0	-8.045181977647728e-07	0	0	0	0	0	0	0	0	0	0	0	0	0	0	0	0	0	0	0	0
13	2.002147348357071	1.702349242482549	-1.453036811195132	0	0.9399999999999999	0	0	0	0	0	0	0	0	0	1.268234215353782	-0.2847024684142146	0.3521480265897182	0	2.812885703921576e-07	0	0	0	0	0	0	0	0	0	0	0	0	0	0	0	0	0	0	0	0
13.02	2.060879371492754	1.702191249627292	-1.525220632653993	0	0.9399999999999999	0	0	0	0	0	0	0	0	0	1.21290341000556	-0.2834237986733002	0.429132305137228	0	-2.737384538828625e-07	0	0	0	0	0	0	0	0	0	0	0	0	0	0	0	0	0	0	0	0
13.04	2.079719838901531	1.701127006691391	-1.550177746868751	0	0.9399999999999999	0	0	0	0	0	0	0	0	0	1.178728513466544	-0.2830844575075112	0.4647103062279874	0	5.56959274785356e-08	0	0	0	0	0	0	0	0	0	0	0	0	0	0	0	0	0	0	0	0
13.06	2.076607421571858	1.699179263996909	-1.552670646936776	0	0.9399999999999999	0	0	0	0	0	0	0	0	0	1.139862582641869	-0.2823284247043952	0.494547448505431	0	-2.129054242619302e-05	0	0	0	0	0	0	0	0	0	0	0	0	0	0	0	0	0	0	0	0
13.08	2.094200575434594	1.69644657851021	-1.575359984433511	0	0.9399999999999999	0	0	0	0	0	0	0	0	0	1.098120960943205	-0.2839031356458182	0.5216449330743055	0	3.32566696218675e-07	0	0	0	0	0	0	0	0	0	0	0	0	0	0	0	0	0	0	0	0
13.1	2.094200575434594	1.69644657851021	-1.575359984433511	0	0.9399999999999999	0	0	0	0	0	0	0	0	0	1.098120960943205	-0.2839031356458182	0.5216449330743055	0	3.32566696218675e-07	0	0	0	0	0	0	0	0	0	0	0	0	0	0	0	0	0	0	0	0
13.12	2.091845846756694	1.692071858283881	-1.577873253248825	0	0.9399999999999999	0	0	0	0	0	0	0	0	0	1.049264229990108	-0.2854634057859317	0.5358402963593367	0	3.74888203549955e-06	0	0	0	0	0	0	0	0	0	0	0	0	0	0	0	0	0	0	0	0
13.14	2.089873453431293	1.686076604485039	-1.580482574438118	0	0.9399999999999999	0	0	0	0	0	0	0	0	0	0.9962151175469302	-0.2875465687069231	0.5419579833364035	0	-5.156089994592154e-07	0	0	0	0	0	0	0	0	0	0	0	0	0	0	0	0	0	0	0	0
13.16	2.073121778769334	1.678525697338413	-1.568261405188131	0	0.9399999999999999	0	0	0	0	0	0	0	0	0	0.9389748030328504	-0.2888257065204535	0.5391289109146256	0	1.438385734764224e-07	0	0	0	0	0	0	0	0	0	0	0	0	0	0	0	0	0	0	0	0
13.18	2.071345525730405	1.669927340582182	-1.571088375789643	0	0.9399999999999999	0	0	0	0	0	0	0	0	0	0.8793823040414105	-0.290551823527043	0.530206789467114	0	-7.871419876561264e-06	0	0	0	0	0	0	0	0	0	0	0	0	0	0	0	0	0	0	0	0
13.2	2.028442012607381	1.66143412375352	-1.533039689077424	0	0.9399999999999999	0	0	0	0	0	0	0	0	0	0.8177325066641349	-0.2894755795391518	0.5121833273127671	0	9.517249836472266e-07	0	0	0	0	0	0	0	0	0	0	0	0	0	0	0	0	0	0	0	0
13.22	1.99351017783355	1.653428328373523	-1.503540636077195	0	0.9399999999999999	0	0	0	0	0	0	0	0	0	0.7547861780842624	-0.2889289780135934	0.488271758365358	0	-1.231925198528993e-07	0	0	0	0	0	0	0	0	0	0	0	0	0	0	0	0	0	0	0	0
13.24	1.907297646891891	1.635777658783421	-1.428920418988185	0	0.9399999999999999	0	0	0	0	0	0	0	0	0	0.6775676406367609	-0.2893000176591786	0.4505209651349117	0	-2.604693612720327e-07	0	0	0	0	0	0	0	0	0	0	0	0	0	0	0	0	0	0	0	0
13.26	1.908885757223625	1.635763807883523	-1.430483696373835	0	0.9399999999999999	0	0	0	0	0	0	0	0	0	0.6201302691273011	-0.2846052039121844	0.4197153800675338	0	-3.71361202972465e-07	0	0	0	0	0	0	0	0	0	0	0	0	0	0	0	0	0	0	0	0
13.28	1.75233818777494	1.612419827307988	-1.287225136163916	0	0.9399999999999999	0	0	0	0	0	0	0	0	0	0.533554227420276	-0.2835201567187818	0.3730624346923228	0	-1.365897358658907e-07	0	0	0	0	0	0	0	0	0	0	0	0	0	0	0	0	0	0	0	0
13.3	1.750789612876871	1.595649695931426	-1.292897526977073	0	0.9399999999999999	0	0	0	0	0	0	0	0	0	0.3981663449294178	-0.2804901277920278	0.303770069446367	0	-5.604735769296212e-06	0	0	0	0	0	0	0	0	0	0	0	0	0	0	0	0	0	0	0	0
13.32	1.747386765466099	1.576121885814265	-1.296073722128769	0	0.9399999999999999	0	0	0	0	0	0	0	0	0	0.3180775451015901	-0.2845251181106198	0.2713513492094349	0	-5.784908686708145e-09	0	0	0	0	0	0	0	0	0	0	0	0	0	0	0	0	0	0	0	0
13.34	2.708608106664072	1.544036321832308	-2.262852205607142	0	0.9399999999999999	0	0	0	0	0	0	0	0	0	0.2283345953472636	-0.2683721753750153	0.2366095014449223	0	1.233310589920336e-06	0	0	0	0	0	0	0	0	0	0	0	0	0	0	0	0	0	0	0	0
13.36	2.708608106664072	1.544036321832308	-2.262852205607142	0	0.9399999999999999	0	0	0	0	0	0	0	0	0	0.2283345953472636	-0.2683721753750153	0.2366095014449223	0	1.233310589920336e-06	0	0	0	0	0	0	0	0	0	0	0	0	0	0	0	0	0	0	0	0
13.38	2.399841548077733	1.524166753368513	-1.958595580382243	0	0.9399999999999999	0	0	0	0	0	0	0	0	0	0.1411085166984037	-0.2651522601441573	0.2089833127372253	0	1.680538702664465e-06	0	0	0	0	0	0	0	0	0	0	0	0	0	0	0	0	0	0	0	0
13.4	2.258394299212349	1.50264470204252	-1.82057537916222	0	0.9399999999999999	0	0	0	0	0	0	0	0	0	0.05178513642057599	-0.2622300397620555	0.1832147865416581	0	1.606328253629459e-06	0	0	0	0	0	0	0	0	0	0	0	0	0	0	0	0	0	0	0	0
13.42	2.141146804406779	1.457148837540105	-1.706575011122954	0	0.9399999999999999	0	0	0	0	0	0	0	0	0	-0.1088535611599522	-0.2635543519468407	0.14527383167657	0	8.314741313534261e-07	0	0	0	0	0	0	0	0	0	0	0	0	0	0	0	0	0	0	0	0
13.44	2.14066865371151	1.45726036673513	-1.706200554478538	0	0.9399999999999999	0	0	0	0	0	0	0	0	0	-0.1325888282887562	-0.2505968903711078	0.1311552152251197	0	9.653058866344295e-06	0	0	0	0	0	0	0	0	0	0	0	0	0	0	0	0	0	0	0	0
13.46	2.112262827886901	1.433835370027813	-1.677750438495967	0	0.9399999999999999	0	0	0	0	0	0	0	0	0	-0.2262057616574969	-0.2417675073023821	0.1031137515080149	0	4.421025173470049e-07	0	0	0	0	0	0	0	0	0	0	0	0	0	0	0	0	0	0	0	0
13.48	2.080885084248116	1.384684923616397	-1.643095946911851	0	0.9399999999999999	0	0	0	0	0	0	0	0	0	-0.4159578804848307	-0.2213743261874252	0.04594201174641294	0	-4.739644793206282e-07	0	0	0	0	0	0	0	0	0	0	0	0	0	0	0	0	0	0	0	0
13.5	2.073275678000701	1.361295333686593	-1.632580809413121	0	0.9399999999999999	0	0	0	0	0	0	0	0	0	-0.5086732745920466	-0.2090200780761335	0.01809916855835085	0	-5.228082741942793e-07	0	0	0	0	0	0	0	0	0	0	0	0	0	0	0	0	0	0	0	0
13.52	2.073275678000701	1.361295333686593	-1.632580809413121	0	0.9399999999999999	0	0	0	0	0	0	0	0	0	-0.5086732745920466	-0.2090200780761335	0.01809916855835085	0	-5.228082741942793e-07	0	0	0	0	0	0	0	0	0	0	0	0	0	0	0	0	0	0	0	0
13.54	2.144984361227464	1.421707275802898	-1.678854739295872	0	0.9399999999999999	0	0	0	0	0	0	0	0	0	-0.52359878	-0.1858423280191201	-0.0008818559831673444	0	-2.083726877378126e-06	0	0	0	0	0	0	0	0	0	0	0	0	0	0	0	0	0	0	0	0
13.56	2.144984361227464	1.421707275802898	-1.678854739295872	0	0.9399999999999999	0	0	0	0	0	0	0	0	0	-0.52359878	-0.1858423280191201	-0.0008818559831673444	0	-2.083726877378126e-06	0	0	0	0	0	0	0	0	0	0	0	0	0	0	0	0	0	0	0	0
13.58	2.193635637241889	1.456041892607413	-1.716569774700428	0	0.9399999999999999	0	0	0	0	0	0	0	0	0	-0.52359878	-0.174501933940279	-0.008790239484276331	0	-2.518495897406706e-06	0	0	0	0	0	0	0	0	0	0	0	0	0	0	0	0	0	0	0	0
13.6	2.332644494596084	1.519298857777416	-1.836834726568186	0	0.9399999999999999	0	0	0	0	0	0	0	0	0	-0.52359878	-0.1589000851417095	-0.02141321526330132	0	-2.080187353700083e-06	0	0	0	0	0	0	0	0	0	0	0	0	0	0	0	0	0	0	0	0
13.62	2.337657795306079	1.548491717671198	-1.83262039804335	0	0.9399999999999999	0	0	0	0	0	0	0	0	0	-0.52359878	-0.1594716747873989	-0.02749833622186165	0	-4.23695507137164e-06	0	0	0	0	0	0	0	0	0	0	0	0	0	0	0	0	0	0	0	0
13.64	2.337657795306079	1.548491717671198	-1.83262039804335	0	0.9399999999999999	0	0	0	0	0	0	0	0	0	-0.52359878	-0.1594716747873989	-0.02749833622186165	0	-4.23695507137164e-06	0	0	0	0	0	0	0	0	0	0	0	0	0	0	0	0	0	0	0	0
13.66	2.342816673397413	1.574647323115505	-1.827535885127466	0	0.9399999999999999	0	0	0	0	0	0	0	0	0	-0.52359878	-0.1619700146687056	-0.03055819330912864	0	-1.244505670020729e-06	0	0	0	0	0	0	0	0	0	0	0	0	0	0	0	0	0	0	0	0
13.68	2.349018583398182	1.610118453246395	-1.820602843242588	0	0.9399999999999999	0	0	0	0	0	0	0	0	0	-0.52359878	-0.1622631813017655	-0.02956023856913019	0	-2.168118726331257e-06	0	0	0	0	0	0	0	0	0	0	0	0	0	0	0	0	0	0	0	0
13.7	2.310335426847744	1.6402280134058	-1.782649422836621	0	0.9399999999999999	0	0	0	0	0	0	0	0	0	-0.52359878	-0.1523438515486701	-0.0483285212836151	0	3.46119306467117e-09	0	0	0	0	0	0	0	0	0	0	0	0	0	0	0	0	0	0	0	0
13.72	2.309201874317981	1.657396396770664	-1.785345127135826	0	0.9399999999999999	0	0	0	0	0	0	0	0	0	-0.52359878	-0.1425596373386835	-0.06127226331323465	0	-2.319752931122659e-05	0	0	0	0	0	0	0	0	0	0	0	0	0	0	0	0	0	0	0	0
13.74	2.340746365304453	1.657912199289946	-1.816572484632814	0	0.9399999999999999	0	0	0	0	0	0	0	0	0	-0.52359878	-0.1447008007412769	-0.06251235164181297	0	3.458428657287529e-09	0	0	0	0	0	0	0	0	0	0	0	0	0	0	0	0	0	0	0	0
13.76	2.386709927901697	1.684452329307791	-1.881132872969926	0	0.9399999999999999	0	0	0	0	0	0	0	0	0	-0.52359878	-0.1211971957746934	-0.1004679985923818	0	7.455819117495134e-07	0	0	0	0	0	0	0	0	0	0	0	0	0	0	0	0	0	0	0	0
13.78	2.381690872219761	1.692875168288279	-1.888578230771655	0	0.9399999999999999	0	0	0	0	0	0	0	0	0	-0.52359878	-0.1067802082766393	-0.1205558015289798	0	-3.325929325991334e-05	0	0	0	0	0	0	0	0	0	0	0	0	0	0	0	0	0	0	0	0
13.8	2.403741460780576	1.699326061018067	-1.923178222514232	0	0.9399999999999999	0	0	0	0	0	0	0	0	0	-0.52359878	-0.09619524527799263	-0.1413599189303636	0	9.986853924069881e-08	0	0	0	0	0	0	0	0	0	0	0	0	0	0	0	0	0	0	0	0
13.82	2.416306206275435	1.698411046760352	-1.948376952901334	0	0.9399999999999999	0	0	0	0	0	0	0	0	0	-0.52359878	-0.08649845337878326	-0.153587764296479	0	7.708696801339276e-07	0	0	0	0	0	0	0	0	0	0	0	0	0	0	0	0	0	0	0	0
13.84	2.397506736210054	1.703521398238796	-1.940568449955369	0	0.9399999999999999	0	0	0	0	0	0	0	0	0	-0.52359878	-0.07879947689517894	-0.1780276411263326	0	3.335431212110098e-06	0	0	0	0	0	0	0	0	0	0	0	0	0	0	0	0	0	0	0	0
13.86	2.39056122387788	1.702562739617262	-1.948382666669555	0	0.9399999999999999	0	0	0	0	0	0	0	0	0	-0.52359878	-0.06568152489492057	-0.1909687048019606	0	8.107409401961876e-07	0	0	0	0	0	0	0	0	0	0	0	0	0	0	0	0	0	0	0	0
13.88	2.393263943639184	1.701138230889433	-1.943407860127252	0	0.9399999999999999	0	0	0	0	0	0	0	0	0	-0.52359878	-0.07892023360040847	-0.1922871784154487	0	-1.24577886737611e-06	0	0	0	0	0	0	0	0	0	0	0	0	0	0	0	0	0	0	0	0
13.9	2.374494984197007	1.695492125982378	-1.927956669960571	0	0.9399999999999999	0	0	0	0	0	0	0	0	0	-0.52359878	-0.08390019175602355	-0.2017989762768481	0	-8.446038798133277e-07	0	0	0	0	0	0	0	0	0	0	0	0	0	0	0	0	0	0	0	0
13.92	2.343566259612103	1.686819983448894	-1.906371413989254	0	0.9399999999999999	0	0	0	0	0	0	0	0	0	-0.52359878	-0.08911741139831064	-0.222153820532831	0	-2.366022682774666e-06	0	0	0	0	0	0	0	0	0	0	0	0	0	0	0	0	0	0	0	0
13.94	2.332845132268802	1.675607741788323	-1.891226374417959	0	0.9399999999999999	0	0	0	0	0	0	0	0	0	-0.52359878	-0.106506412650291	-0.224928926421741	0	1.697268311967351e-07	0	0	0	0	0	0	0	0	0	0	0	0	0	0	0	0	0	0	0	0
13.96	2.332709021189307	1.667258596701999	-1.888838131140903	0	0.9399999999999999	0	0	0	0	0	0	0	0	0	-0.52359878	-0.1209205688791642	-0.2201340841778332	0	-2.250561300152659e-05	0	0	0	0	0	0	0	0	0	0	0	0	0	0	0	0	0	0	0	0
13.98	2.343254440530736	1.625990047405972	-1.876036386059831	0	0.9399999999999999	0	0	0	0	0	0	0	0	0	-0.52359878	-0.1785690383827411	-0.2029252612230068	0	-1.27510751778521e-06	0	0	0	0	0	0	0	0	0	0	0	0	0	0	0	0	0	0	0	0
14	2.345087990427571	1.601864059318987	-1.873913446673651	0	0.9399999999999999	0	0	0	0	0	0	0	0	0	-0.52359878	-0.2032176461759319	-0.1954529689631927	0	3.94176689511807e-07	0	0	0	0	0	0	0	0	0	0	0	0	0	0	0	0	0	0	0	0
14.02	2.345087990427571	1.601864059318987	-1.873913446673651	0	0.9399999999999999	0	0	0	0	0	0	0	0	0	-0.52359878	-0.2032176461759319	-0.1954529689631927	0	3.94176689511807e-07	0	0	0	0	0	0	0	0	0	0	0	0	0	0	0	0	0	0	0	0
14.04	2.339976407263135	1.564310785934873	-1.878783036725061	0	0.9399999999999999	0	0	0	0	0	0	0	0	0	-0.52359878	-0.2217081717307294	-0.194826356085124	0	1.02820553724934e-07	0	0	0	0	0	0	0	0	0	0	0	0	0	0	0	0	0	0	0	0
14.06	2.063279266799742	1.545928523718349	-1.595450793808868	0	0.9399999999999999	0	0	0	0	0	0	0	0	0	-0.52359878	-0.2470051452879646	-0.1815097140468648	0	-4.670670261220597e-07	0	0	0	0	0	0	0	0	0	0	0	0	0	0	0	0	0	0	0	0
14.08	2.126077652650666	1.514934954104262	-1.665989442697049	0	0.9399999999999999	0	0	0	0	0	0	0	0	0	-0.52359878	-0.2654418912810871	-0.1781139165403288	0	1.083717845917992e-06	0	0	0	0	0	0	0	0	0	0	0	0	0	0	0	0	0	0	0	0
14.1	2.114188319885951	1.447711980180199	-1.679773956172293	0	0.9399999999999999	0	0	0	0	0	0	0	0	0	-0.52359878	-0.3007349873856385	-0.1811440169999258	0	-6.908268103917501e-07	0	0	0	0	0	0	0	0	0	0	0	0	0	0	0	0	0	0	0	0
14.12	2.173061916292122	1.455624842940788	-1.749688004499306	0	0.9399999999999999	0	0	0	0	0	0	0	0	0	-0.52359878	-0.288646153422517	-0.1907105930770231	0	7.325506484353632e-07	0	0	0	0	0	0	0	0	0	0	0	0	0	0	0	0	0	0	0	0
14.14	2.137848521703466	1.419613090557502	-1.731311974826247	0	0.9399999999999999	0	0	0	0	0	0	0	0	0	-0.52359878	-0.3054914973508446	-0.1963080097103786	0	-3.948430722449098e-07	0	0	0	0	0	0	0	0	0	0	0	0	0	0	0	0	0	0	0	0
14.16	2.045629990901919	1.335124863721068	-1.671837644295707	0	0.9399999999999999	0	0	0	0	0	0	0	0	0	-0.52359878	-0.3458259613655602	-0.2053418503395991	0	5.537319311060419e-07	0	0	0	0	0	0	0	0	0	0	0	0	0	0	0	0	0	0	0	0
14.18	2.018959253372071	1.296294372949967	-1.671022407087423	0	0.9399999999999999	0	0	0	0	0	0	0	0	0	-0.52359878	-0.3589989985366254	-0.217630655412805	0	-7.604567310275417e-08	0	0	0	0	0	0	0	0	0	0	0	0	0	0	0	0	0	0	0	0
14.2	2.041613123052217	1.30490833893751	-1.704057505106045	0	0.9399999999999999	0	0	0	0	0	0	0	0	0	-0.52359878	-0.349078099952782	-0.227692083331503	0	2.074343882595794e-06	0	0	0	0	0	0	0	0	0	0	0	0	0	0	0	0	0	0	0	0
14.22	2.054260755504517	1.303330933182498	-1.730497056852084	0	0.9399999999999999	0	0	0	0	0	0	0	0	0	-0.4032370396183902	-0.3662431610930705	-0.2029431301078716	0	4.141636463040415e-07	0	0	0	0	0	0	0	0	0	0	0	0	0	0	0	0	0	0	0	0
14.24	2.054091297008914	1.303518664225371	-1.73047455875989	0	0.9399999999999999	0	0	0	0	0	0	0	0	0	-0.3722861445303088	-0.3783573976567637	-0.1877882601983156	0	-2.336614911684305e-06	0	0	0	0	0	0	0	0	0	0	0	0	0	0	0	0	0	0	0	0
14.26	2.092926631819619	1.318109776335633	-1.776110300234641	0	0.9399999999999999	0	0	0	0	0	0	0	0	0	-0.2721456145093676	-0.3838322253076172	-0.1578481381478248	0	-1.518734353528278e-07	0	0	0	0	0	0	0	0	0	0	0	0	0	0	0	0	0	0	0	0
14.28	2.134111832777168	1.330918704327135	-1.823733893330484	0	0.9399999999999999	0	0	0	0	0	0	0	0	0	-0.1730490098840489	-0.3874352840587431	-0.1257563696506741	0	7.604594625156206e-07	0	0	0	0	0	0	0	0	0	0	0	0	0	0	0	0	0	0	0	0
14.3	2.174747119790264	1.342078498757863	-1.870624988046164	0	0.9399999999999999	0	0	0	0	0	0	0	0	0	-0.0752506801384016	-0.3882875886947199	-0.09155003753772163	0	-5.444812442350908e-07	0	0	0	0	0	0	0	0	0	0	0	0	0	0	0	0	0	0	0	0
14.32	2.216154202790981	1.353127304605797	-1.918058560390205	0	0.9399999999999999	0	0	0	0	0	0	0	0	0	0.02175105171937107	-0.3859113117044952	-0.05643056796909646	0	2.412193635621684e-06	0	0	0	0	0	0	0	0	0	0	0	0	0	0	0	0	0	0	0	0
14.34	2.262191346228617	1.364399190415848	-1.970127247804593	0	0.9399999999999999	0	0	0	0	0	0	0	0	0	0.1171962624318816	-0.3825805054794565	-0.0230884816454005	0	-1.48114634807996e-07	0	0	0	0	0	0	0	0	0	0	0	0	0	0	0	0	0	0	0	0
14.36	2.313662720680563	1.375699652978791	-2.027478676516789	0	0.9399999999999999	0	0	0	0	0	0	0	0	0	0.2115450930274871	-0.3802094814438828	0.009397217916969899	0	-8.271815877524987e-07	0	0	0	0	0	0	0	0	0	0	0	0	0	0	0	0	0	0	0	0
14.38	2.442344077791576	1.397621477026929	-2.168241473992109	0	0.9399999999999999	0	0	0	0	0	0	0	0	0	0.3971912643410384	-0.3782577372392276	0.07606980204596969	0	2.070892731134682e-08	0	0	0	0	0	0	0	0	0	0	0	0	0	0	0	0	0	0	0	0
14.4	2.52498049364379	1.408170580696127	-2.25774639506011	0	0.9399999999999999	0	0	0	0	0	0	0	0	0	0.4865566697995659	-0.3758082534270772	0.1045087408894416	0	1.863162230756296e-07	0	0	0	0	0	0	0	0	0	0	0	0	0	0	0	0	0	0	0	0
14.42	2.52498049364379	1.408170580696127	-2.25774639506011	0	0.9399999999999999	0	0	0	0	0	0	0	0	0	0.4865566697995659	-0.3758082534270772	0.1045087408894416	0	1.863162230756296e-07	0	0	0	0	0	0	0	0	0	0	0	0	0	0	0	0	0	0	0	0
14.44	2.726860886186198	1.427446184701307	-2.474912083851008	0	0.9399999999999999	0	0	0	0	0	0	0	0	0	0.6526317675263333	-0.3690093772287942	0.1416599973206955	0	-1.482905412443557e-07	0	0	0	0	0	0	0	0	0	0	0	0	0	0	0	0	0	0	0	0
14.46	2.726860886186198	1.427446184701307	-2.474912083851008	0	0.9399999999999999	0	0	0	0	0	0	0	0	0	0.6526317675263333	-0.3690093772287942	0.1416599973206955	0	-1.482905412443557e-07	0	0	0	0	0	0	0	0	0	0	0	0	0	0	0	0	0	0	0	0
14.48	2.957698906976649	1.437096065222439	-2.724574666014118	0	0.9399999999999999	0	0	0	0	0	0	0	0	0	0.7970073553392382	-0.3663312562027824	0.1637235645229001	0	-4.145636293242772e-07	0	0	0	0	0	0	0	0	0	0	0	0	0	0	0	0	0	0	0	0
14.5	2.957698906976649	1.437096065222439	-2.724574666014118	0	0.9399999999999999	0	0	0	0	0	0	0	0	0	0.7970073553392382	-0.3663312562027824	0.1637235645229001	0	-4.145636293242772e-07	0	0	0	0	0	0	0	0	0	0	0	0	0	0	0	0	0	0	0	0
14.52	3.070104323567569	1.438483886289736	-2.847455295448774	0	0.9399999999999999	0	0	0	0	0	0	0	0	0	0.8613755208398451	-0.3675419624549218	0.1710816454378386	0	-1.563171090550642e-06	0	0	0	0	0	0	0	0	0	0	0	0	0	0	0	0	0	0	0	0
14.54	3.184786815697035	1.439002433984561	-2.972566418075082	0	0.9399999999999999	0	0	0	0	0	0	0	0	0	0.9222195704121423	-0.3695031077061431	0.1743407134778656	0	-7.545553899000473e-08	0	0	0	0	0	0	0	0	0	0	0	0	0	0	0	0	0	0	0	0
14.56	3.309715419008078	1.439139484986355	-3.107898453040788	0	0.9399999999999999	0	0	0	0	0	0	0	0	0	0.9802343245777733	-0.3737799408337675	0.1719498210063193	0	-2.756320527746152e-07	0	0	0	0	0	0	0	0	0	0	0	0	0	0	0	0	0	0	0	0
14.58	3.447999695391168	1.438210526422605	-3.256760731646777	0	0.9399999999999999	0	0	0	0	0	0	0	0	0	1.03590363835347	-0.381123570505926	0.1667134259614598	0	-8.37808812355584e-07	0	0	0	0	0	0	0	0	0	0	0	0	0	0	0	0	0	0	0	0
14.6	3.582726198946333	1.436005485690314	-3.401732856620801	0	0.9399999999999999	0	0	0	0	0	0	0	0	0	1.088283122268891	-0.3903091558087652	0.1608512041477941	0	-2.752347291328525e-07	0	0	0	0	0	0	0	0	0	0	0	0	0	0	0	0	0	0	0	0
14.62	3.825444414015177	1.427708605582866	-3.661761875208255	0	0.9399999999999999	0	0	0	0	0	0	0	0	0	1.182515489600988	-0.4100853117147586	0.1408459238210711	0	6.114105843476937e-07	0	0	0	0	0	0	0	0	0	0	0	0	0	0	0	0	0	0	0	0
14.64	3.934676800350681	1.420955459946649	-3.776641622945452	0	0.9399999999999999	0	0	0	0	0	0	0	0	0	1.19968829088072	-0.4175475090597165	0.1411905620391324	0	-5.929576716447318e-07	0	0	0	0	0	0	0	0	0	0	0	0	0	0	0	0	0	0	0	0
14.66	4.029344921570557	1.41213449281644	-3.877029295788068	0	0.9399999999999999	0	0	0	0	0	0	0	0	0	1.264972123457432	-0.4191476911684752	0.1181198598238585	0	2.384199947940172e-07	0	0	0	0	0	0	0	0	0	0	0	0	0	0	0	0	0	0	0	0
14.68	4.029512457488389	1.412146181550311	-3.877191855536938	0	0.9399999999999999	0	0	0	0	0	0	0	0	0	1.265832131448992	-0.4221600743465023	0.1124369361407565	0	-2.298323378173192e-06	0	0	0	0	0	0	0	0	0	0	0	0	0	0	0	0	0	0	0	0
14.7	4.11256360385182	1.402311393915189	-3.963311780690978	0	0.9399999999999999	0	0	0	0	0	0	0	0	0	1.304674830077001	-0.4227763320105635	0.1013404763587693	0	-2.429840554008352e-08	0	0	0	0	0	0	0	0	0	0	0	0	0	0	0	0	0	0	0	0
14.72	4.18571981479242	1.390507455924796	-4.038528590914392	0	0.9399999999999999	0	0	0	0	0	0	0	0	0	1.342165282095053	-0.4208035323164514	0.09240722055208823	0	7.245763640840986e-08	0	0	0	0	0	0	0	0	0	0	0	0	0	0	0	0	0	0	0	0
14.74	4.307189881276715	1.364768671885449	-4.161446552297637	0	0.9399999999999999	0	0	0	0	0	0	0	0	0	1.410807548874159	-0.4106232118092454	0.08713599564809896	0	2.430849684654086e-07	0	0	0	0	0	0	0	0	0	0	0	0	0	0	0	0	0	0	0	0
14.76	4.360863098129683	1.352098661505497	-4.214941885170361	0	0.9399999999999999	0	0	0	0	0	0	0	0	0	1.440819889994146	-0.4028711157274038	0.09428292157569319	0	4.231800743814092e-08	0	0	0	0	0	0	0	0	0	0	0	0	0	0	0	0	0	0	0	0
14.78	4.409947930946423	1.340190080296484	-4.263459830348968	0	0.9399999999999999	0	0	0	0	0	0	0	0	0	1.466770458781985	-0.3935062581817489	0.1070634048817353	0	-1.463026526710807e-07	0	0	0	0	0	0	0	0	0	0	0	0	0	0	0	0	0	0	0	0
14.8	4.455921765737793	1.329579020723849	-4.308470072864915	0	0.9399999999999999	0	0	0	0	0	0	0	0	0	1.487215778076048	-0.3834712776554854	0.1236877710713324	0	5.653784535843128e-08	0	0	0	0	0	0	0	0	0	0	0	0	0	0	0	0	0	0	0	0
14.82	4.499565217382781	1.319958072923448	-4.350599974213551	0	0.9399999999999999	0	0	0	0	0	0	0	0	0	1.502593516864144	-0.3729752703066377	0.1444446448227816	0	-1.514872708277658e-06	0	0	0	0	0	0	0	0	0	0	0	0	0	0	0	0	0	0	0	0
14.84	4.539623428784529	1.312341009577585	-4.388517659925605	0	0.9399999999999999	0	0	0	0	0	0	0	0	0	1.515874359534728	-0.3725430974312873	0.1519422957358377	0	-8.6508199152807e-08	0	0	0	0	0	0	0	0	0	0	0	0	0	0	0	0	0	0	0	0
14.86	4.57694707322047	1.307260159579088	-4.423198630170464	0	0.9399999999999999	0	0	0	0	0	0	0	0	0	1.508713485600381	-0.3492061889666754	0.1990360773752833	0	-1.17689682602352e-06	0	0	0	0	0	0	0	0	0	0	0	0	0	0	0	0	0	0	0	0
14.88	4.57694707322047	1.307260159579088	-4.423198630170464	0	0.9399999999999999	0	0	0	0	0	0	0	0	0	1.508713485600381	-0.3492061889666754	0.1990360773752833	0	-1.17689682602352e-06	0	0	0	0	0	0	0	0	0	0	0	0	0	0	0	0	0	0	0	0
14.9	4.611803506222389	1.304285591777507	-4.455209073089808	0	0.9399999999999999	0	0	0	0	0	0	0	0	0	1.501564534927653	-0.3365343151228729	0.2258485265030021	0	2.79909746045476e-06	0	0	0	0	0	0	0	0	0	0	0	0	0	0	0	0	0	0	0	0
14.92	4.6408425134432	1.302555425810308	-4.481150904412714	0	0.9399999999999999	0	0	0	0	0	0	0	0	0	1.487823605013545	-0.3237892385652706	0.2499405754794217	0	8.686850928007396e-08	0	0	0	0	0	0	0	0	0	0	0	0	0	0	0	0	0	0	0	0
14.94	4.662499224506455	1.301827983541744	-4.499564153739371	0	0.9399999999999999	0	0	0	0	0	0	0	0	0	1.467544919140167	-0.3111718076631211	0.269499018935183	0	-4.112073111066765e-08	0	0	0	0	0	0	0	0	0	0	0	0	0	0	0	0	0	0	0	0
14.96	4.678076970248675	1.302089719089499	-4.511811821067204	0	0.9399999999999999	0	0	0	0	0	0	0	0	0	1.441469484733506	-0.2987024554988171	0.2836560337392887	0	1.566133696176243e-07	0	0	0	0	0	0	0	0	0	0	0	0	0	0	0	0	0	0	0	0
14.98	4.68968544125569	1.304427942608382	-4.519892793099293	0	0.9399999999999999	0	0	0	0	0	0	0	0	0	1.409225113352286	-0.2857979892187147	0.2926313758659135	0	3.339048010407097e-08	0	0	0	0	0	0	0	0	0	0	0	0	0	0	0	0	0	0	0	0
15	4.694844411935303	1.308355187824773	-4.521049198002584	0	0.9399999999999999	0	0	0	0	0	0	0	0	0	1.370834201936067	-0.2722261348067453	0.2968560344600659	0	-4.020320371193665e-06	0	0	0	0	0	0	0	0	0	0	0	0	0	0	0	0	0	0	0	0
15.02	4.700503086423658	1.312908506977112	-4.522187079421261	0	0.9399999999999999	0	0	0	0	0	0	0	0	0	1.328623054726286	-0.2596228658950588	0.298439800483121	0	-3.094638320792113e-06	0	0	0	0	0	0	0	0	0	0	0	0	0	0	0	0	0	0	0	0
15.04	4.706538694415674	1.327130495077715	-4.519215244237335	0	0.9399999999999999	0	0	0	0	0	0	0	0	0	1.229346532094892	-0.2375569574875495	0.2886312029370504	0	1.688889320376382e-07	0	0	0	0	0	0	0	0	0	0	0	0	0	0	0	0	0	0	0	0
15.06	4.700292431986852	1.33623591825912	-4.508891642596528	0	0.9399999999999999	0	0	0	0	0	0	0	0	0	1.172221430773344	-0.2284531579885873	0.2783654414509368	0	3.465688099044804e-08	0	0	0	0	0	0	0	0	0	0	0	0	0	0	0	0	0	0	0	0
15.08	4.682791406639399	1.345864105711799	-4.487930662552921	0	0.9399999999999999	0	0	0	0	0	0	0	0	0	1.110341076796469	-0.2194934687127632	0.2639318312875228	0	1.044969346606151e-07	0	0	0	0	0	0	0	0	0	0	0	0	0	0	0	0	0	0	0	0
15.1	4.682791406639399	1.345864105711799	-4.487930662552921	0	0.9399999999999999	0	0	0	0	0	0	0	0	0	1.110341076796469	-0.2194934687127632	0.2639318312875228	0	1.044969346606151e-07	0	0	0	0	0	0	0	0	0	0	0	0	0	0	0	0	0	0	0	0
15.12	4.65611516109966	1.356628873138375	-4.458945301609878	0	0.9399999999999999	0	0	0	0	0	0	0	0	0	1.042827427960381	-0.2104027754257117	0.2449252230484666	0	-2.05579694167671e-07	0	0	0	0	0	0	0	0	0	0	0	0	0	0	0	0	0	0	0	0
15.14	4.619087262292929	1.367904872262415	-4.420738640002592	0	0.9399999999999999	0	0	0	0	0	0	0	0	0	0.9701717092003472	-0.2002769854369327	0.2212815689316341	0	1.838783857464011e-07	0	0	0	0	0	0	0	0	0	0	0	0	0	0	0	0	0	0	0	0
15.16	4.506770670012346	1.394431970481126	-4.311296299777683	0	0.9399999999999999	0	0	0	0	0	0	0	0	0	0.80648683974711	-0.1787400640683507	0.165677212248139	0	5.502478011532195e-08	0	0	0	0	0	0	0	0	0	0	0	0	0	0	0	0	0	0	0	0
15.18	4.506770670012346	1.394431970481126	-4.311296299777683	0	0.9399999999999999	0	0	0	0	0	0	0	0	0	0.80648683974711	-0.1787400640683507	0.165677212248139	0	5.502478011532195e-08	0	0	0	0	0	0	0	0	0	0	0	0	0	0	0	0	0	0	0	0
15.2	4.313045793152592	1.427142733688584	-4.12600481009868	0	0.9399999999999999	0	0	0	0	0	0	0	0	0	0.6411513695658437	-0.1740130475516849	0.1235893040973991	0	-2.55038280596804e-06	0	0	0	0	0	0	0	0	0	0	0	0	0	0	0	0	0	0	0	0
15.22	4.181527616459851	1.442699742809676	-4.000279435607086	0	0.9399999999999999	0	0	0	0	0	0	0	0	0	0.5943812102067666	-0.1600518067856973	0.09981575406742062	0	-1.753437107916042e-07	0	0	0	0	0	0	0	0	0	0	0	0	0	0	0	0	0	0	0	0
15.24	4.020755651961643	1.457236414412074	-3.845533362072314	0	0.9399999999999999	0	0	0	0	0	0	0	0	0	0.4390247529604499	-0.1592365423982607	0.06469329741248098	0	-6.285177309944051e-07	0	0	0	0	0	0	0	0	0	0	0	0	0	0	0	0	0	0	0	0
15.26	3.818490531472082	1.470621301399315	-3.649118677792627	0	0.9399999999999999	0	0	0	0	0	0	0	0	0	0.299891001366132	-0.1312491323843219	0.02073464473799064	0	8.276147084690741e-07	0	0	0	0	0	0	0	0	0	0	0	0	0	0	0	0	0	0	0	0
15.28	3.818490531472082	1.470621301399315	-3.649118677792627	0	0.9399999999999999	0	0	0	0	0	0	0	0	0	0.299891001366132	-0.1312491323843219	0.02073464473799064	0	8.276147084690741e-07	0	0	0	0	0	0	0	0	0	0	0	0	0	0	0	0	0	0	0	0
15.3	3.227258610996518	1.484759263883062	-3.067352910296233	0	0.9399999999999999	0	0	0	0	0	0	0	0	0	0.06428386760194753	-0.1096519119762329	-0.02633352420436207	0	7.186181647412017e-07	0	0	0	0	0	0	0	0	0	0	0	0	0	0	0	0	0	0	0	0
15.32	2.898955894198728	1.481131387280624	-2.742107112021852	0	0.9399999999999999	0	0	0	0	0	0	0	0	0	-0.01991801787159879	-0.1180518096213711	-0.0346721427960078	0	-6.216168822740068e-07	0	0	0	0	0	0	0	0	0	0	0	0	0	0	0	0	0	0	0	0
15.34	2.607136654563066	1.47112162643649	-2.451873887931677	0	0.9399999999999999	0	0	0	0	0	0	0	0	0	-0.1808401946577215	-0.1014292739700972	-0.06045710169824271	0	-1.889468277282784e-06	0	0	0	0	0	0	0	0	0	0	0	0	0	0	0	0	0	0	0	0
15.36	2.607136654563066	1.47112162643649	-2.451873887931677	0	0.9399999999999999	0	0	0	0	0	0	0	0	0	-0.1808401946577215	-0.1014292739700972	-0.06045710169824271	0	-1.889468277282784e-06	0	0	0	0	0	0	0	0	0	0	0	0	0	0	0	0	0	0	0	0
15.38	2.16540792032149	1.435409444331719	-2.006194397434528	0	0.9399999999999999	0	0	0	0	0	0	0	0	0	-0.3858992670199057	-0.1169863083874973	-0.07562023295880575	0	2.260419702990751e-06	0	0	0	0	0	0	0	0	0	0	0	0	0	0	0	0	0	0	0	0
15.4	2.047140400851982	1.423194639771878	-1.882786282155819	0	0.9399999999999999	0	0	0	0	0	0	0	0	0	-0.52359878	-0.1091816827144237	-0.08963266249399948	0	-2.063591530993889e-08	0	0	0	0	0	0	0	0	0	0	0	0	0	0	0	0	0	0	0	0
15.42	2.085588247080081	1.466368923250827	-1.908056547910943	0	0.9399999999999999	0	0	0	0	0	0	0	0	0	-0.52359878	-0.1140901142750721	-0.08589728729749956	0	7.537539982355866e-07	0	0	0	0	0	0	0	0	0	0	0	0	0	0	0	0	0	0	0	0
15.44	2.085588247080081	1.466368923250827	-1.908056547910943	0	0.9399999999999999	0	0	0	0	0	0	0	0	0	-0.52359878	-0.1140901142750721	-0.08589728729749956	0	7.537539982355866e-07	0	0	0	0	0	0	0	0	0	0	0	0	0	0	0	0	0	0	0	0
15.46	2.100606227695143	1.542841914132542	-1.895533965174631	0	0.9399999999999999	0	0	0	0	0	0	0	0	0	-0.52359878	-0.1297287939013866	-0.07982510344571556	0	1.06848297194764e-05	0	0	0	0	0	0	0	0	0	0	0	0	0	0	0	0	0	0	0	0
15.48	2.104790408481925	1.558508328897681	-1.891276272788709	0	0.9399999999999999	0	0	0	0	0	0	0	0	0	-0.52359878	-0.1329534344926608	-0.0620575631124268	0	-8.063194375728983e-07	0	0	0	0	0	0	0	0	0	0	0	0	0	0	0	0	0	0	0	0
15.5	1.905811458464729	1.60828603398755	-1.686901762565982	0	0.9399999999999999	0	0	0	0	0	0	0	0	0	-0.52359878	-0.1217732525200139	-0.06860154455392786	0	2.923173716794671e-07	0	0	0	0	0	0	0	0	0	0	0	0	0	0	0	0	0	0	0	0
15.52	2.175904552544628	1.604356259778536	-1.955551881518113	0	0.9399999999999999	0	0	0	0	0	0	0	0	0	-0.52359878	-0.1291733180508252	-0.07087588761085142	0	1.869417663410942e-07	0	0	0	0	0	0	0	0	0	0	0	0	0	0	0	0	0	0	0	0
15.54	2.091108531468913	1.636350862749054	-1.873746413883004	0	0.9399999999999999	0	0	0	0	0	0	0	0	0	-0.52359878	-0.1180578965306062	-0.06827250982066103	0	-2.503678991450687e-07	0	0	0	0	0	0	0	0	0	0	0	0	0	0	0	0	0	0	0	0
15.56	2.002928565138501	1.664453270944255	-1.789242209220438	0	0.9399999999999999	0	0	0	0	0	0	0	0	0	-0.52359878	-0.1022269757659939	-0.06001337564726354	0	4.516649276658237e-07	0	0	0	0	0	0	0	0	0	0	0	0	0	0	0	0	0	0	0	0
15.58	2.04010720909267	1.699605356960231	-1.841940632192037	0	0.9399999999999999	0	0	0	0	0	0	0	0	0	-0.52359878	-0.07945148328015306	-0.06724858097220875	0	-3.662386484813391e-06	0	0	0	0	0	0	0	0	0	0	0	0	0	0	0	0	0	0	0	0
15.6	2.077989508524308	1.696930115238401	-1.883889021349942	0	0.9399999999999999	0	0	0	0	0	0	0	0	0	-0.52359878	-0.07897751761452862	-0.0727872882801384	0	2.970987306326444e-06	0	0	0	0	0	0	0	0	0	0	0	0	0	0	0	0	0	0	0	0
15.62	2.063857971534025	1.719097847114665	-1.881914559519522	0	0.9399999999999999	0	0	0	0	0	0	0	0	0	-0.52359878	-0.05906083011150757	-0.08598156562113507	0	2.236588204986883e-07	0	0	0	0	0	0	0	0	0	0	0	0	0	0	0	0	0	0	0	0
15.64	2.08076682345422	1.723324317082201	-1.904117738953324	0	0.9399999999999999	0	0	0	0	0	0	0	0	0	-0.52359878	-0.05275707687583642	-0.1000373075482667	0	5.216917757585916e-08	0	0	0	0	0	0	0	0	0	0	0	0	0	0	0	0	0	0	0	0
15.66	2.08076682345422	1.723324317082201	-1.904117738953324	0	0.9399999999999999	0	0	0	0	0	0	0	0	0	-0.52359878	-0.05275707687583642	-0.1000373075482667	0	5.216917757585916e-08	0	0	0	0	0	0	0	0	0	0	0	0	0	0	0	0	0	0	0	0
15.68	2.080197181269695	1.725344987117722	-1.902216298307003	0	0.9399999999999999	0	0	0	0	0	0	0	0	0	-0.52359878	-0.05569879961423335	-0.1322883813287718	0	2.486411436794735e-06	0	0	0	0	0	0	0	0	0	0	0	0	0	0	0	0	0	0	0	0
15.7	2.080197181269695	1.725344987117722	-1.902216298307003	0	0.9399999999999999	0	0	0	0	0	0	0	0	0	-0.52359878	-0.05569879961423335	-0.1322883813287718	0	2.486411436794735e-06	0	0	0	0	0	0	0	0	0	0	0	0	0	0	0	0	0	0	0	0
15.72	2.055916767863567	1.717330607113707	-1.87337727528497	0	0.9399999999999999	0	0	0	0	0	0	0	0	0	-0.52359878	-0.06122207446489105	-0.1430761157738106	0	2.819986362718975e-06	0	0	0	0	0	0	0	0	0	0	0	0	0	0	0	0	0	0	0	0
15.74	2.027388282612535	1.709010988133274	-1.842076118259367	0	0.9399999999999999	0	0	0	0	0	0	0	0	0	-0.52359878	-0.06623026698359569	-0.1508719430050976	0	-1.998140941280797e-07	0	0	0	0	0	0	0	0	0	0	0	0	0	0	0	0	0	0	0	0
15.76	2.030667068945456	1.678256752750166	-1.837745513832276	0	0.9399999999999999	0	0	0	0	0	0	0	0	0	-0.52359878	-0.08492073324867462	-0.1520430957064138	0	-1.164576207239131e-06	0	0	0	0	0	0	0	0	0	0	0	0	0	0	0	0	0	0	0	0
15.78	2.030667068945456	1.678256752750166	-1.837745513832276	0	0.9399999999999999	0	0	0	0	0	0	0	0	0	-0.52359878	-0.08492073324867462	-0.1520430957064138	0	-1.164576207239131e-06	0	0	0	0	0	0	0	0	0	0	0	0	0	0	0	0	0	0	0	0
15.8	2.11129497392194	1.623449688856749	-1.920968747034864	0	0.9399999999999999	0	0	0	0	0	0	0	0	0	-0.52359878	-0.09957572100003353	-0.1492172718108102	0	5.363296563924611e-07	0	0	0	0	0	0	0	0	0	0	0	0	0	0	0	0	0	0	0	0
15.82	2.107094376579042	1.609767903155881	-1.925707455888616	0	0.9399999999999999	0	0	0	0	0	0	0	0	0	-0.52359878	-0.09345976340743903	-0.1498395148722731	0	3.569693383527745e-07	0	0	0	0	0	0	0	0	0	0	0	0	0	0	0	0	0	0	0	0
15.84	2.102097795030134	1.569018076892348	-1.931090984196336	0	0.9399999999999999	0	0	0	0	0	0	0	0	0	-0.52359878	-0.0882149068466804	-0.1443689705954792	0	-6.810372782351718e-07	0	0	0	0	0	0	0	0	0	0	0	0	0	0	0	0	0	0	0	0
15.86	1.420084270994805	1.540975182617575	-1.246462546633598	0	0.9399999999999999	0	0	0	0	0	0	0	0	0	-0.52359878	-0.1096496464306849	-0.144070644101384	0	1.095139257658951e-06	0	0	0	0	0	0	0	0	0	0	0	0	0	0	0	0	0	0	0	0
15.88	1.71785821793935	1.451416577354823	-1.571000612447808	0	0.9399999999999999	0	0	0	0	0	0	0	0	0	-0.52359878	-0.1224768060873098	-0.145686609437129	0	-7.372663938704376e-07	0	0	0	0	0	0	0	0	0	0	0	0	0	0	0	0	0	0	0	0
15.9	1.71785821793935	1.451416577354823	-1.571000612447808	0	0.9399999999999999	0	0	0	0	0	0	0	0	0	-0.52359878	-0.1224768060873098	-0.145686609437129	0	-7.372663938704376e-07	0	0	0	0	0	0	0	0	0	0	0	0	0	0	0	0	0	0	0	0
15.92	1.749916133210665	1.379552557779064	-1.634664577588219	0	0.9399999999999999	0	0	0	0	0	0	0	0	0	-0.52359878	-0.1232942031346484	-0.157038807351078	0	2.363081174063627e-07	0	0	0	0	0	0	0	0	0	0	0	0	0	0	0	0	0	0	0	0
15.94	1.756647319779403	1.356965524246265	-1.656085784669618	0	0.9399999999999999	0	0	0	0	0	0	0	0	0	-0.441681979908126	-0.1602893398742447	-0.140434735442367	0	-4.984917979442886e-07	0	0	0	0	0	0	0	0	0	0	0	0	0	0	0	0	0	0	0	0
15.96	1.80046105663692	1.382037752914146	-1.707768222086956	0	0.9399999999999999	0	0	0	0	0	0	0	0	0	-0.3615388514661078	-0.1587130915605668	-0.1463625274978625	0	2.27699665718535e-06	0	0	0	0	0	0	0	0	0	0	0	0	0	0	0	0	0	0	0	0
15.98	1.801286062633851	1.382039796668221	-1.708589460496955	0	0.9399999999999999	0	0	0	0	0	0	0	0	0	-0.3251448373699281	-0.1800426572576368	-0.1274363810202757	0	-1.500550600632488e-06	0	0	0	0	0	0	0	0	0	0	0	0	0	0	0	0	0	0	0	0
16	1.918777884358571	1.425637247253902	-1.837055625402364	0	0.9399999999999999	0	0	0	0	0	0	0	0	0	-0.1894711785155901	-0.1960282541162746	-0.1175902421368409	0	1.258871673244063e-06	0	0	0	0	0	0	0	0	0	0	0	0	0	0	0	0	0	0	0	0
16.02	1.989465057951662	1.442761641137752	-1.910924387459456	0	0.9399999999999999	0	0	0	0	0	0	0	0	0	0.008692364726285855	-0.243392040312729	-0.07528504789118307	0	2.287858466204302e-06	0	0	0	0	0	0	0	0	0	0	0	0	0	0	0	0	0	0	0	0
16.04	1.989465057951662	1.442761641137752	-1.910924387459456	0	0.9399999999999999	0	0	0	0	0	0	0	0	0	0.008692364726285855	-0.243392040312729	-0.07528504789118307	0	2.287858466204302e-06	0	0	0	0	0	0	0	0	0	0	0	0	0	0	0	0	0	0	0	0
16.06	2.181691238380936	1.470549353984955	-2.104596214132513	0	0.9399999999999999	0	0	0	0	0	0	0	0	0	0.2150301180538668	-0.2787795303315733	-0.02996701814401893	0	1.13520893503546e-06	0	0	0	0	0	0	0	0	0	0	0	0	0	0	0	0	0	0	0	0
16.08	2.181691238380936	1.470549353984955	-2.104596214132513	0	0.9399999999999999	0	0	0	0	0	0	0	0	0	0.2150301180538668	-0.2787795303315733	-0.02996701814401893	0	1.13520893503546e-06	0	0	0	0	0	0	0	0	0	0	0	0	0	0	0	0	0	0	0	0
16.1	2.448718350624479	1.491169694382914	-2.369957975653143	0	0.9399999999999999	0	0	0	0	0	0	0	0	0	0.4100701498389773	-0.3052102430565041	0.01353470662732969	0	-3.255081364627527e-07	0	0	0	0	0	0	0	0	0	0	0	0	0	0	0	0	0	0	0	0
16.12	2.686682873263134	1.498865841550234	-2.607661873269791	0	0.9399999999999999	0	0	0	0	0	0	0	0	0	0.5067990606166523	-0.3159951271500152	0.03105143107135914	0	6.832578887833691e-07	0	0	0	0	0	0	0	0	0	0	0	0	0	0	0	0	0	0	0	0
16.14	2.963582906298231	1.499887446110212	-2.884746846894002	0	0.9399999999999999	0	0	0	0	0	0	0	0	0	0.524100545868634	-0.3106105981623317	0.02679102354435051	0	-1.577878174424629e-06	0	0	0	0	0	0	0	0	0	0	0	0	0	0	0	0	0	0	0	0
16.16	2.961247050245539	1.499890874714317	-2.882413796065158	0	0.9399999999999999	0	0	0	0	0	0	0	0	0	0.599038540387673	-0.3245988356343359	0.04812398866111207	0	5.211085395501307e-07	0	0	0	0	0	0	0	0	0	0	0	0	0	0	0	0	0	0	0	0
16.18	3.21910327856076	1.494811843876166	-3.141116728808342	0	0.9399999999999999	0	0	0	0	0	0	0	0	0	0.6862274770738435	-0.3321818025351066	0.06390337996322266	0	6.986005191595478e-07	0	0	0	0	0	0	0	0	0	0	0	0	0	0	0	0	0	0	0	0
16.2	3.418017809906104	1.484556692391043	-3.341021840095175	0	0.9399999999999999	0	0	0	0	0	0	0	0	0	0.7664932234383744	-0.3377571343756552	0.07749256330228922	0	3.925010362737221e-07	0	0	0	0	0	0	0	0	0	0	0	0	0	0	0	0	0	0	0	0
16.22	3.55256425917794	1.471383964745635	-3.477090489855355	0	0.9399999999999999	0	0	0	0	0	0	0	0	0	0.8386751977259324	-0.3418149943456013	0.08832114813946162	0	-1.889770811324389e-06	0	0	0	0	0	0	0	0	0	0	0	0	0	0	0	0	0	0	0	0
16.24	3.650801251042808	1.458005782585615	-3.577358817925756	0	0.9399999999999999	0	0	0	0	0	0	0	0	0	0.9027880275894224	-0.3464009521847905	0.09327147643635535	0	-9.703467281706466e-07	0	0	0	0	0	0	0	0	0	0	0	0	0	0	0	0	0	0	0	0
16.26	3.739253081991421	1.445189749030419	-3.66751952332552	0	0.9399999999999999	0	0	0	0	0	0	0	0	0	0.9636465251665211	-0.3500553441471576	0.09774447559960082	0	-2.906933824196993e-07	0	0	0	0	0	0	0	0	0	0	0	0	0	0	0	0	0	0	0	0
16.28	3.836545660042126	1.431793292262664	-3.766179542085711	0	0.9399999999999999	0	0	0	0	0	0	0	0	0	1.024208309411414	-0.3514227545899899	0.09924618009111195	0	1.42724638298382e-06	0	0	0	0	0	0	0	0	0	0	0	0	0	0	0	0	0	0	0	0
16.3	4.036496382777056	1.402756393430764	-3.970490783938526	0	0.9399999999999999	0	0	0	0	0	0	0	0	0	1.138945402352039	-0.3517454253293751	0.06855915107062005	0	-1.823546715060267e-08	0	0	0	0	0	0	0	0	0	0	0	0	0	0	0	0	0	0	0	0
16.32	4.036496382777056	1.402756393430764	-3.970490783938526	0	0.9399999999999999	0	0	0	0	0	0	0	0	0	1.138945402352039	-0.3517454253293751	0.06855915107062005	0	-1.823546715060267e-08	0	0	0	0	0	0	0	0	0	0	0	0	0	0	0	0	0	0	0	0
16.34	4.169036225918193	1.37510939421218	-4.108917572661909	0	0.9399999999999999	0	0	0	0	0	0	0	0	0	1.224592554433799	-0.3627795149079032	-0.008251717231574314	0	-5.201215359335485e-08	0	0	0	0	0	0	0	0	0	0	0	0	0	0	0	0	0	0	0	0
16.36	4.169036225918193	1.37510939421218	-4.108917572661909	0	0.9399999999999999	0	0	0	0	0	0	0	0	0	1.224592554433799	-0.3627795149079032	-0.008251717231574314	0	-5.201215359335485e-08	0	0	0	0	0	0	0	0	0	0	0	0	0	0	0	0	0	0	0	0
16.38	4.255426114084645	1.350927243844528	-4.197829496666523	0	0.9399999999999999	0	0	0	0	0	0	0	0	0	1.272689738383189	-0.3715872219896441	-0.0538530139415223	0	6.064934196457957e-09	0	0	0	0	0	0	0	0	0	0	0	0	0	0	0	0	0	0	0	0
16.4	4.296621761209344	1.338260578605975	-4.236898090134401	0	0.9399999999999999	0	0	0	0	0	0	0	0	0	1.317282029938357	-0.3825579158181198	-0.1436068815067765	0	3.401698104630635e-06	0	0	0	0	0	0	0	0	0	0	0	0	0	0	0	0	0	0	0	0
16.42	4.296624969996967	1.338261822310583	-4.236894811089738	0	0.9399999999999999	0	0	0	0	0	0	0	0	0	1.31728661562455	-0.3825525456536591	-0.1436079683956188	0	2.464366079270116e-06	0	0	0	0	0	0	0	0	0	0	0	0	0	0	0	0	0	0	0	0
16.44	4.339314335348757	1.323060436056726	-4.275145834788391	0	0.9399999999999999	0	0	0	0	0	0	0	0	0	1.346468810654613	-0.3871045662061497	-0.1794411554857431	0	-3.434159181062276e-07	0	0	0	0	0	0	0	0	0	0	0	0	0	0	0	0	0	0	0	0
16.46	4.416336497146196	1.288086246416273	-4.337569801604248	0	0.9399999999999999	0	0	0	0	0	0	0	0	0	1.403078962390546	-0.3899812764173948	-0.2145733874795426	0	-5.752457582417997e-08	0	0	0	0	0	0	0	0	0	0	0	0	0	0	0	0	0	0	0	0
16.48	4.44259739054476	1.27280475082228	-4.353771345833445	0	0.9399999999999999	0	0	0	0	0	0	0	0	0	1.425838245909526	-0.3870309240443268	-0.212373517096257	0	1.015658971009571e-07	0	0	0	0	0	0	0	0	0	0	0	0	0	0	0	0	0	0	0	0
16.5	4.460725035332326	1.261848319715788	-4.360293424377197	0	0.9399999999999999	0	0	0	0	0	0	0	0	0	1.441394422512045	-0.3809837809477249	-0.1989713221650055	0	5.089120111648012e-08	0	0	0	0	0	0	0	0	0	0	0	0	0	0	0	0	0	0	0	0
16.52	4.474751879526409	1.255103867102265	-4.361497069853696	0	0.9399999999999999	0	0	0	0	0	0	0	0	0	1.449012710743241	-0.3715505437925347	-0.176517761334288	0	-6.377239482447789e-08	0	0	0	0	0	0	0	0	0	0	0	0	0	0	0	0	0	0	0	0
16.54	4.489185710437019	1.251161972047742	-4.362876904261664	0	0.9399999999999999	0	0	0	0	0	0	0	0	0	1.45590239460878	-0.3596409827959729	-0.1719183139010188	0	3.35656063788475e-07	0	0	0	0	0	0	0	0	0	0	0	0	0	0	0	0	0	0	0	0
16.56	4.503920516770386	1.249014369612415	-4.364780234347073	0	0.9399999999999999	0	0	0	0	0	0	0	0	0	1.439159841900163	-0.3439609387318895	-0.1194784605518213	0	1.030508983583033e-07	0	0	0	0	0	0	0	0	0	0	0	0	0	0	0	0	0	0	0	0
16.58	4.519196889451901	1.248182259330076	-4.367819823896387	0	0.9399999999999999	0	0	0	0	0	0	0	0	0	1.42201193441784	-0.3260742805701481	-0.09331264140582658	0	-1.128963952272987e-07	0	0	0	0	0	0	0	0	0	0	0	0	0	0	0	0	0	0	0	0
16.6	4.519196889451901	1.248182259330076	-4.367819823896387	0	0.9399999999999999	0	0	0	0	0	0	0	0	0	1.42201193441784	-0.3260742805701481	-0.09331264140582658	0	-1.128963952272987e-07	0	0	0	0	0	0	0	0	0	0	0	0	0	0	0	0	0	0	0	0
16.62	4.551692527102184	1.250904779160768	-4.378931196431635	0	0.9399999999999999	0	0	0	0	0	0	0	0	0	1.369210778682505	-0.2880711216677905	-0.05370910253974435	0	3.155304758255296e-07	0	0	0	0	0	0	0	0	0	0	0	0	0	0	0	0	0	0	0	0
16.64	4.551692527102184	1.250904779160768	-4.378931196431635	0	0.9399999999999999	0	0	0	0	0	0	0	0	0	1.369210778682505	-0.2880711216677905	-0.05370910253974435	0	3.155304758255296e-07	0	0	0	0	0	0	0	0	0	0	0	0	0	0	0	0	0	0	0	0
16.66	4.573432442999422	1.261531319906775	-4.384912540964987	0	0.9399999999999999	0	0	0	0	0	0	0	0	0	1.289875718632184	-0.2428116236683289	-0.04756795932674878	0	6.871945740429844e-07	0	0	0	0	0	0	0	0	0	0	0	0	0	0	0	0	0	0	0	0
16.68	4.573432442999422	1.261531319906775	-4.384912540964987	0	0.9399999999999999	0	0	0	0	0	0	0	0	0	1.289875718632184	-0.2428116236683289	-0.04756795932674878	0	6.871945740429844e-07	0	0	0	0	0	0	0	0	0	0	0	0	0	0	0	0	0	0	0	0
16.7	4.569767379873668	1.270276979803891	-4.375540894387181	0	0.9399999999999999	0	0	0	0	0	0	0	0	0	1.237361778635095	-0.2203784219115421	-0.05514661671940867	0	-1.123533884970159e-07	0	0	0	0	0	0	0	0	0	0	0	0	0	0	0	0	0	0	0	0
16.72	4.526192920044834	1.293192564170289	-4.324910456742685	0	0.9399999999999999	0	0	0	0	0	0	0	0	0	1.107741656718486	-0.1754989601647409	-0.08371788949761627	0	-1.213258901109724e-06	0	0	0	0	0	0	0	0	0	0	0	0	0	0	0	0	0	0	0	0
16.74	4.482873831906043	1.306397798824744	-4.279923637130747	0	0.9399999999999999	0	0	0	0	0	0	0	0	0	1.030506261257092	-0.1528707284552565	-0.101504364052743	0	7.518981723121512e-07	0	0	0	0	0	0	0	0	0	0	0	0	0	0	0	0	0	0	0	0
16.76	4.482873831906043	1.306397798824744	-4.279923637130747	0	0.9399999999999999	0	0	0	0	0	0	0	0	0	1.030506261257092	-0.1528707284552565	-0.101504364052743	0	7.518981723121512e-07	0	0	0	0	0	0	0	0	0	0	0	0	0	0	0	0	0	0	0	0
16.78	4.365881534712747	1.339037471554168	-4.162831040030513	0	0.9399999999999999	0	0	0	0	0	0	0	0	0	0.850563715654064	-0.1089062799155827	-0.1271996697736453	0	-2.240804083305559e-07	0	0	0	0	0	0	0	0	0	0	0	0	0	0	0	0	0	0	0	0
16.8	4.365881534712747	1.339037471554168	-4.162831040030513	0	0.9399999999999999	0	0	0	0	0	0	0	0	0	0.850563715654064	-0.1089062799155827	-0.1271996697736453	0	-2.240804083305559e-07	0	0	0	0	0	0	0	0	0	0	0	0	0	0	0	0	0	0	0	0
16.82	4.204437975736303	1.381046446174209	-4.001570137600114	0	0.9399999999999999	0	0	0	0	0	0	0	0	0	0.6361998691418717	-0.0666024258609143	-0.1273108224359319	0	1.243060402130593e-06	0	0	0	0	0	0	0	0	0	0	0	0	0	0	0	0	0	0	0	0
16.84	4.094803173038236	1.405269142962114	-3.891568982997279	0	0.9399999999999999	0	0	0	0	0	0	0	0	0	0.5153849014715827	-0.05082579898519918	-0.1159155744322535	0	-2.957610124118293e-07	0	0	0	0	0	0	0	0	0	0	0	0	0	0	0	0	0	0	0	0
16.86	3.946630745515825	1.430721599974807	-3.742508505061526	0	0.9399999999999999	0	0	0	0	0	0	0	0	0	0.3863225086973913	-0.0399148011457722	-0.1011352617322812	0	6.322488840340672e-07	0	0	0	0	0	0	0	0	0	0	0	0	0	0	0	0	0	0	0	0
16.88	3.734953478687849	1.454612846294562	-3.529078904977222	0	0.9399999999999999	0	0	0	0	0	0	0	0	0	0.2511394123067373	-0.03304696180591749	-0.08588702122760561	0	-3.014840256130464e-07	0	0	0	0	0	0	0	0	0	0	0	0	0	0	0	0	0	0	0	0
16.9	3.421892182114705	1.472225628654239	-3.212608646293547	0	0.9399999999999999	0	0	0	0	0	0	0	0	0	0.110542747337228	-0.02781297410901682	-0.07080529942746176	0	-1.201991113716951e-06	0	0	0	0	0	0	0	0	0	0	0	0	0	0	0	0	0	0	0	0
16.92	3.421892182114705	1.472225628654239	-3.212608646293547	0	0.9399999999999999	0	0	0	0	0	0	0	0	0	0.110542747337228	-0.02781297410901682	-0.07080529942746176	0	-1.201991113716951e-06	0	0	0	0	0	0	0	0	0	0	0	0	0	0	0	0	0	0	0	0
16.94	2.630350022778885	1.46567942309418	-2.406644200418444	0	0.9399999999999999	0	0	0	0	0	0	0	0	0	-0.1700230238959076	-0.02259319372405495	-0.05119600346005004	0	1.273493552230097e-06	0	0	0	0	0	0	0	0	0	0	0	0	0	0	0	0	0	0	0	0
16.96	2.630350022778885	1.46567942309418	-2.406644200418444	0	0.9399999999999999	0	0	0	0	0	0	0	0	0	-0.1700230238959076	-0.02259319372405495	-0.05119600346005004	0	1.273493552230097e-06	0	0	0	0	0	0	0	0	0	0	0	0	0	0	0	0	0	0	0	0
16.98	2.368475986306613	1.444701292059098	-2.134667985592755	0	0.9399999999999999	0	0	0	0	0	0	0	0	0	-0.2993108028446435	-0.0243890533714666	-0.04152053283081542	0	-2.308919519825552e-06	0	0	0	0	0	0	0	0	0	0	0	0	0	0	0	0	0	0	0	0
17	2.076853900308897	1.399065115773634	-1.816231966329469	0	0.9399999999999999	0	0	0	0	0	0	0	0	0	-0.52359878	-0.03713373451300132	-0.0173282554846051	0	-1.120165808126453e-06	0	0	0	0	0	0	0	0	0	0	0	0	0	0	0	0	0	0	0	0
17.02	2.034095269311761	1.416853462098212	-1.753270271621522	0	0.9399999999999999	0	0	0	0	0	0	0	0	0	-0.52359878	-0.0565140293179195	0.0152054051891316	0	2.014876207357854e-07	0	0	0	0	0	0	0	0	0	0	0	0	0	0	0	0	0	0	0	0
17.04	2.045798880686373	1.475759181985828	-1.742106912614433	0	0.9399999999999999	0	0	0	0	0	0	0	0	0	-0.52359878	-0.06502563116591802	0.0343777729992692	0	1.452488257558438e-08	0	0	0	0	0	0	0	0	0	0	0	0	0	0	0	0	0	0	0	0
17.06	1.969538348565753	1.510647648012633	-1.64654015379421	0	0.9399999999999999	0	0	0	0	0	0	0	0	0	-0.52359878	-0.07832370747394869	0.06237791000701136	0	3.51092866626541e-09	0	0	0	0	0	0	0	0	0	0	0	0	0	0	0	0	0	0	0	0
17.08	1.737361306078048	1.542213702089567	-1.397036901339656	0	0.9399999999999999	0	0	0	0	0	0	0	0	0	-0.52359878	-0.08998415648138687	0.0899649051085105	0	-2.102625405396082e-07	0	0	0	0	0	0	0	0	0	0	0	0	0	0	0	0	0	0	0	0
17.1	1.743262215687425	1.555848799608528	-1.390097098014069	0	0.9399999999999999	0	0	0	0	0	0	0	0	0	-0.52359878	-0.09614424011077653	0.114621252533968	0	1.244855020713025e-05	0	0	0	0	0	0	0	0	0	0	0	0	0	0	0	0	0	0	0	0
17.12	1.743385014883177	1.571509554718832	-1.389854218126838	0	0.9399999999999999	0	0	0	0	0	0	0	0	0	-0.52359878	-0.09171466202205443	0.1192772367685032	0	2.424728088835953e-06	0	0	0	0	0	0	0	0	0	0	0	0	0	0	0	0	0	0	0	0
17.14	2.457516458572363	1.603472913291667	-2.09174919967869	0	0.9399999999999999	0	0	0	0	0	0	0	0	0	-0.52359878	-0.1142804715454532	0.1331518453266163	0	-9.959363735270491e-08	0	0	0	0	0	0	0	0	0	0	0	0	0	0	0	0	0	0	0	0
17.16	2.301983745748277	1.624369883518924	-1.927933690527938	0	0.9399999999999999	0	0	0	0	0	0	0	0	0	-0.52359878	-0.1237147431917382	0.1505727527545891	0	-1.177360853428612e-07	0	0	0	0	0	0	0	0	0	0	0	0	0	0	0	0	0	0	0	0
17.18	2.260082398969523	1.637911990755251	-1.881484771943222	0	0.9399999999999999	0	0	0	0	0	0	0	0	0	-0.52359878	-0.1262068278840312	0.168469121645745	0	-2.321920002794571e-06	0	0	0	0	0	0	0	0	0	0	0	0	0	0	0	0	0	0	0	0
17.2	2.201857274279853	1.651143379287863	-1.82313635851498	0	0.9399999999999999	0	0	0	0	0	0	0	0	0	-0.52359878	-0.1233623781885667	0.1780389935809157	0	3.886476362187801e-07	0	0	0	0	0	0	0	0	0	0	0	0	0	0	0	0	0	0	0	0
17.22	2.236657600556008	1.653107409167532	-1.856267714020352	0	0.9399999999999999	0	0	0	0	0	0	0	0	0	-0.52359878	-0.1306658772088521	0.1739339494372661	0	8.017481558642038e-07	0	0	0	0	0	0	0	0	0	0	0	0	0	0	0	0	0	0	0	0
17.24	2.185448521050373	1.669916869813174	-1.794098668353412	0	0.9399999999999999	0	0	0	0	0	0	0	0	0	-0.52359878	-0.1531942166467248	0.143251122356214	0	3.95373518916872e-07	0	0	0	0	0	0	0	0	0	0	0	0	0	0	0	0	0	0	0	0
17.26	2.186999532516684	1.673386421633253	-1.79221661829676	0	0.9399999999999999	0	0	0	0	0	0	0	0	0	-0.52359878	-0.1626130261907748	0.1218375636344202	0	2.789736426937313e-06	0	0	0	0	0	0	0	0	0	0	0	0	0	0	0	0	0	0	0	0
17.28	2.187013935539609	1.673386176675182	-1.792232490652726	0	0.9399999999999999	0	0	0	0	0	0	0	0	0	-0.52359878	-0.1626163217024752	0.1218397033748669	0	2.772148775331597e-06	0	0	0	0	0	0	0	0	0	0	0	0	0	0	0	0	0	0	0	0
17.3	2.294183258180518	1.664452244083373	-1.895520774202391	0	0.9399999999999999	0	0	0	0	0	0	0	0	0	-0.52359878	-0.1809048700157622	0.08261223105201734	0	-9.914814723864464e-08	0	0	0	0	0	0	0	0	0	0	0	0	0	0	0	0	0	0	0	0
17.32	2.360611184988569	1.653129269437076	-1.962843931782751	0	0.9399999999999999	0	0	0	0	0	0	0	0	0	-0.52359878	-0.1840773142878785	0.06785757550306462	0	-3.148485227491451e-07	0	0	0	0	0	0	0	0	0	0	0	0	0	0	0	0	0	0	0	0
17.34	2.447389126939756	1.638037389850914	-2.053508696304163	0	0.9399999999999999	0	0	0	0	0	0	0	0	0	-0.52359878	-0.1820544852043463	0.05559081547678712	0	2.612059438985205e-07	0	0	0	0	0	0	0	0	0	0	0	0	0	0	0	0	0	0	0	0
17.36	2.622956658534468	1.618359075396942	-2.23576591289544	0	0.9399999999999999	0	0	0	0	0	0	0	0	0	-0.52359878	-0.1755212543283415	0.04617725629085991	0	-1.220415232537744e-06	0	0	0	0	0	0	0	0	0	0	0	0	0	0	0	0	0	0	0	0
17.38	2.449156940680277	1.619071890588724	-2.065856078396659	0	0.9399999999999999	0	0	0	0	0	0	0	0	0	-0.52359878	-0.1675821281082776	0.04528253428837929	0	2.580156284390793e-07	0	0	0	0	0	0	0	0	0	0	0	0	0	0	0	0	0	0	0	0
17.4	3.284781671187514	1.598148907867961	-2.907260821970757	0	0.9399999999999999	0	0	0	0	0	0	0	0	0	-0.52359878	-0.1651736829587173	0.03962987720301719	0	-9.044991886152928e-07	0	0	0	0	0	0	0	0	0	0	0	0	0	0	0	0	0	0	0	0
17.42	1.707724995892763	1.494536588268531	-1.356220574859506	0	0.9399999999999999	0	0	0	0	0	0	0	0	0	-0.52359878	-0.1392570805224251	0.03291366484134611	0	8.521714644539376e-07	0	0	0	0	0	0	0	0	0	0	0	0	0	0	0	0	0	0	0	0
17.44	1.835842457657457	1.44926770183393	-1.498390701870341	0	0.9399999999999999	0	0	0	0	0	0	0	0	0	-0.52359878	-0.1292795782745702	0.0261486431594704	0	-1.289069150690926e-06	0	0	0	0	0	0	0	0	0	0	0	0	0	0	0	0	0	0	0	0
17.46	1.893872242619466	1.401812227436227	-1.570816825832532	0	0.9399999999999999	0	0	0	0	0	0	0	0	0	-0.52359878	-0.1211949839429236	0.01702143413142389	0	-6.906443396067575e-07	0	0	0	0	0	0	0	0	0	0	0	0	0	0	0	0	0	0	0	0
17.48	1.922475405694015	1.354705356170042	-1.616126392802198	0	0.9399999999999999	0	0	0	0	0	0	0	0	0	-0.52359878	-0.1149818876670146	0.004918088587122521	0	1.449927149445663e-06	0	0	0	0	0	0	0	0	0	0	0	0	0	0	0	0	0	0	0	0
17.5	1.946736312502894	1.332095823361453	-1.655435316389631	0	0.9399999999999999	0	0	0	0	0	0	0	0	0	-0.52359878	-0.099657576235866	-0.01449405926515254	0	-6.472711728988389e-09	0	0	0	0	0	0	0	0	0	0	0	0	0	0	0	0	0	0	0	0
17.52	1.994425073950459	1.348755780900211	-1.714814880585209	0	0.9399999999999999	0	0	0	0	0	0	0	0	0	-0.3984309989308508	-0.104470889195296	-0.014583802530622	0	4.121950470763345e-06	0	0	0	0	0	0	0	0	0	0	0	0	0	0	0	0	0	0	0	0
17.54	2.064406951607251	1.372767885164022	-1.796955350332735	0	0.9399999999999999	0	0	0	0	0	0	0	0	0	-0.3250186054112943	-0.08795202670808458	-0.03149925872947031	0	4.59349592623763e-07	0	0	0	0	0	0	0	0	0	0	0	0	0	0	0	0	0	0	0	0
17.56	2.064583154557218	1.37281363106492	-1.797056696956953	0	0.9399999999999999	0	0	0	0	0	0	0	0	0	-0.2992552439625858	-0.09728064362005487	-0.02525146813864976	0	5.200182282192031e-06	0	0	0	0	0	0	0	0	0	0	0	0	0	0	0	0	0	0	0	0
17.58	2.153055908968819	1.392402067035506	-1.898408824132559	0	0.9399999999999999	0	0	0	0	0	0	0	0	0	-0.2071588885577019	-0.09240509026602121	-0.03794797498359504	0	3.081941589336794e-06	0	0	0	0	0	0	0	0	0	0	0	0	0	0	0	0	0	0	0	0
17.6	2.358866833578578	1.415523861463247	-2.130035803657898	0	0.9399999999999999	0	0	0	0	0	0	0	0	0	-0.06018217353584461	-0.07727208661706929	-0.07178116294648677	0	-1.123365966404932e-06	0	0	0	0	0	0	0	0	0	0	0	0	0	0	0	0	0	0	0	0
17.62	2.473634343940168	1.422807870746563	-2.25707702699059	0	0.9399999999999999	0	0	0	0	0	0	0	0	0	0.03036469397052125	-0.0847414698419347	-0.07815635224990587	0	-2.108732418243941e-06	0	0	0	0	0	0	0	0	0	0	0	0	0	0	0	0	0	0	0	0
17.64	2.599968612262193	1.429533145805526	-2.395449353480357	0	0.9399999999999999	0	0	0	0	0	0	0	0	0	0.04663727765090091	-0.07659700849252921	-0.09188304979895816	0	-2.177018294158622e-06	0	0	0	0	0	0	0	0	0	0	0	0	0	0	0	0	0	0	0	0
17.66	2.597374438291861	1.429462387045866	-2.392708306246043	0	0.9399999999999999	0	0	0	0	0	0	0	0	0	0.1027497478282705	-0.07997454341863083	-0.08563470022171277	0	8.444387608382666e-06	0	0	0	0	0	0	0	0	0	0	0	0	0	0	0	0	0	0	0	0
17.68	2.866536695039423	1.438270044089027	-2.687711026288185	0	0.9399999999999999	0	0	0	0	0	0	0	0	0	0.2400823142129221	-0.06770170230480693	-0.08959677366782309	0	3.253854780958113e-06	0	0	0	0	0	0	0	0	0	0	0	0	0	0	0	0	0	0	0	0
17.7	2.996938458556681	1.439794559185614	-2.832395015706364	0	0.9399999999999999	0	0	0	0	0	0	0	0	0	0.3016028546241444	-0.06422059165222259	-0.08497642471818763	0	2.354182335736776e-06	0	0	0	0	0	0	0	0	0	0	0	0	0	0	0	0	0	0	0	0
17.72	3.120555623893994	1.439356545160535	-2.97123101646265	0	0.9399999999999999	0	0	0	0	0	0	0	0	0	0.3161670492840885	-0.06510692795065283	-0.1018359445730816	0	2.407028087969056e-07	0	0	0	0	0	0	0	0	0	0	0	0	0	0	0	0	0	0	0	0
17.74	3.229092623611881	1.43672695208741	-3.09596487142812	0	0.9399999999999999	0	0	0	0	0	0	0	0	0	0.404575415052505	-0.06132020717958623	-0.07244509133675461	0	8.209303152243773e-07	0	0	0	0	0	0	0	0	0	0	0	0	0	0	0	0	0	0	0	0
17.76	3.317647166645481	1.43274183937326	-3.201446557104287	0	0.9399999999999999	0	0	0	0	0	0	0	0	0	0.445757625491185	-0.06113309421210814	-0.06829706538527741	0	6.006691244451804e-07	0	0	0	0	0	0	0	0	0	0	0	0	0	0	0	0	0	0	0	0
17.78	3.317647166645481	1.43274183937326	-3.201446557104287	0	0.9399999999999999	0	0	0	0	0	0	0	0	0	0.445757625491185	-0.06113309421210814	-0.06829706538527741	0	6.006691244451804e-07	0	0	0	0	0	0	0	0	0	0	0	0	0	0	0	0	0	0	0	0
17.8	3.453264431548741	1.423492018977114	-3.370259357649251	0	0.9399999999999999	0	0	0	0	0	0	0	0	0	0.5176254052610099	-0.06102861204731828	-0.07007768359376543	0	4.251048558309646e-08	0	0	0	0	0	0	0	0	0	0	0	0	0	0	0	0	0	0	0	0
17.82	3.509629237012852	1.420026129651837	-3.442606394916912	0	0.9399999999999999	0	0	0	0	0	0	0	0	0	0.5498220721742121	-0.06163333150930081	-0.08074396546449836	0	1.245164614200683e-06	0	0	0	0	0	0	0	0	0	0	0	0	0	0	0	0	0	0	0	0
17.84	3.571117299742294	1.417191728655363	-3.519401073938474	0	0.9399999999999999	0	0	0	0	0	0	0	0	0	0.5803354327324521	-0.06421326729817442	-0.09888028762436825	0	5.811650657067857e-07	0	0	0	0	0	0	0	0	0	0	0	0	0	0	0	0	0	0	0	0
17.86	3.571117299742294	1.417191728655363	-3.519401073938474	0	0.9399999999999999	0	0	0	0	0	0	0	0	0	0.5803354327324521	-0.06421326729817442	-0.09888028762436825	0	5.811650657067857e-07	0	0	0	0	0	0	0	0	0	0	0	0	0	0	0	0	0	0	0	0
17.88	3.638156809808583	1.414984268980056	-3.601446866353863	0	0.9399999999999999	0	0	0	0	0	0	0	0	0	0.6087993436315007	-0.07000796584023475	-0.1209784105403708	0	7.091564037052767e-07	0	0	0	0	0	0	0	0	0	0	0	0	0	0	0	0	0	0	0	0
17.9	3.705236629535766	1.414163413066031	-3.683629010257162	0	0.9399999999999999	0	0	0	0	0	0	0	0	0	0.6344397408539403	-0.08068345332249222	-0.1416688772947058	0	2.965344926608608e-07	0	0	0	0	0	0	0	0	0	0	0	0	0	0	0	0	0	0	0	0
17.92	3.771273696501683	1.414037963323202	-3.764693468971811	0	0.9399999999999999	0	0	0	0	0	0	0	0	0	0.6573257883627933	-0.09476548185396617	-0.1602287830428454	0	4.156396858232207e-07	0	0	0	0	0	0	0	0	0	0	0	0	0	0	0	0	0	0	0	0
17.94	3.884366325000949	1.412561624622061	-3.904417250428618	0	0.9399999999999999	0	0	0	0	0	0	0	0	0	0.6932566396455715	-0.1246990227885644	-0.1896199329922905	0	1.540667833885453e-07	0	0	0	0	0	0	0	0	0	0	0	0	0	0	0	0	0	0	0	0
17.96	3.933740858528175	1.411735048594351	-3.964586179774436	0	0.9399999999999999	0	0	0	0	0	0	0	0	0	0.7061447837194466	-0.1400369944130619	-0.1963118670574396	0	1.902734906112485e-07	0	0	0	0	0	0	0	0	0	0	0	0	0	0	0	0	0	0	0	0
17.98	3.983374228611614	1.410703863938654	-4.023444793161687	0	0.9399999999999999	0	0	0	0	0	0	0	0	0	0.7166423596504232	-0.1548968366579487	-0.1974837805544628	0	-8.014948422731891e-07	0	0	0	0	0	0	0	0	0	0	0	0	0	0	0	0	0	0	0	0
18	4.03070333374171	1.409411741320309	-4.078400319736668	0	0.9399999999999999	0	0	0	0	0	0	0	0	0	0.725251605591416	-0.1670324466943143	-0.193916157467312	0	4.282510238043212e-07	0	0	0	0	0	0	0	0	0	0	0	0	0	0	0	0	0	0	0	0
18.02	4.074965771567964	1.407400395833413	-4.128461564198438	0	0.9399999999999999	0	0	0	0	0	0	0	0	0	0.7307229984771773	-0.1748050308093284	-0.195557913509651	0	-1.166589001114107e-06	0	0	0	0	0	0	0	0	0	0	0	0	0	0	0	0	0	0	0	0
18.04	4.074341075355425	1.407426847099946	-4.12783561809621	0	0.9399999999999999	0	0	0	0	0	0	0	0	0	0.7327795033961698	-0.1769629539348553	-0.1851265696139462	0	-2.243220111898379e-08	0	0	0	0	0	0	0	0	0	0	0	0	0	0	0	0	0	0	0	0
18.06	4.118273782116161	1.40519403328784	-4.175828871013141	0	0.9399999999999999	0	0	0	0	0	0	0	0	0	0.739707554880714	-0.1870597440406278	-0.1711119099986848	0	-2.632299836138121e-07	0	0	0	0	0	0	0	0	0	0	0	0	0	0	0	0	0	0	0	0
18.08	4.201712860974439	1.400148956661313	-4.262243795079113	0	0.9399999999999999	0	0	0	0	0	0	0	0	0	0.752000771242212	-0.2046319558237804	-0.1355832703153112	0	-9.965244487558976e-09	0	0	0	0	0	0	0	0	0	0	0	0	0	0	0	0	0	0	0	0
18.1	4.236007557135259	1.398083147208557	-4.295763331316008	0	0.9399999999999999	0	0	0	0	0	0	0	0	0	0.7561960115976849	-0.2088666232739495	-0.1181688034594359	0	5.831759913898279e-09	0	0	0	0	0	0	0	0	0	0	0	0	0	0	0	0	0	0	0	0
18.12	4.259833335857866	1.396966698534682	-4.317373129805748	0	0.9399999999999999	0	0	0	0	0	0	0	0	0	0.7576668014028956	-0.2105110047891194	-0.1011626131689621	0	5.898286119488552e-08	0	0	0	0	0	0	0	0	0	0	0	0	0	0	0	0	0	0	0	0
18.14	4.259833335857866	1.396966698534682	-4.317373129805748	0	0.9399999999999999	0	0	0	0	0	0	0	0	0	0.7576668014028956	-0.2105110047891194	-0.1011626131689621	0	5.898286119488552e-08	0	0	0	0	0	0	0	0	0	0	0	0	0	0	0	0	0	0	0	0
18.16	4.272837701746316	1.396935867799248	-4.326305475838895	0	0.9399999999999999	0	0	0	0	0	0	0	0	0	0.7564148745641023	-0.2091985180547393	-0.08483176204803788	0	-2.900811478275221e-07	0	0	0	0	0	0	0	0	0	0	0	0	0	0	0	0	0	0	0	0
18.18	4.27537713508206	1.397519191674616	-4.322919521888066	0	0.9399999999999999	0	0	0	0	0	0	0	0	0	0.7523855643224954	-0.2054358784260823	-0.06897167256435711	0	-3.235804582093958e-06	0	0	0	0	0	0	0	0	0	0	0	0	0	0	0	0	0	0	0	0
18.2	4.269642572747117	1.398108850978437	-4.308305155499387	0	0.9399999999999999	0	0	0	0	0	0	0	0	0	0.7462762531998692	-0.2000021041769758	-0.05114937927483817	0	7.223945379499145e-08	0	0	0	0	0	0	0	0	0	0	0	0	0	0	0	0	0	0	0	0
18.22	4.260805109408219	1.403139097658208	-4.277718721590951	0	0.9399999999999999	0	0	0	0	0	0	0	0	0	0.7365769322531962	-0.1891075567572217	-0.02125705259011761	0	7.815231524748469e-07	0	0	0	0	0	0	0	0	0	0	0	0	0	0	0	0	0	0	0	0
18.24	4.265815651683027	1.407262575945455	-4.270727741127523	0	0.9399999999999999	0	0	0	0	0	0	0	0	0	0.7269645635538983	-0.1881092600860689	0.003391253450579928	0	-8.297534788802874e-06	0	0	0	0	0	0	0	0	0	0	0	0	0	0	0	0	0	0	0	0
18.26	4.260465337420494	1.407349496070499	-4.265426684852438	0	0.9399999999999999	0	0	0	0	0	0	0	0	0	0.7180847891135917	-0.1933992460733333	0.01693923826178011	0	-4.572200942543283e-08	0	0	0	0	0	0	0	0	0	0	0	0	0	0	0	0	0	0	0	0
18.28	4.255864127020693	1.417383473748575	-4.23597774978228	0	0.9399999999999999	0	0	0	0	0	0	0	0	0	0.6936657376122912	-0.191460895349977	0.06495604088898034	0	-8.550884040690463e-08	0	0	0	0	0	0	0	0	0	0	0	0	0	0	0	0	0	0	0	0
18.3	4.255864127020693	1.417383473748575	-4.23597774978228	0	0.9399999999999999	0	0	0	0	0	0	0	0	0	0.6936657376122912	-0.191460895349977	0.06495604088898034	0	-8.550884040690463e-08	0	0	0	0	0	0	0	0	0	0	0	0	0	0	0	0	0	0	0	0
18.32	4.235289164338803	1.427578721852034	-4.190969534759608	0	0.9399999999999999	0	0	0	0	0	0	0	0	0	0.6626635259381568	-0.1915303328575254	0.112767927846526	0	8.667921483823962e-08	0	0	0	0	0	0	0	0	0	0	0	0	0	0	0	0	0	0	0	0
18.34	4.235289164338803	1.427578721852034	-4.190969534759608	0	0.9399999999999999	0	0	0	0	0	0	0	0	0	0.6626635259381568	-0.1915303328575254	0.112767927846526	0	8.667921483823962e-08	0	0	0	0	0	0	0	0	0	0	0	0	0	0	0	0	0	0	0	0
18.36	4.219544357400809	1.436351015728927	-4.153682413723949	0	0.9399999999999999	0	0	0	0	0	0	0	0	0	0.6309137358410017	-0.1997733114345639	0.1569758525613567	0	6.002249759762699e-08	0	0	0	0	0	0	0	0	0	0	0	0	0	0	0	0	0	0	0	0
18.38	4.219544357400809	1.436351015728927	-4.153682413723949	0	0.9399999999999999	0	0	0	0	0	0	0	0	0	0.6309137358410017	-0.1997733114345639	0.1569758525613567	0	6.002249759762699e-08	0	0	0	0	0	0	0	0	0	0	0	0	0	0	0	0	0	0	0	0
18.4	4.218404130665975	1.4394401751026	-4.14320021387455	0	0.9399999999999999	0	0	0	0	0	0	0	0	0	0.6153849669586461	-0.2055520140247377	0.1758656688158623	0	-5.122956919532118e-08	0	0	0	0	0	0	0	0	0	0	0	0	0	0	0	0	0	0	0	0
18.42	4.222590805560483	1.442234286900519	-4.138968573590557	0	0.9399999999999999	0	0	0	0	0	0	0	0	0	0.5987652559690815	-0.2114006034110282	0.1921325424589605	0	4.733030992645321e-06	0	0	0	0	0	0	0	0	0	0	0	0	0	0	0	0	0	0	0	0
18.44	4.226855269804565	1.444666120919418	-4.13595734060689	0	0.9399999999999999	0	0	0	0	0	0	0	0	0	0.5801177908188404	-0.2176723374783806	0.2052752918272053	0	-7.22932607962616e-06	0	0	0	0	0	0	0	0	0	0	0	0	0	0	0	0	0	0	0	0
18.46	4.248182194814627	1.446780190206658	-4.151123567055703	0	0.9399999999999999	0	0	0	0	0	0	0	0	0	0.5607219704503065	-0.226460420679017	0.2157995779148161	0	-2.895274438997625e-08	0	0	0	0	0	0	0	0	0	0	0	0	0	0	0	0	0	0	0	0
18.48	4.266627192899841	1.448632859429499	-4.164423187169142	0	0.9399999999999999	0	0	0	0	0	0	0	0	0	0.5402573125324047	-0.2361466548714229	0.2237137993105942	0	2.540931780213048e-08	0	0	0	0	0	0	0	0	0	0	0	0	0	0	0	0	0	0	0	0
18.5	4.292248317913762	1.450141551724242	-4.185796162505837	0	0.9399999999999999	0	0	0	0	0	0	0	0	0	0.5202133993782303	-0.246771967052438	0.2288376883104895	0	-4.504469675175183e-09	0	0	0	0	0	0	0	0	0	0	0	0	0	0	0	0	0	0	0	0
18.52	4.359333693078541	1.452275532145132	-4.246442142564333	0	0.9399999999999999	0	0	0	0	0	0	0	0	0	0.4788918028700013	-0.2685590549238965	0.2279474319294542	0	-2.997232803288059e-07	0	0	0	0	0	0	0	0	0	0	0	0	0	0	0	0	0	0	0	0
18.54	4.396383856159406	1.452639503550381	-4.281321245643361	0	0.9399999999999999	0	0	0	0	0	0	0	0	0	0.4568480528797116	-0.2802881074948669	0.2222770966602234	0	1.408639642729592e-06	0	0	0	0	0	0	0	0	0	0	0	0	0	0	0	0	0	0	0	0
18.56	4.435092174668377	1.453172869257069	-4.318421811188379	0	0.9399999999999999	0	0	0	0	0	0	0	0	0	0.4323177596421498	-0.2914868515033876	0.2116589617962477	0	5.380055361353622e-07	0	0	0	0	0	0	0	0	0	0	0	0	0	0	0	0	0	0	0	0
18.58	4.471448223396131	1.45369319048418	-4.353565837147522	0	0.9399999999999999	0	0	0	0	0	0	0	0	0	0.4061095838631226	-0.3016931995798973	0.197429707014314	0	2.498319299307281e-07	0	0	0	0	0	0	0	0	0	0	0	0	0	0	0	0	0	0	0	0
18.6	4.471448223396131	1.45369319048418	-4.353565837147522	0	0.9399999999999999	0	0	0	0	0	0	0	0	0	0.4061095838631226	-0.3016931995798973	0.197429707014314	0	2.498319299307281e-07	0	0	0	0	0	0	0	0	0	0	0	0	0	0	0	0	0	0	0	0
18.62	4.502630248565064	1.454349019032874	-4.38410927705945	0	0.9399999999999999	0	0	0	0	0	0	0	0	0	0.378768167975052	-0.3107850695103028	0.1796235217909313	0	-1.230621562310715e-07	0	0	0	0	0	0	0	0	0	0	0	0	0	0	0	0	0	0	0	0
18.64	4.529819028294929	1.454991613506509	-4.411294203492048	0	0.9399999999999999	0	0	0	0	0	0	0	0	0	0.3505333918155605	-0.3169135184339053	0.1559088015860439	0	1.379635902340674e-07	0	0	0	0	0	0	0	0	0	0	0	0	0	0	0	0	0	0	0	0
18.66	4.554727886448817	1.455081683803616	-4.436910918750618	0	0.9399999999999999	0	0	0	0	0	0	0	0	0	0.3221052895336571	-0.3212950019873537	0.1291546369962024	0	7.554527368688698e-07	0	0	0	0	0	0	0	0	0	0	0	0	0	0	0	0	0	0	0	0
18.68	4.574540015261817	1.454632074276748	-4.458130215528341	0	0.9399999999999999	0	0	0	0	0	0	0	0	0	0.2927879679043132	-0.324736378505143	0.1005250910825335	0	2.620110752706616e-07	0	0	0	0	0	0	0	0	0	0	0	0	0	0	0	0	0	0	0	0
18.7	4.575335150863009	1.453790520322484	-4.460886043905854	0	0.9399999999999999	0	0	0	0	0	0	0	0	0	0.2625130063897811	-0.3238321713601243	0.06718853137611179	0	-8.616046683785281e-06	0	0	0	0	0	0	0	0	0	0	0	0	0	0	0	0	0	0	0	0
18.72	4.61531548678558	1.45100333057574	-4.506365497137425	0	0.9399999999999999	0	0	0	0	0	0	0	0	0	0.2057237079112087	-0.3197159355966564	-0.01264730924517251	0	7.92207212019579e-07	0	0	0	0	0	0	0	0	0	0	0	0	0	0	0	0	0	0	0	0
18.74	4.61531548678558	1.45100333057574	-4.506365497137425	0	0.9399999999999999	0	0	0	0	0	0	0	0	0	0.2057237079112087	-0.3197159355966564	-0.01264730924517251	0	7.92207212019579e-07	0	0	0	0	0	0	0	0	0	0	0	0	0	0	0	0	0	0	0	0
18.76	4.636043621756818	1.447427748539295	-4.533420791102468	0	0.9399999999999999	0	0	0	0	0	0	0	0	0	0.1954404478178768	-0.3176073942906396	-0.05963442536660087	0.02932333552192467	0.02932331822625234	0	0	0	0	0	0	0	0	0	0	0	0	0	0	0	0	0	0	0	0
18.78	4.64414853356398	1.444474394783601	-4.544859376635029	0	0.9399999999999999	0	0	0	0	0	0	0	0	0	0.2172122108354639	-0.3183563761675084	-0.104173163913856	0.1016319755222306	0.1016320259121836	0	0	0	0	0	0	0	0	0	0	0	0	0	0	0	0	0	0	0	0
18.8	4.644772960861125	1.444477636424446	-4.545485863078289	0	0.9399999999999999	0	0	0	0	0	0	0	0	0	0.2045822670189428	-0.3166631248568303	-0.1427435781221849	0.1454936621514188	0.1454939142664052	0	0	0	0	0	0	0	0	0	0	0	0	0	0	0	0	0	0	0	0
18.82	4.649263754785409	1.43865582037693	-4.556961641836897	0	0.9399999999999999	0	0	0	0	0	0	0	0	0	0.2229268656744036	-0.3276585990770469	-0.2176711507879074	0.2780315521256216	0.2780315629342463	0	0	0	0	0	0	0	0	0	0	0	0	0	0	0	0	0	0	0	0
18.84	4.649263754785409	1.43865582037693	-4.556961641836897	0	0.9399999999999999	0	0	0	0	0	0	0	0	0	0.2229268656744036	-0.3276585990770469	-0.2176711507879074	0.2780315521256216	0.2780315629342463	0	0	0	0	0	0	0	0	0	0	0	0	0	0	0	0	0	0	0	0
18.86	4.638152202119813	1.436610872885331	-4.549290504492131	0	0.9399999999999999	0	0	0	0	0	0	0	0	0	0.235233190244781	-0.3355767868787164	-0.2475436278754753	0.3538649554642521	0.353864949467147	0	0	0	0	0	0	0	0	0	0	0	0	0	0	0	0	0	0	0	0
18.88	4.621182161734153	1.434846051354603	-4.535649593821889	0	0.9399999999999999	0	0	0	0	0	0	0	0	0	0.2511241597503484	-0.3457546555303642	-0.2720852555171742	0.4381859109392248	0.4381854317907062	0	0	0	0	0	0	0	0	0	0	0	0	0	0	0	0	0	0	0	0
18.9	4.596202812303681	1.432203084720279	-4.513805074261008	0	0.9399999999999999	0	0	0	0	0	0	0	0	0	0.2685244351119434	-0.3578206409386837	-0.2908357915876168	0.5211518176799068	0.5211517374557462	0	0	0	0	0	0	0	0	0	0	0	0	0	0	0	0	0	0	0	0
18.92	4.566372769511802	1.428598954408883	-4.487107044873741	0	0.9399999999999999	0	0	0	0	0	0	0	0	0	0.2796809295722394	-0.3639257803903831	-0.3110756531009013	0.5655656596670525	0.5655657097898985	0	0	0	0	0	0	0	0	0	0	0	0	0	0	0	0	0	0	0	0
18.94	4.529414479375233	1.424537342360665	-4.453389796693082	0	0.9399999999999999	0	0	0	0	0	0	0	0	0	0.2788504487950159	-0.3590211092426202	-0.3311473268636311	0.550247593568556	0.5502475262762827	0	0	0	0	0	0	0	0	0	0	0	0	0	0	0	0	0	0	0	0
18.96	4.485383299526179	1.423240250005786	-4.412525067222893	0	0.9399999999999999	0	0	0	0	0	0	0	0	0	0.2656113551604537	-0.3487259492598175	-0.3479768482382275	0.4883362612014551	0.4883361066402962	0	0	0	0	0	0	0	0	0	0	0	0	0	0	0	0	0	0	0	0
18.98	4.416716418446149	1.422958022109415	-4.347935086529239	0	0.9399999999999999	0	0	0	0	0	0	0	0	0	0.2494260011160263	-0.3235018739878312	-0.3144727545298504	0.4589950199815622	0.4589952679500176	0	0	0	0	0	0	0	0	0	0	0	0	0	0	0	0	0	0	0	0
19	4.416716418446149	1.422958022109415	-4.347935086529239	0	0.9399999999999999	0	0	0	0	0	0	0	0	0	0.2494260011160263	-0.3235018739878312	-0.3144727545298504	0.4589950199815622	0.4589952679500176	0	0	0	0	0	0	0	0	0	0	0	0	0	0	0	0	0	0	0	0
19.02	4.416031772391849	1.421102811401821	-4.349133619971037	0	0.9399999999999999	0	0	0	0	0	0	0	0	0	0.2637972044089982	-0.3156448423155965	-0.2968996653479409	0.5049794070446458	0.5049818209553169	0	0	0	0	0	0	0	0	0	0	0	0	0	0	0	0	0	0	0	0
19.04	4.437734854622982	1.419765284937905	-4.372624646054653	0	0.9399999999999999	0	0	0	0	0	0	0	0	0	0.2792497653475275	-0.3184026650210223	-0.3067070088208822	0.5128629571447907	0.5128625009536635	0	0	0	0	0	0	0	0	0	0	0	0	0	0	0	0	0	0	0	0
19.06	4.453892842335668	1.419642748932601	-4.390050513091303	0	0.9399999999999999	0	0	0	0	0	0	0	0	0	0.2946188805840548	-0.3190928220565004	-0.318153753726347	0.5200183705445711	0.5200181159350129	0	0	0	0	0	0	0	0	0	0	0	0	0	0	0	0	0	0	0	0
19.08	4.453779560728218	1.421030476210534	-4.390624152004893	0	0.9399999999999999	0	0	0	0	0	0	0	0	0	0.3108422650870821	-0.3156136980147373	-0.3140223052384276	0.5437652253510523	0.5437594822791065	0	0	0	0	0	0	0	0	0	0	0	0	0	0	0	0	0	0	0	0
19.1	4.452281353155316	1.423029899395607	-4.389229667751538	0	0.9399999999999999	0	0	0	0	0	0	0	0	0	0.3265695100594314	-0.3164100853584	-0.3002909668507443	0.5786651123686962	0.578666705722059	0	0	0	0	0	0	0	0	0	0	0	0	0	0	0	0	0	0	0	0
19.12	4.432577210655015	1.424145450224462	-4.369352135319774	0	0.9399999999999999	0	0	0	0	0	0	0	0	0	0.3364513043727936	-0.3131288646184106	-0.2886669320572449	0.5964634004212199	0.5964636600130419	0	0	0	0	0	0	0	0	0	0	0	0	0	0	0	0	0	0	0	0
19.14	4.41762867817734	1.424195080271049	-4.354070894095831	0	0.9399999999999999	0	0	0	0	0	0	0	0	0	0.3464891066206771	-0.3084528948571639	-0.2755602728472843	0.6022106592416259	0.6022108861900654	0	0	0	0	0	0	0	0	0	0	0	0	0	0	0	0	0	0	0	0
19.16	4.404203226978485	1.423489456458945	-4.340038029693987	0	0.9399999999999999	0	0	0	0	0	0	0	0	0	0.3577939954983228	-0.3059321494296377	-0.2511565464178498	0.6113299017341299	0.6113298705789685	0	0	0	0	0	0	0	0	0	0	0	0	0	0	0	0	0	0	0	0
19.18	4.380115025811755	1.423454088060365	-4.314898779389984	0	0.9399999999999999	0	0	0	0	0	0	0	0	0	0.3556565954381509	-0.2936818722466969	-0.2099892371261005	0.6089694771605021	0.6089694650789903	0	0	0	0	0	0	0	0	0	0	0	0	0	0	0	0	0	0	0	0
19.2	4.364961265471945	1.424625857592335	-4.299250063007346	0	0.9399999999999999	0	0	0	0	0	0	0	0	0	0.3414404077952553	-0.2796491749725388	-0.2054298862389029	0.5921184171062014	0.5921184217301507	0	0	0	0	0	0	0	0	0	0	0	0	0	0	0	0	0	0	0	0
19.22	4.350796463590181	1.425489812147245	-4.28470555694598	0	0.9399999999999999	0	0	0	0	0	0	0	0	0	0.3260979349951947	-0.2652849296491741	-0.2079004135410321	0.5739054677923995	0.5739062729275766	0	0	0	0	0	0	0	0	0	0	0	0	0	0	0	0	0	0	0	0
19.24	4.341977575371608	1.425917754992148	-4.275913822107038	0	0.9399999999999999	0	0	0	0	0	0	0	0	0	0.3123400577808301	-0.2537156165224726	-0.2164671555194617	0.5578184592686752	0.5578183369206775	0	0	0	0	0	0	0	0	0	0	0	0	0	0	0	0	0	0	0	0
19.26	4.341977575371608	1.425917754992148	-4.275913822107038	0	0.9399999999999999	0	0	0	0	0	0	0	0	0	0.3123400577808301	-0.2537156165224726	-0.2164671555194617	0.5578184592686752	0.5578183369206775	0	0	0	0	0	0	0	0	0	0	0	0	0	0	0	0	0	0	0	0
19.28	4.3233004711485	1.42494830546847	-4.257988228170328	0	0.9399999999999999	0	0	0	0	0	0	0	0	0	0.2932702309134395	-0.2342290552421943	-0.2485752472998118	0.5290721232776271	0.5290721651519102	0	0	0	0	0	0	0	0	0	0	0	0	0	0	0	0	0	0	0	0
19.3	4.3233004711485	1.42494830546847	-4.257988228170328	0	0.9399999999999999	0	0	0	0	0	0	0	0	0	0.2932702309134395	-0.2342290552421943	-0.2485752472998118	0.5290721232776271	0.5290721651519102	0	0	0	0	0	0	0	0	0	0	0	0	0	0	0	0	0	0	0	0
19.32	4.294620188491167	1.423408286561414	-4.230235067454045	0	0.9399999999999999	0	0	0	0	0	0	0	0	0	0.2827887803533732	-0.2197738501640334	-0.2850032001280212	0.5123470306293785	0.5123472108734083	0	0	0	0	0	0	0	0	0	0	0	0	0	0	0	0	0	0	0	0
19.34	4.276542872204544	1.422917201827032	-4.212636372849532	0	0.9399999999999999	0	0	0	0	0	0	0	0	0	0.2794613112177262	-0.2120537361462958	-0.3050236068960395	0.5035844547500802	0.5035844457116068	0	0	0	0	0	0	0	0	0	0	0	0	0	0	0	0	0	0	0	0
19.36	4.256487335644123	1.42271429937039	-4.192939636647726	0	0.9399999999999999	0	0	0	0	0	0	0	0	0	0.2769317961220804	-0.206181527525496	-0.3108427189692984	0.4953397977731018	0.4953397753289449	0	0	0	0	0	0	0	0	0	0	0	0	0	0	0	0	0	0	0	0
19.38	4.237800653815647	1.422812268237883	-4.174509498336452	0	0.9399999999999999	0	0	0	0	0	0	0	0	0	0.2775164427033537	-0.1974393047648065	-0.3384497050272738	0.4886459632164153	0.4886459932858958	0	0	0	0	0	0	0	0	0	0	0	0	0	0	0	0	0	0	0	0
19.4	4.238140670158352	1.422777496755186	-4.174786337611515	0	0.9399999999999999	0	0	0	0	0	0	0	0	0	0.2770035564563307	-0.1933856387626067	-0.3422342599029679	0.4799727257707148	0.479971560565893	0	0	0	0	0	0	0	0	0	0	0	0	0	0	0	0	0	0	0	0
19.42	4.222806151668408	1.423540020302348	-4.159676953327831	0	0.9399999999999999	0	0	0	0	0	0	0	0	0	0.2781943182639041	-0.1873569783637201	-0.3538440312059672	0.4753284629315827	0.475328461859715	0	0	0	0	0	0	0	0	0	0	0	0	0	0	0	0	0	0	0	0
19.44	4.201460068051178	1.425444136872912	-4.137996191066152	0	0.9399999999999999	0	0	0	0	0	0	0	0	0	0.2837246025558774	-0.1760709424567126	-0.3678451832152813	0.469071398121739	0.4690714125161569	0	0	0	0	0	0	0	0	0	0	0	0	0	0	0	0	0	0	0	0
19.46	4.194488645095236	1.426648601959538	-4.130716738290259	0	0.9399999999999999	0	0	0	0	0	0	0	0	0	0.2881730413444624	-0.1703792774078856	-0.3705149690491484	0.4671494835673183	0.4671493866746279	0	0	0	0	0	0	0	0	0	0	0	0	0	0	0	0	0	0	0	0
19.48	4.188516033222027	1.427590512140881	-4.124480324196584	0	0.9399999999999999	0	0	0	0	0	0	0	0	0	0.2938564459883845	-0.1652350030680713	-0.3706871006518223	0.4659518834064785	0.4659486163284393	0	0	0	0	0	0	0	0	0	0	0	0	0	0	0	0	0	0	0	0
19.5	4.188516642675713	1.427589954002559	-4.124478952824123	0	0.9399999999999999	0	0	0	0	0	0	0	0	0	0.2938574620131874	-0.1652365109523626	-0.370685266648428	0.465954627906893	0.4659515011383473	0	0	0	0	0	0	0	0	0	0	0	0	0	0	0	0	0	0	0	0
19.52	4.1792791455136	1.427913508706244	-4.114992759281535	0	0.9399999999999999	0	0	0	0	0	0	0	0	0	0.3010962746055812	-0.1606554890372471	-0.3685011916063685	0.4664022297518654	0.4664020807107092	0	0	0	0	0	0	0	0	0	0	0	0	0	0	0	0	0	0	0	0
19.54	4.167133418728327	1.42747023863246	-4.102930612817565	0	0.9399999999999999	0	0	0	0	0	0	0	0	0	0.3094072337702992	-0.1570578290625805	-0.3645240951263816	0.4689173074713023	0.468917197166007	0	0	0	0	0	0	0	0	0	0	0	0	0	0	0	0	0	0	0	0
19.56	4.131586307932439	1.425389527879216	-4.06913496729154	0	0.9399999999999999	0	0	0	0	0	0	0	0	0	0.3252502839503442	-0.1529245335072317	-0.3540925319164689	0.4795409125372733	0.4795408872460772	0	0	0	0	0	0	0	0	0	0	0	0	0	0	0	0	0	0	0	0
19.58	4.107745244575391	1.423116267194776	-4.047869411298383	0	0.9399999999999999	0	0	0	0	0	0	0	0	0	0.3296446048912082	-0.1547321048284218	-0.3509897712733778	0.4872518783570258	0.4872517438137796	0	0	0	0	0	0	0	0	0	0	0	0	0	0	0	0	0	0	0	0
19.6	4.084589872145295	1.419786785422093	-4.028132806187424	0	0.9399999999999999	0	0	0	0	0	0	0	0	0	0.3341929336520366	-0.1476169673625544	-0.3481497307906317	0.4861596578455643	0.4861595486124258	0	0	0	0	0	0	0	0	0	0	0	0	0	0	0	0	0	0	0	0
19.62	4.066648071642099	1.416246789376968	-4.014461134946197	0	0.9399999999999999	0	0	0	0	0	0	0	0	0	0.3365337623176018	-0.1440401253087372	-0.3478590897238525	0.4865339331314512	0.4865337297659612	0	0	0	0	0	0	0	0	0	0	0	0	0	0	0	0	0	0	0	0
19.64	4.066648071642099	1.416246789376968	-4.014461134946197	0	0.9399999999999999	0	0	0	0	0	0	0	0	0	0.3365337623176018	-0.1440401253087372	-0.3478590897238525	0.4865339331314512	0.4865337297659612	0	0	0	0	0	0	0	0	0	0	0	0	0	0	0	0	0	0	0	0
19.66	4.053736497601449	1.411358091398327	-4.006454239445149	0	0.9399999999999999	0	0	0	0	0	0	0	0	0	0.3393786057175887	-0.1388648820568781	-0.3498584269554064	0.4856526152219715	0.4856525187024778	0	0	0	0	0	0	0	0	0	0	0	0	0	0	0	0	0	0	0	0
19.68	4.04239708164202	1.407315232433237	-4.000519558221859	0	0.9399999999999999	0	0	0	0	0	0	0	0	0	0.340678952432907	-0.1335981174032471	-0.3530911775265327	0.4840523940958753	0.4840523110998111	0	0	0	0	0	0	0	0	0	0	0	0	0	0	0	0	0	0	0	0
19.7	4.032447768955502	1.404377059974	-3.996356586859243	0	0.9399999999999999	0	0	0	0	0	0	0	0	0	0.3410047118783002	-0.1285717291524331	-0.3571582329359346	0.4820852613411749	0.4820851526409589	0	0	0	0	0	0	0	0	0	0	0	0	0	0	0	0	0	0	0	0
19.72	4.029642596287534	1.401766945321014	-3.999439489742199	0	0.9399999999999999	0	0	0	0	0	0	0	0	0	0.3417641006556705	-0.1236919779470113	-0.3618032417960309	0.4805569438382357	0.4805567139132499	0	0	0	0	0	0	0	0	0	0	0	0	0	0	0	0	0	0	0	0
19.74	4.027406236916048	1.399346139934587	-4.003134923510726	0	0.9399999999999999	0	0	0	0	0	0	0	0	0	0.3426796275351859	-0.1181457910995735	-0.3672232521243857	0.4792800797067402	0.4792809435457785	0	0	0	0	0	0	0	0	0	0	0	0	0	0	0	0	0	0	0	0
19.76	4.030994845483293	1.397542635512308	-4.012537443829908	0	0.9399999999999999	0	0	0	0	0	0	0	0	0	0.3439107905710654	-0.1132887111034345	-0.3728552705092605	0.4786575602888095	0.4786572706710595	0	0	0	0	0	0	0	0	0	0	0	0	0	0	0	0	0	0	0	0
19.78	4.037183412061426	1.396349601978135	-4.024443242534429	0	0.9399999999999999	0	0	0	0	0	0	0	0	0	0.3449790781094513	-0.1093831098032633	-0.3788724406389691	0.4788802696221046	0.4788802575853393	0	0	0	0	0	0	0	0	0	0	0	0	0	0	0	0	0	0	0	0
19.8	4.056352216562083	1.394307515968373	-4.054028455713671	0	0.9399999999999999	0	0	0	0	0	0	0	0	0	0.3448892528212123	-0.105559186216247	-0.3916817277520365	0.4747427758628937	0.4747425638114249	0	0	0	0	0	0	0	0	0	0	0	0	0	0	0	0	0	0	0	0
19.82	4.056412615874077	1.394314226752473	-4.054092877686002	0	0.9399999999999999	0	0	0	0	0	0	0	0	0	0.3459475199178006	-0.1033642604234117	-0.3916658468391201	0.4776513276785124	0.4776512661229093	0	0	0	0	0	0	0	0	0	0	0	0	0	0	0	0	0	0	0	0
19.84	4.066454966441652	1.393357000501432	-4.068623757325891	0	0.9399999999999999	0	0	0	0	0	0	0	0	0	0.3452916511366875	-0.1005212062580122	-0.3974141144870907	0.4744520540415657	0.4744520495922177	0	0	0	0	0	0	0	0	0	0	0	0	0	0	0	0	0	0	0	0
19.86	4.074283231861835	1.394116210217214	-4.080360443877514	0	0.9399999999999999	0	0	0	0	0	0	0	0	0	0.3416480621596171	-0.09809301706827551	-0.4017389276524752	0.4686276662184661	0.4686276669671672	0	0	0	0	0	0	0	0	0	0	0	0	0	0	0	0	0	0	0	0
19.88	4.085816854865112	1.393193352616648	-4.095111226423092	0	0.9399999999999999	0	0	0	0	0	0	0	0	0	0.3388936135935509	-0.09432908773672465	-0.4050269549853214	0.4609205320832582	0.460920474334215	0	0	0	0	0	0	0	0	0	0	0	0	0	0	0	0	0	0	0	0
19.9	4.096901219128558	1.39272171394746	-4.109278450510693	0	0.9399999999999999	0	0	0	0	0	0	0	0	0	0.3345705866895058	-0.09043893324274346	-0.4078143220784199	0.451633026992415	0.4516328108036911	0	0	0	0	0	0	0	0	0	0	0	0	0	0	0	0	0	0	0	0
19.92	4.105068777542254	1.39273494988122	-4.11975268966561	0	0.9399999999999999	0	0	0	0	0	0	0	0	0	0.3283125315656515	-0.08562127199197277	-0.4097000370706046	0.439874314581526	0.4398743821318299	0	0	0	0	0	0	0	0	0	0	0	0	0	0	0	0	0	0	0	0
19.94	4.119494282203733	1.394593116207359	-4.137945391718238	0	0.9399999999999999	0	0	0	0	0	0	0	0	0	0.3121113710694512	-0.07564470576195116	-0.4124471467951705	0.4095273073291327	0.4095277662010264	0	0	0	0	0	0	0	0	0	0	0	0	0	0	0	0	0	0	0	0
19.96	4.125645951910511	1.395001638240702	-4.145318667539479	0	0.9399999999999999	0	0	0	0	0	0	0	0	0	0.3043305554276696	-0.06980208308454024	-0.4131624917828207	0.39204905303725	0.3920485283101516	0	0	0	0	0	0	0	0	0	0	0	0	0	0	0	0	0	0	0	0
19.98	4.126704877538763	1.395980832842727	-4.147269466462506	0	0.9399999999999999	0	0	0	0	0	0	0	0	0	0.296544115892149	-0.0640365423920274	-0.4134182572128355	0.3757007132869639	0.3757053576573013	0	0	0	0	0	0	0	0	0	0	0	0	0	0	0	0	0	0	0	0
20	4.126711008100084	1.395979163140224	-4.147277056170283	0	0.9399999999999999	0	0	0	0	0	0	0	0	0	0.2965464432361631	-0.06404050720765922	-0.4134196477442412	0.3757006364510236	0.3757050486915516	0	0	0	0	0	0	0	0	0	0	0	0	0	0	0	0	0	0	0	0
20.02	4.132886286551023	1.397520405647311	-4.154075982108798	0	0.9399999999999999	0	0	0	0	0	0	0	0	0	0.2897171362026318	-0.06004228637080664	-0.413145726865898	0.3608593561509132	0.3608592793140825	0	0	0	0	0	0	0	0	0	0	0	0	0	0	0	0	0	0	0	0
20.04	4.133534067627745	1.398603969127058	-4.155032620099325	0	0.9399999999999999	0	0	0	0	0	0	0	0	0	0.2832849356513903	-0.05559823447410615	-0.4130578563707392	0.3466017754720741	0.3466015951589834	0	0	0	0	0	0	0	0	0	0	0	0	0	0	0	0	0	0	0	0
20.06	4.134197830775419	1.399320166094789	-4.155889836795207	0	0.9399999999999999	0	0	0	0	0	0	0	0	0	0.2771389484808068	-0.05152623506483329	-0.4135108179127747	0.3322576284701448	0.3322591284153982	0	0	0	0	0	0	0	0	0	0	0	0	0	0	0	0	0	0	0	0
20.08	4.13478781654197	1.400203829537936	-4.156527197740684	0	0.9399999999999999	0	0	0	0	0	0	0	0	0	0.2709719236935028	-0.04755182028895557	-0.4142451338330093	0.3174894519852126	0.3174880687844571	0	0	0	0	0	0	0	0	0	0	0	0	0	0	0	0	0	0	0	0
20.1	4.134930273846214	1.401456865553633	-4.156620960505322	0	0.9399999999999999	0	0	0	0	0	0	0	0	0	0.2649973526386368	-0.04346017598143275	-0.4150774529796088	0.302409777833381	0.3024105090454733	0	0	0	0	0	0	0	0	0	0	0	0	0	0	0	0	0	0	0	0
20.12	4.115036703217939	1.405010900691814	-4.136174351003152	0	0.9399999999999999	0	0	0	0	0	0	0	0	0	0.2514749569303282	-0.03248634458952533	-0.4164584499296806	0.2727189781523769	0.2727193268868568	0	0	0	0	0	0	0	0	0	0	0	0	0	0	0	0	0	0	0	0
20.14	4.10620312679595	1.40654963676439	-4.127117804109012	0	0.9399999999999999	0	0	0	0	0	0	0	0	0	0.2455472395299587	-0.02683926087236064	-0.417199005460475	0.2588867355594334	0.2588872773678025	0	0	0	0	0	0	0	0	0	0	0	0	0	0	0	0	0	0	0	0
20.16	4.106202612640253	1.406549226797394	-4.127118250206023	0	0.9399999999999999	0	0	0	0	0	0	0	0	0	0.2455469028845801	-0.02684035196662789	-0.4171983458494051	0.2588873902047721	0.2588865052109167	0	0	0	0	0	0	0	0	0	0	0	0	0	0	0	0	0	0	0	0
20.18	4.092285199778662	1.409074342080914	-4.112816769200231	0	0.9399999999999999	0	0	0	0	0	0	0	0	0	0.2363049761454467	-0.01834997207035587	-0.4190687402787214	0.2420501864083183	0.2420503941646091	0	0	0	0	0	0	0	0	0	0	0	0	0	0	0	0	0	0	0	0
20.2	4.092243833357777	1.409684536921783	-4.112480868941805	0	0.9399999999999999	0	0	0	0	0	0	0	0	0	0.2327066485103817	-0.01302799801697272	-0.4194833205095734	0.2241807851008065	0.2241836866333322	0	0	0	0	0	0	0	0	0	0	0	0	0	0	0	0	0	0	0	0
20.22	4.091794575889298	1.410237602112733	-4.111905769997915	0	0.9399999999999999	0	0	0	0	0	0	0	0	0	0.2297703662289601	-0.00986589072214984	-0.4196889952463769	0.2153483757591502	0.215350495921991	0	0	0	0	0	0	0	0	0	0	0	0	0	0	0	0	0	0	0	0
20.24	4.091563349747969	1.41105162019597	-4.111616061850174	0	0.9399999999999999	0	0	0	0	0	0	0	0	0	0.2290825233016393	-0.01032320414827346	-0.4195472884902274	0.2154395662845217	0.2154302156228888	0	0	0	0	0	0	0	0	0	0	0	0	0	0	0	0	0	0	0	0
20.26	4.084258332322464	1.411725142539246	-4.104246110877665	0	0.9399999999999999	0	0	0	0	0	0	0	0	0	0.2252343336332326	-0.006545093424079384	-0.4194504219752405	0.207023495985538	0.2070233869587327	0	0	0	0	0	0	0	0	0	0	0	0	0	0	0	0	0	0	0	0
20.28	4.084465438466154	1.411908536552422	-4.104421627878392	0	0.9399999999999999	0	0	0	0	0	0	0	0	0	0.2192285883077814	-0.0007967016959891273	-0.418006317107358	0.1915401566463512	0.1915479634077622	0	0	0	0	0	0	0	0	0	0	0	0	0	0	0	0	0	0	0	0
20.3	4.08446118154643	1.411921302349643	-4.104414870261798	0	0.9399999999999999	0	0	0	0	0	0	0	0	0	0.2192280375929729	-0.0007963883720662899	-0.4180078548817672	0.191541220588774	0.1915475009863713	0	0	0	0	0	0	0	0	0	0	0	0	0	0	0	0	0	0	0	0
20.32	4.074122703067198	1.412033832099503	-4.093813854790993	0	0.9399999999999999	0	0	0	0	0	0	0	0	0	0.2147950845324421	0.003446927657921707	-0.4170316015032371	0.184123031666816	0.1841229711312865	0	0	0	0	0	0	0	0	0	0	0	0	0	0	0	0	0	0	0	0
20.34	4.074366930906865	1.412070222277635	-4.093551648073698	0	0.9399999999999999	0	0	0	0	0	0	0	0	0	0.2070195531590814	0.00962053758333874	-0.4144434693163894	0.1675253374973368	0.1675386512991921	0	0	0	0	0	0	0	0	0	0	0	0	0	0	0	0	0	0	0	0
20.36	4.066630979846646	1.412512040078354	-4.085165394985186	0	0.9399999999999999	0	0	0	0	0	0	0	0	0	0.2018493039363232	0.01364721186886805	-0.4129156267906249	0.1589906399777214	0.1589905705335019	0	0	0	0	0	0	0	0	0	0	0	0	0	0	0	0	0	0	0	0
20.38	4.066630979846646	1.412512040078354	-4.085165394985186	0	0.9399999999999999	0	0	0	0	0	0	0	0	0	0.2018493039363232	0.01364721186886805	-0.4129156267906249	0.1589906399777214	0.1589905705335019	0	0	0	0	0	0	0	0	0	0	0	0	0	0	0	0	0	0	0	0
20.4	4.067158103889786	1.413469571124659	-4.084733937320136	0	0.9399999999999999	0	0	0	0	0	0	0	0	0	0.1970773976888733	0.01642160407045172	-0.4111227197135724	0.1507796183479052	0.150775279476186	0	0	0	0	0	0	0	0	0	0	0	0	0	0	0	0	0	0	0	0
20.42	4.067933774684758	1.414966666525441	-4.082751252825751	0	0.9399999999999999	0	0	0	0	0	0	0	0	0	0.188467470664411	0.02207735245098693	-0.4080297298942719	0.135829758321911	0.1358320177505365	0	0	0	0	0	0	0	0	0	0	0	0	0	0	0	0	0	0	0	0
20.44	4.067922586923422	1.414964234457508	-4.082746116204686	0	0.9399999999999999	0	0	0	0	0	0	0	0	0	0.1884637074856542	0.02207736246330513	-0.408021340067774	0.1358319629696976	0.1358339558774614	0	0	0	0	0	0	0	0	0	0	0	0	0	0	0	0	0	0	0	0
20.46	4.060725332873291	1.415223660496639	-4.073479260329209	0	0.9399999999999999	0	0	0	0	0	0	0	0	0	0.1839656180605415	0.02601905838183189	-0.4063138971726893	0.128930717887653	0.1289306855941786	0	0	0	0	0	0	0	0	0	0	0	0	0	0	0	0	0	0	0	0
20.48	4.062316500011001	1.416244023651417	-4.072662721477073	0	0.9399999999999999	0	0	0	0	0	0	0	0	0	0.179621780615423	0.02845228842482689	-0.4043110604151595	0.1218081065486808	0.1218080765835058	0	0	0	0	0	0	0	0	0	0	0	0	0	0	0	0	0	0	0	0
20.5	4.066017294863832	1.416883703081695	-4.070421039190562	0	0.9399999999999999	0	0	0	0	0	0	0	0	0	0.1723368138781924	0.03335659766387914	-0.3999537218044589	0.1109218008439918	0.1109218247251866	0	0	0	0	0	0	0	0	0	0	0	0	0	0	0	0	0	0	0	0
20.52	4.067955515960604	1.417227633397892	-4.069294939397988	0	0.9399999999999999	0	0	0	0	0	0	0	0	0	0.1683456027217271	0.03686432952170503	-0.3986445881059179	0.1005226445306406	0.1005238587489421	0	0	0	0	0	0	0	0	0	0	0	0	0	0	0	0	0	0	0	0
20.54	4.067954686627948	1.417229465571457	-4.069295547048115	0	0.9399999999999999	0	0	0	0	0	0	0	0	0	0.1683473347759019	0.03686520747808975	-0.3986434180849808	0.1005222727495122	0.1005232015477138	0	0	0	0	0	0	0	0	0	0	0	0	0	0	0	0	0	0	0	0
20.56	4.064950637516638	1.417624736281349	-4.063183037226835	0	0.9399999999999999	0	0	0	0	0	0	0	0	0	0.164111628483007	0.04004076911491687	-0.3971168999263835	0.0929312125799486	0.09293120261155355	0	0	0	0	0	0	0	0	0	0	0	0	0	0	0	0	0	0	0	0
20.58	4.057608112624505	1.417776016518551	-4.052679215975107	0	0.9399999999999999	0	0	0	0	0	0	0	0	0	0.159453306910178	0.04406370838431209	-0.3956140146425006	0.08444111885161787	0.0844410605685532	0	0	0	0	0	0	0	0	0	0	0	0	0	0	0	0	0	0	0	0
20.6	4.048435421913346	1.417979231896566	-4.040434777361924	0	0.9399999999999999	0	0	0	0	0	0	0	0	0	0.1548478331906757	0.04807622887704192	-0.3943944832762436	0.07587712735936196	0.07587797515530784	0	0	0	0	0	0	0	0	0	0	0	0	0	0	0	0	0	0	0	0
20.62	4.03940697037817	1.41819523119482	-4.028472196131425	0	0.9399999999999999	0	0	0	0	0	0	0	0	0	0.1507957689866962	0.05151456039714055	-0.3934100668209544	0.06799977877242458	0.068000144455735	0	0	0	0	0	0	0	0	0	0	0	0	0	0	0	0	0	0	0	0
20.64	4.030410915150846	1.417247346349565	-4.016856099574528	0	0.9399999999999999	0	0	0	0	0	0	0	0	0	0.1485557155664401	0.05515881995870446	-0.3927649712017565	0.06157777513252064	0.06157766020546757	0	0	0	0	0	0	0	0	0	0	0	0	0	0	0	0	0	0	0	0
20.66	4.012028832721311	1.416625231668581	-3.993830505437566	0	0.9399999999999999	0	0	0	0	0	0	0	0	0	0.1444825716242256	0.06025200225580672	-0.3915871711406361	0.05120904872651479	0.05120906964398823	0	0	0	0	0	0	0	0	0	0	0	0	0	0	0	0	0	0	0	0
20.68	4.012028832721311	1.416625231668581	-3.993830505437566	0	0.9399999999999999	0	0	0	0	0	0	0	0	0	0.1444825716242256	0.06025200225580672	-0.3915871711406361	0.05120904872651479	0.05120906964398823	0	0	0	0	0	0	0	0	0	0	0	0	0	0	0	0	0	0	0	0
20.7	4.003508509101684	1.416974021776044	-3.983101631210655	0	0.9399999999999999	0	0	0	0	0	0	0	0	0	0.1427073858185839	0.0616408452295177	-0.3906888419930993	0.04689350641374489	0.04689276691601692	0	0	0	0	0	0	0	0	0	0	0	0	0	0	0	0	0	0	0	0
20.72	3.994724058606899	1.416842077687879	-3.972261180998678	0	0.9399999999999999	0	0	0	0	0	0	0	0	0	0.141904659585517	0.06276594549849152	-0.3893967546687246	0.0435915358077333	0.04359146144104264	0	0	0	0	0	0	0	0	0	0	0	0	0	0	0	0	0	0	0	0
20.74	3.985389209830702	1.416539049261184	-3.960936806974561	0	0.9399999999999999	0	0	0	0	0	0	0	0	0	0.1415002461041714	0.06363847576692327	-0.3876496578159821	0.04178289517943876	0.04178426352975603	0	0	0	0	0	0	0	0	0	0	0	0	0	0	0	0	0	0	0	0
20.76	3.976899965382298	1.416168338392558	-3.950621504903083	0	0.9399999999999999	0	0	0	0	0	0	0	0	0	0.1411220544925308	0.06431567955284581	-0.3855580589670548	0.04012565638920697	0.04012572212471741	0	0	0	0	0	0	0	0	0	0	0	0	0	0	0	0	0	0	0	0
20.78	3.968296679242014	1.415697191887628	-3.94036498197212	0	0.9399999999999999	0	0	0	0	0	0	0	0	0	0.1403263188514043	0.06533852777667698	-0.3828757185845909	0.0371349863145524	0.03713544613262056	0	0	0	0	0	0	0	0	0	0	0	0	0	0	0	0	0	0	0	0
20.8	3.95983328195267	1.414731351902361	-3.930301129963282	0	0.9399999999999999	0	0	0	0	0	0	0	0	0	0.139565358263108	0.06680123891248932	-0.3793279230007688	0.03418057917201283	0.03418046924806426	0	0	0	0	0	0	0	0	0	0	0	0	0	0	0	0	0	0	0	0
20.82	3.953073777740869	1.413589676386352	-3.921997150576211	0	0.9399999999999999	0	0	0	0	0	0	0	0	0	0.1387874460723774	0.06822780625928181	-0.3752144906358834	0.0317368203680025	0.03173676378093669	0	0	0	0	0	0	0	0	0	0	0	0	0	0	0	0	0	0	0	0
20.84	3.947842924291298	1.412974843900227	-3.91529848294557	0	0.9399999999999999	0	0	0	0	0	0	0	0	0	0.1372969569262286	0.06929310765678409	-0.3708882639639149	0.02918209409750122	0.02918200573760554	0	0	0	0	0	0	0	0	0	0	0	0	0	0	0	0	0	0	0	0
20.86	3.943665200585284	1.412830405045106	-3.909670056853653	0	0.9399999999999999	0	0	0	0	0	0	0	0	0	0.1348122671034662	0.07021315418075007	-0.3662259994318697	0.02552718211528109	0.0255270725122589	0	0	0	0	0	0	0	0	0	0	0	0	0	0	0	0	0	0	0	0
20.88	3.939367324177643	1.412600349448152	-3.903919035727864	0	0.9399999999999999	0	0	0	0	0	0	0	0	0	0.1313558801778327	0.07156008599210573	-0.3612494214268396	0.02032577132049031	0.02032559982334719	0	0	0	0	0	0	0	0	0	0	0	0	0	0	0	0	0	0	0	0
20.9	3.934319352232019	1.412177448968793	-3.897441011001609	0	0.9399999999999999	0	0	0	0	0	0	0	0	0	0.1270101817192192	0.0733982141037232	-0.3562043893256545	0.01420946365520384	0.01420942879438891	0	0	0	0	0	0	0	0	0	0	0	0	0	0	0	0	0	0	0	0
20.92	3.924281267768459	1.411698407685034	-3.886049684550656	0	0.9399999999999999	0	0	0	0	0	0	0	0	0	0.1210020503904045	0.07619841576002305	-0.3514046569614636	0.006812979220533805	0.006813036761865365	0	0	0	0	0	0	0	0	0	0	0	0	0	0	0	0	0	0	0	0
20.94	3.884376751465486	1.409151887266503	-3.84289737494812	0	0.9399999999999999	0	0	0	0	0	0	0	0	0	0.1127184306918018	0.08387451230235871	-0.3455530876669684	0	1.105596696079375e-07	0	0	0	0	0	0	0	0	0	0	0	0	0	0	0	0	0	0	0	0
20.96	3.858147134446875	1.407973898910763	-3.815056907426562	0	0.9399999999999999	0	0	0	0	0	0	0	0	0	0.1064606925738015	0.08606405042706508	-0.3427755593504231	0	-2.52046084612073e-07	0	0	0	0	0	0	0	0	0	0	0	0	0	0	0	0	0	0	0	0
20.98	3.83586905728235	1.407233134399821	-3.791505194265619	0	0.9399999999999999	0	0	0	0	0	0	0	0	0	0.1026183385917547	0.08783520848614548	-0.3414987508003	0	2.423419299478447e-06	0	0	0	0	0	0	0	0	0	0	0	0	0	0	0	0	0	0	0	0
21	3.816569358948311	1.406917673640503	-3.770743559238522	0	0.9399999999999999	0	0	0	0	0	0	0	0	0	0.09910803252857291	0.08866864710515542	-0.3401895754148477	0	-1.140540262535443e-07	0	0	0	0	0	0	0	0	0	0	0	0	0	0	0	0	0	0	0	0
21.02	3.816569358948311	1.406917673640503	-3.770743559238522	0	0.9399999999999999	0	0	0	0	0	0	0	0	0	0.09910803252857291	0.08866864710515542	-0.3401895754148477	0	-1.140540262535443e-07	0	0	0	0	0	0	0	0	0	0	0	0	0	0	0	0	0	0	0	0
21.04	3.80155683620081	1.407765537376494	-3.753860331067522	0	0.9399999999999999	0	0	0	0	0	0	0	0	0	0.09538955906934059	0.08808841087864935	-0.3383315549972658	0	3.304994599377674e-07	0	0	0	0	0	0	0	0	0	0	0	0	0	0	0	0	0	0	0	0
21.06	3.780541533919775	1.411599609559464	-3.728047667705477	0	0.9399999999999999	0	0	0	0	0	0	0	0	0	0.08737808337943191	0.08394845470099994	-0.3343983921582739	0	-8.34700500710971e-10	0	0	0	0	0	0	0	0	0	0	0	0	0	0	0	0	0	0	0	0
21.08	3.780541533919775	1.411599609559464	-3.728047667705477	0	0.9399999999999999	0	0	0	0	0	0	0	0	0	0.08737808337943191	0.08394845470099994	-0.3343983921582739	0	-8.34700500710971e-10	0	0	0	0	0	0	0	0	0	0	0	0	0	0	0	0	0	0	0	0
21.1	3.78168782611847	1.41296254732371	-3.725852954345509	0	0.9399999999999999	0	0	0	0	0	0	0	0	0	0.08566233844004588	0.08064798967156823	-0.3320114971506605	0	-8.097306519111387e-06	0	0	0	0	0	0	0	0	0	0	0	0	0	0	0	0	0	0	0	0
21.12	3.76770252015829	1.415507484501705	-3.704016022159331	0	0.9399999999999999	0	0	0	0	0	0	0	0	0	0.08003637172837025	0.07493802694194236	-0.3254912017031121	0	6.01361998919648e-07	0	0	0	0	0	0	0	0	0	0	0	0	0	0	0	0	0	0	0	0
21.14	3.76770252015829	1.415507484501705	-3.704016022159331	0	0.9399999999999999	0	0	0	0	0	0	0	0	0	0.08003637172837025	0.07493802694194236	-0.3254912017031121	0	6.01361998919648e-07	0	0	0	0	0	0	0	0	0	0	0	0	0	0	0	0	0	0	0	0
21.16	3.76048478342188	1.417586027548034	-3.692781084038653	0	0.9399999999999999	0	0	0	0	0	0	0	0	0	0.07652041797774804	0.07150916906994013	-0.3217902883232315	0	2.127826891974591e-08	0	0	0	0	0	0	0	0	0	0	0	0	0	0	0	0	0	0	0	0
21.18	3.738951765310623	1.421830588684187	-3.662114328984348	0	0.9399999999999999	0	0	0	0	0	0	0	0	0	0.06940125996125111	0.06778196628397526	-0.3129563308534269	0	4.549818824736286e-09	0	0	0	0	0	0	0	0	0	0	0	0	0	0	0	0	0	0	0	0
21.2	3.730580023035653	1.423509537210333	-3.648645629253673	0	0.9399999999999999	0	0	0	0	0	0	0	0	0	0.06332656487928495	0.06288299458331205	-0.3099520050876557	0	2.291161515767353e-07	0	0	0	0	0	0	0	0	0	0	0	0	0	0	0	0	0	0	0	0
21.22	3.724633807919226	1.424491097933448	-3.637322619451481	0	0.9399999999999999	0	0	0	0	0	0	0	0	0	0.06176460530980654	0.06277012385849887	-0.3044777177713733	0	-4.739063335985957e-07	0	0	0	0	0	0	0	0	0	0	0	0	0	0	0	0	0	0	0	0
21.24	3.71953996045775	1.424893280812676	-3.626676626733305	0	0.9399999999999999	0	0	0	0	0	0	0	0	0	0.05681045711682501	0.05907958555916204	-0.3025864892783983	0	2.424526671139269e-08	0	0	0	0	0	0	0	0	0	0	0	0	0	0	0	0	0	0	0	0
21.26	3.716011889664348	1.425305633670956	-3.617597603438878	0	0.9399999999999999	0	0	0	0	0	0	0	0	0	0.05442408225842875	0.05695618369852392	-0.2989564927507143	0	1.901141312022268e-07	0	0	0	0	0	0	0	0	0	0	0	0	0	0	0	0	0	0	0	0
21.28	3.716011889664348	1.425305633670956	-3.617597603438878	0	0.9399999999999999	0	0	0	0	0	0	0	0	0	0.05442408225842875	0.05695618369852392	-0.2989564927507143	0	1.901141312022268e-07	0	0	0	0	0	0	0	0	0	0	0	0	0	0	0	0	0	0	0	0
21.3	3.71861196338212	1.426020472653923	-3.614663989935514	0	0.9399999999999999	0	0	0	0	0	0	0	0	0	0.05285593892265623	0.05411821104368553	-0.2952032668863565	0	-2.047519802311184e-06	0	0	0	0	0	0	0	0	0	0	0	0	0	0	0	0	0	0	0	0
21.32	3.724349788911517	1.427946240800902	-3.609027256807343	0	0.9399999999999999	0	0	0	0	0	0	0	0	0	0.04962050167206734	0.04745225187924325	-0.2864069146883773	0	-3.401075688455726e-07	0	0	0	0	0	0	0	0	0	0	0	0	0	0	0	0	0	0	0	0
21.34	3.724349788911517	1.427946240800902	-3.609027256807343	0	0.9399999999999999	0	0	0	0	0	0	0	0	0	0.04962050167206734	0.04745225187924325	-0.2864069146883773	0	-3.401075688455726e-07	0	0	0	0	0	0	0	0	0	0	0	0	0	0	0	0	0	0	0	0
21.36	3.727592687782377	1.429456610801612	-3.606311054070095	0	0.9399999999999999	0	0	0	0	0	0	0	0	0	0.04743716408471187	0.04351291313654245	-0.2813822699493848	0	-3.171335785726572e-06	0	0	0	0	0	0	0	0	0	0	0	0	0	0	0	0	0	0	0	0
21.38	3.731008937773538	1.431042657617845	-3.603535465405363	0	0.9399999999999999	0	0	0	0	0	0	0	0	0	0.0450313873574294	0.03943170679931585	-0.2760910266282164	0	3.56951725822659e-06	0	0	0	0	0	0	0	0	0	0	0	0	0	0	0	0	0	0	0	0
21.4	3.734735891502896	1.432799658708664	-3.601114765792734	0	0.9399999999999999	0	0	0	0	0	0	0	0	0	0.04219303909452656	0.03504264851820441	-0.2706506203372464	0	4.76659644462611e-06	0	0	0	0	0	0	0	0	0	0	0	0	0	0	0	0	0	0	0	0
21.42	3.74644473815132	1.434179243958855	-3.606349722614489	0	0.9399999999999999	0	0	0	0	0	0	0	0	0	0.04027026573080406	0.03032252047062554	-0.2643469932351611	0	-4.863620836749287e-08	0	0	0	0	0	0	0	0	0	0	0	0	0	0	0	0	0	0	0	0
21.44	3.749696837075148	1.435993042719073	-3.603181066366277	0	0.9399999999999999	0	0	0	0	0	0	0	0	0	0.03659086466554869	0.02547869327210568	-0.2575662424799083	0	2.586936136854252e-08	0	0	0	0	0	0	0	0	0	0	0	0	0	0	0	0	0	0	0	0
21.46	3.752928006590491	1.437771542699656	-3.600020653001241	0	0.9399999999999999	0	0	0	0	0	0	0	0	0	0.0322521212323801	0.02042357760158878	-0.2505243655208235	0	5.382343400169926e-08	0	0	0	0	0	0	0	0	0	0	0	0	0	0	0	0	0	0	0	0
21.48	3.756100807425033	1.439278738212232	-3.596801087499883	0	0.9399999999999999	0	0	0	0	0	0	0	0	0	0.02742276017170738	0.01525656884853523	-0.2436382890729903	0	1.946791581018068e-06	0	0	0	0	0	0	0	0	0	0	0	0	0	0	0	0	0	0	0	0
21.5	3.759257665855461	1.440576741281189	-3.593622274497039	0	0.9399999999999999	0	0	0	0	0	0	0	0	0	0.02229288400602312	0.009850539470552385	-0.2369190081806032	0	-1.792288004567533e-06	0	0	0	0	0	0	0	0	0	0	0	0	0	0	0	0	0	0	0	0
21.52	3.762462416380797	1.441943105099685	-3.59056086106953	0	0.9399999999999999	0	0	0	0	0	0	0	0	0	0.01656240502198492	0.003977305318289662	-0.2306923780227499	0	1.029182666090283e-06	0	0	0	0	0	0	0	0	0	0	0	0	0	0	0	0	0	0	0	0
21.54	3.769579426844371	1.44408888983595	-3.584908630020708	0	0.9399999999999999	0	0	0	0	0	0	0	0	0	6.862886482015321e-05	-0.008249491460759482	-0.2215941689272693	0	-4.901730350390479e-07	0	0	0	0	0	0	0	0	0	0	0	0	0	0	0	0	0	0	0	0
21.56	3.773250526736588	1.444905044918537	-3.581871725744354	0	0.9399999999999999	0	0	0	0	0	0	0	0	0	-0.007694629380389622	-0.01480420578817154	-0.2166750610480559	0	-9.630081469552076e-07	0	0	0	0	0	0	0	0	0	0	0	0	0	0	0	0	0	0	0	0
21.58	3.773247468252436	1.444907228153233	-3.581874993760221	0	0.9399999999999999	0	0	0	0	0	0	0	0	0	-0.007688231624072735	-0.01480891765311112	-0.2166728256715843	0	-6.52092672822603e-07	0	0	0	0	0	0	0	0	0	0	0	0	0	0	0	0	0	0	0	0
21.6	3.766137749755157	1.447783345341863	-3.561556527683144	0	0.9399999999999999	0	0	0	0	0	0	0	0	0	-0.02523385419152716	-0.03103068518581192	-0.208772220742799	0	-1.441977476185052e-08	0	0	0	0	0	0	0	0	0	0	0	0	0	0	0	0	0	0	0	0
21.62	3.762403565826232	1.448658706013883	-3.550966485651006	0	0.9399999999999999	0	0	0	0	0	0	0	0	0	-0.03440605308187545	-0.03891289091122596	-0.2049918921712216	0	-2.507487964341755e-07	0	0	0	0	0	0	0	0	0	0	0	0	0	0	0	0	0	0	0	0
21.64	3.765648706279869	1.449302321732614	-3.547426281959106	0	0.9399999999999999	0	0	0	0	0	0	0	0	0	-0.03407044461539128	-0.03988285137100342	-0.1982480078684916	0	7.372078510184981e-06	0	0	0	0	0	0	0	0	0	0	0	0	0	0	0	0	0	0	0	0
21.66	3.75895418753635	1.449344050707484	-3.540742042728148	0	0.9399999999999999	0	0	0	0	0	0	0	0	0	-0.0427509556436687	-0.04673629229322433	-0.2022329975612648	0	4.387549353243819e-08	0	0	0	0	0	0	0	0	0	0	0	0	0	0	0	0	0	0	0	0
21.68	3.722901082070345	1.450947572925607	-3.491561996117731	0	0.9399999999999999	0	0	0	0	0	0	0	0	0	-0.05389560413639645	-0.05396875440937261	-0.1939848889122576	0	-5.540923591573925e-08	0	0	0	0	0	0	0	0	0	0	0	0	0	0	0	0	0	0	0	0
21.7	3.723062190151829	1.450886333965229	-3.49179865193377	0	0.9399999999999999	0	0	0	0	0	0	0	0	0	-0.06048380173771593	-0.06098328918619634	-0.1993949167408852	0	-8.245872547757122e-07	0	0	0	0	0	0	0	0	0	0	0	0	0	0	0	0	0	0	0	0
21.72	3.693653333154608	1.451319189050803	-3.455625945912703	0	0.9399999999999999	0	0	0	0	0	0	0	0	0	-0.06941002421643586	-0.06838439112478933	-0.1970163573332999	0	-5.40058618584884e-07	0	0	0	0	0	0	0	0	0	0	0	0	0	0	0	0	0	0	0	0
21.74	3.655791446054224	1.45135345791638	-3.411119419407838	0	0.9399999999999999	0	0	0	0	0	0	0	0	0	-0.07923985706761781	-0.07660764373991141	-0.1936056136888684	0	-2.340261667969077e-07	0	0	0	0	0	0	0	0	0	0	0	0	0	0	0	0	0	0	0	0
21.76	3.613236889049297	1.450957484276606	-3.362309413229237	0	0.9399999999999999	0	0	0	0	0	0	0	0	0	-0.09014512633185078	-0.08568603981926844	-0.1904142695401238	0	5.684284601625264e-07	0	0	0	0	0	0	0	0	0	0	0	0	0	0	0	0	0	0	0	0
21.78	3.571363619577567	1.45027133631178	-3.314699702869847	0	0.9399999999999999	0	0	0	0	0	0	0	0	0	-0.1020773267934564	-0.09701835224301825	-0.1889952587259466	0	8.66031238769963e-07	0	0	0	0	0	0	0	0	0	0	0	0	0	0	0	0	0	0	0	0
21.8	3.531852887027919	1.449106378199269	-3.269719067766098	0	0.9399999999999999	0	0	0	0	0	0	0	0	0	-0.1151858163815289	-0.1105784468354389	-0.1875683701381033	0	-6.812107772738635e-07	0	0	0	0	0	0	0	0	0	0	0	0	0	0	0	0	0	0	0	0
21.82	3.446811360587833	1.446406965681949	-3.17585694639444	0	0.9399999999999999	0	0	0	0	0	0	0	0	0	-0.1487707685418331	-0.1452669757877823	-0.1848316083918926	0	5.860426001082651e-07	0	0	0	0	0	0	0	0	0	0	0	0	0	0	0	0	0	0	0	0
21.84	3.38996379917649	1.445191292810478	-3.115454450988471	0	0.9399999999999999	0	0	0	0	0	0	0	0	0	-0.1709082315042794	-0.1637627227013582	-0.184908576510571	0	3.956386571497065e-07	0	0	0	0	0	0	0	0	0	0	0	0	0	0	0	0	0	0	0	0
21.86	3.317424919881497	1.444499769164378	-3.039421106511683	0	0.9399999999999999	0	0	0	0	0	0	0	0	0	-0.1957275489989688	-0.1814620685867332	-0.1858210961916019	0	-4.658270310659627e-07	0	0	0	0	0	0	0	0	0	0	0	0	0	0	0	0	0	0	0	0
21.88	3.230761612183519	1.444039648174281	-2.949162964926791	0	0.9399999999999999	0	0	0	0	0	0	0	0	0	-0.2210600536454045	-0.1988346841139704	-0.1878288710180707	0	-2.951483364944766e-07	0	0	0	0	0	0	0	0	0	0	0	0	0	0	0	0	0	0	0	0
21.9	3.230761612183519	1.444039648174281	-2.949162964926791	0	0.9399999999999999	0	0	0	0	0	0	0	0	0	-0.2210600536454045	-0.1988346841139704	-0.1878288710180707	0	-2.951483364944766e-07	0	0	0	0	0	0	0	0	0	0	0	0	0	0	0	0	0	0	0	0
21.92	3.063643180169568	1.438374056884567	-2.774096078435244	0	0.9399999999999999	0	0	0	0	0	0	0	0	0	-0.2670520748997094	-0.2302212955213524	-0.1980611562083395	0	-6.873891664900148e-07	0	0	0	0	0	0	0	0	0	0	0	0	0	0	0	0	0	0	0	0
21.94	2.983549519813842	1.433211153808766	-2.690212721115044	0	0.9399999999999999	0	0	0	0	0	0	0	0	0	-0.2888845299151494	-0.2420035434920751	-0.2061876184990602	0	2.280684644155369e-07	0	0	0	0	0	0	0	0	0	0	0	0	0	0	0	0	0	0	0	0
21.96	2.913209497849183	1.426839728621633	-2.616236782788229	0	0.9399999999999999	0	0	0	0	0	0	0	0	0	-0.3104515488890013	-0.2493279794006888	-0.2130865630378491	0	1.645761719283872e-07	0	0	0	0	0	0	0	0	0	0	0	0	0	0	0	0	0	0	0	0
21.98	2.859182486424733	1.419775204400884	-2.558964514594827	0	0.9399999999999999	0	0	0	0	0	0	0	0	0	-0.3313831762066178	-0.2522419026356367	-0.217118297047135	0	2.653612629872901e-07	0	0	0	0	0	0	0	0	0	0	0	0	0	0	0	0	0	0	0	0
22	2.859182486424733	1.419775204400884	-2.558964514594827	0	0.9399999999999999	0	0	0	0	0	0	0	0	0	-0.3313831762066178	-0.2522419026356367	-0.217118297047135	0	2.653612629872901e-07	0	0	0	0	0	0	0	0	0	0	0	0	0	0	0	0	0	0	0	0
22.02	2.770425356290848	1.406274866813652	-2.466354975603089	0	0.9399999999999999	0	0	0	0	0	0	0	0	0	-0.3749529922943823	-0.2554211593704577	-0.217762274423397	0	4.39288284314107e-07	0	0	0	0	0	0	0	0	0	0	0	0	0	0	0	0	0	0	0	0
22.04	2.770425356290848	1.406274866813652	-2.466354975603089	0	0.9399999999999999	0	0	0	0	0	0	0	0	0	-0.3749529922943823	-0.2554211593704577	-0.217762274423397	0	4.39288284314107e-07	0	0	0	0	0	0	0	0	0	0	0	0	0	0	0	0	0	0	0	0
22.06	2.723354202912334	1.400736009200813	-2.418359133904949	0	0.9399999999999999	0	0	0	0	0	0	0	0	0	-0.3982807458823385	-0.2609708493181765	-0.2138134499057165	0	1.225147018050324e-06	0	0	0	0	0	0	0	0	0	0	0	0	0	0	0	0	0	0	0	0
22.08	2.675325982206899	1.397076188357838	-2.369752811123415	0	0.9399999999999999	0	0	0	0	0	0	0	0	0	-0.4207906312286508	-0.2693788100178974	-0.206473000030499	0	8.841081343906446e-07	0	0	0	0	0	0	0	0	0	0	0	0	0	0	0	0	0	0	0	0
22.1	2.628188371929889	1.396870886758975	-2.322668713047582	0	0.9399999999999999	0	0	0	0	0	0	0	0	0	-0.4409763586410781	-0.2821088537304297	-0.1969691909894943	0	2.322742440242815e-06	0	0	0	0	0	0	0	0	0	0	0	0	0	0	0	0	0	0	0	0
22.12	2.585500982519855	1.399891185085651	-2.280353329573066	0	0.9399999999999999	0	0	0	0	0	0	0	0	0	-0.4577077300963583	-0.2990375443381714	-0.1860353108799109	0	-7.275118895456782e-07	0	0	0	0	0	0	0	0	0	0	0	0	0	0	0	0	0	0	0	0
22.14	2.540392288288088	1.405409783259027	-2.235862339433463	0	0.9399999999999999	0	0	0	0	0	0	0	0	0	-0.4726200543367408	-0.3190964854774915	-0.1739530201653359	0	2.647398107995025e-07	0	0	0	0	0	0	0	0	0	0	0	0	0	0	0	0	0	0	0	0
22.16	2.489525082185552	1.411282315926431	-2.185648099466039	0	0.9399999999999999	0	0	0	0	0	0	0	0	0	-0.4888652420790128	-0.3387262728444269	-0.1621610664871838	0	-1.932966024483342e-06	0	0	0	0	0	0	0	0	0	0	0	0	0	0	0	0	0	0	0	0
22.18	2.423921787204126	1.414917724644894	-2.120139386516131	0	0.9399999999999999	0	0	0	0	0	0	0	0	0	-0.5103478851461477	-0.3565067213314471	-0.1529421764968677	0	2.778300166209922e-07	0	0	0	0	0	0	0	0	0	0	0	0	0	0	0	0	0	0	0	0
22.2	2.380837752938648	1.422602649519153	-2.074340580494738	0	0.9399999999999999	0	0	0	0	0	0	0	0	0	-0.52359878	-0.370987519003101	-0.1451733792491852	0	-1.874194441776388e-07	0	0	0	0	0	0	0	0	0	0	0	0	0	0	0	0	0	0	0	0
22.22	2.374621922717599	1.437146696611956	-2.061733351340094	0	0.9399999999999999	0	0	0	0	0	0	0	0	0	-0.52359878	-0.381597180365795	-0.1392066107173752	0	-1.392004631590277e-06	0	0	0	0	0	0	0	0	0	0	0	0	0	0	0	0	0	0	0	0
22.24	2.378393323737148	1.45203658510968	-2.058699436904328	0	0.9399999999999999	0	0	0	0	0	0	0	0	0	-0.52359878	-0.3862786221668095	-0.1406607825667995	0	-5.3037170130686e-06	0	0	0	0	0	0	0	0	0	0	0	0	0	0	0	0	0	0	0	0
22.26	2.350081170780886	1.48132875516847	-2.015985107962101	0	0.9399999999999999	0	0	0	0	0	0	0	0	0	-0.52359878	-0.3797514680523765	-0.165719542200804	0	-5.204134938045082e-07	0	0	0	0	0	0	0	0	0	0	0	0	0	0	0	0	0	0	0	0
22.28	2.350081170780886	1.48132875516847	-2.015985107962101	0	0.9399999999999999	0	0	0	0	0	0	0	0	0	-0.52359878	-0.3797514680523765	-0.165719542200804	0	-5.204134938045082e-07	0	0	0	0	0	0	0	0	0	0	0	0	0	0	0	0	0	0	0	0
22.3	2.351911342138942	1.493330997769079	-2.012197550986838	0	0.9399999999999999	0	0	0	0	0	0	0	0	0	-0.52359878	-0.3627973090865637	-0.1844662807236217	0	-8.214852291008818e-06	0	0	0	0	0	0	0	0	0	0	0	0	0	0	0	0	0	0	0	0
22.32	2.185827730376364	1.520072822027106	-1.835905437400597	0	0.9399999999999999	0	0	0	0	0	0	0	0	0	-0.52359878	-0.3220184597934682	-0.2257831914855457	0	1.298753983554767e-07	0	0	0	0	0	0	0	0	0	0	0	0	0	0	0	0	0	0	0	0
22.34	2.186684736604691	1.531773796041075	-1.833144150380519	0	0.9399999999999999	0	0	0	0	0	0	0	0	0	-0.52359878	-0.2936118542964679	-0.2424522119794741	0	5.042586762809642e-07	0	0	0	0	0	0	0	0	0	0	0	0	0	0	0	0	0	0	0	0
22.36	2.190267279889289	1.545810337593359	-1.829119944961651	0	0.9399999999999999	0	0	0	0	0	0	0	0	0	-0.52359878	-0.2859701263173838	-0.2375103232360559	0	-4.465462643658022e-07	0	0	0	0	0	0	0	0	0	0	0	0	0	0	0	0	0	0	0	0
22.38	1.594827317061671	1.553135088210898	-1.23271460954262	0	0.9399999999999999	0	0	0	0	0	0	0	0	0	-0.52359878	-0.2477292189303993	-0.2801911307830111	0	1.295460673592521e-06	0	0	0	0	0	0	0	0	0	0	0	0	0	0	0	0	0	0	0	0
22.4	1.594827317061671	1.553135088210898	-1.23271460954262	0	0.9399999999999999	0	0	0	0	0	0	0	0	0	-0.52359878	-0.2477292189303993	-0.2801911307830111	0	1.295460673592521e-06	0	0	0	0	0	0	0	0	0	0	0	0	0	0	0	0	0	0	0	0
22.42	1.600148313943053	1.558087427933429	-1.22656149708186	0	0.9399999999999999	0	0	0	0	0	0	0	0	0	-0.52359878	-0.2223488361839043	-0.2881985966387614	0	-8.669036678497923e-07	0	0	0	0	0	0	0	0	0	0	0	0	0	0	0	0	0	0	0	0
22.44	1.600510422127725	1.574122171418516	-1.225856774659077	0	0.9399999999999999	0	0	0	0	0	0	0	0	0	-0.52359878	-0.1664491843027649	-0.31780977081283	0	8.403447010036233e-07	0	0	0	0	0	0	0	0	0	0	0	0	0	0	0	0	0	0	0	0
22.46	1.605305859651917	1.571294083063455	-1.221194154288428	0	0.9399999999999999	0	0	0	0	0	0	0	0	0	-0.52359878	-0.1732324241743087	-0.3097629418774721	0	-3.938354343552176e-06	0	0	0	0	0	0	0	0	0	0	0	0	0	0	0	0	0	0	0	0
22.48	1.603632718234606	1.578146250629843	-1.223562728833872	0	0.9399999999999999	0	0	0	0	0	0	0	0	0	-0.52359878	-0.1468850822110007	-0.3283434184517222	0	2.148636949750707e-06	0	0	0	0	0	0	0	0	0	0	0	0	0	0	0	0	0	0	0	0
22.5	3.004628929687382	1.601874167654734	-2.617775559183856	0	0.9399999999999999	0	0	0	0	0	0	0	0	0	-0.52359878	-0.157588023975834	-0.3533920375822552	0	-2.346191436408335e-06	0	0	0	0	0	0	0	0	0	0	0	0	0	0	0	0	0	0	0	0
22.52	3.012473195557043	1.610294940438284	-2.609925800944465	0	0.9399999999999999	0	0	0	0	0	0	0	0	0	-0.52359878	-0.1505113914185697	-0.3712363405392502	0	4.874042626337598e-07	0	0	0	0	0	0	0	0	0	0	0	0	0	0	0	0	0	0	0	0
22.54	3.012473195557043	1.610294940438284	-2.609925800944465	0	0.9399999999999999	0	0	0	0	0	0	0	0	0	-0.52359878	-0.1505113914185697	-0.3712363405392502	0	4.874042626337598e-07	0	0	0	0	0	0	0	0	0	0	0	0	0	0	0	0	0	0	0	0
22.56	3.017357244105347	1.612844085454806	-2.606265749835266	0	0.9399999999999999	0	0	0	0	0	0	0	0	0	-0.52359878	-0.1483190867693951	-0.377681470577286	0	-2.651294076120767e-06	0	0	0	0	0	0	0	0	0	0	0	0	0	0	0	0	0	0	0	0
22.58	3.190587345271577	1.619480754516682	-2.760237168611802	0	0.9399999999999999	0	0	0	0	0	0	0	0	0	-0.52359878	-0.1549958483465971	-0.3915235942090063	0	-3.450027367294661e-06	0	0	0	0	0	0	0	0	0	0	0	0	0	0	0	0	0	0	0	0
22.6	3.190587345271577	1.619480754516682	-2.760237168611802	0	0.9399999999999999	0	0	0	0	0	0	0	0	0	-0.52359878	-0.1549958483465971	-0.3915235942090063	0	-3.450027367294661e-06	0	0	0	0	0	0	0	0	0	0	0	0	0	0	0	0	0	0	0	0
22.62	3.254875059469633	1.620983701406643	-2.815936839906491	0	0.9399999999999999	0	0	0	0	0	0	0	0	0	-0.52359878	-0.1594717282383981	-0.4008544024635205	0	-6.348955863921734e-07	0	0	0	0	0	0	0	0	0	0	0	0	0	0	0	0	0	0	0	0
22.64	3.48924593829487	1.620929604054534	-3.034687839812774	0	0.9399999999999999	0	0	0	0	0	0	0	0	0	-0.52359878	-0.1728274436009712	-0.4211587706889975	0	-2.533790682644356e-06	0	0	0	0	0	0	0	0	0	0	0	0	0	0	0	0	0	0	0	0
22.66	3.48924593829487	1.620929604054534	-3.034687839812774	0	0.9399999999999999	0	0	0	0	0	0	0	0	0	-0.52359878	-0.1728274436009712	-0.4211587706889975	0	-2.533790682644356e-06	0	0	0	0	0	0	0	0	0	0	0	0	0	0	0	0	0	0	0	0
22.68	3.764417528149528	1.619333044869036	-3.298143499449512	0	0.9399999999999999	0	0	0	0	0	0	0	0	0	-0.52359878	-0.1863991460947746	-0.4424911937684229	0	2.965713552745658e-06	0	0	0	0	0	0	0	0	0	0	0	0	0	0	0	0	0	0	0	0
22.7	3.764417528149528	1.619333044869036	-3.298143499449512	0	0.9399999999999999	0	0	0	0	0	0	0	0	0	-0.52359878	-0.1863991460947746	-0.4424911937684229	0	2.965713552745658e-06	0	0	0	0	0	0	0	0	0	0	0	0	0	0	0	0	0	0	0	0
22.72	4.090594933195762	1.621336993797138	-3.614203586923313	0	0.9399999999999999	0	0	0	0	0	0	0	0	0	-0.52359878	-0.2038716454931863	-0.455919459491527	0	3.275549926615677e-09	0	0	0	0	0	0	0	0	0	0	0	0	0	0	0	0	0	0	0	0
22.74	4.090594933195762	1.621336993797138	-3.614203586923313	0	0.9399999999999999	0	0	0	0	0	0	0	0	0	-0.52359878	-0.2038716454931863	-0.455919459491527	0	3.275549926615677e-09	0	0	0	0	0	0	0	0	0	0	0	0	0	0	0	0	0	0	0	0
22.76	4.281328375797592	1.622437819061925	-3.795542378316645	0	0.9399999999999999	0	0	0	0	0	0	0	0	0	-0.52359878	-0.2145728932438434	-0.4534086854312745	0	-1.383760965353795e-06	0	0	0	0	0	0	0	0	0	0	0	0	0	0	0	0	0	0	0	0
22.78	4.553199869969643	1.635824482079643	-4.0634189959856	0	0.9399999999999999	0	0	0	0	0	0	0	0	0	-0.52359878	-0.2364790392037589	-0.4563982851733531	0	-9.698997582995507e-07	0	0	0	0	0	0	0	0	0	0	0	0	0	0	0	0	0	0	0	0
22.8	4.553199869969643	1.635824482079643	-4.0634189959856	0	0.9399999999999999	0	0	0	0	0	0	0	0	0	-0.52359878	-0.2364790392037589	-0.4563982851733531	0	-9.698997582995507e-07	0	0	0	0	0	0	0	0	0	0	0	0	0	0	0	0	0	0	0	0
22.82	4.755032134223567	1.651782974847496	-4.259157656907413	0	0.9399999999999999	0	0	0	0	0	0	0	0	0	-0.52359878	-0.2556162754078689	-0.4534526946316884	0	8.605168813194333e-07	0	0	0	0	0	0	0	0	0	0	0	0	0	0	0	0	0	0	0	0
22.84	4.827249242115544	1.661256341189428	-4.329528470091144	0	0.9399999999999999	0	0	0	0	0	0	0	0	0	-0.52359878	-0.2647957452809614	-0.4529897272354346	0	-2.212765403440503e-07	0	0	0	0	0	0	0	0	0	0	0	0	0	0	0	0	0	0	0	0
22.86	4.882551461205816	1.671205226548631	-4.384683751886691	0	0.9399999999999999	0	0	0	0	0	0	0	0	0	-0.52359878	-0.2735054219896099	-0.4529791296245336	0	2.123214027801368e-07	0	0	0	0	0	0	0	0	0	0	0	0	0	0	0	0	0	0	0	0
22.88	4.932751549215523	1.684289975157094	-4.436442855169285	0	0.9399999999999999	0	0	0	0	0	0	0	0	0	-0.52359878	-0.2746134309281322	-0.4543904420365675	0	1.330497082680955e-06	0	0	0	0	0	0	0	0	0	0	0	0	0	0	0	0	0	0	0	0
22.9	4.980604407663531	1.692838244331115	-4.48423664846492	0	0.9399999999999999	0	0	0	0	0	0	0	0	0	-0.52359878	-0.2961012596610599	-0.4472468269894495	0	-3.32176463865551e-07	0	0	0	0	0	0	0	0	0	0	0	0	0	0	0	0	0	0	0	0
22.92	5.02354808323708	1.704581952554252	-4.52875537473358	0	0.9399999999999999	0	0	0	0	0	0	0	0	0	-0.52359878	-0.3117192159547659	-0.4421322976364632	0	1.001438133314541e-06	0	0	0	0	0	0	0	0	0	0	0	0	0	0	0	0	0	0	0	0
22.94	5.02354808323708	1.704581952554252	-4.52875537473358	0	0.9399999999999999	0	0	0	0	0	0	0	0	0	-0.52359878	-0.3117192159547659	-0.4421322976364632	0	1.001438133314541e-06	0	0	0	0	0	0	0	0	0	0	0	0	0	0	0	0	0	0	0	0
22.96	5.087326724987675	1.728771174569993	-4.596736984295598	0	0.9399999999999999	0	0	0	0	0	0	0	0	0	-0.5228988230159497	-0.3472688520262909	-0.431202108677598	0	-3.684467075317145e-06	0	0	0	0	0	0	0	0	0	0	0	0	0	0	0	0	0	0	0	0
22.98	5.119071337986247	1.723558846114773	-4.625843453939612	0	0.9399999999999999	0	0	0	0	0	0	0	0	0	-0.4928032099987664	-0.3629346307355371	-0.4164761407794247	0	-6.789325156901547e-07	0	0	0	0	0	0	0	0	0	0	0	0	0	0	0	0	0	0	0	0
23	5.119071337986247	1.723558846114773	-4.625843453939612	0	0.9399999999999999	0	0	0	0	0	0	0	0	0	-0.4928032099987664	-0.3629346307355371	-0.4164761407794247	0	-6.789325156901547e-07	0	0	0	0	0	0	0	0	0	0	0	0	0	0	0	0	0	0	0	0
23.02	5.179094699434366	1.711887356536699	-4.681488505769045	0	0.9399999999999999	0	0	0	0	0	0	0	0	0	-0.4238698650496007	-0.3781888960532879	-0.3956484203782115	0	-1.872838494590572e-07	0	0	0	0	0	0	0	0	0	0	0	0	0	0	0	0	0	0	0	0
23.04	5.17976616460193	1.711926327112579	-4.682175441497102	0	0.9399999999999999	0	0	0	0	0	0	0	0	0	-0.4288239430605258	-0.3900255119192887	-0.3916636793115402	0	-1.292810133007952e-08	0	0	0	0	0	0	0	0	0	0	0	0	0	0	0	0	0	0	0	0
23.06	5.212764867578433	1.70553875646458	-4.713219992087593	0	0.9399999999999999	0	0	0	0	0	0	0	0	0	-0.394758142860301	-0.4011885840568582	-0.3811575351247698	0	-1.886625562347423e-06	0	0	0	0	0	0	0	0	0	0	0	0	0	0	0	0	0	0	0	0
23.08	5.277827039923972	1.695780432515613	-4.775080001781683	0	0.9399999999999999	0	0	0	0	0	0	0	0	0	-0.3279879877478949	-0.4243327376581607	-0.3598381711166361	0	1.078087074151772e-06	0	0	0	0	0	0	0	0	0	0	0	0	0	0	0	0	0	0	0	0
23.1	5.277827039923972	1.695780432515613	-4.775080001781683	0	0.9399999999999999	0	0	0	0	0	0	0	0	0	-0.3279879877478949	-0.4243327376581607	-0.3598381711166361	0	1.078087074151772e-06	0	0	0	0	0	0	0	0	0	0	0	0	0	0	0	0	0	0	0	0
23.12	5.307172410727449	1.692672850477944	-4.802483811625002	0	0.9399999999999999	0	0	0	0	0	0	0	0	0	-0.2971458888148321	-0.4383132009628141	-0.3470446196357798	0	-7.132469422536716e-08	0	0	0	0	0	0	0	0	0	0	0	0	0	0	0	0	0	0	0	0
23.14	5.3401207760673	1.688710044481984	-4.833600173206282	0	0.9399999999999999	0	0	0	0	0	0	0	0	0	-0.2655224504535058	-0.451439392929698	-0.3343897839760479	0	-8.55881460127358e-07	0	0	0	0	0	0	0	0	0	0	0	0	0	0	0	0	0	0	0	0
23.16	5.370699700647169	1.68422912034307	-4.862586311801097	0	0.9399999999999999	0	0	0	0	0	0	0	0	0	-0.2335796006280101	-0.4613685860494024	-0.3215340534607473	0	-2.301660630571317e-07	0	0	0	0	0	0	0	0	0	0	0	0	0	0	0	0	0	0	0	0
23.18	5.407679882076531	1.678681191401766	-4.898291234157085	0	0.9399999999999999	0	0	0	0	0	0	0	0	0	-0.2000631419622151	-0.4654186583421538	-0.3071811467302376	0	1.034353405728447e-06	0	0	0	0	0	0	0	0	0	0	0	0	0	0	0	0	0	0	0	0
23.2	5.531404926422772	1.66493900598182	-5.021767888573298	0	0.9399999999999999	0	0	0	0	0	0	0	0	0	-0.1311126130371994	-0.4617316989915998	-0.2793873483659135	0	-7.463845508102381e-07	0	0	0	0	0	0	0	0	0	0	0	0	0	0	0	0	0	0	0	0
23.22	5.531404926422772	1.66493900598182	-5.021767888573298	0	0.9399999999999999	0	0	0	0	0	0	0	0	0	-0.1311126130371994	-0.4617316989915998	-0.2793873483659135	0	-7.463845508102381e-07	0	0	0	0	0	0	0	0	0	0	0	0	0	0	0	0	0	0	0	0
23.24	5.620180719780626	1.657970448499712	-5.111741118692805	0	0.9399999999999999	0	0	0	0	0	0	0	0	0	-0.09698756642855781	-0.4580975113297525	-0.2670715344247895	0	-3.2553291830797e-09	0	0	0	0	0	0	0	0	0	0	0	0	0	0	0	0	0	0	0	0
23.26	5.84118911976685	1.645974817071914	-5.33717474808175	0	0.9399999999999999	0	0	0	0	0	0	0	0	0	-0.03172466915650414	-0.4475111982907097	-0.2495235783936085	0	6.922602461669644e-08	0	0	0	0	0	0	0	0	0	0	0	0	0	0	0	0	0	0	0	0
23.28	5.961803500085088	1.641343428328951	-5.460587096501142	0	0.9399999999999999	0	0	0	0	0	0	0	0	0	-0.002120548541634676	-0.4408023843291682	-0.2430458364115429	0	2.919309905108897e-07	0	0	0	0	0	0	0	0	0	0	0	0	0	0	0	0	0	0	0	0
23.3	6.072473695482847	1.637464569243011	-5.574154389234574	0	0.9399999999999999	0	0	0	0	0	0	0	0	0	0.02525949472012099	-0.4341619448632605	-0.2370040305357842	0	-8.37981765499509e-07	0	0	0	0	0	0	0	0	0	0	0	0	0	0	0	0	0	0	0	0
23.32	6.171345846352938	1.633957151785751	-5.675956684473736	0	0.9399999999999999	0	0	0	0	0	0	0	0	0	0.03096773150661208	-0.4330963025387173	-0.2405298103325175	0	-7.033193573621577e-07	0	0	0	0	0	0	0	0	0	0	0	0	0	0	0	0	0	0	0	0
23.34	6.170770663229625	1.63391066102644	-5.675336788988962	0	0.9399999999999999	0	0	0	0	0	0	0	0	0	0.05127409316372879	-0.4272670269759366	-0.2333500130522575	0	-6.550810086780255e-07	0	0	0	0	0	0	0	0	0	0	0	0	0	0	0	0	0	0	0	0
23.36	6.427800446616148	1.625935950794216	-5.938149955333452	0	0.9399999999999999	0	0	0	0	0	0	0	0	0	0.08520169567249664	-0.4187596382655781	-0.2371197969367872	0	-3.603658689627626e-07	0	0	0	0	0	0	0	0	0	0	0	0	0	0	0	0	0	0	0	0
23.38	6.427208554115876	1.626124536194727	-5.937668998838419	0	0.9399999999999999	0	0	0	0	0	0	0	0	0	0.1025674650227501	-0.4061094651506448	-0.2374631509074832	0	6.887576437112042e-06	0	0	0	0	0	0	0	0	0	0	0	0	0	0	0	0	0	0	0	0
23.4	6.829250082425575	1.621112835362482	-6.348994307517338	0	0.9399999999999999	0	0	0	0	0	0	0	0	0	0.1500559224582993	-0.3808168668872295	-0.239755102016825	0	5.308465483860602e-08	0	0	0	0	0	0	0	0	0	0	0	0	0	0	0	0	0	0	0	0
23.42	6.829250082425575	1.621112835362482	-6.348994307517338	0	0.9399999999999999	0	0	0	0	0	0	0	0	0	0.1500559224582993	-0.3808168668872295	-0.239755102016825	0	5.308465483860602e-08	0	0	0	0	0	0	0	0	0	0	0	0	0	0	0	0	0	0	0	0
23.44	7.116524153343669	1.625364226508912	-6.650129249841607	0	0.9399999999999999	0	0	0	0	0	0	0	0	0	0.1750416620646667	-0.3668405503854607	-0.2475693090858557	0	6.521367598407953e-07	0	0	0	0	0	0	0	0	0	0	0	0	0	0	0	0	0	0	0	0
23.46	7.199303895406461	1.628419046026109	-6.740964765791427	0	0.9399999999999999	0	0	0	0	0	0	0	0	0	0.206982594318621	-0.3345330493226186	-0.247826853287959	0	-7.598769054080747e-09	0	0	0	0	0	0	0	0	0	0	0	0	0	0	0	0	0	0	0	0
23.48	7.277227243795764	1.631766613695757	-6.827096005606235	0	0.9399999999999999	0	0	0	0	0	0	0	0	0	0.2232466731920034	-0.3197739480010353	-0.2581331317585525	0	8.943060609000763e-09	0	0	0	0	0	0	0	0	0	0	0	0	0	0	0	0	0	0	0	0
23.5	7.36743955679222	1.635549140628905	-6.925349965015347	0	0.9399999999999999	0	0	0	0	0	0	0	0	0	0.2389210135469623	-0.3097019920213132	-0.270691466282455	0	7.548177425170147e-08	0	0	0	0	0	0	0	0	0	0	0	0	0	0	0	0	0	0	0	0
23.52	7.469340864544135	1.639867121563313	-7.035088625662985	0	0.9399999999999999	0	0	0	0	0	0	0	0	0	0.258148687313538	-0.307790873341469	-0.279124830422168	0	4.535358981865085e-07	0	0	0	0	0	0	0	0	0	0	0	0	0	0	0	0	0	0	0	0
23.54	7.574421063605577	1.645290346132617	-7.147951352967286	0	0.9399999999999999	0	0	0	0	0	0	0	0	0	0.2901111286035675	-0.3100353821338914	-0.290793803331144	0	-5.437455575585534e-08	0	0	0	0	0	0	0	0	0	0	0	0	0	0	0	0	0	0	0	0
23.56	7.574421063605577	1.645290346132617	-7.147951352967286	0	0.9399999999999999	0	0	0	0	0	0	0	0	0	0.2901111286035675	-0.3100353821338914	-0.290793803331144	0	-5.437455575585534e-08	0	0	0	0	0	0	0	0	0	0	0	0	0	0	0	0	0	0	0	0
23.58	7.744202484146276	1.660316035595995	-7.332654493068287	0	0.9399999999999999	0	0	0	0	0	0	0	0	0	0.3564964957137111	-0.3172685384055805	-0.2793606447982343	0	-6.805530763639353e-07	0	0	0	0	0	0	0	0	0	0	0	0	0	0	0	0	0	0	0	0
23.6	7.800619872412218	1.667566804694662	-7.395849424676516	0	0.9399999999999999	0	0	0	0	0	0	0	0	0	0.3822627420719387	-0.3230482587527632	-0.278766475631617	0	-1.254088953463372e-07	0	0	0	0	0	0	0	0	0	0	0	0	0	0	0	0	0	0	0	0
23.62	7.845163950592468	1.673068494844035	-7.446501089771581	0	0.9399999999999999	0	0	0	0	0	0	0	0	0	0.3424463418894665	-0.3225139783323362	-0.2753241753805108	0	-1.064653913228998e-07	0	0	0	0	0	0	0	0	0	0	0	0	0	0	0	0	0	0	0	0
23.64	7.845163950592468	1.673068494844035	-7.446501089771581	0	0.9399999999999999	0	0	0	0	0	0	0	0	0	0.3424463418894665	-0.3225139783323362	-0.2753241753805108	0	-1.064653913228998e-07	0	0	0	0	0	0	0	0	0	0	0	0	0	0	0	0	0	0	0	0
23.66	7.88251600146872	1.677541674831845	-7.489271672874482	0	0.9399999999999999	0	0	0	0	0	0	0	0	0	0.3438422730628984	-0.312502759226592	-0.296751140139051	0	-7.940044204426398e-08	0	0	0	0	0	0	0	0	0	0	0	0	0	0	0	0	0	0	0	0
23.68	7.920733431959837	1.682790206663874	-7.532816734958245	0	0.9399999999999999	0	0	0	0	0	0	0	0	0	0.3556646293387519	-0.2996515887199265	-0.3178696007662284	0	3.798442912719638e-07	0	0	0	0	0	0	0	0	0	0	0	0	0	0	0	0	0	0	0	0
23.7	7.986642559636711	1.694245058302793	-7.60980094713936	0	0.9399999999999999	0	0	0	0	0	0	0	0	0	0.3853057928859266	-0.2969820450953409	-0.308417180222524	0.02668729717674747	0.02668715640708443	0	0	0	0	0	0	0	0	0	0	0	0	0	0	0	0	0	0	0	0
23.72	8.009019887067041	1.699638120548844	-7.637336140492013	0	0.9399999999999999	0	0	0	0	0	0	0	0	0	0.4134272982681351	-0.3058719971961377	-0.2892401515431954	0.0925459908732273	0.09254606585315324	0	0	0	0	0	0	0	0	0	0	0	0	0	0	0	0	0	0	0	0
23.74	8.026057014660177	1.704237380723025	-7.659507682710835	0	0.9399999999999999	0	0	0	0	0	0	0	0	0	0.4170104828605653	-0.3091397599125419	-0.2937793999541551	0.09254423850499469	0.09254446968504078	0	0	0	0	0	0	0	0	0	0	0	0	0	0	0	0	0	0	0	0
23.76	8.043636893144873	1.706700946708746	-7.682355195666601	0	0.9399999999999999	0	0	0	0	0	0	0	0	0	0.4547004211653648	-0.3125833584669072	-0.26785283375339	0.2066471513463544	0.206647367632901	0	0	0	0	0	0	0	0	0	0	0	0	0	0	0	0	0	0	0	0
23.78	8.074245663802795	1.70810512796228	-7.718742441142343	0	0.9399999999999999	0	0	0	0	0	0	0	0	0	0.4663366769120392	-0.311343627568227	-0.264875150306398	0.2370714133550455	0.2370713556103062	0	0	0	0	0	0	0	0	0	0	0	0	0	0	0	0	0	0	0	0
23.8	8.112893163240393	1.7099247312843	-7.763649271639695	0	0.9399999999999999	0	0	0	0	0	0	0	0	0	0.475896894953946	-0.3123793838911962	-0.2475661017112818	0.2599668177709069	0.2599668087483581	0	0	0	0	0	0	0	0	0	0	0	0	0	0	0	0	0	0	0	0
23.82	8.112893163240393	1.7099247312843	-7.763649271639695	0	0.9399999999999999	0	0	0	0	0	0	0	0	0	0.475896894953946	-0.3123793838911962	-0.2475661017112818	0.2599668177709069	0.2599668087483581	0	0	0	0	0	0	0	0	0	0	0	0	0	0	0	0	0	0	0	0
23.84	8.161046077931639	1.711103535791378	-7.818332025501869	0	0.9399999999999999	0	0	0	0	0	0	0	0	0	0.4818067837054084	-0.311174792833515	-0.2272411721997341	0.2789559688212625	0.2789560377285983	0	0	0	0	0	0	0	0	0	0	0	0	0	0	0	0	0	0	0	0
23.86	8.207151772703913	1.712975063061762	-7.87105370407297	0	0.9399999999999999	0	0	0	0	0	0	0	0	0	0.4860614845945169	-0.3078185684174111	-0.2095318282220885	0.3022971736507638	0.302297626141424	0	0	0	0	0	0	0	0	0	0	0	0	0	0	0	0	0	0	0	0
23.88	8.247552183460945	1.715567259356515	-7.918101378610417	0	0.9399999999999999	0	0	0	0	0	0	0	0	0	0.4891359958546884	-0.3026928003208407	-0.1950130216015187	0.3206851928025064	0.3206847904863344	0	0	0	0	0	0	0	0	0	0	0	0	0	0	0	0	0	0	0	0
23.9	8.282953585166432	1.718125942473658	-7.960055258805052	0	0.9399999999999999	0	0	0	0	0	0	0	0	0	0.4906591988484059	-0.297331862099212	-0.1810823741598922	0.3322417956532376	0.33224178603975	0	0	0	0	0	0	0	0	0	0	0	0	0	0	0	0	0	0	0	0
23.92	8.331110507549457	1.721455333660205	-8.020627029523087	0	0.9399999999999999	0	0	0	0	0	0	0	0	0	0.4916391614948939	-0.2869070599203177	-0.1524891446887604	0.3520332647859582	0.3520332245563395	0	0	0	0	0	0	0	0	0	0	0	0	0	0	0	0	0	0	0	0
23.94	8.335426183950515	1.721702198524552	-8.03079556852993	0	0.9399999999999999	0	0	0	0	0	0	0	0	0	0.493165211857384	-0.2818611444201924	-0.1403905504894042	0.3690593441386957	0.3690593441521525	0	0	0	0	0	0	0	0	0	0	0	0	0	0	0	0	0	0	0	0
23.96	8.331888764153227	1.721464152410219	-8.033026203777961	0	0.9399999999999999	0	0	0	0	0	0	0	0	0	0.4922027348609831	-0.2790094178934926	-0.1353170178604456	0.3657246666572549	0.365726649279801	0	0	0	0	0	0	0	0	0	0	0	0	0	0	0	0	0	0	0	0
23.98	8.310876586837503	1.721128165304083	-8.017806348314913	0	0.9399999999999999	0	0	0	0	0	0	0	0	0	0.4978252794202258	-0.2731776846727142	-0.1281846482127036	0.4093596306976834	0.4093595187554783	0	0	0	0	0	0	0	0	0	0	0	0	0	0	0	0	0	0	0	0
24	8.286222330190343	1.720952862033414	-7.999074243536385	0	0.9399999999999999	0	0	0	0	0	0	0	0	0	0.4991794557701751	-0.2698662605661215	-0.1285364776170934	0.4272936830428525	0.4272933147969886	0	0	0	0	0	0	0	0	0	0	0	0	0	0	0	0	0	0	0	0
24.02	8.257325914357041	1.721266018597789	-7.976319866973323	0	0.9399999999999999	0	0	0	0	0	0	0	0	0	0.4989916149913258	-0.2660643412940668	-0.1323411030771428	0.4389385854486273	0.438937790566481	0	0	0	0	0	0	0	0	0	0	0	0	0	0	0	0	0	0	0	0
24.04	8.228995453113987	1.722150085159495	-7.95444951127686	0	0.9399999999999999	0	0	0	0	0	0	0	0	0	0.4963125439530104	-0.2630766112428902	-0.1369143287128358	0.4354102125269987	0.4354101550854528	0	0	0	0	0	0	0	0	0	0	0	0	0	0	0	0	0	0	0	0
24.06	8.202658296296827	1.723366987928886	-7.935085825932957	0	0.9399999999999999	0	0	0	0	0	0	0	0	0	0.493431346541799	-0.2542005916172748	-0.1465667220264688	0.4408808098464677	0.4408807876644734	0	0	0	0	0	0	0	0	0	0	0	0	0	0	0	0	0	0	0	0
24.08	8.176012694055446	1.724464086672014	-7.915816824449662	0	0.9399999999999999	0	0	0	0	0	0	0	0	0	0.4888593666457193	-0.2458913949406847	-0.1559424055532576	0.4405209571204425	0.440520585633468	0	0	0	0	0	0	0	0	0	0	0	0	0	0	0	0	0	0	0	0
24.1	8.149661556043871	1.725607442560612	-7.89709061211621	0	0.9399999999999999	0	0	0	0	0	0	0	0	0	0.483764290833539	-0.2370741394452456	-0.1669107916069763	0.4426542372251498	0.4426547433140469	0	0	0	0	0	0	0	0	0	0	0	0	0	0	0	0	0	0	0	0
24.12	8.149661556043871	1.725607442560612	-7.89709061211621	0	0.9399999999999999	0	0	0	0	0	0	0	0	0	0.483764290833539	-0.2370741394452456	-0.1669107916069763	0.4426542372251498	0.4426547433140469	0	0	0	0	0	0	0	0	0	0	0	0	0	0	0	0	0	0	0	0
24.14	8.105290218880095	1.728885546732722	-7.868834383782176	0	0.9399999999999999	0	0	0	0	0	0	0	0	0	0.4750490038572192	-0.2213834192669834	-0.1924398441265683	0.4460139867582567	0.4460120103012039	0	0	0	0	0	0	0	0	0	0	0	0	0	0	0	0	0	0	0	0
24.16	8.0863273284558	1.731113422767401	-7.858203976176804	0	0.9399999999999999	0	0	0	0	0	0	0	0	0	0.4722832402280635	-0.2163860269055764	-0.2050992229556934	0.440387421317934	0.4403876055228471	0	0	0	0	0	0	0	0	0	0	0	0	0	0	0	0	0	0	0	0
24.18	8.069720582062688	1.733123026689962	-7.849897511411656	0	0.9399999999999999	0	0	0	0	0	0	0	0	0	0.473564312448333	-0.2173329898490087	-0.2127137932134482	0.4488007945594212	0.4488008498611257	0	0	0	0	0	0	0	0	0	0	0	0	0	0	0	0	0	0	0	0
24.2	8.05889781660443	1.734087212214726	-7.847245888557969	0	0.9399999999999999	0	0	0	0	0	0	0	0	0	0.4733805143413291	-0.2095213673851236	-0.2235401798172865	0.459005210381797	0.4590044720076422	0	0	0	0	0	0	0	0	0	0	0	0	0	0	0	0	0	0	0	0
24.22	8.05889781660443	1.734087212214726	-7.847245888557969	0	0.9399999999999999	0	0	0	0	0	0	0	0	0	0.4733805143413291	-0.2095213673851236	-0.2235401798172865	0.459005210381797	0.4590044720076422	0	0	0	0	0	0	0	0	0	0	0	0	0	0	0	0	0	0	0	0
24.24	8.041048813292401	1.734727190139357	-7.842890386556976	0	0.9399999999999999	0	0	0	0	0	0	0	0	0	0.4714823496628918	-0.2030052603721163	-0.2396069327709649	0.4654154007996386	0.4654154289428311	0	0	0	0	0	0	0	0	0	0	0	0	0	0	0	0	0	0	0	0
24.26	8.020063341896869	1.734956999127741	-7.827278489443368	0	0.9399999999999999	0	0	0	0	0	0	0	0	0	0.468357242712441	-0.1961584922763562	-0.2468445419511238	0.4628593651638319	0.4628592288875919	0	0	0	0	0	0	0	0	0	0	0	0	0	0	0	0	0	0	0	0
24.28	8.000356038419326	1.735099138783775	-7.812862790922504	0	0.9399999999999999	0	0	0	0	0	0	0	0	0	0.4629109118355549	-0.1905303593634249	-0.2521064934918057	0.4558504593317611	0.4558506871163127	0	0	0	0	0	0	0	0	0	0	0	0	0	0	0	0	0	0	0	0
24.3	7.984078316603366	1.735355094378168	-7.802499062279924	0	0.9399999999999999	0	0	0	0	0	0	0	0	0	0.4563121707397713	-0.1808638343968993	-0.2572454528989347	0.4456471675304706	0.4456469836601218	0	0	0	0	0	0	0	0	0	0	0	0	0	0	0	0	0	0	0	0
24.32	7.984078316603366	1.735355094378168	-7.802499062279924	0	0.9399999999999999	0	0	0	0	0	0	0	0	0	0.4563121707397713	-0.1808638343968993	-0.2572454528989347	0.4456471675304706	0.4456469836601218	0	0	0	0	0	0	0	0	0	0	0	0	0	0	0	0	0	0	0	0
24.34	7.980420702238301	1.736343605429893	-7.805264296561203	0	0.9399999999999999	0	0	0	0	0	0	0	0	0	0.4483175118502942	-0.1742950066796643	-0.2596864463552296	0.432469886578643	0.4324791198196416	0	0	0	0	0	0	0	0	0	0	0	0	0	0	0	0	0	0	0	0
24.36	7.965454788019795	1.737207089906525	-7.796801070771583	0	0.9399999999999999	0	0	0	0	0	0	0	0	0	0.4394963130063805	-0.1663296949435276	-0.2614268579447782	0.4189457280765109	0.4189456924518162	0	0	0	0	0	0	0	0	0	0	0	0	0	0	0	0	0	0	0	0
24.38	7.962486677595449	1.736737904482019	-7.800640763640327	0	0.9399999999999999	0	0	0	0	0	0	0	0	0	0.4283954563599324	-0.1605212003421634	-0.261666647379129	0.4042115988910195	0.4042149727277639	0	0	0	0	0	0	0	0	0	0	0	0	0	0	0	0	0	0	0	0
24.4	7.959701110084241	1.736384546498868	-7.804617249344543	0	0.9399999999999999	0	0	0	0	0	0	0	0	0	0.4173303078275168	-0.1554458739200641	-0.261979896783298	0.389751129010604	0.3897531617959042	0	0	0	0	0	0	0	0	0	0	0	0	0	0	0	0	0	0	0	0
24.42	7.957443041266992	1.737192676757968	-7.809177655470138	0	0.9399999999999999	0	0	0	0	0	0	0	0	0	0.4074283792215408	-0.1512001823181447	-0.2630146468376214	0.3754088832746456	0.3754126111534102	0	0	0	0	0	0	0	0	0	0	0	0	0	0	0	0	0	0	0	0
24.44	7.968570936590766	1.738080798803485	-7.827132252405456	0	0.9399999999999999	0	0	0	0	0	0	0	0	0	0.3979181155416739	-0.149310143350073	-0.2646601946450993	0.360971954857246	0.3609718809201982	0	0	0	0	0	0	0	0	0	0	0	0	0	0	0	0	0	0	0	0
24.46	7.974115866542192	1.738029536877969	-7.838867018200737	0	0.9399999999999999	0	0	0	0	0	0	0	0	0	0.3875314543079517	-0.1461150101580267	-0.2676570648466596	0.346405725563357	0.3464053780150234	0	0	0	0	0	0	0	0	0	0	0	0	0	0	0	0	0	0	0	0
24.48	7.97242665349456	1.736808635300713	-7.843019029912156	0	0.9399999999999999	0	0	0	0	0	0	0	0	0	0.3761051250926108	-0.1412251974469785	-0.2723229828401035	0.331261773089282	0.331258830471078	0	0	0	0	0	0	0	0	0	0	0	0	0	0	0	0	0	0	0	0
24.5	7.97017700049639	1.735385418910519	-7.845735503589685	0	0.9399999999999999	0	0	0	0	0	0	0	0	0	0.3647621528618986	-0.1353873415003487	-0.2780748912710422	0.3152886547850904	0.315290423965719	0	0	0	0	0	0	0	0	0	0	0	0	0	0	0	0	0	0	0	0
24.52	7.957540940341167	1.734329779645163	-7.837831577640307	0	0.9399999999999999	0	0	0	0	0	0	0	0	0	0.3542071607139155	-0.127297573358261	-0.2852382329543394	0.2992379445728225	0.2992383511310304	0	0	0	0	0	0	0	0	0	0	0	0	0	0	0	0	0	0	0	0
24.54	7.932512977721378	1.731177676507186	-7.821260483659479	0	0.9399999999999999	0	0	0	0	0	0	0	0	0	0.3418068578034641	-0.1182985332294893	-0.2969482227030152	0.2829287296206161	0.282929126569325	0	0	0	0	0	0	0	0	0	0	0	0	0	0	0	0	0	0	0	0
24.56	7.916330984092959	1.729274947198838	-7.808863756629536	0	0.9399999999999999	0	0	0	0	0	0	0	0	0	0.332208083710684	-0.1092798266079673	-0.3039379718230292	0.2678017655328529	0.2678017850985365	0	0	0	0	0	0	0	0	0	0	0	0	0	0	0	0	0	0	0	0
24.58	7.899786182877752	1.727933400995267	-7.795938985397521	0	0.9399999999999999	0	0	0	0	0	0	0	0	0	0.3186230956122575	-0.09383192996169372	-0.3128858349523033	0.2414429191005106	0.2414431334588397	0	0	0	0	0	0	0	0	0	0	0	0	0	0	0	0	0	0	0	0
24.6	7.899786182877752	1.727933400995267	-7.795938985397521	0	0.9399999999999999	0	0	0	0	0	0	0	0	0	0.3186230956122575	-0.09383192996169372	-0.3128858349523033	0.2414429191005106	0.2414431334588397	0	0	0	0	0	0	0	0	0	0	0	0	0	0	0	0	0	0	0	0
24.62	7.870779815294692	1.728690777729604	-7.772960726246541	0	0.9399999999999999	0	0	0	0	0	0	0	0	0	0.3096814232519582	-0.07973176493003889	-0.3222880465692535	0.2191176651279243	0.2191176966512505	0	0	0	0	0	0	0	0	0	0	0	0	0	0	0	0	0	0	0	0
24.64	7.869086201315874	1.729891699357568	-7.773600287521295	0	0.9399999999999999	0	0	0	0	0	0	0	0	0	0.3071972576997419	-0.07527936334088169	-0.3244885043640474	0.2097564215772883	0.2097497759072008	0	0	0	0	0	0	0	0	0	0	0	0	0	0	0	0	0	0	0	0
24.66	7.867628631066954	1.730523750750952	-7.77391782215595	0	0.9399999999999999	0	0	0	0	0	0	0	0	0	0.3045342096922186	-0.07127824291061247	-0.3254591109143543	0.2014127149048077	0.2014084079958354	0	0	0	0	0	0	0	0	0	0	0	0	0	0	0	0	0	0	0	0
24.68	7.86671355997487	1.730651160354668	-7.774210909443199	0	0.9399999999999999	0	0	0	0	0	0	0	0	0	0.3014126723451994	-0.067483779323833	-0.3254398014672758	0.1937838490247825	0.193782492994331	0	0	0	0	0	0	0	0	0	0	0	0	0	0	0	0	0	0	0	0
24.7	7.866707812673393	1.730649829218073	-7.774209751199403	0	0.9399999999999999	0	0	0	0	0	0	0	0	0	0.3014150401334458	-0.06748442300012472	-0.3254390841075403	0.193783710203432	0.1937825209667288	0	0	0	0	0	0	0	0	0	0	0	0	0	0	0	0	0	0	0	0
24.72	7.8667482691222	1.729856070508215	-7.775285792955571	0	0.9399999999999999	0	0	0	0	0	0	0	0	0	0.2972303891290947	-0.06403020640556419	-0.324875302253603	0.1864752743024939	0.1864756724743827	0	0	0	0	0	0	0	0	0	0	0	0	0	0	0	0	0	0	0	0
24.74	7.875420518946681	1.727741840059857	-7.7851750580624	0	0.9399999999999999	0	0	0	0	0	0	0	0	0	0.2869348392580208	-0.05802446632420048	-0.3219660639594507	0.1704861657559621	0.1704861632539773	0	0	0	0	0	0	0	0	0	0	0	0	0	0	0	0	0	0	0	0
24.76	7.875725505081404	1.727054275774498	-7.786164686631798	0	0.9399999999999999	0	0	0	0	0	0	0	0	0	0.2812304580659482	-0.05410362647253295	-0.3206828428117597	0.1618061964784491	0.1618085481568972	0	0	0	0	0	0	0	0	0	0	0	0	0	0	0	0	0	0	0	0
24.78	7.875728608407788	1.727053410323901	-7.786168300300202	0	0.9399999999999999	0	0	0	0	0	0	0	0	0	0.2812303407201845	-0.05410356742756863	-0.3206808006005175	0.1618065793854935	0.1618088065608102	0	0	0	0	0	0	0	0	0	0	0	0	0	0	0	0	0	0	0	0
24.8	7.875991754286426	1.726464588959044	-7.787087904947464	0	0.9399999999999999	0	0	0	0	0	0	0	0	0	0.2751144945867514	-0.05000323418496259	-0.3195379911821378	0.1524941368747868	0.1525008274399044	0	0	0	0	0	0	0	0	0	0	0	0	0	0	0	0	0	0	0	0
24.82	7.875987869141604	1.72501111480845	-7.788493319916125	0	0.9399999999999999	0	0	0	0	0	0	0	0	0	0.2619532454959608	-0.04106672823746972	-0.3179030404735757	0.1326285881607255	0.1326283776686348	0	0	0	0	0	0	0	0	0	0	0	0	0	0	0	0	0	0	0	0
24.84	7.875530346436875	1.724529641968633	-7.788693918214928	0	0.9399999999999999	0	0	0	0	0	0	0	0	0	0.2556478590940841	-0.03632866426824435	-0.317517284494818	0.1229613954024944	0.1229597072234976	0	0	0	0	0	0	0	0	0	0	0	0	0	0	0	0	0	0	0	0
24.86	7.8755269683408	1.724529406862217	-7.788690925252793	0	0.9399999999999999	0	0	0	0	0	0	0	0	0	0.2556486854298907	-0.03632904190971715	-0.3175183021228598	0.1229612320205996	0.1229595400120452	0	0	0	0	0	0	0	0	0	0	0	0	0	0	0	0	0	0	0	0
24.88	7.862922839571285	1.723617733987386	-7.776689720830698	0	0.9399999999999999	0	0	0	0	0	0	0	0	0	0.2435306567861909	-0.02511849960709011	-0.3176594812040031	0.1047847437631917	0.1047841186195327	0	0	0	0	0	0	0	0	0	0	0	0	0	0	0	0	0	0	0	0
24.9	7.863260106414208	1.722549772054975	-7.776789104930936	0	0.9399999999999999	0	0	0	0	0	0	0	0	0	0.2374001400832846	-0.02072228485582717	-0.3176007771485514	0.09659330400339441	0.09659286625762302	0	0	0	0	0	0	0	0	0	0	0	0	0	0	0	0	0	0	0	0
24.92	7.864000513720538	1.720902371493305	-7.776995077930673	0	0.9399999999999999	0	0	0	0	0	0	0	0	0	0.2310090784972254	-0.01661895278677199	-0.317497383831863	0.08890954593421148	0.08890608705456771	0	0	0	0	0	0	0	0	0	0	0	0	0	0	0	0	0	0	0	0
24.94	7.869901607357714	1.720129059957347	-7.782001929904048	0	0.9399999999999999	0	0	0	0	0	0	0	0	0	0.2258478223201528	-0.01339445489507824	-0.3171298379570896	0.08141950241886799	0.08141811249505872	0	0	0	0	0	0	0	0	0	0	0	0	0	0	0	0	0	0	0	0
24.96	7.869901605491885	1.720128878890147	-7.782001892299856	0	0.9399999999999999	0	0	0	0	0	0	0	0	0	0.225847754854181	-0.01339473646219839	-0.3171297805408346	0.08141879539056539	0.08141887430973876	0	0	0	0	0	0	0	0	0	0	0	0	0	0	0	0	0	0	0	0
24.98	7.892350805904922	1.719743779915842	-7.802097767199951	0	0.9399999999999999	0	0	0	0	0	0	0	0	0	0.2214575592594764	-0.01241692247941242	-0.3150315603685003	0.07421794315041874	0.07421789194669695	0	0	0	0	0	0	0	0	0	0	0	0	0	0	0	0	0	0	0	0
25	7.900367189614514	1.719944773004475	-7.80843030488343	0	0.9399999999999999	0	0	0	0	0	0	0	0	0	0.2136520970204423	-0.006068419065803778	-0.3145172961698322	0.06042179749997275	0.06042182080454837	0	0	0	0	0	0	0	0	0	0	0	0	0	0	0	0	0	0	0	0
25.02	7.900367189614514	1.719944773004475	-7.80843030488343	0	0.9399999999999999	0	0	0	0	0	0	0	0	0	0.2136520970204423	-0.006068419065803778	-0.3145172961698322	0.06042179749997275	0.06042182080454837	0	0	0	0	0	0	0	0	0	0	0	0	0	0	0	0	0	0	0	0
25.04	7.910145661789097	1.720208156738326	-7.816346355541743	0	0.9399999999999999	0	0	0	0	0	0	0	0	0	0.2098820676821261	-0.003719720592935217	-0.3130114569718617	0.05349634755031087	0.0534963584004959	0	0	0	0	0	0	0	0	0	0	0	0	0	0	0	0	0	0	0	0
25.06	7.913531562406261	1.719820561780291	-7.814923648129502	0	0.9399999999999999	0	0	0	0	0	0	0	0	0	0.2006458912133118	0.003290748786037009	-0.3089133111053363	0.03850639911763575	0.03850591366621978	0	0	0	0	0	0	0	0	0	0	0	0	0	0	0	0	0	0	0	0
25.08	7.914520089030308	1.718461794085166	-7.813261005819065	0	0.9399999999999999	0	0	0	0	0	0	0	0	0	0.1945765482812309	0.006809178434653114	-0.3063731106428678	0.03031468087961379	0.03031342975619651	0	0	0	0	0	0	0	0	0	0	0	0	0	0	0	0	0	0	0	0
25.1	7.91451791986057	1.7184616393087	-7.813255319870081	0	0.9399999999999999	0	0	0	0	0	0	0	0	0	0.1945766287261151	0.006808086549344799	-0.3063729158225012	0.03031490622684012	0.03031368915378929	0	0	0	0	0	0	0	0	0	0	0	0	0	0	0	0	0	0	0	0
25.12	7.889632030010672	1.715295729647759	-7.782101696500775	0	0.9399999999999999	0	0	0	0	0	0	0	0	0	0.1818174662506974	0.01736488417095763	-0.3006434063439049	0.01401945190261453	0.01401923939481282	0	0	0	0	0	0	0	0	0	0	0	0	0	0	0	0	0	0	0	0
25.14	7.882124242031814	1.714609405422578	-7.77158512730486	0	0.9399999999999999	0	0	0	0	0	0	0	0	0	0.1766315897852621	0.02164736688566324	-0.2980409844271044	0.006380243113757596	0.006380265372100727	0	0	0	0	0	0	0	0	0	0	0	0	0	0	0	0	0	0	0	0
25.16	7.882124242031814	1.714609405422578	-7.77158512730486	0	0.9399999999999999	0	0	0	0	0	0	0	0	0	0.1766315897852621	0.02164736688566324	-0.2980409844271044	0.006380243113757596	0.006380265372100727	0	0	0	0	0	0	0	0	0	0	0	0	0	0	0	0	0	0	0	0
25.18	7.871264614836721	1.713244334552863	-7.754429951671417	0	0.9399999999999999	0	0	0	0	0	0	0	0	0	0.1712620667801012	0.0265611067816209	-0.2924984613571351	0	7.888922939416106e-08	0	0	0	0	0	0	0	0	0	0	0	0	0	0	0	0	0	0	0	0
25.2	7.871322882270309	1.713260739306078	-7.754500674520591	0	0.9399999999999999	0	0	0	0	0	0	0	0	0	0.1706535328435178	0.02726609570678706	-0.293963104930988	0	1.807116443021837e-06	0	0	0	0	0	0	0	0	0	0	0	0	0	0	0	0	0	0	0	0
25.22	7.873006462433742	1.712182202759059	-7.752685175425833	0	0.9399999999999999	0	0	0	0	0	0	0	0	0	0.1687511358681501	0.02833768308670005	-0.2919699309267707	0	9.315000264814837e-06	0	0	0	0	0	0	0	0	0	0	0	0	0	0	0	0	0	0	0	0
25.24	7.874727823726705	1.711400029309571	-7.750821875496234	0	0.9399999999999999	0	0	0	0	0	0	0	0	0	0.167217380856408	0.0294478923554387	-0.2900453309337065	0	-4.901226084184286e-06	0	0	0	0	0	0	0	0	0	0	0	0	0	0	0	0	0	0	0	0
25.26	7.878930308405419	1.709026420938098	-7.747189108871297	0	0.9399999999999999	0	0	0	0	0	0	0	0	0	0.1634544118852025	0.03149829366338781	-0.2858688270803866	0	-2.624501531326575e-06	0	0	0	0	0	0	0	0	0	0	0	0	0	0	0	0	0	0	0	0
25.28	7.881279644748035	1.707612735742341	-7.745204735277126	0	0.9399999999999999	0	0	0	0	0	0	0	0	0	0.161331761260989	0.03261409820819135	-0.283242392575192	0	-1.28164799951486e-06	0	0	0	0	0	0	0	0	0	0	0	0	0	0	0	0	0	0	0	0
25.3	7.883688793175579	1.70671239138357	-7.743102654745117	0	0.9399999999999999	0	0	0	0	0	0	0	0	0	0.1597181789236035	0.03383189366350998	-0.2803905243278602	0	-4.439604610126016e-06	0	0	0	0	0	0	0	0	0	0	0	0	0	0	0	0	0	0	0	0
25.32	7.883690512204246	1.706709585531802	-7.743107241509609	0	0.9399999999999999	0	0	0	0	0	0	0	0	0	0.1597076067174082	0.03383110512333264	-0.2803942674802125	0	-3.841295439633292e-06	0	0	0	0	0	0	0	0	0	0	0	0	0	0	0	0	0	0	0	0
25.34	7.886182452958589	1.70553440112833	-7.740828091208691	0	0.9399999999999999	0	0	0	0	0	0	0	0	0	0.1577788545263204	0.03497888291208581	-0.2772498960331749	0	-4.130211984732011e-06	0	0	0	0	0	0	0	0	0	0	0	0	0	0	0	0	0	0	0	0
25.36	7.890883574714854	1.704028415578358	-7.736003260461422	0	0.9399999999999999	0	0	0	0	0	0	0	0	0	0.155437150727483	0.03644661680899974	-0.269309112662023	0	-2.047144353540303e-06	0	0	0	0	0	0	0	0	0	0	0	0	0	0	0	0	0	0	0	0
25.38	7.893228356551091	1.704531609185259	-7.733802812632759	0	0.9399999999999999	0	0	0	0	0	0	0	0	0	0.1543828794622788	0.03818336608110495	-0.2673573121483233	0	3.654289546312478e-07	0	0	0	0	0	0	0	0	0	0	0	0	0	0	0	0	0	0	0	0
25.4	7.895773845060061	1.704446833649709	-7.73172000746259	0	0.9399999999999999	0	0	0	0	0	0	0	0	0	0.1532954417073022	0.03911260851559283	-0.2640623237652687	0	-3.789773421280863e-06	0	0	0	0	0	0	0	0	0	0	0	0	0	0	0	0	0	0	0	0
25.42	7.898524368696443	1.704122398417414	-7.729504293771708	0	0.9399999999999999	0	0	0	0	0	0	0	0	0	0.1519844573947353	0.03990600362375792	-0.2605868348514408	0	-9.768451798412454e-06	0	0	0	0	0	0	0	0	0	0	0	0	0	0	0	0	0	0	0	0
25.44	7.898543483109576	1.704110791493904	-7.729529962831586	0	0.9399999999999999	0	0	0	0	0	0	0	0	0	0.1519641983584287	0.03990265827483162	-0.2605927623532035	0	-1.20860093702565e-05	0	0	0	0	0	0	0	0	0	0	0	0	0	0	0	0	0	0	0	0
25.46	7.903791294759967	1.704643578401698	-7.724887542410983	0	0.9399999999999999	0	0	0	0	0	0	0	0	0	0.1514645076077472	0.04111294612295358	-0.2522894296325373	0	-9.297047610264231e-06	0	0	0	0	0	0	0	0	0	0	0	0	0	0	0	0	0	0	0	0
25.48	7.917686730820057	1.704903374816106	-7.733455613784991	0	0.9399999999999999	0	0	0	0	0	0	0	0	0	0.1502504227345576	0.04073372223533064	-0.2498982769882472	0	2.254348101760425e-07	0	0	0	0	0	0	0	0	0	0	0	0	0	0	0	0	0	0	0	0
25.5	7.92066001184174	1.704406352216976	-7.73092057747584	0	0.9399999999999999	0	0	0	0	0	0	0	0	0	0.1488718397678068	0.04143354338527204	-0.2460348128568387	0	-1.679232057245723e-06	0	0	0	0	0	0	0	0	0	0	0	0	0	0	0	0	0	0	0	0
25.52	7.920666798681514	1.704400889164884	-7.730930241098789	0	0.9399999999999999	0	0	0	0	0	0	0	0	0	0.1488622847603922	0.0414328017707082	-0.2460379098283559	0	-1.599650781956186e-06	0	0	0	0	0	0	0	0	0	0	0	0	0	0	0	0	0	0	0	0
25.54	7.926497529314386	1.701348538347153	-7.725007115345186	0	0.9399999999999999	0	0	0	0	0	0	0	0	0	0.1440420192923806	0.04278538678092407	-0.2379160980321685	0	-1.284469707021357e-06	0	0	0	0	0	0	0	0	0	0	0	0	0	0	0	0	0	0	0	0
25.56	7.914717459372747	1.700204501004807	-7.707772885866697	0	0.9399999999999999	0	0	0	0	0	0	0	0	0	0.1419001589080455	0.04530092643760317	-0.2345057579843425	0	-3.942477854003103e-07	0	0	0	0	0	0	0	0	0	0	0	0	0	0	0	0	0	0	0	0
25.58	7.914717459372747	1.700204501004807	-7.707772885866697	0	0.9399999999999999	0	0	0	0	0	0	0	0	0	0.1419001589080455	0.04530092643760317	-0.2345057579843425	0	-3.942477854003103e-07	0	0	0	0	0	0	0	0	0	0	0	0	0	0	0	0	0	0	0	0
25.6	7.888094644040216	1.701675531107981	-7.67206404144768	0	0.9399999999999999	0	0	0	0	0	0	0	0	0	0.1413393641117836	0.05118472992323221	-0.2296835849382277	0	4.618254245245483e-07	0	0	0	0	0	0	0	0	0	0	0	0	0	0	0	0	0	0	0	0
25.62	7.867920406487581	1.70516282524144	-7.649368174230609	0	0.9399999999999999	0	0	0	0	0	0	0	0	0	0.1441407920971519	0.05482055603347651	-0.2274806500212407	0	-9.880191901213426e-08	0	0	0	0	0	0	0	0	0	0	0	0	0	0	0	0	0	0	0	0
25.64	7.869498099714245	1.709749757441	-7.647797434476272	0	0.9399999999999999	0	0	0	0	0	0	0	0	0	0.1477016126411499	0.05691464243731308	-0.2280778601376204	0	-1.732470338854225e-06	0	0	0	0	0	0	0	0	0	0	0	0	0	0	0	0	0	0	0	0
25.66	7.869492475305833	1.709750619836977	-7.647797614800748	0	0.9399999999999999	0	0	0	0	0	0	0	0	0	0.1477016984420723	0.05691482287672205	-0.2280846329559847	0	-1.623386984576839e-06	0	0	0	0	0	0	0	0	0	0	0	0	0	0	0	0	0	0	0	0
25.68	7.873465208740818	1.711395474371523	-7.644877520853618	0	0.9399999999999999	0	0	0	0	0	0	0	0	0	0.1480734237593823	0.05880449386455813	-0.2241687961522047	0	2.252222215131324e-06	0	0	0	0	0	0	0	0	0	0	0	0	0	0	0	0	0	0	0	0
25.7	7.883511382370281	1.711423583212592	-7.654951594303136	0	0.9399999999999999	0	0	0	0	0	0	0	0	0	0.1484017218140686	0.05743068280787741	-0.2241041811773226	0	-4.434802592556717e-09	0	0	0	0	0	0	0	0	0	0	0	0	0	0	0	0	0	0	0	0
25.72	7.965705898607449	1.710566851586246	-7.723222740441733	0	0.9399999999999999	0	0	0	0	0	0	0	0	0	0.1479641494369943	0.04891789772380402	-0.2116248458436758	0	2.683421100708722e-07	0	0	0	0	0	0	0	0	0	0	0	0	0	0	0	0	0	0	0	0
25.74	7.965705898607449	1.710566851586246	-7.723222740441733	0	0.9399999999999999	0	0	0	0	0	0	0	0	0	0.1479641494369943	0.04891789772380402	-0.2116248458436758	0	2.683421100708722e-07	0	0	0	0	0	0	0	0	0	0	0	0	0	0	0	0	0	0	0	0
25.76	7.986972607562708	1.70870277283871	-7.739332713880176	0	0.9399999999999999	0	0	0	0	0	0	0	0	0	0.1458411719439062	0.04685490646734593	-0.2070032701537584	0	8.280397295330073e-08	0	0	0	0	0	0	0	0	0	0	0	0	0	0	0	0	0	0	0	0
25.78	8.010135749694937	1.70678146926322	-7.754192278968155	0	0.9399999999999999	0	0	0	0	0	0	0	0	0	0.1430073589931751	0.04510396409935368	-0.1996447448212259	0	3.278316072512925e-07	0	0	0	0	0	0	0	0	0	0	0	0	0	0	0	0	0	0	0	0
25.8	8.010135749694937	1.70678146926322	-7.754192278968155	0	0.9399999999999999	0	0	0	0	0	0	0	0	0	0.1430073589931751	0.04510396409935368	-0.1996447448212259	0	3.278316072512925e-07	0	0	0	0	0	0	0	0	0	0	0	0	0	0	0	0	0	0	0	0
25.82	8.045713405533741	1.703574145685786	-7.782889563147994	0	0.9399999999999999	0	0	0	0	0	0	0	0	0	0.1390797101870445	0.04107137934865591	-0.1935416209103865	0	2.040913380224496e-08	0	0	0	0	0	0	0	0	0	0	0	0	0	0	0	0	0	0	0	0
25.84	8.045713405533741	1.703574145685786	-7.782889563147994	0	0.9399999999999999	0	0	0	0	0	0	0	0	0	0.1390797101870445	0.04107137934865591	-0.1935416209103865	0	2.040913380224496e-08	0	0	0	0	0	0	0	0	0	0	0	0	0	0	0	0	0	0	0	0
25.86	8.09287942985625	1.700995738892502	-7.823377972784869	0	0.9399999999999999	0	0	0	0	0	0	0	0	0	0.1357220523046805	0.03519354767835298	-0.1880559116271085	0	1.162930380195059e-09	0	0	0	0	0	0	0	0	0	0	0	0	0	0	0	0	0	0	0	0
25.88	8.117280042408964	1.699453573688242	-7.844217804167547	0	0.9399999999999999	0	0	0	0	0	0	0	0	0	0.133703814128182	0.03221268386980487	-0.1854280013855568	0	-3.451723025199278e-08	0	0	0	0	0	0	0	0	0	0	0	0	0	0	0	0	0	0	0	0
25.9	8.13825508417778	1.697399143039666	-7.861303251433459	0	0.9399999999999999	0	0	0	0	0	0	0	0	0	0.1312812811324589	0.02970558539117168	-0.18259194248599	0	-5.949444284859136e-07	0	0	0	0	0	0	0	0	0	0	0	0	0	0	0	0	0	0	0	0
25.92	8.13825508417778	1.697399143039666	-7.861303251433459	0	0.9399999999999999	0	0	0	0	0	0	0	0	0	0.1312812811324589	0.02970558539117168	-0.18259194248599	0	-5.949444284859136e-07	0	0	0	0	0	0	0	0	0	0	0	0	0	0	0	0	0	0	0	0
25.94	8.153744561485713	1.695154223189205	-7.8730138934267	0	0.9399999999999999	0	0	0	0	0	0	0	0	0	0.1287434718302839	0.02798596986197751	-0.1797525482811214	0	1.496132339471434e-07	0	0	0	0	0	0	0	0	0	0	0	0	0	0	0	0	0	0	0	0
25.96	8.167157909511488	1.692388481584143	-7.882776645287845	0	0.9399999999999999	0	0	0	0	0	0	0	0	0	0.1257240533551528	0.02654271025173265	-0.176900739552043	0	-7.344485446325786e-08	0	0	0	0	0	0	0	0	0	0	0	0	0	0	0	0	0	0	0	0
25.98	8.175952915214156	1.690075445920901	-7.887561991325445	0	0.9399999999999999	0	0	0	0	0	0	0	0	0	0.1231796684730208	0.02569812292751964	-0.1736738623164594	0	-1.234787347642683e-06	0	0	0	0	0	0	0	0	0	0	0	0	0	0	0	0	0	0	0	0
26	8.192234193465584	1.68885302799166	-7.898651785421301	0	0.9399999999999999	0	0	0	0	0	0	0	0	0	0.1217025026785241	0.02410076079168701	-0.1692310213145835	0	-6.337830490296853e-08	0	0	0	0	0	0	0	0	0	0	0	0	0	0	0	0	0	0	0	0
26.02	8.214942638308305	1.690972931910298	-7.909599839838994	0	0.9399999999999999	0	0	0	0	0	0	0	0	0	0.1233521724601235	0.02197488884254214	-0.1591210517599068	0	8.470705830730367e-07	0	0	0	0	0	0	0	0	0	0	0	0	0	0	0	0	0	0	0	0
26.04	8.214942638308305	1.690972931910298	-7.909599839838994	0	0.9399999999999999	0	0	0	0	0	0	0	0	0	0.1233521724601235	0.02197488884254214	-0.1591210517599068	0	8.470705830730367e-07	0	0	0	0	0	0	0	0	0	0	0	0	0	0	0	0	0	0	0	0
26.06	8.209555398265007	1.694461263153453	-7.898354038568112	0	0.9399999999999999	0	0	0	0	0	0	0	0	0	0.1268442760042064	0.02275424843361618	-0.1540706480395982	0	-7.874918517074676e-07	0	0	0	0	0	0	0	0	0	0	0	0	0	0	0	0	0	0	0	0
26.08	8.197113851270331	1.698745091631414	-7.880597401958147	0	0.9399999999999999	0	0	0	0	0	0	0	0	0	0.1310511606688547	0.02425041007107645	-0.1494030335951821	0	-8.249978461640675e-08	0	0	0	0	0	0	0	0	0	0	0	0	0	0	0	0	0	0	0	0
26.1	8.168626632532636	1.708274384122662	-7.84292267969452	0	0.9399999999999999	0	0	0	0	0	0	0	0	0	0.1400972746572974	0.02819173246047738	-0.1413547471390272	0	-1.116773703383172e-06	0	0	0	0	0	0	0	0	0	0	0	0	0	0	0	0	0	0	0	0
26.12	8.156012528438865	1.713020316106007	-7.82725451961666	0	0.9399999999999999	0	0	0	0	0	0	0	0	0	0.1445176489646326	0.0301407013796866	-0.1387964313277142	0	-2.188332750976562e-07	0	0	0	0	0	0	0	0	0	0	0	0	0	0	0	0	0	0	0	0
26.14	8.148200451662394	1.715750674594605	-7.816784834474425	0	0.9399999999999999	0	0	0	0	0	0	0	0	0	0.1467576834130705	0.03135188027551169	-0.1366252459810971	0	6.756518622634033e-07	0	0	0	0	0	0	0	0	0	0	0	0	0	0	0	0	0	0	0	0
26.16	8.148200451662394	1.715750674594605	-7.816784834474425	0	0.9399999999999999	0	0	0	0	0	0	0	0	0	0.1467576834130705	0.03135188027551169	-0.1366252459810971	0	6.756518622634033e-07	0	0	0	0	0	0	0	0	0	0	0	0	0	0	0	0	0	0	0	0
26.18	8.149849475649257	1.715272241905257	-7.814990315116242	0	0.9399999999999999	0	0	0	0	0	0	0	0	0	0.1452687999807051	0.03105552558797033	-0.1340041089646202	0	-4.446482843423291e-06	0	0	0	0	0	0	0	0	0	0	0	0	0	0	0	0	0	0	0	0
26.2	8.151138563228059	1.714926489526274	-7.814086692388543	0	0.9399999999999999	0	0	0	0	0	0	0	0	0	0.1443596333130119	0.03077296012838059	-0.1325295379919451	0	1.086800193186607e-06	0	0	0	0	0	0	0	0	0	0	0	0	0	0	0	0	0	0	0	0
26.22	8.166428202263337	1.715068584737311	-7.82637735284275	0	0.9399999999999999	0	0	0	0	0	0	0	0	0	0.1438785794407245	0.0287679042350942	-0.1299707351167058	0	-9.023167160776288e-09	0	0	0	0	0	0	0	0	0	0	0	0	0	0	0	0	0	0	0	0
26.24	8.166428202263337	1.715068584737311	-7.82637735284275	0	0.9399999999999999	0	0	0	0	0	0	0	0	0	0.1438785794407245	0.0287679042350942	-0.1299707351167058	0	-9.023167160776288e-09	0	0	0	0	0	0	0	0	0	0	0	0	0	0	0	0	0	0	0	0
26.26	8.16824937733638	1.715705589874162	-7.824741555567779	0	0.9399999999999999	0	0	0	0	0	0	0	0	0	0.1438259093299061	0.02890270741003378	-0.1272049696311674	0	4.088886912387506e-06	0	0	0	0	0	0	0	0	0	0	0	0	0	0	0	0	0	0	0	0
26.28	8.179992777159038	1.718975362767734	-7.828686093454879	0	0.9399999999999999	0	0	0	0	0	0	0	0	0	0.1458304441511155	0.02824723373339982	-0.1208731508310194	0	1.141538784296151e-06	0	0	0	0	0	0	0	0	0	0	0	0	0	0	0	0	0	0	0	0
26.3	8.182143607366735	1.720966756984733	-7.826899318443851	0	0.9399999999999999	0	0	0	0	0	0	0	0	0	0.1471346291289394	0.02846570733717628	-0.1179676404096348	0	2.031426960005065e-05	0	0	0	0	0	0	0	0	0	0	0	0	0	0	0	0	0	0	0	0
26.32	8.18485641736174	1.723430271066854	-7.825235424714102	0	0.9399999999999999	0	0	0	0	0	0	0	0	0	0.1490466561787683	0.02868614017628132	-0.1148070921195956	0	-3.962735989242363e-05	0	0	0	0	0	0	0	0	0	0	0	0	0	0	0	0	0	0	0	0
26.34	8.21568232822303	1.727318336677691	-7.851330652546754	0	0.9399999999999999	0	0	0	0	0	0	0	0	0	0.1526346075811374	0.0245714401775243	-0.1112040666468853	0	-2.552429478032904e-08	0	0	0	0	0	0	0	0	0	0	0	0	0	0	0	0	0	0	0	0
26.36	8.21568232822303	1.727318336677691	-7.851330652546754	0	0.9399999999999999	0	0	0	0	0	0	0	0	0	0.1526346075811374	0.0245714401775243	-0.1112040666468853	0	-2.552429478032904e-08	0	0	0	0	0	0	0	0	0	0	0	0	0	0	0	0	0	0	0	0
26.38	8.21860715007807	1.731722509197859	-7.849265746658175	0	0.9399999999999999	0	0	0	0	0	0	0	0	0	0.1567932285003124	0.02474627854277263	-0.1076867653383458	0	4.421229514224652e-06	0	0	0	0	0	0	0	0	0	0	0	0	0	0	0	0	0	0	0	0
26.4	8.256060570641273	1.734687789506467	-7.875856811964039	0	0.9399999999999999	0	0	0	0	0	0	0	0	0	0.1593999397726729	0.01989599153296641	-0.09907832089507418	0	3.478452712960154e-07	0	0	0	0	0	0	0	0	0	0	0	0	0	0	0	0	0	0	0	0
26.42	8.256060570641273	1.734687789506467	-7.875856811964039	0	0.9399999999999999	0	0	0	0	0	0	0	0	0	0.1593999397726729	0.01989599153296641	-0.09907832089507418	0	3.478452712960154e-07	0	0	0	0	0	0	0	0	0	0	0	0	0	0	0	0	0	0	0	0
26.44	8.323540803332873	1.741343411299679	-7.930741748684026	0	0.9399999999999999	0	0	0	0	0	0	0	0	0	0.1655101302195647	0.01010943810794609	-0.0866535474492959	0	-1.828228296077439e-07	0	0	0	0	0	0	0	0	0	0	0	0	0	0	0	0	0	0	0	0
26.46	8.339543217744787	1.746034135547664	-7.939458012739194	0	0.9399999999999999	0	0	0	0	0	0	0	0	0	0.1703016615756758	0.007317422361386205	-0.08007865571823612	0	1.10546966098425e-07	0	0	0	0	0	0	0	0	0	0	0	0	0	0	0	0	0	0	0	0
26.48	8.343383833079365	1.750646107634599	-7.936270450887554	0	0.9399999999999999	0	0	0	0	0	0	0	0	0	0.1748895272625894	0.006817986487479537	-0.07323356157547412	0	-1.776057242365229e-06	0	0	0	0	0	0	0	0	0	0	0	0	0	0	0	0	0	0	0	0
26.5	8.343395714152054	1.750643299842795	-7.936269926140845	0	0.9399999999999999	0	0	0	0	0	0	0	0	0	0.1748875895534646	0.006818464339556717	-0.07323564914213616	0	-1.304132828529524e-06	0	0	0	0	0	0	0	0	0	0	0	0	0	0	0	0	0	0	0	0
26.52	8.338667212961985	1.761789149705481	-7.918728559945606	0	0.9399999999999999	0	0	0	0	0	0	0	0	0	0.1855993675664204	0.007796831719191884	-0.06116108465058064	0	-4.531588735807719e-08	0	0	0	0	0	0	0	0	0	0	0	0	0	0	0	0	0	0	0	0
26.54	8.331274071691617	1.767675530387628	-7.90526298889673	0	0.9399999999999999	0	0	0	0	0	0	0	0	0	0.1914200561120366	0.009139580576623356	-0.05561887567935229	0	-3.360867563105257e-08	0	0	0	0	0	0	0	0	0	0	0	0	0	0	0	0	0	0	0	0
26.56	8.331274071691617	1.767675530387628	-7.90526298889673	0	0.9399999999999999	0	0	0	0	0	0	0	0	0	0.1914200561120366	0.009139580576623356	-0.05561887567935229	0	-3.360867563105257e-08	0	0	0	0	0	0	0	0	0	0	0	0	0	0	0	0	0	0	0	0
26.58	8.327708511936072	1.772812616057805	-7.896345101645268	0	0.9399999999999999	0	0	0	0	0	0	0	0	0	0.1965677223268896	0.009756919938383953	-0.05043779534733965	0	2.063144898219128e-07	0	0	0	0	0	0	0	0	0	0	0	0	0	0	0	0	0	0	0	0
26.6	8.352472570474148	1.779279034542367	-7.913173306052896	0	0.9399999999999999	0	0	0	0	0	0	0	0	0	0.2026488768759598	0.004266647987081419	-0.04202027005586002	0	-2.315493285249509e-07	0	0	0	0	0	0	0	0	0	0	0	0	0	0	0	0	0	0	0	0
26.62	8.352472570474148	1.779279034542367	-7.913173306052896	0	0.9399999999999999	0	0	0	0	0	0	0	0	0	0.2026488768759598	0.004266647987081419	-0.04202027005586002	0	-2.315493285249509e-07	0	0	0	0	0	0	0	0	0	0	0	0	0	0	0	0	0	0	0	0
26.64	8.402666649539723	1.788426641391901	-7.953360120951097	0	0.9399999999999999	0	0	0	0	0	0	0	0	0	0.2109813835211306	-0.006330311272995196	-0.03091506331527254	0	-9.148846467800691e-08	0	0	0	0	0	0	0	0	0	0	0	0	0	0	0	0	0	0	0	0
26.66	8.423663007274945	1.789934573042379	-7.968199294611711	0	0.9399999999999999	0	0	0	0	0	0	0	0	0	0.2123827480782947	-0.01049099173697225	-0.02397004169261591	0	-4.132510534470453e-07	0	0	0	0	0	0	0	0	0	0	0	0	0	0	0	0	0	0	0	0
26.68	8.446832421115039	1.790877610116718	-7.986351810727419	0	0.9399999999999999	0	0	0	0	0	0	0	0	0	0.2127569331173917	-0.01455380045738919	-0.0185274843575254	0	-6.331094033823297e-07	0	0	0	0	0	0	0	0	0	0	0	0	0	0	0	0	0	0	0	0
26.7	8.446660557230002	1.79080926397486	-7.986346076784572	0	0.9399999999999999	0	0	0	0	0	0	0	0	0	0.212873485942953	-0.01537515059851737	-0.0180219415711704	0	5.24051605856375e-06	0	0	0	0	0	0	0	0	0	0	0	0	0	0	0	0	0	0	0	0
26.72	8.495309423163846	1.794591028906215	-8.029236111743675	0	0.9399999999999999	0	0	0	0	0	0	0	0	0	0.2151084773353615	-0.02680534807844189	-0.00911819350784175	0	3.813968440005788e-08	0	0	0	0	0	0	0	0	0	0	0	0	0	0	0	0	0	0	0	0
26.74	8.520244540378572	1.796184847515669	-8.052067535487776	0	0.9399999999999999	0	0	0	0	0	0	0	0	0	0.2156369254837439	-0.0327199558418311	-0.005264934857771577	0	9.905066530099878e-08	0	0	0	0	0	0	0	0	0	0	0	0	0	0	0	0	0	0	0	0
26.76	8.520244540378572	1.796184847515669	-8.052067535487776	0	0.9399999999999999	0	0	0	0	0	0	0	0	0	0.2156369254837439	-0.0327199558418311	-0.005264934857771577	0	9.905066530099878e-08	0	0	0	0	0	0	0	0	0	0	0	0	0	0	0	0	0	0	0	0
26.78	8.567544010823983	1.798853405717808	-8.092888035802281	0	0.9399999999999999	0	0	0	0	0	0	0	0	0	0.2159998308737833	-0.04349184285382464	0.004137516124776216	0	-1.488851116942754e-07	0	0	0	0	0	0	0	0	0	0	0	0	0	0	0	0	0	0	0	0
26.8	8.581800602513441	1.801956587731657	-8.103063804543693	0	0.9399999999999999	0	0	0	0	0	0	0	0	0	0.2183608651350104	-0.04671749140771641	0.009239960326700047	0	-5.696418989612826e-07	0	0	0	0	0	0	0	0	0	0	0	0	0	0	0	0	0	0	0	0
26.82	8.591337156581499	1.804907348112	-8.107911753097891	0	0.9399999999999999	0	0	0	0	0	0	0	0	0	0.2211293104775988	-0.04926646643345826	0.01479933510504881	0	4.640412983223594e-07	0	0	0	0	0	0	0	0	0	0	0	0	0	0	0	0	0	0	0	0
26.84	8.596757614072986	1.80634464760157	-8.108694777233509	0	0.9399999999999999	0	0	0	0	0	0	0	0	0	0.2223881273549088	-0.05003759216588884	0.01982663763095176	0	-1.503155417763077e-07	0	0	0	0	0	0	0	0	0	0	0	0	0	0	0	0	0	0	0	0
26.86	8.598780167813446	1.808003283030213	-8.106855810556656	0	0.9399999999999999	0	0	0	0	0	0	0	0	0	0.2241109160620002	-0.05012386396974477	0.02392321236199587	0	-3.826701580752377e-06	0	0	0	0	0	0	0	0	0	0	0	0	0	0	0	0	0	0	0	0
26.88	8.600409963539168	1.811353877466704	-8.105848436320356	0	0.9399999999999999	0	0	0	0	0	0	0	0	0	0.2275780864983025	-0.05085554824696719	0.0267155238360297	0	6.943809839650335e-06	0	0	0	0	0	0	0	0	0	0	0	0	0	0	0	0	0	0	0	0
26.9	8.601809866268567	1.814175079173089	-8.104789416131807	0	0.9399999999999999	0	0	0	0	0	0	0	0	0	0.2304582764345475	-0.05136699375552966	0.02909422161189094	0	-3.796838011690178e-06	0	0	0	0	0	0	0	0	0	0	0	0	0	0	0	0	0	0	0	0
26.92	8.601813057058093	1.814178007840525	-8.10479704167623	0	0.9399999999999999	0	0	0	0	0	0	0	0	0	0.2304627822679466	-0.05137063362019316	0.02908551276886413	0	-3.58188604320258e-06	0	0	0	0	0	0	0	0	0	0	0	0	0	0	0	0	0	0	0	0
26.94	8.609896778691086	1.812132762784277	-8.10743942339993	0	0.9399999999999999	0	0	0	0	0	0	0	0	0	0.2282833926083945	-0.05172983083633484	0.03311109914011576	0	-2.129188466277096e-07	0	0	0	0	0	0	0	0	0	0	0	0	0	0	0	0	0	0	0	0
26.96	8.615036958956249	1.808847188336542	-8.109189068573807	0	0.9399999999999999	0	0	0	0	0	0	0	0	0	0.2250068516308649	-0.05138184323693529	0.03498092550729229	0	-4.526060526852531e-07	0	0	0	0	0	0	0	0	0	0	0	0	0	0	0	0	0	0	0	0
26.98	8.615036958956249	1.808847188336542	-8.109189068573807	0	0.9399999999999999	0	0	0	0	0	0	0	0	0	0.2250068516308649	-0.05138184323693529	0.03498092550729229	0	-4.526060526852531e-07	0	0	0	0	0	0	0	0	0	0	0	0	0	0	0	0	0	0	0	0
27	8.623175783484548	1.799518014465271	-8.112029706372878	0	0.9399999999999999	0	0	0	0	0	0	0	0	0	0.2160251755959436	-0.04953168967498389	0.03687731392471986	0	-9.835628513726456e-07	0	0	0	0	0	0	0	0	0	0	0	0	0	0	0	0	0	0	0	0
27.02	8.627952356571912	1.794128242112645	-8.1142408978227	0	0.9399999999999999	0	0	0	0	0	0	0	0	0	0.2109086201928911	-0.04852974330482903	0.03776359722536322	0	3.631170077903135e-08	0	0	0	0	0	0	0	0	0	0	0	0	0	0	0	0	0	0	0	0
27.04	8.627952356571912	1.794128242112645	-8.1142408978227	0	0.9399999999999999	0	0	0	0	0	0	0	0	0	0.2109086201928911	-0.04852974330482903	0.03776359722536322	0	3.631170077903135e-08	0	0	0	0	0	0	0	0	0	0	0	0	0	0	0	0	0	0	0	0
27.06	8.640443507639064	1.783566974595749	-8.120392662787323	0	0.9399999999999999	0	0	0	0	0	0	0	0	0	0.2004654881832927	-0.04674809907056174	0.04067183874705882	0	1.769817941020361e-07	0	0	0	0	0	0	0	0	0	0	0	0	0	0	0	0	0	0	0	0
27.08	8.640443507639064	1.783566974595749	-8.120392662787323	0	0.9399999999999999	0	0	0	0	0	0	0	0	0	0.2004654881832927	-0.04674809907056174	0.04067183874705882	0	1.769817941020361e-07	0	0	0	0	0	0	0	0	0	0	0	0	0	0	0	0	0	0	0	0
27.1	8.651140732363102	1.779444602292171	-8.127991519877749	0	0.9399999999999999	0	0	0	0	0	0	0	0	0	0.1961905456468832	-0.04688730914577341	0.04207706871638556	0	8.752003402813743e-08	0	0	0	0	0	0	0	0	0	0	0	0	0	0	0	0	0	0	0	0
27.12	8.681563865669832	1.77194996938576	-8.154076689615588	0	0.9399999999999999	0	0	0	0	0	0	0	0	0	0.1885571559304559	-0.04941345687315983	0.04362358684444125	0	2.740338801939023e-08	0	0	0	0	0	0	0	0	0	0	0	0	0	0	0	0	0	0	0	0
27.14	8.700219276012767	1.77130921572654	-8.170080871955193	0	0.9399999999999999	0	0	0	0	0	0	0	0	0	0.1875607848714718	-0.05217189703879924	0.04567433172213407	0	-4.610380148621952e-07	0	0	0	0	0	0	0	0	0	0	0	0	0	0	0	0	0	0	0	0
27.16	8.715978587377307	1.771648224202924	-8.182600981844686	0	0.9399999999999999	0	0	0	0	0	0	0	0	0	0.1875839925420719	-0.05448975857491398	0.0486965213281996	0	-1.969865172631432e-07	0	0	0	0	0	0	0	0	0	0	0	0	0	0	0	0	0	0	0	0
27.18	8.715978587377307	1.771648224202924	-8.182600981844686	0	0.9399999999999999	0	0	0	0	0	0	0	0	0	0.1875839925420719	-0.05448975857491398	0.0486965213281996	0	-1.969865172631432e-07	0	0	0	0	0	0	0	0	0	0	0	0	0	0	0	0	0	0	0	0
27.2	8.733249516049748	1.771048466486531	-8.196165687292883	0	0.9399999999999999	0	0	0	0	0	0	0	0	0	0.1867511819001837	-0.0565865569647022	0.05246948739978768	0	2.047200031777873e-08	0	0	0	0	0	0	0	0	0	0	0	0	0	0	0	0	0	0	0	0
27.22	8.775737973089406	1.766786612360849	-8.229750650424263	0	0.9399999999999999	0	0	0	0	0	0	0	0	0	0.1815956220476078	-0.06060108583537736	0.06283269891728653	0	3.263444288019208e-06	0	0	0	0	0	0	0	0	0	0	0	0	0	0	0	0	0	0	0	0
27.24	8.795498198579454	1.765216252043387	-8.244544041248746	0	0.9399999999999999	0	0	0	0	0	0	0	0	0	0.1798788741331648	-0.06265625197663691	0.06920758773133885	0	6.111377142233763e-08	0	0	0	0	0	0	0	0	0	0	0	0	0	0	0	0	0	0	0	0
27.26	8.834241640009518	1.764350288786338	-8.279786290587138	0	0.9399999999999999	0	0	0	0	0	0	0	0	0	0.1772353489188565	-0.06837366002951077	0.07483862860557869	0	1.980026769366985e-06	0	0	0	0	0	0	0	0	0	0	0	0	0	0	0	0	0	0	0	0
27.28	8.887514099080231	1.761833201839534	-8.333892509996996	0	0.9399999999999999	0	0	0	0	0	0	0	0	0	0.1710454749994679	-0.07655889798549478	0.07652130683619336	0	5.675683237918418e-08	0	0	0	0	0	0	0	0	0	0	0	0	0	0	0	0	0	0	0	0
27.3	8.973822439848497	1.756345959089412	-8.424101614242725	0	0.9399999999999999	0	0	0	0	0	0	0	0	0	0.1583900540845015	-0.08857373858630026	0.07541031247676974	0	4.709235416652904e-06	0	0	0	0	0	0	0	0	0	0	0	0	0	0	0	0	0	0	0	0
27.32	8.973819016903342	1.75635120807483	-8.424104911429104	0	0.9399999999999999	0	0	0	0	0	0	0	0	0	0.1583923630017679	-0.08857665208533567	0.07539939531598637	0	4.082160473263131e-06	0	0	0	0	0	0	0	0	0	0	0	0	0	0	0	0	0	0	0	0
27.34	9.112815296591512	1.753213615581352	-8.579492485409768	0	0.9399999999999999	0	0	0	0	0	0	0	0	0	0.1394456430110186	-0.1096433550681938	0.06213917343241705	0	-3.939606225898369e-07	0	0	0	0	0	0	0	0	0	0	0	0	0	0	0	0	0	0	0	0
27.36	9.193521675989169	1.748956906193642	-8.663066369478216	0	0.9399999999999999	0	0	0	0	0	0	0	0	0	0.1263060092097662	-0.1180509099753523	0.06484604008292155	0	9.009289461423362e-08	0	0	0	0	0	0	0	0	0	0	0	0	0	0	0	0	0	0	0	0
27.38	9.193521675989169	1.748956906193642	-8.663066369478216	0	0.9399999999999999	0	0	0	0	0	0	0	0	0	0.1263060092097662	-0.1180509099753523	0.06484604008292155	0	9.009289461423362e-08	0	0	0	0	0	0	0	0	0	0	0	0	0	0	0	0	0	0	0	0
27.4	9.319384204823207	1.73976258808031	-8.786097357980058	0	0.9399999999999999	0	0	0	0	0	0	0	0	0	0.1041473975722587	-0.1257716064385684	0.07208361498661442	0	1.762011098464842e-06	0	0	0	0	0	0	0	0	0	0	0	0	0	0	0	0	0	0	0	0
27.42	9.32068976301596	1.737499095145234	-8.785259676383948	0	0.9399999999999999	0	0	0	0	0	0	0	0	0	0.102833878896299	-0.1240585834615192	0.07646708264448811	0	-2.177316431048641e-06	0	0	0	0	0	0	0	0	0	0	0	0	0	0	0	0	0	0	0	0
27.44	9.320695200732537	1.737496925638782	-8.785266982159206	0	0.9399999999999999	0	0	0	0	0	0	0	0	0	0.1028305839034118	-0.1240568644163473	0.07646352600664164	0	-2.137164843495836e-06	0	0	0	0	0	0	0	0	0	0	0	0	0	0	0	0	0	0	0	0
27.46	9.320822293005163	1.730286324988993	-8.784837152339248	0	0.9399999999999999	0	0	0	0	0	0	0	0	0	0.09867554917454704	-0.1181406572000087	0.08067029715255564	0	9.236138904875802e-07	0	0	0	0	0	0	0	0	0	0	0	0	0	0	0	0	0	0	0	0
27.48	9.319565737260506	1.725950002757709	-8.786533023788929	0	0.9399999999999999	0	0	0	0	0	0	0	0	0	0.09595541714886734	-0.114748608100146	0.0789282904534203	0	-2.327674123736123e-06	0	0	0	0	0	0	0	0	0	0	0	0	0	0	0	0	0	0	0	0
27.5	9.34480352406905	1.721691120125089	-8.81615355453429	0	0.9399999999999999	0	0	0	0	0	0	0	0	0	0.08979681794674924	-0.1139556170032615	0.07517736780254167	0	-1.886837739875654e-07	0	0	0	0	0	0	0	0	0	0	0	0	0	0	0	0	0	0	0	0
27.52	9.375473883950241	1.71862941521372	-8.852133577096094	0	0.9399999999999999	0	0	0	0	0	0	0	0	0	0.08356966685128746	-0.114560516000966	0.06971803673684975	0	1.639466242881684e-06	0	0	0	0	0	0	0	0	0	0	0	0	0	0	0	0	0	0	0	0
27.54	9.412639982635531	1.717364164160495	-8.893688988893055	0	0.9399999999999999	0	0	0	0	0	0	0	0	0	0.07773172850989704	-0.1168847379885462	0.06438967266220189	0	-6.219487551471888e-07	0	0	0	0	0	0	0	0	0	0	0	0	0	0	0	0	0	0	0	0
27.56	9.440521285265087	1.717007415461582	-8.923597964085722	0	0.9399999999999999	0	0	0	0	0	0	0	0	0	0.07406432945075188	-0.118927695826149	0.06086793088356927	0	1.873663726158799e-07	0	0	0	0	0	0	0	0	0	0	0	0	0	0	0	0	0	0	0	0
27.58	9.457861606673964	1.716684522099827	-8.94137661513302	0	0.9399999999999999	0	0	0	0	0	0	0	0	0	0.0722218556028057	-0.1199661620745592	0.05863224095376706	0	-2.873673093227326e-07	0	0	0	0	0	0	0	0	0	0	0	0	0	0	0	0	0	0	0	0
27.6	9.457861606673964	1.716684522099827	-8.94137661513302	0	0.9399999999999999	0	0	0	0	0	0	0	0	0	0.0722218556028057	-0.1199661620745592	0.05863224095376706	0	-2.873673093227326e-07	0	0	0	0	0	0	0	0	0	0	0	0	0	0	0	0	0	0	0	0
27.62	9.468271790662438	1.715727159196922	-8.951436135047571	0	0.9399999999999999	0	0	0	0	0	0	0	0	0	0.07115928362461682	-0.1198085591791168	0.05720356344658446	0	2.942493993200838e-07	0	0	0	0	0	0	0	0	0	0	0	0	0	0	0	0	0	0	0	0
27.64	9.491247000913349	1.710581718215375	-8.974254220803479	0	0.9399999999999999	0	0	0	0	0	0	0	0	0	0.06704633766520092	-0.116217927528432	0.05433580452824718	0	-2.754381560363561e-08	0	0	0	0	0	0	0	0	0	0	0	0	0	0	0	0	0	0	0	0
27.66	9.503200596825298	1.706808743584809	-8.987155127121351	0	0.9399999999999999	0	0	0	0	0	0	0	0	0	0.06436793388981364	-0.113300888092346	0.05202196301539969	0	1.335766037549724e-07	0	0	0	0	0	0	0	0	0	0	0	0	0	0	0	0	0	0	0	0
27.68	9.503200596825298	1.706808743584809	-8.987155127121351	0	0.9399999999999999	0	0	0	0	0	0	0	0	0	0.06436793388981364	-0.113300888092346	0.05202196301539969	0	1.335766037549724e-07	0	0	0	0	0	0	0	0	0	0	0	0	0	0	0	0	0	0	0	0
27.7	9.51490661949801	1.702482097825285	-9.000952004555772	0	0.9399999999999999	0	0	0	0	0	0	0	0	0	0.06140418987034086	-0.1099986609025195	0.04870754391294362	0	-2.383312776690778e-07	0	0	0	0	0	0	0	0	0	0	0	0	0	0	0	0	0	0	0	0
27.72	9.511925022001678	1.693514933073264	-9.004692167621489	0	0.9399999999999999	0	0	0	0	0	0	0	0	0	0.05843809043812308	-0.1021313084655858	0.04047569962056061	0	8.383129953170909e-07	0	0	0	0	0	0	0	0	0	0	0	0	0	0	0	0	0	0	0	0
27.74	9.509715385213884	1.689236329687101	-9.006367209412531	0	0.9399999999999999	0	0	0	0	0	0	0	0	0	0.05717369232218211	-0.09830810384127595	0.03624184728058134	0	-4.481264876195936e-06	0	0	0	0	0	0	0	0	0	0	0	0	0	0	0	0	0	0	0	0
27.76	9.488565391250866	1.685579849719686	-8.989131767123331	0	0.9399999999999999	0	0	0	0	0	0	0	0	0	0.05822690178963771	-0.09409556234091565	0.03215387234653805	0	-1.090133656168958e-07	0	0	0	0	0	0	0	0	0	0	0	0	0	0	0	0	0	0	0	0
27.78	9.488565391250866	1.685579849719686	-8.989131767123331	0	0.9399999999999999	0	0	0	0	0	0	0	0	0	0.05822690178963771	-0.09409556234091565	0.03215387234653805	0	-1.090133656168958e-07	0	0	0	0	0	0	0	0	0	0	0	0	0	0	0	0	0	0	0	0
27.8	9.47117130512841	1.682330616188116	-8.975776597973073	0	0.9399999999999999	0	0	0	0	0	0	0	0	0	0.05911392885353232	-0.09023919893695166	0.02805586553936413	0	1.845317515799271e-07	0	0	0	0	0	0	0	0	0	0	0	0	0	0	0	0	0	0	0	0
27.82	9.449051855946157	1.679928671907505	-8.957597697530895	0	0.9399999999999999	0	0	0	0	0	0	0	0	0	0.06083499450550914	-0.08677499752476836	0.02416016659059851	0	9.180297663484242e-08	0	0	0	0	0	0	0	0	0	0	0	0	0	0	0	0	0	0	0	0
27.84	9.423042750591049	1.678644512170941	-8.934901884609687	0	0.9399999999999999	0	0	0	0	0	0	0	0	0	0.06343362638562976	-0.08389144725344058	0.0209568679249163	0	-8.002286891913708e-08	0	0	0	0	0	0	0	0	0	0	0	0	0	0	0	0	0	0	0	0
27.86	9.392212187576732	1.677930723411624	-8.906599259797115	0	0.9399999999999999	0	0	0	0	0	0	0	0	0	0.06682222043830061	-0.08113045518417338	0.01860775668478467	0	-2.948103459853903e-07	0	0	0	0	0	0	0	0	0	0	0	0	0	0	0	0	0	0	0	0
27.88	9.359647043709561	1.678030892427513	-8.876261540272527	0	0.9399999999999999	0	0	0	0	0	0	0	0	0	0.07072305804287556	-0.0790249228750862	0.01659835858654571	0	-1.749720719187797e-07	0	0	0	0	0	0	0	0	0	0	0	0	0	0	0	0	0	0	0	0
27.9	9.295653120346691	1.681113463731939	-8.816048711853819	0	0.9399999999999999	0	0	0	0	0	0	0	0	0	0.08035466586408087	-0.07724791972129975	0.01467526786291329	0	-3.193322152072174e-08	0	0	0	0	0	0	0	0	0	0	0	0	0	0	0	0	0	0	0	0
27.92	9.267762711772525	1.684266525700994	-8.788592770454873	0	0.9399999999999999	0	0	0	0	0	0	0	0	0	0.08572861373768086	-0.07757797139940273	0.01607263323404719	0	-1.299263102708796e-07	0	0	0	0	0	0	0	0	0	0	0	0	0	0	0	0	0	0	0	0
27.94	9.239370255145372	1.687249481998335	-8.759063328348272	0	0.9399999999999999	0	0	0	0	0	0	0	0	0	0.09114795195101029	-0.0773523725251407	0.01948997686877564	0	2.667263232251479e-08	0	0	0	0	0	0	0	0	0	0	0	0	0	0	0	0	0	0	0	0
27.96	9.208298191469837	1.689163008743671	-8.726159668016095	0	0.9399999999999999	0	0	0	0	0	0	0	0	0	0.09532609442478879	-0.07636174214768285	0.02144746363544501	0	6.136780335638469e-07	0	0	0	0	0	0	0	0	0	0	0	0	0	0	0	0	0	0	0	0
27.98	9.182820681321562	1.690718536267272	-8.699611911742677	0	0.9399999999999999	0	0	0	0	0	0	0	0	0	0.1005155058990703	-0.07457398287482034	0.02794635628711183	0	-1.445596727255216e-07	0	0	0	0	0	0	0	0	0	0	0	0	0	0	0	0	0	0	0	0
28	9.182820681321562	1.690718536267272	-8.699611911742677	0	0.9399999999999999	0	0	0	0	0	0	0	0	0	0.1005155058990703	-0.07457398287482034	0.02794635628711183	0	-1.445596727255216e-07	0	0	0	0	0	0	0	0	0	0	0	0	0	0	0	0	0	0	0	0
28.02	9.213542385061189	1.690562370499088	-8.729605560754429	0	0.9399999999999999	0	0	0	0	0	0	0	0	0	0.0984223387449942	-0.07654178040104859	0.03411302267858458	0	-6.399912773778333e-08	0	0	0	0	0	0	0	0	0	0	0	0	0	0	0	0	0	0	0	0
28.04	9.213542385061189	1.690562370499088	-8.729605560754429	0	0.9399999999999999	0	0	0	0	0	0	0	0	0	0.0984223387449942	-0.07654178040104859	0.03411302267858458	0	-6.399912773778333e-08	0	0	0	0	0	0	0	0	0	0	0	0	0	0	0	0	0	0	0	0
28.06	9.241268435490355	1.693562881854121	-8.755284464488753	0	0.9399999999999999	0	0	0	0	0	0	0	0	0	0.09792530278249166	-0.08099519512850573	0.03879834319482474	0	7.713907395793395e-08	0	0	0	0	0	0	0	0	0	0	0	0	0	0	0	0	0	0	0	0
28.08	9.252833207971229	1.698365799947376	-8.762996224201219	0	0.9399999999999999	0	0	0	0	0	0	0	0	0	0.1001430300107436	-0.08547719978489098	0.04516106821318391	0	-1.206863685105255e-06	0	0	0	0	0	0	0	0	0	0	0	0	0	0	0	0	0	0	0	0
28.1	9.243088478272565	1.703134579901405	-8.747388210393119	0	0.9399999999999999	0	0	0	0	0	0	0	0	0	0.1047154383078717	-0.08805299856430861	0.05319975919147114	0	2.505822057421723e-08	0	0	0	0	0	0	0	0	0	0	0	0	0	0	0	0	0	0	0	0
28.12	9.225091618737048	1.705864337735514	-8.723163035256588	0	0.9399999999999999	0	0	0	0	0	0	0	0	0	0.1088063179914446	-0.08805038937456576	0.06124709983863603	0	6.687501404803892e-07	0	0	0	0	0	0	0	0	0	0	0	0	0	0	0	0	0	0	0	0
28.14	9.209728768828136	1.706623730196659	-8.702924194820985	0	0.9399999999999999	0	0	0	0	0	0	0	0	0	0.111150941009674	-0.08661508356997409	0.06749946798775171	0	-4.831525288496972e-07	0	0	0	0	0	0	0	0	0	0	0	0	0	0	0	0	0	0	0	0
28.16	9.192521337842045	1.706490168452341	-8.682580634167055	0	0.9399999999999999	0	0	0	0	0	0	0	0	0	0.1128748424004024	-0.08449667762117273	0.07166449014938846	0	7.806277378021882e-07	0	0	0	0	0	0	0	0	0	0	0	0	0	0	0	0	0	0	0	0
28.18	9.180317391512485	1.705738488589029	-8.669281890760679	0	0.9399999999999999	0	0	0	0	0	0	0	0	0	0.1133970122076095	-0.08276516890997647	0.07343671105136627	0	5.553949395064973e-07	0	0	0	0	0	0	0	0	0	0	0	0	0	0	0	0	0	0	0	0
28.2	9.180051906840955	1.705313269242788	-8.669475175102644	0	0.9399999999999999	0	0	0	0	0	0	0	0	0	0.1127434049052777	-0.08263114223202581	0.07336154379628868	0	6.735615131968539e-06	0	0	0	0	0	0	0	0	0	0	0	0	0	0	0	0	0	0	0	0
28.22	9.179681881933377	1.705306761999231	-8.670108762251004	0	0.9399999999999999	0	0	0	0	0	0	0	0	0	0.1122004934904995	-0.08313380092664507	0.0725022289429553	0	-2.373056136823953e-07	0	0	0	0	0	0	0	0	0	0	0	0	0	0	0	0	0	0	0	0
28.24	9.193439614999258	1.707491730293441	-8.684179093404136	0	0.9399999999999999	0	0	0	0	0	0	0	0	0	0.1119183615306971	-0.08649180743875781	0.07249336229935543	0	2.395668166671315e-07	0	0	0	0	0	0	0	0	0	0	0	0	0	0	0	0	0	0	0	0
28.26	9.194049462747172	1.710640327960345	-8.683082162286368	0	0.9399999999999999	0	0	0	0	0	0	0	0	0	0.1137379223480112	-0.08912191426468367	0.07463071241870131	0	6.141904037975281e-08	0	0	0	0	0	0	0	0	0	0	0	0	0	0	0	0	0	0	0	0
28.28	9.165939254033219	1.714802587939742	-8.652735899450809	0	0.9399999999999999	0	0	0	0	0	0	0	0	0	0.1193728719321384	-0.08953628325326367	0.07745656626199401	0	-1.725276200983633e-07	0	0	0	0	0	0	0	0	0	0	0	0	0	0	0	0	0	0	0	0
28.3	9.137193229180117	1.719148554739339	-8.622589476142796	0	0.9399999999999999	0	0	0	0	0	0	0	0	0	0.1252739972980333	-0.08966741824273966	0.07973253633198576	0	-1.837094963493167e-07	0	0	0	0	0	0	0	0	0	0	0	0	0	0	0	0	0	0	0	0
28.32	9.1140501032315	1.722251379234075	-8.599349258273788	0	0.9399999999999999	0	0	0	0	0	0	0	0	0	0.1297483647185472	-0.0892716330019158	0.08111489993285177	0	-8.269310852004877e-07	0	0	0	0	0	0	0	0	0	0	0	0	0	0	0	0	0	0	0	0
28.34	9.102349178479734	1.723513547588289	-8.588778316675235	0	0.9399999999999999	0	0	0	0	0	0	0	0	0	0.131722276407826	-0.08889560711815232	0.08164646579810064	0	8.987264994811569e-07	0	0	0	0	0	0	0	0	0	0	0	0	0	0	0	0	0	0	0	0
28.36	9.101458377996604	1.723449860152771	-8.589556539714087	0	0.9399999999999999	0	0	0	0	0	0	0	0	0	0.1314233348000022	-0.08897635948440684	0.08196092812911444	0	1.419790186969744e-06	0	0	0	0	0	0	0	0	0	0	0	0	0	0	0	0	0	0	0	0
28.38	9.100463806985339	1.724211029419183	-8.59010934737865	0	0.9399999999999999	0	0	0	0	0	0	0	0	0	0.1316727814060921	-0.08964935637091229	0.08468787951404989	0	-4.880930972899715e-06	0	0	0	0	0	0	0	0	0	0	0	0	0	0	0	0	0	0	0	0
28.4	9.100705853612265	1.72527417031897	-8.589440798152948	0	0.9399999999999999	0	0	0	0	0	0	0	0	0	0.1323351297327703	-0.09049861255359271	0.08779617371115551	0	3.148071214318657e-06	0	0	0	0	0	0	0	0	0	0	0	0	0	0	0	0	0	0	0	0
28.42	9.100697191713525	1.725281084846097	-8.58943492753879	0	0.9399999999999999	0	0	0	0	0	0	0	0	0	0.132338865098581	-0.09050423433202086	0.08779188631007417	0	3.00767603391214e-06	0	0	0	0	0	0	0	0	0	0	0	0	0	0	0	0	0	0	0	0
28.44	9.101212899431214	1.727263926710532	-8.588715315710095	0	0.9399999999999999	0	0	0	0	0	0	0	0	0	0.1336948598459129	-0.09209071694002093	0.09119381651833244	0	-1.524127029702055e-05	0	0	0	0	0	0	0	0	0	0	0	0	0	0	0	0	0	0	0	0
28.46	9.111226832647601	1.732616920754959	-8.599217033656117	0	0.9399999999999999	0	0	0	0	0	0	0	0	0	0.1362329704989319	-0.09763304815856745	0.09462773159009411	0	-4.468082832087915e-08	0	0	0	0	0	0	0	0	0	0	0	0	0	0	0	0	0	0	0	0
28.48	9.122351410075995	1.733831741210522	-8.612681805795702	0	0.9399999999999999	0	0	0	0	0	0	0	0	0	0.135397685215476	-0.1002112377815488	0.09405043804326628	0	-8.489129628698705e-08	0	0	0	0	0	0	0	0	0	0	0	0	0	0	0	0	0	0	0	0
28.5	9.13344325642603	1.733957059115997	-8.627528001454037	0	0.9399999999999999	0	0	0	0	0	0	0	0	0	0.1331408327419735	-0.1019347498543123	0.09195530952200819	0	4.058356527278052e-07	0	0	0	0	0	0	0	0	0	0	0	0	0	0	0	0	0	0	0	0
28.52	9.146571957619122	1.733829239955891	-8.644533215512643	0	0.9399999999999999	0	0	0	0	0	0	0	0	0	0.1316979870836298	-0.1040132809848244	0.08804043393200138	0	4.093032829360386e-08	0	0	0	0	0	0	0	0	0	0	0	0	0	0	0	0	0	0	0	0
28.54	9.146566636072828	1.733800366231127	-8.64453989325277	0	0.9399999999999999	0	0	0	0	0	0	0	0	0	0.1315713881418569	-0.103879007742819	0.08936921725790904	0	3.71574141827813e-06	0	0	0	0	0	0	0	0	0	0	0	0	0	0	0	0	0	0	0	0
28.56	9.156219092271826	1.735705894399945	-8.657033896913823	0	0.9399999999999999	0	0	0	0	0	0	0	0	0	0.1312520830138944	-0.1064612605870138	0.08874347949532867	0	-2.926084212455772e-06	0	0	0	0	0	0	0	0	0	0	0	0	0	0	0	0	0	0	0	0
28.58	9.156427813665523	1.739281770842449	-8.656183752620821	0	0.9399999999999999	0	0	0	0	0	0	0	0	0	0.1338209490740839	-0.1089039152581744	0.0901430173998724	0	-1.943268257569656e-05	0	0	0	0	0	0	0	0	0	0	0	0	0	0	0	0	0	0	0	0
28.6	9.156271402039307	1.739376097660023	-8.656186110493968	0	0.9399999999999999	0	0	0	0	0	0	0	0	0	0.1335662556793792	-0.1089271756923301	0.09037464465467532	0	-3.771970165548516e-06	0	0	0	0	0	0	0	0	0	0	0	0	0	0	0	0	0	0	0	0
28.62	9.143988699868757	1.748030965397171	-8.641034243175147	0	0.9399999999999999	0	0	0	0	0	0	0	0	0	0.1413338295561304	-0.1135943006380684	0.09496705056725453	0	-1.393671164907337e-08	0	0	0	0	0	0	0	0	0	0	0	0	0	0	0	0	0	0	0	0
28.64	9.143988699868757	1.748030965397171	-8.641034243175147	0	0.9399999999999999	0	0	0	0	0	0	0	0	0	0.1413338295561304	-0.1135943006380684	0.09496705056725453	0	-1.393671164907337e-08	0	0	0	0	0	0	0	0	0	0	0	0	0	0	0	0	0	0	0	0
28.66	9.170970321538928	1.753558899325287	-8.672747461667642	0	0.9399999999999999	0	0	0	0	0	0	0	0	0	0.1414278836673318	-0.121843462972794	0.09136448560239518	0	3.385419108265762e-07	0	0	0	0	0	0	0	0	0	0	0	0	0	0	0	0	0	0	0	0
28.68	9.181627207848601	1.756713902724494	-8.688274798792536	0	0.9399999999999999	0	0	0	0	0	0	0	0	0	0.1419316624691411	-0.1268444421234557	0.08780989705268917	0	-5.661790601592943e-07	0	0	0	0	0	0	0	0	0	0	0	0	0	0	0	0	0	0	0	0
28.7	9.179988319593933	1.761828747335126	-8.69071814834758	0	0.9399999999999999	0	0	0	0	0	0	0	0	0	0.1453880586907887	-0.1314056826596625	0.08478248470931944	0	3.008550166625437e-06	0	0	0	0	0	0	0	0	0	0	0	0	0	0	0	0	0	0	0	0
28.72	9.169465187058197	1.769577895676516	-8.681005575145457	0	0.9399999999999999	0	0	0	0	0	0	0	0	0	0.1523466182019388	-0.1364083558430908	0.08531662174087346	0	3.110583217710128e-07	0	0	0	0	0	0	0	0	0	0	0	0	0	0	0	0	0	0	0	0
28.74	9.161442725165381	1.773962952720491	-8.671188751460528	0	0.9399999999999999	0	0	0	0	0	0	0	0	0	0.1568258563190509	-0.1390027552376838	0.08816438778761418	0	1.324165111914072e-06	0	0	0	0	0	0	0	0	0	0	0	0	0	0	0	0	0	0	0	0
28.76	9.161441778069371	1.773961883800726	-8.671189653083616	0	0.9399999999999999	0	0	0	0	0	0	0	0	0	0.156825838519786	-0.1390030622765026	0.08816606798374133	0	5.205846885300785e-07	0	0	0	0	0	0	0	0	0	0	0	0	0	0	0	0	0	0	0	0
28.78	9.168582928032334	1.775970995492987	-8.6791141871959	0	0.9399999999999999	0	0	0	0	0	0	0	0	0	0.156214693243312	-0.1434846918156794	0.08891282823606493	0	-6.291650259460412e-07	0	0	0	0	0	0	0	0	0	0	0	0	0	0	0	0	0	0	0	0
28.8	9.178959176041834	1.776486441117373	-8.693557996141509	0	0.9399999999999999	0	0	0	0	0	0	0	0	0	0.1536500039182681	-0.1468481255559735	0.08565220822653759	0	2.139888736527377e-07	0	0	0	0	0	0	0	0	0	0	0	0	0	0	0	0	0	0	0	0
28.82	9.197959805898773	1.777838976872444	-8.719055615797394	0	0.9399999999999999	0	0	0	0	0	0	0	0	0	0.1496927572991431	-0.1523724900096085	0.08010478446561786	0	-4.068284855993524e-07	0	0	0	0	0	0	0	0	0	0	0	0	0	0	0	0	0	0	0	0
28.84	9.197959805898773	1.777838976872444	-8.719055615797394	0	0.9399999999999999	0	0	0	0	0	0	0	0	0	0.1496927572991431	-0.1523724900096085	0.08010478446561786	0	-4.068284855993524e-07	0	0	0	0	0	0	0	0	0	0	0	0	0	0	0	0	0	0	0	0
28.86	9.242154746944022	1.784051510554925	-8.774807369162836	0	0.9399999999999999	0	0	0	0	0	0	0	0	0	0.1424782610482192	-0.1663073616406352	0.07044814853343208	0	-1.966436667446239e-08	0	0	0	0	0	0	0	0	0	0	0	0	0	0	0	0	0	0	0	0
28.88	9.257897319579662	1.787540713578987	-8.792518304402583	0	0.9399999999999999	0	0	0	0	0	0	0	0	0	0.140484228672124	-0.1722244084628625	0.06939676050478959	0	-6.417795614490781e-07	0	0	0	0	0	0	0	0	0	0	0	0	0	0	0	0	0	0	0	0
28.9	9.257897319579662	1.787540713578987	-8.792518304402583	0	0.9399999999999999	0	0	0	0	0	0	0	0	0	0.140484228672124	-0.1722244084628625	0.06939676050478959	0	-6.417795614490781e-07	0	0	0	0	0	0	0	0	0	0	0	0	0	0	0	0	0	0	0	0
28.92	9.247983019137687	1.790869282747304	-8.781912340197774	0	0.9399999999999999	0	0	0	0	0	0	0	0	0	0.1424267823714298	-0.1749872667805485	0.07144093757538765	0	5.864466590519167e-07	0	0	0	0	0	0	0	0	0	0	0	0	0	0	0	0	0	0	0	0
28.94	9.230996142856579	1.788966378766187	-8.766719742770269	0	0.9399999999999999	0	0	0	0	0	0	0	0	0	0.1431267009148791	-0.1721947108607081	0.06993306182576722	0	-1.566006014878985e-07	0	0	0	0	0	0	0	0	0	0	0	0	0	0	0	0	0	0	0	0
28.96	9.230996142856579	1.788966378766187	-8.766719742770269	0	0.9399999999999999	0	0	0	0	0	0	0	0	0	0.1431267009148791	-0.1721947108607081	0.06993306182576722	0	-1.566006014878985e-07	0	0	0	0	0	0	0	0	0	0	0	0	0	0	0	0	0	0	0	0
28.98	9.177164144402887	1.783770575738696	-8.72348940023589	0	0.9399999999999999	0	0	0	0	0	0	0	0	0	0.1456587807003342	-0.163953661851696	0.05997413598564558	0	2.226300803078184e-06	0	0	0	0	0	0	0	0	0	0	0	0	0	0	0	0	0	0	0	0
29	9.157085073946169	1.782318839022875	-8.709766664857922	0	0.9399999999999999	0	0	0	0	0	0	0	0	0	0.146209931669849	-0.1618045909252113	0.05420951678279892	0	-6.869276406070478e-07	0	0	0	0	0	0	0	0	0	0	0	0	0	0	0	0	0	0	0	0
29.02	9.143255705025547	1.781702672303481	-8.698816232373302	0	0.9399999999999999	0	0	0	0	0	0	0	0	0	0.1475225803025012	-0.1598172376319391	0.05127771062280193	0	1.779282285826542e-06	0	0	0	0	0	0	0	0	0	0	0	0	0	0	0	0	0	0	0	0
29.04	9.12773360765464	1.781300411594726	-8.683171427667592	0	0.9399999999999999	0	0	0	0	0	0	0	0	0	0.1488627401626075	-0.157998034354336	0.05219368457860931	0	2.046808747183031e-06	0	0	0	0	0	0	0	0	0	0	0	0	0	0	0	0	0	0	0	0
29.06	9.108887301484591	1.781209183635774	-8.66304588828879	0	0.9399999999999999	0	0	0	0	0	0	0	0	0	0.1503742866873293	-0.1560620791751316	0.05528136159706096	0	-5.188415297439199e-06	0	0	0	0	0	0	0	0	0	0	0	0	0	0	0	0	0	0	0	0
29.08	9.090943022154839	1.779812250781013	-8.644459215192585	0	0.9399999999999999	0	0	0	0	0	0	0	0	0	0.1515786865977727	-0.1526698949364684	0.05678786540335744	0	3.313627400291204e-07	0	0	0	0	0	0	0	0	0	0	0	0	0	0	0	0	0	0	0	0
29.1	9.09094401249944	1.779811838127567	-8.644458380527134	0	0.9399999999999999	0	0	0	0	0	0	0	0	0	0.1515786891965393	-0.1526702415032913	0.05678768458760781	0	1.427147438999449e-07	0	0	0	0	0	0	0	0	0	0	0	0	0	0	0	0	0	0	0	0
29.12	9.07494295932643	1.778350440811779	-8.629751486624416	0	0.9399999999999999	0	0	0	0	0	0	0	0	0	0.1521444167107758	-0.1498276004849583	0.05642594124154659	0	-4.07224667218409e-08	0	0	0	0	0	0	0	0	0	0	0	0	0	0	0	0	0	0	0	0
29.14	9.061733914831551	1.77668706523919	-8.620497607210545	0	0.9399999999999999	0	0	0	0	0	0	0	0	0	0.1517598204683693	-0.147680341872271	0.05330899348116177	0	-3.405655054647385e-08	0	0	0	0	0	0	0	0	0	0	0	0	0	0	0	0	0	0	0	0
29.16	9.058702258159961	1.774677816624915	-8.623826740924454	0	0.9399999999999999	0	0	0	0	0	0	0	0	0	0.1493758051243615	-0.1472497244064545	0.04760931740824838	0	-2.87501522583235e-06	0	0	0	0	0	0	0	0	0	0	0	0	0	0	0	0	0	0	0	0
29.18	9.074176733880449	1.772163737255489	-8.646641179100467	0	0.9399999999999999	0	0	0	0	0	0	0	0	0	0.1439027457995141	-0.1493818298160309	0.04064749133118985	0	-5.780213124007843e-07	0	0	0	0	0	0	0	0	0	0	0	0	0	0	0	0	0	0	0	0
29.2	9.120532319811531	1.765100062083386	-8.702510515971678	0	0.9399999999999999	0	0	0	0	0	0	0	0	0	0.1299501529890303	-0.1531401048466512	0.03088742451548914	0	4.142701412909937e-07	0	0	0	0	0	0	0	0	0	0	0	0	0	0	0	0	0	0	0	0
29.22	9.128636863573547	1.760574511496469	-8.712355050217822	0	0.9399999999999999	0	0	0	0	0	0	0	0	0	0.1250279205304045	-0.1514358121041262	0.0286516677500152	0	3.234426875386058e-06	0	0	0	0	0	0	0	0	0	0	0	0	0	0	0	0	0	0	0	0
29.24	9.127738390139724	1.754961653232595	-8.713199717596183	0	0.9399999999999999	0	0	0	0	0	0	0	0	0	0.1206289351987946	-0.1478729888308376	0.02606501225609809	0	-1.100496211888065e-06	0	0	0	0	0	0	0	0	0	0	0	0	0	0	0	0	0	0	0	0
29.26	9.132215771773728	1.748420558227667	-8.72115109518907	0	0.9399999999999999	0	0	0	0	0	0	0	0	0	0.115170149780702	-0.1438761111119162	0.02198115947074957	0	5.957039329280303e-07	0	0	0	0	0	0	0	0	0	0	0	0	0	0	0	0	0	0	0	0
29.28	9.149959257245657	1.742566198335852	-8.744556058901386	0	0.9399999999999999	0	0	0	0	0	0	0	0	0	0.1076883148803721	-0.1425287903276137	0.01485565204833156	0	-4.963033738059451e-07	0	0	0	0	0	0	0	0	0	0	0	0	0	0	0	0	0	0	0	0
29.3	9.149959257245657	1.742566198335852	-8.744556058901386	0	0.9399999999999999	0	0	0	0	0	0	0	0	0	0.1076883148803721	-0.1425287903276137	0.01485565204833156	0	-4.963033738059451e-07	0	0	0	0	0	0	0	0	0	0	0	0	0	0	0	0	0	0	0	0
29.32	9.19060766883705	1.738143762823225	-8.791383809921649	0	0.9399999999999999	0	0	0	0	0	0	0	0	0	0.09844032822215774	-0.1440225772154557	0.007517506779312736	0	-3.136358163058549e-07	0	0	0	0	0	0	0	0	0	0	0	0	0	0	0	0	0	0	0	0
29.34	9.294796946480098	1.732270255067983	-8.901924759483178	0	0.9399999999999999	0	0	0	0	0	0	0	0	0	0.07977083806895371	-0.1486943976756842	-0.0007088584584539055	0	3.7461973740926e-06	0	0	0	0	0	0	0	0	0	0	0	0	0	0	0	0	0	0	0	0
29.36	9.339559988759193	1.729377235550416	-8.94746867301782	0	0.9399999999999999	0	0	0	0	0	0	0	0	0	0.07182939452053617	-0.1492665205722318	-0.002344522134247753	0	7.044263861429622e-06	0	0	0	0	0	0	0	0	0	0	0	0	0	0	0	0	0	0	0	0
29.38	9.377789877726084	1.725436949173411	-8.986583178693742	0	0.9399999999999999	0	0	0	0	0	0	0	0	0	0.06453983299993953	-0.148452123066376	-0.003776610002247133	0	7.847345584928087e-06	0	0	0	0	0	0	0	0	0	0	0	0	0	0	0	0	0	0	0	0
29.4	9.410372795410179	1.720713630716133	-9.0225074379911	0	0.9399999999999999	0	0	0	0	0	0	0	0	0	0.05751050317013193	-0.1458780290734811	-0.008612815032987341	0	-5.362464989875649e-07	0	0	0	0	0	0	0	0	0	0	0	0	0	0	0	0	0	0	0	0
29.42	9.435704707382808	1.714936354335094	-9.052915033119072	0	0.9399999999999999	0	0	0	0	0	0	0	0	0	0.05109044681982239	-0.1422237958118466	-0.01422642369809628	0	1.16619096730554e-07	0	0	0	0	0	0	0	0	0	0	0	0	0	0	0	0	0	0	0	0
29.44	9.451077185922291	1.70889106600075	-9.075031153312745	0	0.9399999999999999	0	0	0	0	0	0	0	0	0	0.04589487195087888	-0.1374325175759309	-0.02172650253121253	0	-1.169260259035272e-07	0	0	0	0	0	0	0	0	0	0	0	0	0	0	0	0	0	0	0	0
29.46	9.458892712462868	1.704207650149741	-9.09008350270109	0	0.9399999999999999	0	0	0	0	0	0	0	0	0	0.04193490566855555	-0.1329601450335386	-0.02841021686149394	0	-4.629817740454202e-08	0	0	0	0	0	0	0	0	0	0	0	0	0	0	0	0	0	0	0	0
29.48	9.458892712462868	1.704207650149741	-9.09008350270109	0	0.9399999999999999	0	0	0	0	0	0	0	0	0	0.04193490566855555	-0.1329601450335386	-0.02841021686149394	0	-4.629817740454202e-08	0	0	0	0	0	0	0	0	0	0	0	0	0	0	0	0	0	0	0	0
29.5	9.41352978980173	1.69809940424362	-9.057218285507952	0	0.9399999999999999	0	0	0	0	0	0	0	0	0	0.04325247248327676	-0.1250498174192789	-0.04003878305247027	0	-4.407466363929048e-07	0	0	0	0	0	0	0	0	0	0	0	0	0	0	0	0	0	0	0	0
29.52	9.41352978980173	1.69809940424362	-9.057218285507952	0	0.9399999999999999	0	0	0	0	0	0	0	0	0	0.04325247248327676	-0.1250498174192789	-0.04003878305247027	0	-4.407466363929048e-07	0	0	0	0	0	0	0	0	0	0	0	0	0	0	0	0	0	0	0	0
29.54	9.352368779566122	1.695578512651744	-9.000460474620875	0	0.9399999999999999	0	0	0	0	0	0	0	0	0	0.04866609323116187	-0.1196031712275775	-0.04376641458506589	0	3.711501403703032e-07	0	0	0	0	0	0	0	0	0	0	0	0	0	0	0	0	0	0	0	0
29.56	9.269723254138153	1.693052193262566	-8.922011726087717	0	0.9399999999999999	0	0	0	0	0	0	0	0	0	0.05618439844067936	-0.1125401367250349	-0.04684359723394272	0	6.059605042826408e-07	0	0	0	0	0	0	0	0	0	0	0	0	0	0	0	0	0	0	0	0
29.58	9.177579660325812	1.691126537876746	-8.83455374548145	0	0.9399999999999999	0	0	0	0	0	0	0	0	0	0.0642333038013313	-0.1047377027389164	-0.04997452042274709	0	-2.68225394668211e-06	0	0	0	0	0	0	0	0	0	0	0	0	0	0	0	0	0	0	0	0
29.6	9.075609820881933	1.690570894760237	-8.73712048610782	0	0.9399999999999999	0	0	0	0	0	0	0	0	0	0.07333588133597413	-0.09651249558440574	-0.05315232952997674	0	-2.532353678681759e-07	0	0	0	0	0	0	0	0	0	0	0	0	0	0	0	0	0	0	0	0
29.62	8.97817820225276	1.691477851384472	-8.644498561244543	0	0.9399999999999999	0	0	0	0	0	0	0	0	0	0.08254484457994699	-0.08893210197658749	-0.05693121086147607	0	2.011287679897648e-07	0	0	0	0	0	0	0	0	0	0	0	0	0	0	0	0	0	0	0	0
29.64	8.895241854413335	1.693395495503814	-8.566306400943185	0	0.9399999999999999	0	0	0	0	0	0	0	0	0	0.0908350700859254	-0.08242263507217143	-0.0607607425873735	0	8.177215188819122e-09	0	0	0	0	0	0	0	0	0	0	0	0	0	0	0	0	0	0	0	0
29.66	8.826147746563294	1.695573846708387	-8.501542105994682	0	0.9399999999999999	0	0	0	0	0	0	0	0	0	0.09781433128348649	-0.07665092352207613	-0.06421377608945714	0	5.6461313084623e-08	0	0	0	0	0	0	0	0	0	0	0	0	0	0	0	0	0	0	0	0
29.68	8.767531982234333	1.697576225069854	-8.445944161462679	0	0.9399999999999999	0	0	0	0	0	0	0	0	0	0.1036465440126109	-0.07121474243669748	-0.06639684879047515	0	6.175605836092438e-08	0	0	0	0	0	0	0	0	0	0	0	0	0	0	0	0	0	0	0	0
29.7	8.712889257673487	1.700105919316028	-8.393769086201811	0	0.9399999999999999	0	0	0	0	0	0	0	0	0	0.1094131400454089	-0.06610309803184113	-0.0683162845608524	0	-3.188278300121631e-09	0	0	0	0	0	0	0	0	0	0	0	0	0	0	0	0	0	0	0	0
29.72	8.669633627612098	1.703090282539754	-8.351916884131381	0	0.9399999999999999	0	0	0	0	0	0	0	0	0	0.1148061503523065	-0.06196753950437902	-0.06964637601275066	0	3.60428590041186e-06	0	0	0	0	0	0	0	0	0	0	0	0	0	0	0	0	0	0	0	0
29.74	8.58447125943899	1.709712331788336	-8.266091779238161	0	0.9399999999999999	0	0	0	0	0	0	0	0	0	0.1264551416154549	-0.05303242832656199	-0.06991989560068768	0	-2.71356239859164e-06	0	0	0	0	0	0	0	0	0	0	0	0	0	0	0	0	0	0	0	0
29.76	8.539670305275818	1.714226819091899	-8.220169648631892	0	0.9399999999999999	0	0	0	0	0	0	0	0	0	0.1335273381275122	-0.0466760835038159	-0.07089111566195097	0	2.579838748622249e-06	0	0	0	0	0	0	0	0	0	0	0	0	0	0	0	0	0	0	0	0
29.78	8.496587463851018	1.719424387155721	-8.175783034025612	0	0.9399999999999999	0	0	0	0	0	0	0	0	0	0.1411965420658245	-0.04104632184129455	-0.07106531117328707	0	-2.897013329453099e-07	0	0	0	0	0	0	0	0	0	0	0	0	0	0	0	0	0	0	0	0
29.8	8.457668136168325	1.723852390549721	-8.135347581217003	0	0.9399999999999999	0	0	0	0	0	0	0	0	0	0.1477847473968576	-0.03538230494509118	-0.07091736342604985	0	-2.859240164375431e-07	0	0	0	0	0	0	0	0	0	0	0	0	0	0	0	0	0	0	0	0
29.82	8.457666746782328	1.723852705030759	-8.135348937328615	0	0.9399999999999999	0	0	0	0	0	0	0	0	0	0.1477851494486975	-0.03538265835536641	-0.0709202203355296	0	-2.568343867108138e-07	0	0	0	0	0	0	0	0	0	0	0	0	0	0	0	0	0	0	0	0
29.84	8.396876428888861	1.729918676604293	-8.071695439109464	0	0.9399999999999999	0	0	0	0	0	0	0	0	0	0.1565837384075935	-0.02617909272930461	-0.06952911063521403	0	1.627867143864942e-07	0	0	0	0	0	0	0	0	0	0	0	0	0	0	0	0	0	0	0	0
29.86	8.375566742960732	1.733089773969445	-8.049374409001285	0	0.9399999999999999	0	0	0	0	0	0	0	0	0	0.1613635816672542	-0.02142613280949651	-0.07019678885318913	0	7.223800564179048e-07	0	0	0	0	0	0	0	0	0	0	0	0	0	0	0	0	0	0	0	0
29.88	8.356560724883259	1.736278558656584	-8.029453910570108	0	0.9399999999999999	0	0	0	0	0	0	0	0	0	0.1654933578187027	-0.01809456455674029	-0.0698910597707231	0	-3.140144140690534e-07	0	0	0	0	0	0	0	0	0	0	0	0	0	0	0	0	0	0	0	0
29.9	8.356560724883259	1.736278558656584	-8.029453910570108	0	0.9399999999999999	0	0	0	0	0	0	0	0	0	0.1654933578187027	-0.01809456455674029	-0.0698910597707231	0	-3.140144140690534e-07	0	0	0	0	0	0	0	0	0	0	0	0	0	0	0	0	0	0	0	0
29.92	8.323638749898224	1.74087082048152	-7.996534875881997	0	0.9399999999999999	0	0	0	0	0	0	0	0	0	0.1714204867314009	-0.0126475490771617	-0.07074675650458921	0	2.858903641703166e-08	0	0	0	0	0	0	0	0	0	0	0	0	0	0	0	0	0	0	0	0
29.94	8.314550099683753	1.742748468204453	-7.98810379149949	0	0.9399999999999999	0	0	0	0	0	0	0	0	0	0.1730150317788158	-0.01090253799019943	-0.07153647327257308	0	1.22765972450735e-06	0	0	0	0	0	0	0	0	0	0	0	0	0	0	0	0	0	0	0	0
29.96	8.313946711062126	1.743985031312554	-7.988519884514667	0	0.9399999999999999	0	0	0	0	0	0	0	0	0	0.1740441224013452	-0.0110105326902063	-0.07236479021411385	0	6.444312902820898e-07	0	0	0	0	0	0	0	0	0	0	0	0	0	0	0	0	0	0	0	0
29.98	8.313410602806517	1.744525125577693	-7.988662549350338	0	0.9399999999999999	0	0	0	0	0	0	0	0	0	0.1744869683411197	-0.01116119647392426	-0.07256705385373952	0	3.372789220257271e-06	0	0	0	0	0	0	0	0	0	0	0	0	0	0	0	0	0	0	0	0
30	8.305835438973086	1.74415349676576	-7.981644076124584	0	0.9399999999999999	0	0	0	0	0	0	0	0	0	0.1741064500220808	-0.01000807260703856	-0.07245430171002745	0	-5.77328943872444e-08	0	0	0	0	0	0	0	0	0	0	0	0	0	0	0	0	0	0	0	0
30.02	8.305424763333713	1.74385171278254	-7.981666506587175	0	0.9399999999999999	0	0	0	0	0	0	0	0	0	0.173459833178346	-0.01029733109694676	-0.07208470116271549	0	-5.177556505098719e-06	0	0	0	0	0	0	0	0	0	0	0	0	0	0	0	0	0	0	0	0
30.04	8.305417641058398	1.743825226474749	-7.981652728162348	0	0.9399999999999999	0	0	0	0	0	0	0	0	0	0.1734558238135299	-0.0102968302513905	-0.07208321139904801	0	-4.13456106517197e-06	0	0	0	0	0	0	0	0	0	0	0	0	0	0	0	0	0	0	0	0
30.06	8.28729077404201	1.741896297905413	-7.964147529005331	0	0.9399999999999999	0	0	0	0	0	0	0	0	0	0.171468753028341	-0.007455839235243307	-0.07225033285537812	0	-4.344156490043727e-06	0	0	0	0	0	0	0	0	0	0	0	0	0	0	0	0	0	0	0	0
30.08	8.286974671507114	1.741060150430809	-7.964271088081023	0	0.9399999999999999	0	0	0	0	0	0	0	0	0	0.1699498782255112	-0.008399848845309178	-0.0709499868085099	0	3.014352166834102e-06	0	0	0	0	0	0	0	0	0	0	0	0	0	0	0	0	0	0	0	0
30.1	8.286971491489616	1.741054259048462	-7.964275842702691	0	0.9399999999999999	0	0	0	0	0	0	0	0	0	0.1699457995239903	-0.008400141924033509	-0.07096014426861263	0	4.5709237783264e-06	0	0	0	0	0	0	0	0	0	0	0	0	0	0	0	0	0	0	0	0
30.12	8.285972448770561	1.738499440207242	-7.964929225442828	0	0.9399999999999999	0	0	0	0	0	0	0	0	0	0.1666817968250135	-0.009360620552267607	-0.07115901344084793	0	1.71516307222897e-06	0	0	0	0	0	0	0	0	0	0	0	0	0	0	0	0	0	0	0	0
30.14	8.285774086582464	1.737186293513707	-7.965352957859307	0	0.9399999999999999	0	0	0	0	0	0	0	0	0	0.1651120385707419	-0.0098488446163924	-0.07120431801418987	0	3.657008627044018e-06	0	0	0	0	0	0	0	0	0	0	0	0	0	0	0	0	0	0	0	0
30.16	8.294547713157398	1.735888566520852	-7.974437524044284	0	0.9399999999999999	0	0	0	0	0	0	0	0	0	0.163399281890465	-0.01173711814807548	-0.07079980821667474	0	4.8516927725209e-08	0	0	0	0	0	0	0	0	0	0	0	0	0	0	0	0	0	0	0	0
30.18	8.294622761701383	1.734722551384846	-7.974830755108683	0	0.9399999999999999	0	0	0	0	0	0	0	0	0	0.1621510039147566	-0.01183049674456173	-0.07064292488094488	0	2.208524316360936e-07	0	0	0	0	0	0	0	0	0	0	0	0	0	0	0	0	0	0	0	0
30.2	8.29462564279927	1.734797827102236	-7.974858788852127	0	0.9399999999999999	0	0	0	0	0	0	0	0	0	0.1620159975790899	-0.01210909694462483	-0.0705765289193907	0	1.777237538020879e-06	0	0	0	0	0	0	0	0	0	0	0	0	0	0	0	0	0	0	0	0
30.22	8.301926426870166	1.731504209848713	-7.982662657848612	0	0.9399999999999999	0	0	0	0	0	0	0	0	0	0.1580532803139061	-0.01378304431069742	-0.07040755955256033	0	3.220854790564991e-06	0	0	0	0	0	0	0	0	0	0	0	0	0	0	0	0	0	0	0	0
30.24	8.301928294181096	1.731505714170902	-7.982660512995269	0	0.9399999999999999	0	0	0	0	0	0	0	0	0	0.1580517636531902	-0.01378234142204616	-0.07040092895052724	0	1.343537871604406e-06	0	0	0	0	0	0	0	0	0	0	0	0	0	0	0	0	0	0	0	0
30.26	8.302039107397279	1.729886043068734	-7.983086704227285	0	0.9399999999999999	0	0	0	0	0	0	0	0	0	0.1562879868480739	-0.01409380644069838	-0.07091779177145592	0	-1.279821775805221e-05	0	0	0	0	0	0	0	0	0	0	0	0	0	0	0	0	0	0	0	0
30.28	8.317624389347808	1.728271655291018	-7.998364597125343	0	0.9399999999999999	0	0	0	0	0	0	0	0	0	0.1542954666235174	-0.01661813979709574	-0.07086446118301136	0	6.771602865759493e-06	0	0	0	0	0	0	0	0	0	0	0	0	0	0	0	0	0	0	0	0
30.3	8.325521079421152	1.726293763146524	-8.005935933321489	0	0.9399999999999999	0	0	0	0	0	0	0	0	0	0.1522698676657349	-0.01769241115610276	-0.07115444915004732	0	2.817611784724801e-06	0	0	0	0	0	0	0	0	0	0	0	0	0	0	0	0	0	0	0	0
30.32	8.346278898120849	1.719356795444302	-8.025318719339779	0	0.9399999999999999	0	0	0	0	0	0	0	0	0	0.1449658732490243	-0.019669414227951	-0.07105404363251108	0	-1.306915005388763e-06	0	0	0	0	0	0	0	0	0	0	0	0	0	0	0	0	0	0	0	0
30.34	8.346772497836888	1.715397416675524	-8.025004244737566	0	0.9399999999999999	0	0	0	0	0	0	0	0	0	0.1409610054863272	-0.01895071422693253	-0.07111980322507404	0	-1.517198380845195e-06	0	0	0	0	0	0	0	0	0	0	0	0	0	0	0	0	0	0	0	0
30.36	8.347151158386632	1.711456700764449	-8.0244178766521	0	0.9399999999999999	0	0	0	0	0	0	0	0	0	0.1370869673596452	-0.01822046175679741	-0.07023057729680279	0	-4.330646863142025e-06	0	0	0	0	0	0	0	0	0	0	0	0	0	0	0	0	0	0	0	0
30.38	8.347219559176493	1.707776906351498	-8.024132041267253	0	0.9399999999999999	0	0	0	0	0	0	0	0	0	0.1328011866601633	-0.01772201840954798	-0.07216860783450871	0	-2.08695722854389e-06	0	0	0	0	0	0	0	0	0	0	0	0	0	0	0	0	0	0	0	0
30.4	8.34721785028939	1.707769905376469	-8.02412562971195	0	0.9399999999999999	0	0	0	0	0	0	0	0	0	0.1328023026086122	-0.01772102755020156	-0.07216071870077104	0	-1.76559826935829e-06	0	0	0	0	0	0	0	0	0	0	0	0	0	0	0	0	0	0	0	0
30.42	8.347382846325131	1.704196786005165	-8.02368361456595	0	0.9399999999999999	0	0	0	0	0	0	0	0	0	0.129083286653802	-0.01726855625794258	-0.07328884184575653	0	-3.47057747089002e-06	0	0	0	0	0	0	0	0	0	0	0	0	0	0	0	0	0	0	0	0
30.44	8.347190474975504	1.700330603246188	-8.023026140532433	0	0.9399999999999999	0	0	0	0	0	0	0	0	0	0.1254305297615854	-0.01679378489518328	-0.07494588700808419	0	-1.215595049913902e-05	0	0	0	0	0	0	0	0	0	0	0	0	0	0	0	0	0	0	0	0
30.46	8.319254151380136	1.696457681182522	-7.994800790175481	0	0.9399999999999999	0	0	0	0	0	0	0	0	0	0.1225448853416697	-0.01286536949129317	-0.07719163588093281	0	1.673598786880758e-06	0	0	0	0	0	0	0	0	0	0	0	0	0	0	0	0	0	0	0	0
30.48	8.292724170845911	1.688715044346812	-7.967814861456969	0	0.9399999999999999	0	0	0	0	0	0	0	0	0	0.1165954004011714	-0.008773979198491086	-0.081063763557229	0	-5.921665199077142e-09	0	0	0	0	0	0	0	0	0	0	0	0	0	0	0	0	0	0	0	0
30.5	8.278525776161876	1.685422569194078	-7.953186862360474	0	0.9399999999999999	0	0	0	0	0	0	0	0	0	0.1141796332559337	-0.006584205806370786	-0.08257303257737082	0	-1.369405040723657e-07	0	0	0	0	0	0	0	0	0	0	0	0	0	0	0	0	0	0	0	0
30.52	8.278553584786229	1.682123050201424	-7.952646426399386	0	0.9399999999999999	0	0	0	0	0	0	0	0	0	0.1114722769737522	-0.005923205306616755	-0.08387095821845095	0	2.46391493938606e-06	0	0	0	0	0	0	0	0	0	0	0	0	0	0	0	0	0	0	0	0
30.54	8.278546447050356	1.682122781884002	-7.952637606726463	0	0.9399999999999999	0	0	0	0	0	0	0	0	0	0.1114730023144218	-0.005920679556842251	-0.08386816216127257	0	2.437002986213446e-06	0	0	0	0	0	0	0	0	0	0	0	0	0	0	0	0	0	0	0	0
30.56	8.278528409759232	1.678589490279504	-7.951828283529682	0	0.9399999999999999	0	0	0	0	0	0	0	0	0	0.1085929249376589	-0.005285733612990312	-0.08507684696295276	0	-5.838044545816026e-06	0	0	0	0	0	0	0	0	0	0	0	0	0	0	0	0	0	0	0	0
30.58	8.254233402172195	1.674935320330073	-7.926523410759969	0	0.9399999999999999	0	0	0	0	0	0	0	0	0	0.1059949941776732	-0.002461971769556788	-0.08611027896433368	0	-1.398446861482974e-07	0	0	0	0	0	0	0	0	0	0	0	0	0	0	0	0	0	0	0	0
30.6	8.208814290715766	1.669083123961973	-7.87907776120686	0	0.9399999999999999	0	0	0	0	0	0	0	0	0	0.1013695332049513	0.002010907790470725	-0.08611475643797574	0	-8.030553967454186e-08	0	0	0	0	0	0	0	0	0	0	0	0	0	0	0	0	0	0	0	0
30.62	8.181479080674245	1.666923745613807	-7.850796904135174	0	0.9399999999999999	0	0	0	0	0	0	0	0	0	0.1004600407902486	0.003884628221857342	-0.08915647525890985	0	1.258374014133247e-07	0	0	0	0	0	0	0	0	0	0	0	0	0	0	0	0	0	0	0	0
30.64	8.152647273206492	1.664834908045683	-7.821222124135515	0	0.9399999999999999	0	0	0	0	0	0	0	0	0	0.09831954677170471	0.00665718038788267	-0.0885565196741627	0	-2.557051734213583e-07	0	0	0	0	0	0	0	0	0	0	0	0	0	0	0	0	0	0	0	0
30.66	8.120193897115859	1.662887326764224	-7.788058492238055	0	0.9399999999999999	0	0	0	0	0	0	0	0	0	0.09761629235103611	0.009337798757984187	-0.09230499045659951	0	-5.483303565739722e-07	0	0	0	0	0	0	0	0	0	0	0	0	0	0	0	0	0	0	0	0
30.68	8.090722348502737	1.660979362297429	-7.758095101833893	0	0.9399999999999999	0	0	0	0	0	0	0	0	0	0.09620879665414889	0.01164971107132835	-0.09391444068361793	0	5.405359420753041e-07	0	0	0	0	0	0	0	0	0	0	0	0	0	0	0	0	0	0	0	0
30.7	8.090722348502737	1.660979362297429	-7.758095101833893	0	0.9399999999999999	0	0	0	0	0	0	0	0	0	0.09620879665414889	0.01164971107132835	-0.09391444068361793	0	5.405359420753041e-07	0	0	0	0	0	0	0	0	0	0	0	0	0	0	0	0	0	0	0	0
30.72	8.065488797818029	1.658775914758825	-7.732515195788514	0	0.9399999999999999	0	0	0	0	0	0	0	0	0	0.09439812847613351	0.01330543507673431	-0.09560633650374124	0	5.553524540161075e-07	0	0	0	0	0	0	0	0	0	0	0	0	0	0	0	0	0	0	0	0
30.74	8.040102425726053	1.65641164923348	-7.706851190403785	0	0.9399999999999999	0	0	0	0	0	0	0	0	0	0.09268403698330747	0.01471851163447215	-0.09704396273754193	0	1.520315286769968e-08	0	0	0	0	0	0	0	0	0	0	0	0	0	0	0	0	0	0	0	0
30.76	7.977468611407089	1.651657603331387	-7.643864677038667	0	0.9399999999999999	0	0	0	0	0	0	0	0	0	0.08900894066320263	0.01763535303928104	-0.09850516895935649	0	-4.565094461267373e-07	0	0	0	0	0	0	0	0	0	0	0	0	0	0	0	0	0	0	0	0
30.78	7.977413427383629	1.649218879259688	-7.643427376528398	0	0.9399999999999999	0	0	0	0	0	0	0	0	0	0.08737955331397879	0.01642519971233431	-0.09814645434538628	0	6.853067432553098e-06	0	0	0	0	0	0	0	0	0	0	0	0	0	0	0	0	0	0	0	0
30.8	7.977411117529088	1.649220151605801	-7.64341385775645	0	0.9399999999999999	0	0	0	0	0	0	0	0	0	0.08738044893049338	0.0164263996936682	-0.09815239686047512	0	3.961414252505388e-06	0	0	0	0	0	0	0	0	0	0	0	0	0	0	0	0	0	0	0	0
30.82	7.901407237106922	1.644395027992212	-7.56638014259372	0	0.9399999999999999	0	0	0	0	0	0	0	0	0	0.08169186067141052	0.018932300353452	-0.09655455507630854	0	7.518363049408115e-09	0	0	0	0	0	0	0	0	0	0	0	0	0	0	0	0	0	0	0	0
30.84	7.901407237106922	1.644395027992212	-7.56638014259372	0	0.9399999999999999	0	0	0	0	0	0	0	0	0	0.08169186067141052	0.018932300353452	-0.09655455507630854	0	7.518363049408115e-09	0	0	0	0	0	0	0	0	0	0	0	0	0	0	0	0	0	0	0	0
30.86	7.858849236991324	1.639921688023098	-7.521947910179329	0	0.9399999999999999	0	0	0	0	0	0	0	0	0	0.07578709309436932	0.01819624236860927	-0.09464930926446453	0	2.370388567302762e-07	0	0	0	0	0	0	0	0	0	0	0	0	0	0	0	0	0	0	0	0
30.88	7.859380969287907	1.638139324949588	-7.520982552814591	0	0.9399999999999999	0	0	0	0	0	0	0	0	0	0.07385714600350056	0.01666776353919726	-0.09333373143934437	0	1.097241189564561e-05	0	0	0	0	0	0	0	0	0	0	0	0	0	0	0	0	0	0	0	0
30.9	7.859360963651219	1.638133687544136	-7.520971885678653	0	0.9399999999999999	0	0	0	0	0	0	0	0	0	0.07385595480343013	0.0166663832701762	-0.09334614177733928	0	4.760795884932084e-06	0	0	0	0	0	0	0	0	0	0	0	0	0	0	0	0	0	0	0	0
30.92	7.859917859370787	1.636085817268319	-7.519942151550834	0	0.9399999999999999	0	0	0	0	0	0	0	0	0	0.07149697059972039	0.01506576440791204	-0.09176570329125491	0	-1.313664006767549e-05	0	0	0	0	0	0	0	0	0	0	0	0	0	0	0	0	0	0	0	0
30.94	7.860545629882286	1.633990829852659	-7.518837479915154	0	0.9399999999999999	0	0	0	0	0	0	0	0	0	0.06872209963992551	0.01364207549737815	-0.0899922556798215	0	2.506889960871752e-06	0	0	0	0	0	0	0	0	0	0	0	0	0	0	0	0	0	0	0	0
30.96	7.862249816823808	1.629887694316832	-7.516905127331333	0	0.9399999999999999	0	0	0	0	0	0	0	0	0	0.06332997270386825	0.01129626791153879	-0.08687681073871473	0	-1.607056909006169e-06	0	0	0	0	0	0	0	0	0	0	0	0	0	0	0	0	0	0	0	0
30.98	7.862247960611432	1.629884162758635	-7.516902952285792	0	0.9399999999999999	0	0	0	0	0	0	0	0	0	0.06333413800146991	0.01129490151517164	-0.08687837716484924	0	-1.079020592730644e-06	0	0	0	0	0	0	0	0	0	0	0	0	0	0	0	0	0	0	0	0
31	7.864054546710276	1.625184146227395	-7.515373539864294	0	0.9399999999999999	0	0	0	0	0	0	0	0	0	0.05637182761332006	0.008811653220643624	-0.0846260581169017	0	3.002302618018891e-06	0	0	0	0	0	0	0	0	0	0	0	0	0	0	0	0	0	0	0	0
31.02	7.864873480701066	1.623483964663718	-7.514956243684462	0	0.9399999999999999	0	0	0	0	0	0	0	0	0	0.05333175501545048	0.007848769763608272	-0.08436442150965606	0	3.317950337853188e-06	0	0	0	0	0	0	0	0	0	0	0	0	0	0	0	0	0	0	0	0
31.04	7.865697692529483	1.622113459641272	-7.514655317226778	0	0.9399999999999999	0	0	0	0	0	0	0	0	0	0.05027405754272525	0.007094791008985249	-0.08471715148150968	0	6.726525160859459e-06	0	0	0	0	0	0	0	0	0	0	0	0	0	0	0	0	0	0	0	0
31.06	7.865706609338487	1.622117499769695	-7.514664863497964	0	0.9399999999999999	0	0	0	0	0	0	0	0	0	0.05027925094140809	0.00707453234565428	-0.08471588081457672	0	5.56791263794371e-06	0	0	0	0	0	0	0	0	0	0	0	0	0	0	0	0	0	0	0	0
31.08	7.949647247728646	1.620939361260064	-7.597725046224766	0	0.9399999999999999	0	0	0	0	0	0	0	0	0	0.04857262271425299	0.002164476098290337	-0.08535737268914541	0	2.711840297033184e-07	0	0	0	0	0	0	0	0	0	0	0	0	0	0	0	0	0	0	0	0
31.1	7.950204678396219	1.619804042759078	-7.59745294823943	0	0.9399999999999999	0	0	0	0	0	0	0	0	0	0.04627186601496727	0.001213578030468516	-0.08613781776131221	0	-3.652474080055027e-06	0	0	0	0	0	0	0	0	0	0	0	0	0	0	0	0	0	0	0	0
31.12	7.950965547288148	1.618487440247726	-7.597397330671612	0	0.9399999999999999	0	0	0	0	0	0	0	0	0	0.04413583105026692	0.0001408368489521674	-0.08676354614774473	0	-4.540135419387337e-07	0	0	0	0	0	0	0	0	0	0	0	0	0	0	0	0	0	0	0	0
31.14	8.118385585347685	1.615749473178408	-7.763301671499495	0	0.9399999999999999	0	0	0	0	0	0	0	0	0	0.04161871347997075	-0.01020923661610048	-0.08702198888538368	0	3.028456730396186e-08	0	0	0	0	0	0	0	0	0	0	0	0	0	0	0	0	0	0	0	0
31.16	8.118991070500151	1.614355865969374	-7.763050024236968	0	0.9399999999999999	0	0	0	0	0	0	0	0	0	0.03979168524338162	-0.01175864863573224	-0.08656504279281084	0	6.676598362534751e-06	0	0	0	0	0	0	0	0	0	0	0	0	0	0	0	0	0	0	0	0
31.18	8.119008141142409	1.61435443225566	-7.763072091492986	0	0.9399999999999999	0	0	0	0	0	0	0	0	0	0.03979247500176542	-0.0117617123936548	-0.08657616464630113	0	9.929090323317388e-06	0	0	0	0	0	0	0	0	0	0	0	0	0	0	0	0	0	0	0	0
31.2	8.120434424463282	1.612119205396218	-7.76264414493593	0	0.9399999999999999	0	0	0	0	0	0	0	0	0	0.03731551794157888	-0.01369403479988613	-0.08479079084298004	0	-1.306897004069242e-05	0	0	0	0	0	0	0	0	0	0	0	0	0	0	0	0	0	0	0	0
31.22	8.317130527612708	1.611448493542138	-7.958396598335884	0	0.9399999999999999	0	0	0	0	0	0	0	0	0	0.03627801913040428	-0.02570200312795822	-0.0834369027160424	0	-3.821849434747675e-07	0	0	0	0	0	0	0	0	0	0	0	0	0	0	0	0	0	0	0	0
31.24	8.317130527612708	1.611448493542138	-7.958396598335884	0	0.9399999999999999	0	0	0	0	0	0	0	0	0	0.03627801913040428	-0.02570200312795822	-0.0834369027160424	0	-3.821849434747675e-07	0	0	0	0	0	0	0	0	0	0	0	0	0	0	0	0	0	0	0	0
31.26	8.318401577217315	1.608965755783558	-7.957315402018384	0	0.9399999999999999	0	0	0	0	0	0	0	0	0	0.03439000375119958	-0.02995294458488205	-0.08112841951544128	0	4.623069813063809e-06	0	0	0	0	0	0	0	0	0	0	0	0	0	0	0	0	0	0	0	0
31.28	8.319275119984516	1.607400091632813	-7.956951602287351	0	0.9399999999999999	0	0	0	0	0	0	0	0	0	0.03285691010213013	-0.02979045984960882	-0.07989107972678382	0	-3.354151236159877e-06	0	0	0	0	0	0	0	0	0	0	0	0	0	0	0	0	0	0	0	0
31.3	8.320189777248336	1.605886849529215	-7.95650453979661	0	0.9399999999999999	0	0	0	0	0	0	0	0	0	0.03297368449566482	-0.03454289423190519	-0.07882103597537124	0	6.886761630808943e-06	0	0	0	0	0	0	0	0	0	0	0	0	0	0	0	0	0	0	0	0
31.32	8.321235694445967	1.604659144178067	-7.956196540707515	0	0.9399999999999999	0	0	0	0	0	0	0	0	0	0.0324896487568976	-0.0367780124921025	-0.07775448364002066	0	1.52095380921769e-05	0	0	0	0	0	0	0	0	0	0	0	0	0	0	0	0	0	0	0	0
31.34	8.321248414265018	1.604654013801886	-7.956247340811437	0	0.9399999999999999	0	0	0	0	0	0	0	0	0	0.03249704613693318	-0.03678353756172217	-0.07775928589042835	0	1.452030800554392e-05	0	0	0	0	0	0	0	0	0	0	0	0	0	0	0	0	0	0	0	0
31.36	8.322308696128374	1.603375968614934	-7.95582181095232	0	0.9399999999999999	0	0	0	0	0	0	0	0	0	0.03179351036739345	-0.03886430036679944	-0.07676331929020128	0	3.0417955729258e-06	0	0	0	0	0	0	0	0	0	0	0	0	0	0	0	0	0	0	0	0
31.38	8.556349101765079	1.60162887838401	-8.186946011787068	0	0.9399999999999999	0	0	0	0	0	0	0	0	0	0.02972675691125148	-0.05051148153867515	-0.07555886022166516	0	1.22554034352963e-06	0	0	0	0	0	0	0	0	0	0	0	0	0	0	0	0	0	0	0	0
31.4	8.557069828409533	1.601239431676609	-8.186172190310634	0	0.9399999999999999	0	0	0	0	0	0	0	0	0	0.02928608075431762	-0.05282081594197842	-0.07578594888310576	0	-7.515717892337624e-06	0	0	0	0	0	0	0	0	0	0	0	0	0	0	0	0	0	0	0	0
31.42	8.55810690538223	1.60185496737747	-8.185170608092053	0	0.9399999999999999	0	0	0	0	0	0	0	0	0	0.0295308696076289	-0.05557717967169605	-0.07597319096750392	0	2.736322328326654e-06	0	0	0	0	0	0	0	0	0	0	0	0	0	0	0	0	0	0	0	0
31.44	8.55911091471579	1.602686249296236	-8.184286212841231	0	0.9399999999999999	0	0	0	0	0	0	0	0	0	0.03039490719761383	-0.0585528384996945	-0.07637034484726458	0	-3.426816266524791e-07	0	0	0	0	0	0	0	0	0	0	0	0	0	0	0	0	0	0	0	0
31.46	8.559120205398177	1.602688327087006	-8.184292790983399	0	0.9399999999999999	0	0	0	0	0	0	0	0	0	0.03039129704213283	-0.05855157822447547	-0.07636962019637676	0	-3.64118591820438e-07	0	0	0	0	0	0	0	0	0	0	0	0	0	0	0	0	0	0	0	0
31.48	8.561525247965838	1.606225322959417	-8.182554798382702	0	0.9399999999999999	0	0	0	0	0	0	0	0	0	0.03238946381411374	-0.06328822866411936	-0.0755650553860235	0	-4.812675989460964e-06	0	0	0	0	0	0	0	0	0	0	0	0	0	0	0	0	0	0	0	0
31.5	8.563245672975226	1.607871267747829	-8.181695011418942	0	0.9399999999999999	0	0	0	0	0	0	0	0	0	0.03393096767990247	-0.06699447994189774	-0.0755845932205953	0	7.45375953745778e-06	0	0	0	0	0	0	0	0	0	0	0	0	0	0	0	0	0	0	0	0
31.52	8.801988260196282	1.610063277419194	-8.417566668813766	0	0.9399999999999999	0	0	0	0	0	0	0	0	0	0.03353491509376615	-0.08169088206156641	-0.07725440744679961	0	1.204997940133559e-07	0	0	0	0	0	0	0	0	0	0	0	0	0	0	0	0	0	0	0	0
31.54	8.803792295606637	1.611372359057222	-8.416232676352093	0	0.9399999999999999	0	0	0	0	0	0	0	0	0	0.03415607070329475	-0.08557035084386376	-0.07763167733983349	0	-6.857937079356227e-06	0	0	0	0	0	0	0	0	0	0	0	0	0	0	0	0	0	0	0	0
31.56	8.80573741862829	1.612715041579019	-8.414857338915777	0	0.9399999999999999	0	0	0	0	0	0	0	0	0	0.03485916107314421	-0.089587595122331	-0.07790124983827468	0	1.452929109377615e-05	0	0	0	0	0	0	0	0	0	0	0	0	0	0	0	0	0	0	0	0
31.58	8.807871007426648	1.614102831066791	-8.413574596644809	0	0.9399999999999999	0	0	0	0	0	0	0	0	0	0.03612427873449136	-0.09411583580459437	-0.07778425387666445	0	2.052072896120212e-05	0	0	0	0	0	0	0	0	0	0	0	0	0	0	0	0	0	0	0	0
31.6	8.968579031583458	1.615753044770246	-8.570697874076647	0	0.9399999999999999	0	0	0	0	0	0	0	0	0	0.03351739870393327	-0.1049069985958162	-0.0770501269698978	0	8.875436413149516e-07	0	0	0	0	0	0	0	0	0	0	0	0	0	0	0	0	0	0	0	0
31.62	8.970618496504606	1.617165671485993	-8.568881883080273	0	0.9399999999999999	0	0	0	0	0	0	0	0	0	0.03456326016201468	-0.1100219374289244	-0.07539095097693653	0	-4.187200392086633e-06	0	0	0	0	0	0	0	0	0	0	0	0	0	0	0	0	0	0	0	0
31.64	8.97062399871152	1.617167894675553	-8.568891143754756	0	0.9399999999999999	0	0	0	0	0	0	0	0	0	0.03456438337980613	-0.1100243622824844	-0.07539660467046556	0	-4.057908455960766e-06	0	0	0	0	0	0	0	0	0	0	0	0	0	0	0	0	0	0	0	0
31.66	8.972994503572551	1.618967468610572	-8.567252714267157	0	0.9399999999999999	0	0	0	0	0	0	0	0	0	0.03570269793700759	-0.1157798666480387	-0.07311750477009275	0	-7.362953136065064e-06	0	0	0	0	0	0	0	0	0	0	0	0	0	0	0	0	0	0	0	0
31.68	9.094463699744717	1.621571144492251	-8.684523912602598	0	0.9399999999999999	0	0	0	0	0	0	0	0	0	0.03332386660619583	-0.1266537314298546	-0.07045719149703797	0	-5.998364701718521e-07	0	0	0	0	0	0	0	0	0	0	0	0	0	0	0	0	0	0	0	0
31.7	9.165381391202704	1.626620447480591	-8.746608004114837	0	0.9399999999999999	0	0	0	0	0	0	0	0	0	0.03438260298456209	-0.137756641266524	-0.06310255261203106	0	-3.970703356020381e-07	0	0	0	0	0	0	0	0	0	0	0	0	0	0	0	0	0	0	0	0
31.72	9.167660561876843	1.628779250205318	-8.744524521581479	0	0.9399999999999999	0	0	0	0	0	0	0	0	0	0.03585474697885107	-0.1507159478787123	-0.06227064434466038	0	6.215702692163885e-06	0	0	0	0	0	0	0	0	0	0	0	0	0	0	0	0	0	0	0	0
31.74	9.252397844411227	1.630652627505015	-8.82492601123778	0	0.9399999999999999	0	0	0	0	0	0	0	0	0	0.03364678667614153	-0.1610489544147714	-0.05973801691959381	0	-2.769921715163914e-07	0	0	0	0	0	0	0	0	0	0	0	0	0	0	0	0	0	0	0	0
31.76	9.252397844411227	1.630652627505015	-8.82492601123778	0	0.9399999999999999	0	0	0	0	0	0	0	0	0	0.03364678667614153	-0.1610489544147714	-0.05973801691959381	0	-2.769921715163914e-07	0	0	0	0	0	0	0	0	0	0	0	0	0	0	0	0	0	0	0	0
31.78	9.326416080050523	1.633258427235537	-8.889742822111895	0	0.9399999999999999	0	0	0	0	0	0	0	0	0	0.03354293615324166	-0.1767905507653081	-0.05490142759384638	0	-4.247267476426438e-07	0	0	0	0	0	0	0	0	0	0	0	0	0	0	0	0	0	0	0	0
31.8	9.369852602831537	1.633590839508285	-8.928157525399806	0	0.9399999999999999	0	0	0	0	0	0	0	0	0	0.03383223968543229	-0.1833258488169147	-0.05258549502626967	0	-7.765175907428557e-09	0	0	0	0	0	0	0	0	0	0	0	0	0	0	0	0	0	0	0	0
31.82	9.369852602831537	1.633590839508285	-8.928157525399806	0	0.9399999999999999	0	0	0	0	0	0	0	0	0	0.03383223968543229	-0.1833258488169147	-0.05258549502626967	0	-7.765175907428557e-09	0	0	0	0	0	0	0	0	0	0	0	0	0	0	0	0	0	0	0	0
31.84	9.413527780488677	1.633817553985624	-8.96732781586068	0	0.9399999999999999	0	0	0	0	0	0	0	0	0	0.03459156751725023	-0.1894080978279392	-0.05056222973545284	0	-1.511099918437973e-07	0	0	0	0	0	0	0	0	0	0	0	0	0	0	0	0	0	0	0	0
31.86	9.461091005551094	1.634703231866178	-9.006673620572055	0	0.9399999999999999	0	0	0	0	0	0	0	0	0	0.03977104463297832	-0.2008878850030266	-0.04475775905528204	0	-1.308207972847928e-08	0	0	0	0	0	0	0	0	0	0	0	0	0	0	0	0	0	0	0	0
31.88	9.461091005551094	1.634703231866178	-9.006673620572055	0	0.9399999999999999	0	0	0	0	0	0	0	0	0	0.03977104463297832	-0.2008878850030266	-0.04475775905528204	0	-1.308207972847928e-08	0	0	0	0	0	0	0	0	0	0	0	0	0	0	0	0	0	0	0	0
31.9	9.503238370132156	1.635162739850403	-9.044456092045198	0	0.9399999999999999	0	0	0	0	0	0	0	0	0	0.04148262893800798	-0.2071958896842365	-0.04067246670070269	0	6.666916720361221e-08	0	0	0	0	0	0	0	0	0	0	0	0	0	0	0	0	0	0	0	0
31.92	9.638025596431282	1.638279269018728	-9.169675059030101	0	0.9399999999999999	0	0	0	0	0	0	0	0	0	0.04151057096693594	-0.2219494452255153	-0.03218607432555041	0	-1.995875167702634e-08	0	0	0	0	0	0	0	0	0	0	0	0	0	0	0	0	0	0	0	0
31.94	9.672083324488126	1.640678919598535	-9.198965831007536	0	0.9399999999999999	0	0	0	0	0	0	0	0	0	0.04338013430976832	-0.2290363522724753	-0.02858793170414436	0	1.228997586595793e-07	0	0	0	0	0	0	0	0	0	0	0	0	0	0	0	0	0	0	0	0
31.96	9.674679755188301	1.644073626622251	-9.196897965491088	0	0.9399999999999999	0	0	0	0	0	0	0	0	0	0.04256759274749505	-0.2335283999955279	-0.02686834680595079	0	-6.22298533874566e-06	0	0	0	0	0	0	0	0	0	0	0	0	0	0	0	0	0	0	0	0
31.98	9.675190054365714	1.644085574938158	-9.197388902155128	0	0.9399999999999999	0	0	0	0	0	0	0	0	0	0.04766379873960165	-0.2364949606170011	-0.02528474297060505	0	3.708649838216437e-06	0	0	0	0	0	0	0	0	0	0	0	0	0	0	0	0	0	0	0	0
32	9.736722835822823	1.650097366476516	-9.249766600043893	0	0.9399999999999999	0	0	0	0	0	0	0	0	0	0.05114162170065716	-0.2507528848390008	-0.01947061008169827	0	1.987236279786263e-07	0	0	0	0	0	0	0	0	0	0	0	0	0	0	0	0	0	0	0	0
32.02	9.739062776354309	1.652405152438447	-9.247708426636873	0	0.9399999999999999	0	0	0	0	0	0	0	0	0	0.05252523497679371	-0.2528000109012209	-0.01481360032638782	0	5.616642270642686e-07	0	0	0	0	0	0	0	0	0	0	0	0	0	0	0	0	0	0	0	0
32.04000000000001	9.741582173558518	1.654900979104714	-9.245983728737574	0	0.9399999999999999	0	0	0	0	0	0	0	0	0	0.05738722077521119	-0.2629880423143435	-0.01398197592306631	0	-1.943420513784957e-06	0	0	0	0	0	0	0	0	0	0	0	0	0	0	0	0	0	0	0	0
32.06	9.743969077069574	1.657190931441518	-9.244325778371895	0	0.9399999999999999	0	0	0	0	0	0	0	0	0	0.05875628288517686	-0.2650168754226255	-0.009657266360750609	0	-8.674354505066262e-06	0	0	0	0	0	0	0	0	0	0	0	0	0	0	0	0	0	0	0	0
32.08000000000001	9.746121429005045	1.659008293550683	-9.242904562144261	0	0.9399999999999999	0	0	0	0	0	0	0	0	0	0.06159843479273769	-0.2755791036570158	-0.008849934648143364	0	5.169603665331504e-07	0	0	0	0	0	0	0	0	0	0	0	0	0	0	0	0	0	0	0	0
32.1	9.767995002183321	1.660321285390571	-9.261490568781474	0	0.9399999999999999	0	0	0	0	0	0	0	0	0	0.06085055988213493	-0.2770040002583302	-0.00541094713503796	0	6.57853947497173e-07	0	0	0	0	0	0	0	0	0	0	0	0	0	0	0	0	0	0	0	0
32.12	9.769270405976707	1.661724062631842	-9.26006292481944	0	0.9399999999999999	0	0	0	0	0	0	0	0	0	0.06095402418352609	-0.2869386519210882	-0.006232303532074515	0	-2.134715074622197e-06	0	0	0	0	0	0	0	0	0	0	0	0	0	0	0	0	0	0	0	0
32.14	9.769272644216137	1.661723757679122	-9.260060258560951	0	0.9399999999999999	0	0	0	0	0	0	0	0	0	0.06095675227404525	-0.2869389102536434	-0.00622290796576903	0	-1.987096474247122e-06	0	0	0	0	0	0	0	0	0	0	0	0	0	0	0	0	0	0	0	0
32.16	9.770382737250454	1.662923019958059	-9.258697554129014	0	0.9399999999999999	0	0	0	0	0	0	0	0	0	0.06126559676616424	-0.2925378233791133	-0.006532771485919671	0	-9.613175258619189e-07	0	0	0	0	0	0	0	0	0	0	0	0	0	0	0	0	0	0	0	0
32.18000000000001	9.77110249332301	1.664052943667997	-9.257375862823645	0	0.9399999999999999	0	0	0	0	0	0	0	0	0	0.06107783435255618	-0.2983892318822319	-0.008912575140943797	0	-1.054973095933259e-05	0	0	0	0	0	0	0	0	0	0	0	0	0	0	0	0	0	0	0	0
32.2	9.731475872301825	1.669571230682134	-9.213981200159434	0	0.9399999999999999	0	0	0	0	0	0	0	0	0	0.06422428037894719	-0.3119308859062145	-0.01622716601080145	0	1.096330325384539e-07	0	0	0	0	0	0	0	0	0	0	0	0	0	0	0	0	0	0	0	0
32.22000000000001	9.71716321004037	1.673063194161357	-9.19734219677018	0	0.9399999999999999	0	0	0	0	0	0	0	0	0	0.06567460719456153	-0.3176730162909708	-0.02098597642803142	0	5.953523961236062e-10	0	0	0	0	0	0	0	0	0	0	0	0	0	0	0	0	0	0	0	0
32.24	9.718321014675789	1.67764950619663	-9.19571266050075	0	0.9399999999999999	0	0	0	0	0	0	0	0	0	0.06691512813391025	-0.3238158392551818	-0.02630189074116473	0	-1.519403946089884e-05	0	0	0	0	0	0	0	0	0	0	0	0	0	0	0	0	0	0	0	0
32.26000000000001	9.718308504075885	1.677654436555358	-9.195685219767615	0	0.9399999999999999	0	0	0	0	0	0	0	0	0	0.06692992125812929	-0.3238280202384188	-0.02627891339440111	0	-8.925564734486432e-06	0	0	0	0	0	0	0	0	0	0	0	0	0	0	0	0	0	0	0	0
32.28	9.71971042176442	1.6832996105227	-9.193552235755586	0	0.9399999999999999	0	0	0	0	0	0	0	0	0	0.06898975363600009	-0.3301106895914925	-0.03132663069371593	0	-1.941437751514454e-05	0	0	0	0	0	0	0	0	0	0	0	0	0	0	0	0	0	0	0	0
32.3	9.704279687252495	1.694376703215171	-9.168056897666906	0	0.9399999999999999	0	0	0	0	0	0	0	0	0	0.07720749608218348	-0.3388525851131526	-0.03746291279988643	0	-1.10918629398921e-07	0	0	0	0	0	0	0	0	0	0	0	0	0	0	0	0	0	0	0	0
32.32	9.704279687252495	1.694376703215171	-9.168056897666906	0	0.9399999999999999	0	0	0	0	0	0	0	0	0	0.07720749608218348	-0.3388525851131526	-0.03746291279988643	0	-1.10918629398921e-07	0	0	0	0	0	0	0	0	0	0	0	0	0	0	0	0	0	0	0	0
32.34	9.711732113104631	1.70587047233284	-9.161677639728778	0	0.9399999999999999	0	0	0	0	0	0	0	0	0	0.08517401360043771	-0.3484140707302985	-0.02939396577343867	0	1.891849815844111e-06	0	0	0	0	0	0	0	0	0	0	0	0	0	0	0	0	0	0	0	0
32.36000000000001	9.716642139616345	1.712325088015695	-9.158404571479327	0	0.9399999999999999	0	0	0	0	0	0	0	0	0	0.09462379803140372	-0.3533582509221216	-0.03208895793695223	0	-1.608875826011046e-05	0	0	0	0	0	0	0	0	0	0	0	0	0	0	0	0	0	0	0	0
32.38	9.729955222896624	1.718042294581541	-9.162267710184095	0	0.9399999999999999	0	0	0	0	0	0	0	0	0	0.09271483779297615	-0.3561109747955833	-0.0278135964164586	0	-4.060749478082034e-07	0	0	0	0	0	0	0	0	0	0	0	0	0	0	0	0	0	0	0	0
32.40000000000001	9.736441010556428	1.723347830277156	-9.158649493701478	0	0.9399999999999999	0	0	0	0	0	0	0	0	0	0.1095726668296434	-0.3622308132824164	-0.01851853749559745	0	-5.201397566888534e-06	0	0	0	0	0	0	0	0	0	0	0	0	0	0	0	0	0	0	0	0
32.42	9.736447065792284	1.723352848020855	-9.15866028964081	0	0.9399999999999999	0	0	0	0	0	0	0	0	0	0.1095715681263145	-0.3622389853087215	-0.01852376174894846	0	-5.030872641210332e-06	0	0	0	0	0	0	0	0	0	0	0	0	0	0	0	0	0	0	0	0
32.44	9.753443912334738	1.727994358120063	-9.164888164674558	0	0.9399999999999999	0	0	0	0	0	0	0	0	0	0.1136630624928265	-0.3661864227832703	-0.008730574860593671	0	5.451119422681708e-07	0	0	0	0	0	0	0	0	0	0	0	0	0	0	0	0	0	0	0	0
32.46	9.765209454899187	1.734586109750663	-9.153707989953977	0	0.9399999999999999	0	0	0	0	0	0	0	0	0	0.1101177716354946	-0.3704991970927227	0.01470440808639571	0	5.221973976959839e-06	0	0	0	0	0	0	0	0	0	0	0	0	0	0	0	0	0	0	0	0
32.48	9.779490562469041	1.737038963452925	-9.156272355764044	0	0.9399999999999999	0	0	0	0	0	0	0	0	0	0.1130811773472733	-0.3721716058321148	0.02733653491703941	0	-4.673735947286039e-08	0	0	0	0	0	0	0	0	0	0	0	0	0	0	0	0	0	0	0	0
32.50000000000001	9.793495822819642	1.739292654006373	-9.15851362934943	0	0.9399999999999999	0	0	0	0	0	0	0	0	0	0.0915155299880866	-0.3673976221479661	0.03211250525207511	0	-4.590251717500969e-08	0	0	0	0	0	0	0	0	0	0	0	0	0	0	0	0	0	0	0	0
32.52	9.807670232750482	1.741314849601549	-9.161189856994834	0	0.9399999999999999	0	0	0	0	0	0	0	0	0	0.09250140861574388	-0.3659414546449944	0.03953999759998885	0	-3.2107216565646e-07	0	0	0	0	0	0	0	0	0	0	0	0	0	0	0	0	0	0	0	0
32.54000000000001	9.81303710684776	1.743160703414428	-9.15555600893998	0	0.9399999999999999	0	0	0	0	0	0	0	0	0	0.08362574059485291	-0.3636844867479406	0.04787382930953965	0	1.201285803704894e-05	0	0	0	0	0	0	0	0	0	0	0	0	0	0	0	0	0	0	0	0
32.56	9.831700272811943	1.745346503715059	-9.163766209064828	0	0.9399999999999999	0	0	0	0	0	0	0	0	0	0.06812327621416504	-0.3547407782066008	0.04233659558230343	0	1.680477460431285e-08	0	0	0	0	0	0	0	0	0	0	0	0	0	0	0	0	0	0	0	0
32.58000000000001	9.840389670755247	1.747294829767633	-9.162547565493592	0	0.9399999999999999	0	0	0	0	0	0	0	0	0	0.03669346144549419	-0.3405578453488899	0.02382672869255454	0	-6.698247518140002e-07	0	0	0	0	0	0	0	0	0	0	0	0	0	0	0	0	0	0	0	0
32.6	9.840389760074604	1.747294288815035	-9.162546925023236	0	0.9399999999999999	0	0	0	0	0	0	0	0	0	0.03669316627582983	-0.340558996391901	0.02382611919986088	0	-3.833018661410275e-07	0	0	0	0	0	0	0	0	0	0	0	0	0	0	0	0	0	0	0	0
32.62	9.849137505890095	1.750152118592446	-9.152694654693265	0	0.9399999999999999	0	0	0	0	0	0	0	0	0	0.02372495235073943	-0.3314583622633693	0.02222373859684845	0	1.750988819422964e-05	0	0	0	0	0	0	0	0	0	0	0	0	0	0	0	0	0	0	0	0
32.64	9.865027463903999	1.751488634740339	-9.159864803061236	0	0.9399999999999999	0	0	0	0	0	0	0	0	0	0.006232236346279029	-0.3182253663394824	0.00135726131800419	0	2.160556070128162e-07	0	0	0	0	0	0	0	0	0	0	0	0	0	0	0	0	0	0	0	0
32.66	9.863443657243801	1.75148902900414	-9.158294316494759	0	0.9399999999999999	0	0	0	0	0	0	0	0	0	-0.01433236074224093	-0.3076790911009222	-0.01544496779599202	0	-1.143329706812875e-06	0	0	0	0	0	0	0	0	0	0	0	0	0	0	0	0	0	0	0	0
32.68000000000001	9.894092452107099	1.75391462792137	-9.171691708938814	0	0.9399999999999999	0	0	0	0	0	0	0	0	0	-0.05492702809443713	-0.2852362236984762	-0.04324510408617766	0	7.605510823128831e-07	0	0	0	0	0	0	0	0	0	0	0	0	0	0	0	0	0	0	0	0
32.7	9.894092452107099	1.75391462792137	-9.171691708938814	0	0.9399999999999999	0	0	0	0	0	0	0	0	0	-0.05492702809443713	-0.2852362236984762	-0.04324510408617766	0	7.605510823128831e-07	0	0	0	0	0	0	0	0	0	0	0	0	0	0	0	0	0	0	0	0
32.72000000000001	9.907595880424664	1.75496210041539	-9.176771015518861	0	0.9399999999999999	0	0	0	0	0	0	0	0	0	-0.07661011145611242	-0.2738431009151985	-0.05599069914339137	0	-3.539815673220395e-07	0	0	0	0	0	0	0	0	0	0	0	0	0	0	0	0	0	0	0	0
32.74	9.934821592508607	1.756344666840148	-9.187665949649636	0	0.9399999999999999	0	0	0	0	0	0	0	0	0	-0.1240937015420842	-0.2491272453822201	-0.0847767363274806	0	2.467138697378463e-07	0	0	0	0	0	0	0	0	0	0	0	0	0	0	0	0	0	0	0	0
32.76000000000001	9.944985432563314	1.75651876286059	-9.18997883020732	0	0.9399999999999999	0	0	0	0	0	0	0	0	0	-0.1475944710961828	-0.2351733330903883	-0.1020912013757815	0	-5.759091398594698e-07	0	0	0	0	0	0	0	0	0	0	0	0	0	0	0	0	0	0	0	0
32.78	9.950018429465777	1.756314065349643	-9.187277140228529	0	0.9399999999999999	0	0	0	0	0	0	0	0	0	-0.1410449560401033	-0.2324831304919503	-0.09842493833857804	0	-3.83167556855035e-06	0	0	0	0	0	0	0	0	0	0	0	0	0	0	0	0	0	0	0	0
32.8	9.970718094379974	1.755827178778056	-9.20054006269029	0	0.9399999999999999	0	0	0	0	0	0	0	0	0	-0.195550746436621	-0.20557884258602	-0.1433359254844502	0	3.844940531923242e-07	0	0	0	0	0	0	0	0	0	0	0	0	0	0	0	0	0	0	0	0
32.82	9.988065660873399	1.755178258184579	-9.21039707900146	0	0.9399999999999999	0	0	0	0	0	0	0	0	0	-0.2191550321957785	-0.190566941181317	-0.1688913493036057	0	2.939223363081333e-07	0	0	0	0	0	0	0	0	0	0	0	0	0	0	0	0	0	0	0	0
32.84	10.0062122459477	1.753813003087923	-9.220961655495744	0	0.9399999999999999	0	0	0	0	0	0	0	0	0	-0.2412064775747202	-0.1753774189780651	-0.1979388880073917	0	1.131847329077617e-07	0	0	0	0	0	0	0	0	0	0	0	0	0	0	0	0	0	0	0	0
32.86000000000001	10.02842350109885	1.752228649949053	-9.235651411185163	0	0.9399999999999999	0	0	0	0	0	0	0	0	0	-0.2607264826978234	-0.1605236716462382	-0.2298525536429605	0	6.976788036383549e-08	0	0	0	0	0	0	0	0	0	0	0	0	0	0	0	0	0	0	0	0
32.88	10.05560556412461	1.750272381606043	-9.255455537889459	0	0.9399999999999999	0	0	0	0	0	0	0	0	0	-0.2767695465624428	-0.1461841097549084	-0.2624067149018024	0	6.3649150862685e-07	0	0	0	0	0	0	0	0	0	0	0	0	0	0	0	0	0	0	0	0
32.90000000000001	10.09493340561218	1.746856135699565	-9.288184503763251	0	0.9399999999999999	0	0	0	0	0	0	0	0	0	-0.2785823652366792	-0.145045831037227	-0.2666014063324402	0	-5.476772884330976e-08	0	0	0	0	0	0	0	0	0	0	0	0	0	0	0	0	0	0	0	0
32.92	10.14247164759099	1.742540085285773	-9.329571727524746	0	0.9399999999999999	0	0	0	0	0	0	0	0	0	-0.3098025344011491	-0.1138988930527182	-0.3165076076196356	0	4.408729162790011e-09	0	0	0	0	0	0	0	0	0	0	0	0	0	0	0	0	0	0	0	0
32.94	10.19730182089534	1.737966335814425	-9.378858402234222	0	0.9399999999999999	0	0	0	0	0	0	0	0	0	-0.3238849533804934	-0.09781061564474686	-0.3382620891687194	0.005931006958528271	0.005930924583564381	0	0	0	0	0	0	0	0	0	0	0	0	0	0	0	0	0	0	0	0
32.96	10.25554163001416	1.733377591179915	-9.432533142421963	0	0.9399999999999999	0	0	0	0	0	0	0	0	0	-0.3246620640487761	-0.08732345655742539	-0.3618221284003847	0.03790243203172491	0.03790252643641192	0	0	0	0	0	0	0	0	0	0	0	0	0	0	0	0	0	0	0	0
32.98	10.25554163001416	1.733377591179915	-9.432533142421963	0	0.9399999999999999	0	0	0	0	0	0	0	0	0	-0.3246620640487761	-0.08732345655742539	-0.3618221284003847	0.03790243203172491	0.03790252643641192	0	0	0	0	0	0	0	0	0	0	0	0	0	0	0	0	0	0	0	0
33.00000000000001	10.38593440527184	1.723078468452689	-9.55650607838996	0	0.9399999999999999	0	0	0	0	0	0	0	0	0	-0.340803904725256	-0.06698999511192316	-0.3745297863111165	0.05024715564014025	0.05024715174214093	0	0	0	0	0	0	0	0	0	0	0	0	0	0	0	0	0	0	0	0
33.02	10.45916981975727	1.717747400794368	-9.6276520532072	0	0.9399999999999999	0	0	0	0	0	0	0	0	0	-0.3665921787747869	-0.03137050304012585	-0.3726081746504825	0	-1.065372686067725e-07	0	0	0	0	0	0	0	0	0	0	0	0	0	0	0	0	0	0	0	0
33.04000000000001	10.45917125591196	1.717747846196097	-9.627651128652461	0	0.9399999999999999	0	0	0	0	0	0	0	0	0	-0.3665892108413997	-0.03137084410246917	-0.3726077602935802	0	-6.086520836560454e-08	0	0	0	0	0	0	0	0	0	0	0	0	0	0	0	0	0	0	0	0
33.06	10.53215518575229	1.712759595725294	-9.699020755021781	0	0.9399999999999999	0	0	0	0	0	0	0	0	0	-0.3624701809456972	-0.02922929639855877	-0.3596234518366429	0	1.993048013037575e-07	0	0	0	0	0	0	0	0	0	0	0	0	0	0	0	0	0	0	0	0
33.08000000000001	10.60236410038041	1.708909819552074	-9.767837864730234	0	0.9399999999999999	0	0	0	0	0	0	0	0	0	-0.3465153763703117	-0.03322308589575792	-0.3407649049305583	0	-2.421182255522103e-07	0	0	0	0	0	0	0	0	0	0	0	0	0	0	0	0	0	0	0	0
33.1	10.66283165962372	1.705718493545535	-9.82737665029901	0	0.9399999999999999	0	0	0	0	0	0	0	0	0	-0.3243838544236433	-0.03766906347742394	-0.3144012422935133	0	5.497898126678603e-09	0	0	0	0	0	0	0	0	0	0	0	0	0	0	0	0	0	0	0	0
33.12	10.71904758210371	1.703546239083128	-9.883525744470187	0	0.9399999999999999	0	0	0	0	0	0	0	0	0	-0.3209743641618838	-0.03810350113126054	-0.2932638980126763	0	5.065764837403418e-08	0	0	0	0	0	0	0	0	0	0	0	0	0	0	0	0	0	0	0	0
33.14	10.77143104482876	1.702648243732608	-9.936451306222125	0	0.9399999999999999	0	0	0	0	0	0	0	0	0	-0.3336663481705479	-0.0333000513207359	-0.2869064025665663	0	3.615743358322033e-09	0	0	0	0	0	0	0	0	0	0	0	0	0	0	0	0	0	0	0	0
33.16	10.83939151726418	1.708336496046989	-10.0056070301903	0	0.9399999999999999	0	0	0	0	0	0	0	0	0	-0.3244945982126585	-0.03714524269842828	-0.3074018699613576	0	-2.162463280484586e-08	0	0	0	0	0	0	0	0	0	0	0	0	0	0	0	0	0	0	0	0
33.18000000000001	10.83939151726418	1.708336496046989	-10.0056070301903	0	0.9399999999999999	0	0	0	0	0	0	0	0	0	-0.3244945982126585	-0.03714524269842828	-0.3074018699613576	0	-2.162463280484586e-08	0	0	0	0	0	0	0	0	0	0	0	0	0	0	0	0	0	0	0	0
33.2	10.83651613042085	1.719628071525035	-10.00155578272981	0	0.9399999999999999	0	0	0	0	0	0	0	0	0	-0.3093121278417988	-0.05800850647110765	-0.3220223099294225	0	-1.076543677698745e-07	0	0	0	0	0	0	0	0	0	0	0	0	0	0	0	0	0	0	0	0
33.22000000000001	10.80204778636756	1.722951906365432	-9.965768197457662	0	0.9399999999999999	0	0	0	0	0	0	0	0	0	-0.2962260810876798	-0.07646526334689244	-0.3265733088735877	0	-6.521612891957992e-09	0	0	0	0	0	0	0	0	0	0	0	0	0	0	0	0	0	0	0	0
33.24	10.75449594400662	1.725467722017238	-9.916709916475112	0	0.9399999999999999	0	0	0	0	0	0	0	0	0	-0.2634880311530737	-0.09280151466228669	-0.3296605899313155	0	2.029811662154433e-07	0	0	0	0	0	0	0	0	0	0	0	0	0	0	0	0	0	0	0	0
33.26000000000001	10.70428312192371	1.726951796392219	-9.864424040009839	0	0.9399999999999999	0	0	0	0	0	0	0	0	0	-0.2348073575404306	-0.09852347428990689	-0.3264644427448292	0	1.637389159646068e-07	0	0	0	0	0	0	0	0	0	0	0	0	0	0	0	0	0	0	0	0
33.28	10.70428312192371	1.726951796392219	-9.864424040009839	0	0.9399999999999999	0	0	0	0	0	0	0	0	0	-0.2348073575404306	-0.09852347428990689	-0.3264644427448292	0	1.637389159646068e-07	0	0	0	0	0	0	0	0	0	0	0	0	0	0	0	0	0	0	0	0
33.3	10.65547082844235	1.726703530972793	-9.812902972551685	0	0.9399999999999999	0	0	0	0	0	0	0	0	0	-0.2084441048842098	-0.1043617766671004	-0.319689239141469	0	-5.156337653340167e-07	0	0	0	0	0	0	0	0	0	0	0	0	0	0	0	0	0	0	0	0
33.32	10.61050802452079	1.724679096093025	-9.764576643276758	0	0.9399999999999999	0	0	0	0	0	0	0	0	0	-0.1838296870923823	-0.1104208052954869	-0.3165720469570362	0	4.754528725080775e-08	0	0	0	0	0	0	0	0	0	0	0	0	0	0	0	0	0	0	0	0
33.34	10.5714128791466	1.721998774154696	-9.721444856092866	0	0.9399999999999999	0	0	0	0	0	0	0	0	0	-0.1606428054515543	-0.1145650955332002	-0.3185568112416879	0	1.73309151104662e-06	0	0	0	0	0	0	0	0	0	0	0	0	0	0	0	0	0	0	0	0
33.36000000000001	10.5379828835626	1.718385722243889	-9.68380040239864	0	0.9399999999999999	0	0	0	0	0	0	0	0	0	-0.1401523874253644	-0.1182389716641983	-0.3226787690787645	0	-1.091367149443083e-09	0	0	0	0	0	0	0	0	0	0	0	0	0	0	0	0	0	0	0	0
33.38	10.50905999680443	1.715077613322844	-9.651048677679681	0	0.9399999999999999	0	0	0	0	0	0	0	0	0	-0.1230132954645319	-0.122778400440291	-0.329048403117538	0	2.02371010089013e-07	0	0	0	0	0	0	0	0	0	0	0	0	0	0	0	0	0	0	0	0
33.40000000000001	10.47634274606916	1.712716092457181	-9.61513178363662	0	0.9399999999999999	0	0	0	0	0	0	0	0	0	-0.1057931718077066	-0.1262855978793898	-0.3372627024265222	0	-4.757289635388795e-08	0	0	0	0	0	0	0	0	0	0	0	0	0	0	0	0	0	0	0	0
33.42	10.43262064854615	1.711389182596497	-9.569156437466354	0	0.9399999999999999	0	0	0	0	0	0	0	0	0	-0.08705264256519486	-0.1290434124963646	-0.3457758689192553	0	6.702359834814312e-07	0	0	0	0	0	0	0	0	0	0	0	0	0	0	0	0	0	0	0	0
33.44	10.32755251401183	1.710546752964717	-9.463233098191155	0	0.9399999999999999	0	0	0	0	0	0	0	0	0	-0.04693347457348298	-0.1337967411784629	-0.3551878661268956	0	4.509302702295926e-08	0	0	0	0	0	0	0	0	0	0	0	0	0	0	0	0	0	0	0	0
33.46	10.28046020948174	1.711101135724809	-9.417482644310628	0	0.9399999999999999	0	0	0	0	0	0	0	0	0	-0.03595566781163522	-0.1342084621732658	-0.3561893719688495	0	-3.077658225444496e-07	0	0	0	0	0	0	0	0	0	0	0	0	0	0	0	0	0	0	0	0
33.48	10.24095556980659	1.712304222928518	-9.380625698527778	0	0.9399999999999999	0	0	0	0	0	0	0	0	0	-0.0158022434448757	-0.1373415230872435	-0.3545552356550126	0	-7.972166277922027e-07	0	0	0	0	0	0	0	0	0	0	0	0	0	0	0	0	0	0	0	0
33.50000000000001	10.21283336353726	1.713374674082458	-9.356286626442614	0	0.9399999999999999	0	0	0	0	0	0	0	0	0	-0.003429004077229424	-0.1388483306298739	-0.3537017023046272	0	4.442615437185885e-08	0	0	0	0	0	0	0	0	0	0	0	0	0	0	0	0	0	0	0	0
33.52	10.21283336353726	1.713374674082458	-9.356286626442614	0	0.9399999999999999	0	0	0	0	0	0	0	0	0	-0.003429004077229424	-0.1388483306298739	-0.3537017023046272	0	4.442615437185885e-08	0	0	0	0	0	0	0	0	0	0	0	0	0	0	0	0	0	0	0	0
33.54000000000001	10.19380126282952	1.713562650799064	-9.342197364476981	0	0.9399999999999999	0	0	0	0	0	0	0	0	0	0.007657445235043399	-0.1391608271723539	-0.3527847400088482	0	-8.266535574838608e-08	0	0	0	0	0	0	0	0	0	0	0	0	0	0	0	0	0	0	0	0
33.56	10.19121516831417	1.713296608846213	-9.345766996901162	0	0.9399999999999999	0	0	0	0	0	0	0	0	0	0.01613591923993384	-0.1386755651216842	-0.3514892455195249	0	1.052107817808004e-05	0	0	0	0	0	0	0	0	0	0	0	0	0	0	0	0	0	0	0	0
33.58000000000001	10.17084626451462	1.71291809499073	-9.332461194293002	0	0.9399999999999999	0	0	0	0	0	0	0	0	0	0.02644499044370274	-0.1374130348340352	-0.3496792466222309	0	2.630860703119612e-07	0	0	0	0	0	0	0	0	0	0	0	0	0	0	0	0	0	0	0	0
33.6	10.16717147887595	1.712486446057253	-9.33653649102655	0	0.9399999999999999	0	0	0	0	0	0	0	0	0	0.03314778767302205	-0.1361721879213669	-0.3492759077778047	0	2.704050852106547e-06	0	0	0	0	0	0	0	0	0	0	0	0	0	0	0	0	0	0	0	0
33.62	10.1438743539287	1.711069382599466	-9.320787964425659	0	0.9399999999999999	0	0	0	0	0	0	0	0	0	0.04208419782900984	-0.1339509250107347	-0.3500513262410483	0	5.935855912106963e-07	0	0	0	0	0	0	0	0	0	0	0	0	0	0	0	0	0	0	0	0
33.64	10.12597730378316	1.709435028284499	-9.310160925510889	0	0.9399999999999999	0	0	0	0	0	0	0	0	0	0.05001121250805322	-0.1318059717688311	-0.3515613886725186	0	7.990551854349047e-07	0	0	0	0	0	0	0	0	0	0	0	0	0	0	0	0	0	0	0	0
33.66	10.0978389559758	1.70807686148666	-9.288607949067046	0	0.9399999999999999	0	0	0	0	0	0	0	0	0	0.05929642127049464	-0.1300194148843589	-0.3526659021077045	0	-8.581955031161206e-08	0	0	0	0	0	0	0	0	0	0	0	0	0	0	0	0	0	0	0	0
33.68000000000001	10.05298506119245	1.705314907834567	-9.253633465763258	0	0.9399999999999999	0	0	0	0	0	0	0	0	0	0.07478013674358426	-0.126190079149524	-0.3526988980310881	0	-2.11602341380459e-07	0	0	0	0	0	0	0	0	0	0	0	0	0	0	0	0	0	0	0	0
33.7	10.0422960827242	1.703642245267922	-9.246367024535164	0	0.9399999999999999	0	0	0	0	0	0	0	0	0	0.08018118383387034	-0.1242809798975741	-0.3525098000674421	0	-2.637289557695216e-09	0	0	0	0	0	0	0	0	0	0	0	0	0	0	0	0	0	0	0	0
33.72000000000001	10.02955249246257	1.701390478195556	-9.236375754722875	0	0.9399999999999999	0	0	0	0	0	0	0	0	0	0.08106778298152778	-0.1219867491808292	-0.3553700698241827	0	1.939006599278267e-06	0	0	0	0	0	0	0	0	0	0	0	0	0	0	0	0	0	0	0	0
33.74	10.00953523667971	1.698626639371709	-9.218606109270139	0	0.9399999999999999	0	0	0	0	0	0	0	0	0	0.08727370649840789	-0.1190326529184977	-0.3552305473247149	0	1.325297363073052e-06	0	0	0	0	0	0	0	0	0	0	0	0	0	0	0	0	0	0	0	0
33.76000000000001	9.98339182248052	1.695514794430491	-9.194786755632871	0	0.9399999999999999	0	0	0	0	0	0	0	0	0	0.09710524474864593	-0.1160171598734314	-0.3549361826086186	0	-5.059490126340493e-09	0	0	0	0	0	0	0	0	0	0	0	0	0	0	0	0	0	0	0	0
33.78	9.98339182248052	1.695514794430491	-9.194786755632871	0	0.9399999999999999	0	0	0	0	0	0	0	0	0	0.09710524474864593	-0.1160171598734314	-0.3549361826086186	0	-5.059490126340493e-09	0	0	0	0	0	0	0	0	0	0	0	0	0	0	0	0	0	0	0	0
33.8	9.911939796903377	1.688251164251344	-9.128623853661392	0	0.9399999999999999	0	0	0	0	0	0	0	0	0	0.1077116545376652	-0.1084630339016079	-0.3601008885690186	0	4.341853501488491e-07	0	0	0	0	0	0	0	0	0	0	0	0	0	0	0	0	0	0	0	0
33.82	9.911939336464272	1.688251039346744	-9.128624242041187	0	0.9399999999999999	0	0	0	0	0	0	0	0	0	0.1077113522006696	-0.1084628548435909	-0.360100432282627	0	1.717316856884878e-07	0	0	0	0	0	0	0	0	0	0	0	0	0	0	0	0	0	0	0	0
33.84	9.869660780828102	1.68406603249202	-9.089358707000448	0	0.9399999999999999	0	0	0	0	0	0	0	0	0	0.1127665340709889	-0.1041856217139971	-0.3634113512666139	0	6.679886913634417e-07	0	0	0	0	0	0	0	0	0	0	0	0	0	0	0	0	0	0	0	0
33.86000000000001	9.787546463584967	1.676670135966192	-9.014188813924033	0	0.9399999999999999	0	0	0	0	0	0	0	0	0	0.1211791719089855	-0.09692895242450307	-0.37060088357733	0	3.782780895745002e-07	0	0	0	0	0	0	0	0	0	0	0	0	0	0	0	0	0	0	0	0
33.88	9.740083846688174	1.673374445318492	-8.970750456948716	0	0.9399999999999999	0	0	0	0	0	0	0	0	0	0.1257777165201718	-0.09354625641272454	-0.3736496935136577	0	-3.57769554816699e-07	0	0	0	0	0	0	0	0	0	0	0	0	0	0	0	0	0	0	0	0
33.90000000000001	9.740083846688174	1.673374445318492	-8.970750456948716	0	0.9399999999999999	0	0	0	0	0	0	0	0	0	0.1257777165201718	-0.09354625641272454	-0.3736496935136577	0	-3.57769554816699e-07	0	0	0	0	0	0	0	0	0	0	0	0	0	0	0	0	0	0	0	0
33.92	9.68988356965094	1.670299446054307	-8.925115830169586	0	0.9399999999999999	0	0	0	0	0	0	0	0	0	0.1300818540583882	-0.09032781608999596	-0.3752576479818187	0	-4.013414915952119e-07	0	0	0	0	0	0	0	0	0	0	0	0	0	0	0	0	0	0	0	0
33.94	9.643476964091796	1.667350117469331	-8.883856454498885	0	0.9399999999999999	0	0	0	0	0	0	0	0	0	0.1331685354356815	-0.08729479140034734	-0.3766667444923679	0	-2.278083024110285e-08	0	0	0	0	0	0	0	0	0	0	0	0	0	0	0	0	0	0	0	0
33.96	9.561431069114823	1.661330312354521	-8.813774646950041	0	0.9399999999999999	0	0	0	0	0	0	0	0	0	0.1360818612015574	-0.0816434762459584	-0.3808520022285257	0	1.386831977906828e-07	0	0	0	0	0	0	0	0	0	0	0	0	0	0	0	0	0	0	0	0
33.98	9.52397042243626	1.659112104637946	-8.783088776067814	0	0.9399999999999999	0	0	0	0	0	0	0	0	0	0.137227510459926	-0.07953632193472103	-0.3835445697627227	0	3.859789635258861e-08	0	0	0	0	0	0	0	0	0	0	0	0	0	0	0	0	0	0	0	0
34.00000000000001	9.48697169989879	1.658224449695078	-8.75331434598314	0	0.9399999999999999	0	0	0	0	0	0	0	0	0	0.1390096612791445	-0.07855002383664464	-0.3866128176892474	0	1.413481832654104e-08	0	0	0	0	0	0	0	0	0	0	0	0	0	0	0	0	0	0	0	0
34.02	9.449900358482992	1.658632091017653	-8.723535543378073	0	0.9399999999999999	0	0	0	0	0	0	0	0	0	0.14149793727717	-0.0782334916839716	-0.3897851903073245	0	8.670291023412266e-07	0	0	0	0	0	0	0	0	0	0	0	0	0	0	0	0	0	0	0	0
34.04000000000001	9.415440659870523	1.660257919024712	-8.696104040871166	0	0.9399999999999999	0	0	0	0	0	0	0	0	0	0.1443557464149535	-0.07874664638885326	-0.3928308987843751	0	7.498889065001658e-07	0	0	0	0	0	0	0	0	0	0	0	0	0	0	0	0	0	0	0	0
34.06	9.383730823453332	1.663562300345177	-8.671073489093498	0	0.9399999999999999	0	0	0	0	0	0	0	0	0	0.1481619785776541	-0.08086389498258377	-0.3957146491681	0	-7.120358658010824e-09	0	0	0	0	0	0	0	0	0	0	0	0	0	0	0	0	0	0	0	0
34.08000000000001	9.383730823453332	1.663562300345177	-8.671073489093498	0	0.9399999999999999	0	0	0	0	0	0	0	0	0	0.1481619785776541	-0.08086389498258377	-0.3957146491681	0	-7.120358658010824e-09	0	0	0	0	0	0	0	0	0	0	0	0	0	0	0	0	0	0	0	0
34.1	9.360381987286557	1.668681345773997	-8.65404881196498	0	0.9399999999999999	0	0	0	0	0	0	0	0	0	0.152977961187928	-0.08506193085909811	-0.3983938743550752	0	3.828227545918619e-08	0	0	0	0	0	0	0	0	0	0	0	0	0	0	0	0	0	0	0	0
34.12	9.354426650545154	1.674308441346088	-8.653816402884967	0	0.9399999999999999	0	0	0	0	0	0	0	0	0	0.1573051220065443	-0.0909324635106865	-0.4008648334450478	0	1.2688625039285e-08	0	0	0	0	0	0	0	0	0	0	0	0	0	0	0	0	0	0	0	0
34.14	9.369335512199786	1.679201762338949	-8.674026516901719	0	0.9399999999999999	0	0	0	0	0	0	0	0	0	0.1595937057196535	-0.09797789274100464	-0.40359693636229	0	2.802085576544997e-06	0	0	0	0	0	0	0	0	0	0	0	0	0	0	0	0	0	0	0	0
34.16	9.387415456213795	1.682866590187466	-8.697221111093194	0	0.9399999999999999	0	0	0	0	0	0	0	0	0	0.1614645071917254	-0.1043338692156869	-0.4067917260269104	0	8.005654461415687e-07	0	0	0	0	0	0	0	0	0	0	0	0	0	0	0	0	0	0	0	0
34.18000000000001	9.393431412304164	1.684649040422752	-8.708161467595733	0	0.9399999999999999	0	0	0	0	0	0	0	0	0	0.162902853584427	-0.1082597087236879	-0.4100044712891775	0	5.175817373698883e-10	0	0	0	0	0	0	0	0	0	0	0	0	0	0	0	0	0	0	0	0
34.2	9.390711695180201	1.684258660930557	-8.710559119437306	0	0.9399999999999999	0	0	0	0	0	0	0	0	0	0.1627174254426521	-0.1100649477422086	-0.412985347350925	0	-4.657563284296387e-06	0	0	0	0	0	0	0	0	0	0	0	0	0	0	0	0	0	0	0	0
34.22000000000001	9.387267185518807	1.682701348392941	-8.71287904416557	0	0.9399999999999999	0	0	0	0	0	0	0	0	0	0.1614221780905525	-0.1111166437502589	-0.4162041014406865	0	-1.378614868236443e-05	0	0	0	0	0	0	0	0	0	0	0	0	0	0	0	0	0	0	0	0
34.24	9.29681752296838	1.68087518324699	-8.63602991646675	0	0.9399999999999999	0	0	0	0	0	0	0	0	0	0.1663239897260034	-0.1084543384967475	-0.4256549875780772	0	1.991304795652679e-07	0	0	0	0	0	0	0	0	0	0	0	0	0	0	0	0	0	0	0	0
34.26000000000001	9.263961302131214	1.681322392327343	-8.610529040039163	0	0.9399999999999999	0	0	0	0	0	0	0	0	0	0.1689852836293007	-0.1097087555945249	-0.4307730850669204	0	-8.925496646945747e-09	0	0	0	0	0	0	0	0	0	0	0	0	0	0	0	0	0	0	0	0
34.28	9.237650142388507	1.683154403639692	-8.591353124181952	0	0.9399999999999999	0	0	0	0	0	0	0	0	0	0.171543716009217	-0.1100018009810747	-0.4378389642909013	0	2.228602422152251e-08	0	0	0	0	0	0	0	0	0	0	0	0	0	0	0	0	0	0	0	0
34.3	9.2340579108852	1.686179869214895	-8.594132954384778	0	0.9399999999999999	0	0	0	0	0	0	0	0	0	0.173575402279729	-0.1175828906633622	-0.4384895955577075	0	3.331220701491273e-05	0	0	0	0	0	0	0	0	0	0	0	0	0	0	0	0	0	0	0	0
34.32000000000001	9.222526651784746	1.689479732145262	-8.588276332443394	0	0.9399999999999999	0	0	0	0	0	0	0	0	0	0.1758289938826542	-0.122142372490682	-0.4407350756706935	0	-3.230192812554764e-07	0	0	0	0	0	0	0	0	0	0	0	0	0	0	0	0	0	0	0	0
34.34	9.222526651784746	1.689479732145262	-8.588276332443394	0	0.9399999999999999	0	0	0	0	0	0	0	0	0	0.1758289938826542	-0.122142372490682	-0.4407350756706935	0	-3.230192812554764e-07	0	0	0	0	0	0	0	0	0	0	0	0	0	0	0	0	0	0	0	0
34.36000000000001	9.190228760216195	1.692257995595547	-8.567835780209347	0	0.9399999999999999	0	0	0	0	0	0	0	0	0	0.1772493682425336	-0.1280505935282064	-0.4462325288927219	0	-3.386654877683361e-08	0	0	0	0	0	0	0	0	0	0	0	0	0	0	0	0	0	0	0	0
34.38	9.190228760216195	1.692257995595547	-8.567835780209347	0	0.9399999999999999	0	0	0	0	0	0	0	0	0	0.1772493682425336	-0.1280505935282064	-0.4462325288927219	0	-3.386654877683361e-08	0	0	0	0	0	0	0	0	0	0	0	0	0	0	0	0	0	0	0	0
34.40000000000001	9.165490621669615	1.691912434652354	-8.549623710324331	0	0.9399999999999999	0	0	0	0	0	0	0	0	0	0.1764113303433853	-0.1288368015125949	-0.4497062274931185	0	2.071313720380788e-06	0	0	0	0	0	0	0	0	0	0	0	0	0	0	0	0	0	0	0	0
34.42	9.133041254460549	1.69018233175602	-8.52392515332364	0	0.9399999999999999	0	0	0	0	0	0	0	0	0	0.1746147067068698	-0.127939270423058	-0.4533119019427141	0	2.815115732362339e-07	0	0	0	0	0	0	0	0	0	0	0	0	0	0	0	0	0	0	0	0
34.44	9.059156762553165	1.686365982914161	-8.46420521349102	0	0.9399999999999999	0	0	0	0	0	0	0	0	0	0.170331506006573	-0.1251499766757702	-0.459654819370992	0	5.93474190168195e-08	0	0	0	0	0	0	0	0	0	0	0	0	0	0	0	0	0	0	0	0
34.46	9.027006632765012	1.685076397356469	-8.439328977173107	0	0.9399999999999999	0	0	0	0	0	0	0	0	0	0.1678502919126964	-0.1246096696288489	-0.4619643544069028	0	6.658830565483139e-09	0	0	0	0	0	0	0	0	0	0	0	0	0	0	0	0	0	0	0	0
34.48	9.000030064097309	1.684314181270214	-8.419617383423683	0	0.9399999999999999	0	0	0	0	0	0	0	0	0	0.1679447262302817	-0.1228541296344292	-0.469509331076003	0	-1.156833285965531e-07	0	0	0	0	0	0	0	0	0	0	0	0	0	0	0	0	0	0	0	0
34.50000000000001	8.981635096473944	1.683987559053164	-8.408378258488652	0	0.9399999999999999	0	0	0	0	0	0	0	0	0	0.1618568427419019	-0.1260586815173792	-0.4651818432731256	0	1.435939195241155e-07	0	0	0	0	0	0	0	0	0	0	0	0	0	0	0	0	0	0	0	0
34.52	8.977745281635341	1.683823916397262	-8.41159135388097	0	0.9399999999999999	0	0	0	0	0	0	0	0	0	0.1575646351398805	-0.1286475941439032	-0.4665689107654893	0	-1.205332269267728e-06	0	0	0	0	0	0	0	0	0	0	0	0	0	0	0	0	0	0	0	0
34.54000000000001	8.973983526138603	1.683551864514193	-8.414826572448121	0	0.9399999999999999	0	0	0	0	0	0	0	0	0	0.1530322288739632	-0.1311057068966635	-0.4681217470995758	0	4.705030254950112e-07	0	0	0	0	0	0	0	0	0	0	0	0	0	0	0	0	0	0	0	0
34.56	8.97038980471674	1.683268059127989	-8.417984124979435	0	0.9399999999999999	0	0	0	0	0	0	0	0	0	0.1483557986302501	-0.1334671087546284	-0.4699526081183334	0	9.336814485066689e-06	0	0	0	0	0	0	0	0	0	0	0	0	0	0	0	0	0	0	0	0
34.58000000000001	8.970397812968129	1.683257915317681	-8.417980217038043	0	0.9399999999999999	0	0	0	0	0	0	0	0	0	0.1483478539507952	-0.1334574032646089	-0.4699446574054472	0	3.255789901578749e-06	0	0	0	0	0	0	0	0	0	0	0	0	0	0	0	0	0	0	0	0
34.6	8.966955915181943	1.683400563508502	-8.421033625059616	0	0.9399999999999999	0	0	0	0	0	0	0	0	0	0.1440042513088793	-0.1358998463836799	-0.4721862214687477	0	5.687326595402822e-06	0	0	0	0	0	0	0	0	0	0	0	0	0	0	0	0	0	0	0	0
34.62	8.960163774398081	1.684083427787576	-8.426880896110251	0	0.9399999999999999	0	0	0	0	0	0	0	0	0	0.1356784528320836	-0.1404630067802632	-0.4783095493322987	0	7.052030019860964e-06	0	0	0	0	0	0	0	0	0	0	0	0	0	0	0	0	0	0	0	0
34.64	8.956664607624429	1.683468103279855	-8.429600255121692	0	0.9399999999999999	0	0	0	0	0	0	0	0	0	0.1305686120354685	-0.1419093421580291	-0.4822921960364238	0	1.046115768140198e-05	0	0	0	0	0	0	0	0	0	0	0	0	0	0	0	0	0	0	0	0
34.66	8.956659350100859	1.683446679851541	-8.429577177396787	0	0.9399999999999999	0	0	0	0	0	0	0	0	0	0.1305432757494446	-0.1418891160520907	-0.4822779451608167	0	1.590887488764439e-05	0	0	0	0	0	0	0	0	0	0	0	0	0	0	0	0	0	0	0	0
34.68000000000001	8.941610077032916	1.682090924557871	-8.420888382812993	0	0.9399999999999999	0	0	0	0	0	0	0	0	0	0.1254110717695179	-0.1417383437910715	-0.4871252544579549	0	-6.287520329736172e-08	0	0	0	0	0	0	0	0	0	0	0	0	0	0	0	0	0	0	0	0
34.7	8.934057447075155	1.678755262650137	-8.42678237483392	0	0.9399999999999999	0	0	0	0	0	0	0	0	0	0.1135234341626306	-0.1436530242409041	-0.4986019751996153	0	-4.564031475158381e-06	0	0	0	0	0	0	0	0	0	0	0	0	0	0	0	0	0	0	0	0
34.72000000000001	8.934047288021947	1.678756442980796	-8.426773513462773	0	0.9399999999999999	0	0	0	0	0	0	0	0	0	0.1135265692387332	-0.143653735980644	-0.4986033781423158	0	-4.518890489937173e-06	0	0	0	0	0	0	0	0	0	0	0	0	0	0	0	0	0	0	0	0
34.74	8.929605289136017	1.676738296050136	-8.429149260868503	0	0.9399999999999999	0	0	0	0	0	0	0	0	0	0.1072858583975353	-0.1445003402224538	-0.5049608194170094	0	4.910852627369243e-06	0	0	0	0	0	0	0	0	0	0	0	0	0	0	0	0	0	0	0	0
34.76000000000001	8.896690386151953	1.673275098071833	-8.409705009983869	0	0.9399999999999999	0	0	0	0	0	0	0	0	0	0.09702822694681594	-0.1444052613353881	-0.5184319137818196	0	4.548277939135265e-07	0	0	0	0	0	0	0	0	0	0	0	0	0	0	0	0	0	0	0	0
34.78	8.893480269578612	1.671572520568358	-8.412821968502165	0	0.9399999999999999	0	0	0	0	0	0	0	0	0	0.09482377865142182	-0.143835944708939	-0.5248915880726968	0	-1.556216577909195e-07	0	0	0	0	0	0	0	0	0	0	0	0	0	0	0	0	0	0	0	0
34.8	8.893316952288066	1.671558845700909	-8.412650919397416	0	0.9399999999999999	0	0	0	0	0	0	0	0	0	0.09166337019581966	-0.1454912284919305	-0.5248507264556379	0	-7.43207042389905e-07	0	0	0	0	0	0	0	0	0	0	0	0	0	0	0	0	0	0	0	0
34.82000000000001	8.890247213811518	1.669837969966338	-8.415369936536983	0	0.9399999999999999	0	0	0	0	0	0	0	0	0	0.08679878954800975	-0.146707628071371	-0.5307653567369535	0	-8.334808791199713e-07	0	0	0	0	0	0	0	0	0	0	0	0	0	0	0	0	0	0	0	0
34.84	8.909065628533746	1.665098824871382	-8.444943185790599	0	0.9399999999999999	0	0	0	0	0	0	0	0	0	0.07526499233809968	-0.1509309231547996	-0.5413385994798627	0	1.673945212635228e-07	0	0	0	0	0	0	0	0	0	0	0	0	0	0	0	0	0	0	0	0
34.86000000000001	8.924017725272723	1.661488985381263	-8.46469831340417	0	0.9399999999999999	0	0	0	0	0	0	0	0	0	0.06967647151785925	-0.1514722685919498	-0.5459976924763054	0	-9.330095455054123e-08	0	0	0	0	0	0	0	0	0	0	0	0	0	0	0	0	0	0	0	0
34.88	8.921865141176614	1.65749891211685	-8.466969005989535	0	0.9399999999999999	0	0	0	0	0	0	0	0	0	0.06280614455912549	-0.1536530446326586	-0.5494697412782202	0	3.113888045073478e-05	0	0	0	0	0	0	0	0	0	0	0	0	0	0	0	0	0	0	0	0
34.90000000000001	8.921883349157232	1.657514871374993	-8.46701521682404	0	0.9399999999999999	0	0	0	0	0	0	0	0	0	0.06282572873722712	-0.1536545781638664	-0.5495057929124861	0	2.635795094691826e-06	0	0	0	0	0	0	0	0	0	0	0	0	0	0	0	0	0	0	0	0
34.92	8.943682026401268	1.649081743037148	-8.497170645452085	0	0.9399999999999999	0	0	0	0	0	0	0	0	0	0.05041048621693207	-0.1569734036722332	-0.5548781672197145	0	-1.086258922969522e-07	0	0	0	0	0	0	0	0	0	0	0	0	0	0	0	0	0	0	0	0
34.94	8.941744549006142	1.644459670518367	-8.498874739473157	0	0.9399999999999999	0	0	0	0	0	0	0	0	0	0.04482002671417006	-0.1575392182182755	-0.5563647096013885	0	-8.473583016308383e-07	0	0	0	0	0	0	0	0	0	0	0	0	0	0	0	0	0	0	0	0
34.96	8.941746308320987	1.644458903561189	-8.498875052452991	0	0.9399999999999999	0	0	0	0	0	0	0	0	0	0.04481976211419929	-0.1575389473497996	-0.5563630682325854	0	-7.941512100502562e-07	0	0	0	0	0	0	0	0	0	0	0	0	0	0	0	0	0	0	0	0
34.98	8.938670168745505	1.635163977354126	-8.501883347867221	0	0.9399999999999999	0	0	0	0	0	0	0	0	0	0.03418461852337024	-0.1585640666608096	-0.5571296650824036	0	2.676268313355752e-06	0	0	0	0	0	0	0	0	0	0	0	0	0	0	0	0	0	0	0	0
35.00000000000001	8.937731471716189	1.631396656005821	-8.503336014218108	0	0.9399999999999999	0	0	0	0	0	0	0	0	0	0.03083537632004069	-0.1563239975980267	-0.559664343537867	0	-9.053093474803147e-06	0	0	0	0	0	0	0	0	0	0	0	0	0	0	0	0	0	0	0	0
35.02	8.996395463053403	1.627872212813809	-8.564136731428297	0	0.9399999999999999	0	0	0	0	0	0	0	0	0	0.02394478575908888	-0.1634031282752555	-0.5553724587295601	0	-6.460618049046083e-07	0	0	0	0	0	0	0	0	0	0	0	0	0	0	0	0	0	0	0	0
35.04000000000001	8.995466310028741	1.624563697386255	-8.565392921574645	0	0.9399999999999999	0	0	0	0	0	0	0	0	0	0.02112391806249169	-0.1612530169122328	-0.5576632535634986	0	3.052364377778882e-06	0	0	0	0	0	0	0	0	0	0	0	0	0	0	0	0	0	0	0	0
35.06	9.061704811177117	1.62161377192789	-8.633732085024125	0	0.9399999999999999	0	0	0	0	0	0	0	0	0	0.01458670000621937	-0.1677746674223107	-0.5527745244230686	0	1.361314418082362e-06	0	0	0	0	0	0	0	0	0	0	0	0	0	0	0	0	0	0	0	0
35.08000000000001	9.060726957835984	1.61916140860129	-8.634909924425187	0	0.9399999999999999	0	0	0	0	0	0	0	0	0	0.01165797918461014	-0.1685939231694487	-0.5516520925874112	0	-8.754852576911223e-07	0	0	0	0	0	0	0	0	0	0	0	0	0	0	0	0	0	0	0	0
35.1	9.059702776522272	1.617446523819723	-8.636302968148327	0	0.9399999999999999	0	0	0	0	0	0	0	0	0	0.01006955763598976	-0.1673893848906764	-0.5541740163843535	0	1.756353699823747e-06	0	0	0	0	0	0	0	0	0	0	0	0	0	0	0	0	0	0	0	0
35.12	9.058683656265329	1.616019509689647	-8.637810694943029	0	0.9399999999999999	0	0	0	0	0	0	0	0	0	0.006221901866673384	-0.1704890797953669	-0.551070578641469	0	-1.508773598831379e-05	0	0	0	0	0	0	0	0	0	0	0	0	0	0	0	0	0	0	0	0
35.14	9.159038994817164	1.615083325168277	-8.741004612717822	0	0.9399999999999999	0	0	0	0	0	0	0	0	0	0.0002495238287696662	-0.1741866900898532	-0.5518568579606573	0	-2.18011236015747e-08	0	0	0	0	0	0	0	0	0	0	0	0	0	0	0	0	0	0	0	0
35.16	9.159038994817164	1.615083325168277	-8.741004612717822	0	0.9399999999999999	0	0	0	0	0	0	0	0	0	0.0002495238287696662	-0.1741866900898532	-0.5518568579606573	0	-2.18011236015747e-08	0	0	0	0	0	0	0	0	0	0	0	0	0	0	0	0	0	0	0	0
35.18000000000001	9.156212353153478	1.613845142685472	-8.74404472724555	0	0.9399999999999999	0	0	0	0	0	0	0	0	0	-0.003562480616411019	-0.1753849919223887	-0.554652755892971	0	7.014745726343732e-06	0	0	0	0	0	0	0	0	0	0	0	0	0	0	0	0	0	0	0	0
35.2	9.15644234063587	1.613699234389005	-8.744207331569113	0	0.9399999999999999	0	0	0	0	0	0	0	0	0	-0.004989736649554112	-0.1754128877510066	-0.5530943953018171	0	2.520566737616472e-06	0	0	0	0	0	0	0	0	0	0	0	0	0	0	0	0	0	0	0	0
35.22000000000001	9.153906735557619	1.614600020120338	-8.747387277469281	0	0.9399999999999999	0	0	0	0	0	0	0	0	0	-0.007763052445537315	-0.1769667803180192	-0.5564391646258703	0	1.010422821196289e-05	0	0	0	0	0	0	0	0	0	0	0	0	0	0	0	0	0	0	0	0
35.24	9.270038341049702	1.615907320776077	-8.866213583184289	0	0.9399999999999999	0	0	0	0	0	0	0	0	0	-0.0167765731254088	-0.1819731089548133	-0.5559862162660967	0	1.252300686873758e-07	0	0	0	0	0	0	0	0	0	0	0	0	0	0	0	0	0	0	0	0
35.26000000000001	9.269970522819968	1.615939654973744	-8.866222498628673	0	0.9399999999999999	0	0	0	0	0	0	0	0	0	-0.01813848458934581	-0.1822841249403454	-0.555068947215656	0	5.701417485842038e-07	0	0	0	0	0	0	0	0	0	0	0	0	0	0	0	0	0	0	0	0
35.28	9.268679218602344	1.617620140728818	-8.867413794070416	0	0.9399999999999999	0	0	0	0	0	0	0	0	0	-0.02139716907270736	-0.184215433897556	-0.5559064064823039	0	3.457230105310017e-07	0	0	0	0	0	0	0	0	0	0	0	0	0	0	0	0	0	0	0	0
35.3	9.26745815024527	1.619785942598542	-8.868572749398274	0	0.9399999999999999	0	0	0	0	0	0	0	0	0	-0.02472965310149083	-0.1868172985061192	-0.5567505743953157	0	-1.618391993061216e-06	0	0	0	0	0	0	0	0	0	0	0	0	0	0	0	0	0	0	0	0
35.32000000000001	9.266346900776359	1.622066484594963	-8.869610361511937	0	0.9399999999999999	0	0	0	0	0	0	0	0	0	-0.02813879754799902	-0.1896250192927982	-0.5571072879548763	0	7.010410116466628e-07	0	0	0	0	0	0	0	0	0	0	0	0	0	0	0	0	0	0	0	0
35.34	9.26538469603398	1.624354554981524	-8.870347836202967	0	0.9399999999999999	0	0	0	0	0	0	0	0	0	-0.03161002815626747	-0.1926103053188638	-0.55669173057618	0	2.566790665845928e-06	0	0	0	0	0	0	0	0	0	0	0	0	0	0	0	0	0	0	0	0
35.36000000000001	9.264519317583609	1.626648713155793	-8.87084531059131	0	0.9399999999999999	0	0	0	0	0	0	0	0	0	-0.03545887674150022	-0.1957097460148471	-0.555597202667438	0	-1.479986096946211e-06	0	0	0	0	0	0	0	0	0	0	0	0	0	0	0	0	0	0	0	0
35.38	9.263862674828191	1.629034836231137	-8.871122265056217	0	0.9399999999999999	0	0	0	0	0	0	0	0	0	-0.03979041336948598	-0.1988705562190074	-0.5539891158438329	0	-4.752617405432936e-06	0	0	0	0	0	0	0	0	0	0	0	0	0	0	0	0	0	0	0	0
35.40000000000001	9.263528727100002	1.630954916961666	-8.871106921421994	0	0.9399999999999999	0	0	0	0	0	0	0	0	0	-0.04469513438790782	-0.2015952752915862	-0.551873306293427	0	-6.958979462891821e-07	0	0	0	0	0	0	0	0	0	0	0	0	0	0	0	0	0	0	0	0
35.42	9.263518551483463	1.634072532371289	-8.87071037788329	0	0.9399999999999999	0	0	0	0	0	0	0	0	0	-0.057274770958479	-0.2031367487815672	-0.5472625981907975	0	2.403599962286282e-07	0	0	0	0	0	0	0	0	0	0	0	0	0	0	0	0	0	0	0	0
35.44	9.263716977129842	1.635310770264958	-8.870248262733442	0	0.9399999999999999	0	0	0	0	0	0	0	0	0	-0.06238311998508443	-0.2113869049704293	-0.5438486290022921	0	-4.497194387578113e-07	0	0	0	0	0	0	0	0	0	0	0	0	0	0	0	0	0	0	0	0
35.46	9.263943250598722	1.635731979568678	-8.869610837878877	0	0.9399999999999999	0	0	0	0	0	0	0	0	0	-0.0696495019592312	-0.2145546137110732	-0.5409445448787332	0	4.60254189307928e-08	0	0	0	0	0	0	0	0	0	0	0	0	0	0	0	0	0	0	0	0
35.48	9.264384951972898	1.635115738116414	-8.869066314315431	0	0.9399999999999999	0	0	0	0	0	0	0	0	0	-0.06979259139782161	-0.2141319015943055	-0.5398853347206801	0	-6.535544879293196e-06	0	0	0	0	0	0	0	0	0	0	0	0	0	0	0	0	0	0	0	0
35.50000000000001	9.264417436056148	1.633694373302981	-8.868022538595461	0	0.9399999999999999	0	0	0	0	0	0	0	0	0	-0.07817036583089554	-0.2157132568289941	-0.5375702578313377	0	-1.053079217815301e-05	0	0	0	0	0	0	0	0	0	0	0	0	0	0	0	0	0	0	0	0
35.52	9.263930011232391	1.63188926160105	-8.866548982313974	0	0.9399999999999999	0	0	0	0	0	0	0	0	0	-0.09184335093784553	-0.2206089406329148	-0.5362407030769591	0	-3.187573195041705e-06	0	0	0	0	0	0	0	0	0	0	0	0	0	0	0	0	0	0	0	0
35.54000000000001	9.196925581391854	1.630182725273046	-8.798209143062184	0	0.9399999999999999	0	0	0	0	0	0	0	0	0	-0.09456076475550487	-0.2213674983593222	-0.5350448842210741	0	1.812925179095206e-07	0	0	0	0	0	0	0	0	0	0	0	0	0	0	0	0	0	0	0	0
35.56	9.196925581391854	1.630182725273046	-8.798209143062184	0	0.9399999999999999	0	0	0	0	0	0	0	0	0	-0.09456076475550487	-0.2213674983593222	-0.5350448842210741	0	1.812925179095206e-07	0	0	0	0	0	0	0	0	0	0	0	0	0	0	0	0	0	0	0	0
35.58000000000001	9.198522081550536	1.626722546973118	-8.795719769856541	0	0.9399999999999999	0	0	0	0	0	0	0	0	0	-0.1058345961775939	-0.2276973599342588	-0.5318614376222744	0	-1.173289681621566e-06	0	0	0	0	0	0	0	0	0	0	0	0	0	0	0	0	0	0	0	0
35.6	9.198519364214999	1.626721411617184	-8.795718690252929	0	0.9399999999999999	0	0	0	0	0	0	0	0	0	-0.1058360843993155	-0.2276957380699436	-0.5318649255163379	0	-1.113405748228244e-06	0	0	0	0	0	0	0	0	0	0	0	0	0	0	0	0	0	0	0	0
35.62	9.201722960348958	1.623098393945356	-8.792530642712547	0	0.9399999999999999	0	0	0	0	0	0	0	0	0	-0.1211883834596258	-0.2243897103642562	-0.5307096020172811	0	5.844693693050371e-06	0	0	0	0	0	0	0	0	0	0	0	0	0	0	0	0	0	0	0	0
35.64	9.244822406454674	1.623151957735645	-8.83575098120458	0	0.9399999999999999	0	0	0	0	0	0	0	0	0	-0.1153438753351462	-0.2337702968482422	-0.5284472412419616	0	3.448280161466346e-07	0	0	0	0	0	0	0	0	0	0	0	0	0	0	0	0	0	0	0	0
35.66	9.249323502383337	1.619275991220277	-8.831602611349524	0	0.9399999999999999	0	0	0	0	0	0	0	0	0	-0.1194447102260103	-0.2398498113290331	-0.5254131277697827	0	-5.749681282394715e-06	0	0	0	0	0	0	0	0	0	0	0	0	0	0	0	0	0	0	0	0
35.68000000000001	9.24932813109376	1.619278589477327	-8.831617248405385	0	0.9399999999999999	0	0	0	0	0	0	0	0	0	-0.1194434423366871	-0.2398532578863014	-0.5254122346854605	0	-4.734495960301119e-06	0	0	0	0	0	0	0	0	0	0	0	0	0	0	0	0	0	0	0	0
35.7	9.36753586817799	1.615164747994466	-8.938678716086459	0	0.9399999999999999	0	0	0	0	0	0	0	0	0	-0.1291914239099239	-0.2479977593918701	-0.5196800033376481	0	1.386383622740652e-07	0	0	0	0	0	0	0	0	0	0	0	0	0	0	0	0	0	0	0	0
35.72000000000001	9.370843766968406	1.612995071338182	-8.935527658568772	0	0.9399999999999999	0	0	0	0	0	0	0	0	0	-0.1331431296796757	-0.2511650496089313	-0.5149750660089745	0	5.047063534562591e-06	0	0	0	0	0	0	0	0	0	0	0	0	0	0	0	0	0	0	0	0
35.74	9.506728906046712	1.611145632093565	-9.064642822964156	0	0.9399999999999999	0	0	0	0	0	0	0	0	0	-0.1497615440596871	-0.2496891128452702	-0.5170954017030761	0	9.721413564866648e-07	0	0	0	0	0	0	0	0	0	0	0	0	0	0	0	0	0	0	0	0
35.76000000000001	9.510608394835133	1.610047001473276	-9.061663893251561	0	0.9399999999999999	0	0	0	0	0	0	0	0	0	-0.1459689039050901	-0.2619690078488944	-0.5067406223680961	0	6.075893390109347e-08	0	0	0	0	0	0	0	0	0	0	0	0	0	0	0	0	0	0	0	0
35.78	9.510655885659935	1.610045640512217	-9.061708805514424	0	0.9399999999999999	0	0	0	0	0	0	0	0	0	-0.1459382478545966	-0.2619376321898185	-0.5067265104583631	0	4.921473645988571e-06	0	0	0	0	0	0	0	0	0	0	0	0	0	0	0	0	0	0	0	0
35.8	9.709140407785457	1.610418576421441	-9.246073081694048	0	0.9399999999999999	0	0	0	0	0	0	0	0	0	-0.1690375584830775	-0.2666009742237506	-0.5039312607701864	0	3.642547689772624e-08	0	0	0	0	0	0	0	0	0	0	0	0	0	0	0	0	0	0	0	0
35.82000000000001	9.712731164530503	1.610231067026356	-9.242908734812623	0	0.9399999999999999	0	0	0	0	0	0	0	0	0	-0.1607271460200036	-0.2794655904472095	-0.4910104394512406	0	6.061458980159509e-06	0	0	0	0	0	0	0	0	0	0	0	0	0	0	0	0	0	0	0	0
35.84	9.71599393731273	1.609503320025115	-9.23988930784577	0	0.9399999999999999	0	0	0	0	0	0	0	0	0	-0.1618349676157195	-0.2841022351215688	-0.4838697434477582	0	-5.561220421717276e-06	0	0	0	0	0	0	0	0	0	0	0	0	0	0	0	0	0	0	0	0
35.86000000000001	9.719091883936839	1.608265582523936	-9.237120327632356	0	0.9399999999999999	0	0	0	0	0	0	0	0	0	-0.1619708116229061	-0.2890949363386363	-0.4754313534588368	0	3.096354865482494e-06	0	0	0	0	0	0	0	0	0	0	0	0	0	0	0	0	0	0	0	0
35.88	9.722149940612391	1.606909082433372	-9.234714177584138	0	0.9399999999999999	0	0	0	0	0	0	0	0	0	-0.1610906899146028	-0.295308458852148	-0.4651906130904521	0	8.57275224818814e-06	0	0	0	0	0	0	0	0	0	0	0	0	0	0	0	0	0	0	0	0
35.90000000000001	9.725219887681389	1.605221405811321	-9.232537548657191	0	0.9399999999999999	0	0	0	0	0	0	0	0	0	-0.1593072031823804	-0.3016690761571247	-0.451106943957206	0	-1.704739862285939e-05	0	0	0	0	0	0	0	0	0	0	0	0	0	0	0	0	0	0	0	0
35.92	9.725258763358955	1.605231465202963	-9.232577161758268	0	0.9399999999999999	0	0	0	0	0	0	0	0	0	-0.1593098310394513	-0.3016853855678399	-0.4511142327244508	0	-1.506449891015521e-05	0	0	0	0	0	0	0	0	0	0	0	0	0	0	0	0	0	0	0	0
35.94	9.994041981229845	1.604783505845192	-9.496282743054024	0	0.9399999999999999	0	0	0	0	0	0	0	0	0	-0.1664303929071186	-0.3089241781627275	-0.4334765401265892	0	-8.911267177636218e-07	0	0	0	0	0	0	0	0	0	0	0	0	0	0	0	0	0	0	0	0
35.96	10.19664490932532	1.604383170258793	-9.688981532156564	0	0.9399999999999999	0	0	0	0	0	0	0	0	0	-0.1675597836034363	-0.3177724533624042	-0.388714706372159	0	3.32362921937951e-09	0	0	0	0	0	0	0	0	0	0	0	0	0	0	0	0	0	0	0	0
35.98	10.19664490932532	1.604383170258793	-9.688981532156564	0	0.9399999999999999	0	0	0	0	0	0	0	0	0	-0.1675597836034363	-0.3177724533624042	-0.388714706372159	0	3.32362921937951e-09	0	0	0	0	0	0	0	0	0	0	0	0	0	0	0	0	0	0	0	0
36.00000000000001	10.19940722485709	1.604579218016956	-9.686955981389294	0	0.9399999999999999	0	0	0	0	0	0	0	0	0	-0.1639182722379678	-0.3212388839928709	-0.3623028366511297	0	5.150366630071662e-07	0	0	0	0	0	0	0	0	0	0	0	0	0	0	0	0	0	0	0	0
36.02	10.20198436939009	1.604462025915613	-9.685182791175476	0	0.9399999999999999	0	0	0	0	0	0	0	0	0	-0.1591408393906401	-0.3226010717191733	-0.3332234235468171	0	5.849921267496498e-06	0	0	0	0	0	0	0	0	0	0	0	0	0	0	0	0	0	0	0	0
36.04000000000001	10.20530195509222	1.604853610573696	-9.681945713123991	0	0.9399999999999999	0	0	0	0	0	0	0	0	0	-0.1521150156272844	-0.3217869076894	-0.2988120030089595	0	-1.287081328850171e-05	0	0	0	0	0	0	0	0	0	0	0	0	0	0	0	0	0	0	0	0
36.06	10.12648695229478	1.605218794840257	-9.600888710335562	0	0.9399999999999999	0	0	0	0	0	0	0	0	0	-0.1384664328492263	-0.3134660328817481	-0.2328654200119215	0	5.742269437378906e-07	0	0	0	0	0	0	0	0	0	0	0	0	0	0	0	0	0	0	0	0
36.08000000000001	10.12648695229478	1.605218794840257	-9.600888710335562	0	0.9399999999999999	0	0	0	0	0	0	0	0	0	-0.1384664328492263	-0.3134660328817481	-0.2328654200119215	0	5.742269437378906e-07	0	0	0	0	0	0	0	0	0	0	0	0	0	0	0	0	0	0	0	0
36.1	10.12674111869369	1.605606338355268	-9.599679244613888	0	0.9399999999999999	0	0	0	0	0	0	0	0	0	-0.1372335561470691	-0.3100624990283324	-0.195913159428011	0	5.594401326231487e-06	0	0	0	0	0	0	0	0	0	0	0	0	0	0	0	0	0	0	0	0
36.12	9.940745581262179	1.607345940467346	-9.413161533472961	0	0.9399999999999999	0	0	0	0	0	0	0	0	0	-0.1355528226819792	-0.3094304222896415	-0.158350893637651	0	-7.659241850315546e-08	0	0	0	0	0	0	0	0	0	0	0	0	0	0	0	0	0	0	0	0
36.14	9.940061831904215	1.609261028496826	-9.41264881412296	0	0.9399999999999999	0	0	0	0	0	0	0	0	0	-0.1453918940124361	-0.3074649377282019	-0.1214579036301859	0	-1.407934498160208e-07	0	0	0	0	0	0	0	0	0	0	0	0	0	0	0	0	0	0	0	0
36.16	9.700040394652984	1.613596460432985	-9.175297694401774	0	0.9399999999999999	0	0	0	0	0	0	0	0	0	-0.1672316204040737	-0.2977672100534195	-0.05802795892852553	0	1.455419910240606e-06	0	0	0	0	0	0	0	0	0	0	0	0	0	0	0	0	0	0	0	0
36.18000000000001	9.69820524408507	1.616128272294004	-9.175608617362279	0	0.9399999999999999	0	0	0	0	0	0	0	0	0	-0.1882806759425466	-0.2910773964518152	-0.03958435529020931	0	1.443946610497428e-05	0	0	0	0	0	0	0	0	0	0	0	0	0	0	0	0	0	0	0	0
36.2	9.698181252642613	1.616126495615677	-9.175580677168673	0	0.9399999999999999	0	0	0	0	0	0	0	0	0	-0.1882842380316755	-0.2910648819154607	-0.03959501995694732	0	8.480208556902856e-06	0	0	0	0	0	0	0	0	0	0	0	0	0	0	0	0	0	0	0	0
36.22000000000001	9.57198098435574	1.618998356672221	-9.051957922263483	0	0.9399999999999999	0	0	0	0	0	0	0	0	0	-0.2050957437714586	-0.2814697357662755	-0.02941541284842666	0	-2.068942294494109e-08	0	0	0	0	0	0	0	0	0	0	0	0	0	0	0	0	0	0	0	0
36.24	9.569872722860982	1.621825773381044	-9.052603219198376	0	0.9399999999999999	0	0	0	0	0	0	0	0	0	-0.2282384213946507	-0.2715804096743305	-0.02808653055475368	0	3.419567236615652e-06	0	0	0	0	0	0	0	0	0	0	0	0	0	0	0	0	0	0	0	0
36.26000000000001	9.462553277770477	1.628751633514343	-8.950684083971769	0	0.9399999999999999	0	0	0	0	0	0	0	0	0	-0.2459597118830986	-0.2609851464181648	-0.036929942714631	0	6.579070493650671e-07	0	0	0	0	0	0	0	0	0	0	0	0	0	0	0	0	0	0	0	0
36.28	9.46198781259171	1.628752533701514	-8.950114123840816	0	0.9399999999999999	0	0	0	0	0	0	0	0	0	-0.2709269169524291	-0.2467767811802162	-0.04611928823325489	0	5.148934321508022e-07	0	0	0	0	0	0	0	0	0	0	0	0	0	0	0	0	0	0	0	0
36.3	9.459833691761673	1.632418181485971	-8.950349438765672	0	0.9399999999999999	0	0	0	0	0	0	0	0	0	-0.2952471674899775	-0.2347277149651751	-0.06294890174892857	0	-3.637285057256757e-06	0	0	0	0	0	0	0	0	0	0	0	0	0	0	0	0	0	0	0	0
36.32000000000001	9.414671043956037	1.636005188933753	-8.907454958455096	0	0.9399999999999999	0	0	0	0	0	0	0	0	0	-0.3167591974508371	-0.2213050023104843	-0.08114984330077926	0	-1.514011709465965e-09	0	0	0	0	0	0	0	0	0	0	0	0	0	0	0	0	0	0	0	0
36.34	9.4127431953087	1.639317987527002	-8.907427024244559	0	0.9399999999999999	0	0	0	0	0	0	0	0	0	-0.340001311637795	-0.2090492094835405	-0.09920151033430254	0	-3.531946219653052e-06	0	0	0	0	0	0	0	0	0	0	0	0	0	0	0	0	0	0	0	0
36.36000000000001	9.409548585443066	1.645529726728047	-8.90700034359924	0	0.9399999999999999	0	0	0	0	0	0	0	0	0	-0.3847522887442659	-0.1865672354688805	-0.1277769217370602	0	-8.226169733588504e-06	0	0	0	0	0	0	0	0	0	0	0	0	0	0	0	0	0	0	0	0
36.38	9.408168715452303	1.648328862044745	-8.906588272966076	0	0.9399999999999999	0	0	0	0	0	0	0	0	0	-0.4066288843321107	-0.1775403718643895	-0.1369635144176858	0	4.977211783933333e-06	0	0	0	0	0	0	0	0	0	0	0	0	0	0	0	0	0	0	0	0
36.40000000000001	9.407015202102553	1.650990056720772	-8.906118801113674	0	0.9399999999999999	0	0	0	0	0	0	0	0	0	-0.4285310067544891	-0.1708277050942419	-0.1409748738919107	0	2.124508692559724e-06	0	0	0	0	0	0	0	0	0	0	0	0	0	0	0	0	0	0	0	0
36.42	9.405871652582626	1.653690904327385	-8.905776316893679	0	0.9399999999999999	0	0	0	0	0	0	0	0	0	-0.4505815071084951	-0.1668774739387455	-0.1400865401374014	0	-1.963373755414656e-06	0	0	0	0	0	0	0	0	0	0	0	0	0	0	0	0	0	0	0	0
36.44	9.40472517352036	1.655570795498171	-8.905469799796405	0	0.9399999999999999	0	0	0	0	0	0	0	0	0	-0.4733359390307858	-0.1642916683741532	-0.1348969320148609	0	9.765268371392852e-07	0	0	0	0	0	0	0	0	0	0	0	0	0	0	0	0	0	0	0	0
36.46	9.403478279175026	1.657028368408135	-8.905234278474767	0	0.9399999999999999	0	0	0	0	0	0	0	0	0	-0.4972035194951424	-0.162587005917238	-0.1270785377147438	0	-4.690994398739062e-06	0	0	0	0	0	0	0	0	0	0	0	0	0	0	0	0	0	0	0	0
36.48	9.402048193331431	1.658323818791066	-8.905235456569185	0	0.9399999999999999	0	0	0	0	0	0	0	0	0	-0.5220532072903447	-0.160318466633115	-0.1184755670921659	0	-2.966403384025392e-06	0	0	0	0	0	0	0	0	0	0	0	0	0	0	0	0	0	0	0	0
36.50000000000001	9.259594528319461	1.666682905090388	-8.763222440094882	0	0.9399999999999999	0	0	0	0	0	0	0	0	0	-0.52359878	-0.1564475914951838	-0.1053202003100009	0	-4.960278788725379e-07	0	0	0	0	0	0	0	0	0	0	0	0	0	0	0	0	0	0	0	0
36.52	9.132045058665247	1.676455498947933	-8.636660866922492	0	0.9399999999999999	0	0	0	0	0	0	0	0	0	-0.52359878	-0.1515670839947447	-0.09262211598365398	0	3.07818925404065e-07	0	0	0	0	0	0	0	0	0	0	0	0	0	0	0	0	0	0	0	0
36.54000000000001	9.030035464397907	1.687311572725307	-8.536419656757065	0	0.9399999999999999	0	0	0	0	0	0	0	0	0	-0.52359878	-0.1464161239105224	-0.08136112719460255	0	5.140909414132728e-07	0	0	0	0	0	0	0	0	0	0	0	0	0	0	0	0	0	0	0	0
36.56	8.951832452938046	1.698657148001655	-8.460895492871732	0	0.9399999999999999	0	0	0	0	0	0	0	0	0	-0.52359878	-0.1413225346408983	-0.07172692809397076	0	-2.809582007952711e-07	0	0	0	0	0	0	0	0	0	0	0	0	0	0	0	0	0	0	0	0
36.58000000000001	8.892382624115278	1.709766010444361	-8.405054802148397	0	0.9399999999999999	0	0	0	0	0	0	0	0	0	-0.52359878	-0.1363332317594561	-0.06323757084945099	0	-7.014620455529e-08	0	0	0	0	0	0	0	0	0	0	0	0	0	0	0	0	0	0	0	0
36.6	8.892382624115278	1.709766010444361	-8.405054802148397	0	0.9399999999999999	0	0	0	0	0	0	0	0	0	-0.52359878	-0.1363332317594561	-0.06323757084945099	0	-7.014620455529e-08	0	0	0	0	0	0	0	0	0	0	0	0	0	0	0	0	0	0	0	0
36.62	8.817857536447482	1.730256923668535	-8.340572205752768	0	0.9399999999999999	0	0	0	0	0	0	0	0	0	-0.52359878	-0.1282317186983061	-0.04813971148511348	0	2.610745580738077e-07	0	0	0	0	0	0	0	0	0	0	0	0	0	0	0	0	0	0	0	0
36.64	8.819648474419665	1.732549816926179	-8.349077259144881	0	0.9399999999999999	0	0	0	0	0	0	0	0	0	-0.52359878	-0.1257446307347164	-0.05482887040593729	0	1.328011436877127e-08	0	0	0	0	0	0	0	0	0	0	0	0	0	0	0	0	0	0	0	0
36.66	8.779551662889139	1.746308614714469	-8.315400049688286	0	0.9399999999999999	0	0	0	0	0	0	0	0	0	-0.52359878	-0.1204847850369327	-0.0341768139517938	0	-1.538044625329542e-07	0	0	0	0	0	0	0	0	0	0	0	0	0	0	0	0	0	0	0	0
36.68000000000001	8.776278070479146	1.751486484021669	-8.319159530829502	0	0.9399999999999999	0	0	0	0	0	0	0	0	0	-0.52359878	-0.1169021854019309	-0.02835642217524782	0	7.726844432543071e-06	0	0	0	0	0	0	0	0	0	0	0	0	0	0	0	0	0	0	0	0
36.7	8.776259860450388	1.751486583587625	-8.319144567671369	0	0.9399999999999999	0	0	0	0	0	0	0	0	0	-0.52359878	-0.1169002298440704	-0.02835776869938446	0	7.64792763734137e-06	0	0	0	0	0	0	0	0	0	0	0	0	0	0	0	0	0	0	0	0
36.72000000000001	8.786401752439808	1.755874909999659	-8.342805625533339	0	0.9399999999999999	0	0	0	0	0	0	0	0	0	-0.52359878	-0.1103067371987662	-0.02898139845678226	0	-4.743932910477832e-07	0	0	0	0	0	0	0	0	0	0	0	0	0	0	0	0	0	0	0	0
36.74	8.826403358124194	1.752238683581648	-8.389514313872084	0	0.9399999999999999	0	0	0	0	0	0	0	0	0	-0.52359878	-0.1017188016359183	-0.003535056939445556	0	-6.363571159004862e-08	0	0	0	0	0	0	0	0	0	0	0	0	0	0	0	0	0	0	0	0
36.76000000000001	8.826403358124194	1.752238683581648	-8.389514313872084	0	0.9399999999999999	0	0	0	0	0	0	0	0	0	-0.52359878	-0.1017188016359183	-0.003535056939445556	0	-6.363571159004862e-08	0	0	0	0	0	0	0	0	0	0	0	0	0	0	0	0	0	0	0	0
36.78	8.876778088184166	1.749343922956202	-8.445355634612621	0	0.9399999999999999	0	0	0	0	0	0	0	0	0	-0.52359878	-0.0968879085294269	0.01072090381768394	0	-3.976107941845628e-08	0	0	0	0	0	0	0	0	0	0	0	0	0	0	0	0	0	0	0	0
36.8	8.951336810597732	1.744398885301527	-8.524353710079254	0	0.9399999999999999	0	0	0	0	0	0	0	0	0	-0.52359878	-0.09564575929079244	0.02896958928336289	0	3.737561096202086e-07	0	0	0	0	0	0	0	0	0	0	0	0	0	0	0	0	0	0	0	0
36.82000000000001	9.185273010554063	1.731580498618954	-8.765511619023828	0	0.9399999999999999	0	0	0	0	0	0	0	0	0	-0.52359878	-0.09363235214790883	0.07231299652060656	0	-7.817605624624933e-09	0	0	0	0	0	0	0	0	0	0	0	0	0	0	0	0	0	0	0	0
36.84	9.315325085270315	1.7275557293858	-8.897990499665122	0	0.9399999999999999	0	0	0	0	0	0	0	0	0	-0.5140107048989706	-0.09238778830879139	0.09617621209978398	0	1.816380859338306e-07	0	0	0	0	0	0	0	0	0	0	0	0	0	0	0	0	0	0	0	0
36.86000000000001	9.315325085270315	1.7275557293858	-8.897990499665122	0	0.9399999999999999	0	0	0	0	0	0	0	0	0	-0.5140107048989706	-0.09238778830879139	0.09617621209978398	0	1.816380859338306e-07	0	0	0	0	0	0	0	0	0	0	0	0	0	0	0	0	0	0	0	0
36.88	9.317824787667226	1.734411838487628	-8.903449466601545	0	0.9399999999999999	0	0	0	0	0	0	0	0	0	-0.4666929572897088	-0.09012436080609126	0.1226621183134162	0	2.227778748596152e-07	0	0	0	0	0	0	0	0	0	0	0	0	0	0	0	0	0	0	0	0
36.90000000000001	9.312359744602114	1.740291933437309	-8.902266723824615	0	0.9399999999999999	0	0	0	0	0	0	0	0	0	-0.4322264280076586	-0.08607671365808729	0.135273548650177	0	4.164454195102163e-07	0	0	0	0	0	0	0	0	0	0	0	0	0	0	0	0	0	0	0	0
36.92	9.311165751097921	1.743752609797405	-8.907088487540973	0	0.9399999999999999	0	0	0	0	0	0	0	0	0	-0.4074225725708427	-0.08506374002402557	0.1312574054231612	0	-3.023681533283367e-05	0	0	0	0	0	0	0	0	0	0	0	0	0	0	0	0	0	0	0	0
36.94	9.315685934057287	1.744826815865594	-8.918001195828346	0	0.9399999999999999	0	0	0	0	0	0	0	0	0	-0.3764470312273396	-0.08300831294867057	0.1227527630665823	0	2.124310905790614e-08	0	0	0	0	0	0	0	0	0	0	0	0	0	0	0	0	0	0	0	0
36.96	9.311186910093703	1.744140298483906	-8.928445775585848	0	0.9399999999999999	0	0	0	0	0	0	0	0	0	-0.334055771428002	-0.06936097414855943	0.1069956945467433	0	4.877403085856251e-06	0	0	0	0	0	0	0	0	0	0	0	0	0	0	0	0	0	0	0	0
36.98	9.288168150569007	1.746062005127417	-8.915065427895522	0	0.9399999999999999	0	0	0	0	0	0	0	0	0	-0.2861340007026897	-0.06774510758159481	0.08691276880197685	0	4.212056933582936e-07	0	0	0	0	0	0	0	0	0	0	0	0	0	0	0	0	0	0	0	0
37.00000000000001	9.289728501896162	1.746064333150525	-8.916695271774515	0	0.9399999999999999	0	0	0	0	0	0	0	0	0	-0.2592131012065449	-0.07524284839547697	0.08394147696275575	0	-1.892642444364472e-06	0	0	0	0	0	0	0	0	0	0	0	0	0	0	0	0	0	0	0	0
37.02	9.26315182235111	1.750670736390088	-8.90088130810215	0	0.9399999999999999	0	0	0	0	0	0	0	0	0	-0.2253057728618636	-0.08207645522351618	0.05643201517860744	0	1.17610497172393e-07	0	0	0	0	0	0	0	0	0	0	0	0	0	0	0	0	0	0	0	0
37.04000000000001	9.232190454743593	1.758125979871217	-8.881644732937461	0	0.9399999999999999	0	0	0	0	0	0	0	0	0	-0.1798407630760404	-0.08946580851254501	0.01873406682970711	0	1.076283622272383e-07	0	0	0	0	0	0	0	0	0	0	0	0	0	0	0	0	0	0	0	0
37.06	9.197077084808965	1.76745106371036	-8.858865610892984	0	0.9399999999999999	0	0	0	0	0	0	0	0	0	-0.1275660631910598	-0.101076601398796	-0.0231134653693477	0	1.727695323981587e-07	0	0	0	0	0	0	0	0	0	0	0	0	0	0	0	0	0	0	0	0
37.08000000000001	9.160151590304617	1.777023732835843	-8.834312651126394	0	0.9399999999999999	0	0	0	0	0	0	0	0	0	-0.07584183048091767	-0.1181146311097142	-0.05691240864679003	0	6.449121424649488e-07	0	0	0	0	0	0	0	0	0	0	0	0	0	0	0	0	0	0	0	0
37.1	9.118431921158772	1.786369113969776	-8.804309386416367	0	0.9399999999999999	0	0	0	0	0	0	0	0	0	-0.02267988863907138	-0.131525384981413	-0.07629736462805932	0	2.098117239697202e-07	0	0	0	0	0	0	0	0	0	0	0	0	0	0	0	0	0	0	0	0
37.12	9.082606341192974	1.795324991121124	-8.778370386307872	0	0.9399999999999999	0	0	0	0	0	0	0	0	0	0.02896135611354473	-0.1348368807402892	-0.07907512347796446	0	-8.225894609004763e-08	0	0	0	0	0	0	0	0	0	0	0	0	0	0	0	0	0	0	0	0
37.14	9.036520075176476	1.803016936812487	-8.74010142990153	0	0.9399999999999999	0	0	0	0	0	0	0	0	0	0.08319048094942276	-0.1275324513525022	-0.06551531029269325	0	1.393994543570024e-09	0	0	0	0	0	0	0	0	0	0	0	0	0	0	0	0	0	0	0	0
37.16	8.963439890110301	1.805929154690469	-8.673136740167267	0	0.9399999999999999	0	0	0	0	0	0	0	0	0	0.1404793058704112	-0.1096631495526821	-0.04478529914676264	0	-2.211846947875901e-07	0	0	0	0	0	0	0	0	0	0	0	0	0	0	0	0	0	0	0	0
37.18000000000001	8.882711735936466	1.809464799857518	-8.599059296354399	0	0.9399999999999999	0	0	0	0	0	0	0	0	0	0.1966532876929821	-0.09269561749297797	-0.02285980401763776	0	-3.791864573258595e-08	0	0	0	0	0	0	0	0	0	0	0	0	0	0	0	0	0	0	0	0
37.2	8.800746862945354	1.815502862998249	-8.525044196649461	0	0.9399999999999999	0	0	0	0	0	0	0	0	0	0.2535052227578634	-0.0749848500192915	-0.0006864141721746463	0	5.191549090818105e-07	0	0	0	0	0	0	0	0	0	0	0	0	0	0	0	0	0	0	0	0
37.22000000000001	8.727812770467702	1.822426400940085	-8.461893605315083	0	0.9399999999999999	0	0	0	0	0	0	0	0	0	0.3107099413808614	-0.0606999325642582	0.01466628650476563	0	3.881098610573797e-08	0	0	0	0	0	0	0	0	0	0	0	0	0	0	0	0	0	0	0	0
37.24	8.671239687699444	1.829389606568453	-8.417175254504798	0	0.9399999999999999	0	0	0	0	0	0	0	0	0	0.3644933854457345	-0.0546078531976685	0.02025132747131366	0	-3.047922623908201e-07	0	0	0	0	0	0	0	0	0	0	0	0	0	0	0	0	0	0	0	0
37.26000000000001	8.627788288055941	1.835119244361665	-8.388166716579187	0	0.9399999999999999	0	0	0	0	0	0	0	0	0	0.413484777121083	-0.05299131557321826	0.02050957984220326	0	6.44479899203179e-09	0	0	0	0	0	0	0	0	0	0	0	0	0	0	0	0	0	0	0	0
37.28	8.596983964951356	1.838278639133442	-8.374093770763729	0	0.9399999999999999	0	0	0	0	0	0	0	0	0	0.4590443509131937	-0.05464105237994073	0.01993062289106526	0	2.331474705769649e-07	0	0	0	0	0	0	0	0	0	0	0	0	0	0	0	0	0	0	0	0
37.3	8.546926732615969	1.837096296414042	-8.361932276045966	0	0.9399999999999999	0	0	0	0	0	0	0	0	0	0.5468907065995156	-0.06024125782442531	0.02036715901396354	0	-3.312028862464266e-07	0	0	0	0	0	0	0	0	0	0	0	0	0	0	0	0	0	0	0	0
37.32000000000001	8.525412473217171	1.831517301586624	-8.360675425303105	0	0.9399999999999999	0	0	0	0	0	0	0	0	0	0.5882236691527571	-0.06252828261265067	0.02389316903089277	0	5.980101972962596e-08	0	0	0	0	0	0	0	0	0	0	0	0	0	0	0	0	0	0	0	0
37.34	8.503594873055656	1.823531049924903	-8.359298181896119	0	0.9399999999999999	0	0	0	0	0	0	0	0	0	0.6270451204860095	-0.06367931117681006	0.02984249948362555	0	-8.873270376628596e-07	0	0	0	0	0	0	0	0	0	0	0	0	0	0	0	0	0	0	0	0
37.36000000000001	8.503594873055656	1.823531049924903	-8.359298181896119	0	0.9399999999999999	0	0	0	0	0	0	0	0	0	0.6270451204860095	-0.06367931117681006	0.02984249948362555	0	-8.873270376628596e-07	0	0	0	0	0	0	0	0	0	0	0	0	0	0	0	0	0	0	0	0
37.38	8.444403110715539	1.810231612182282	-8.341408299273963	0	0.9399999999999999	0	0	0	0	0	0	0	0	0	0.6669084081435712	-0.06891489584652435	0.01770786262364157	0	-6.634730918570243e-08	0	0	0	0	0	0	0	0	0	0	0	0	0	0	0	0	0	0	0	0
37.40000000000001	8.445329041182974	1.810240366118945	-8.342330699520282	0	0.9399999999999999	0	0	0	0	0	0	0	0	0	0.7149246644976781	-0.06415711877352909	0.04861055566442182	0	1.876854322147929e-06	0	0	0	0	0	0	0	0	0	0	0	0	0	0	0	0	0	0	0	0
37.42	8.404943048335129	1.806775820120448	-8.321924471997587	0	0.9399999999999999	0	0	0	0	0	0	0	0	0	0.7619136298860832	-0.06096574118590314	0.05645454916883067	0	-1.409293870326562e-06	0	0	0	0	0	0	0	0	0	0	0	0	0	0	0	0	0	0	0	0
37.44	8.356705253102492	1.806811151499552	-8.292893653811076	0	0.9399999999999999	0	0	0	0	0	0	0	0	0	0.8096385099736223	-0.05585441608960551	0.06191217438921708	0	1.290084674952561e-06	0	0	0	0	0	0	0	0	0	0	0	0	0	0	0	0	0	0	0	0
37.46	8.305903252859267	1.808517368958956	-8.260780505277081	0	0.9399999999999999	0	0	0	0	0	0	0	0	0	0.8546406420459565	-0.05068431534752448	0.06447958309499792	0	-1.869858116717642e-07	0	0	0	0	0	0	0	0	0	0	0	0	0	0	0	0	0	0	0	0
37.48	8.203443762115199	1.803685187966352	-8.192953809871401	0	0.9399999999999999	0	0	0	0	0	0	0	0	0	0.8918963008342885	-0.05033811800736476	0.04349750894554799	0	-6.238105809768654e-08	0	0	0	0	0	0	0	0	0	0	0	0	0	0	0	0	0	0	0	0
37.50000000000001	8.141830066572988	1.795560143343905	-8.146869934389455	0	0.9399999999999999	0	0	0	0	0	0	0	0	0	0.943539075859705	-0.04132080921859572	0.0410830353216104	0	3.531347687971031e-07	0	0	0	0	0	0	0	0	0	0	0	0	0	0	0	0	0	0	0	0
37.52	8.141830066572988	1.795560143343905	-8.146869934389455	0	0.9399999999999999	0	0	0	0	0	0	0	0	0	0.943539075859705	-0.04132080921859572	0.0410830353216104	0	3.531347687971031e-07	0	0	0	0	0	0	0	0	0	0	0	0	0	0	0	0	0	0	0	0
37.54000000000001	8.072867322519981	1.785342691594804	-8.091694980265585	0	0.9399999999999999	0	0	0	0	0	0	0	0	0	0.9590745934424659	-0.04045764082001077	0.01789310763923472	0	1.96966419430411e-08	0	0	0	0	0	0	0	0	0	0	0	0	0	0	0	0	0	0	0	0
37.56	7.919502331556778	1.771422627560573	-7.959685771410177	0	0.9399999999999999	0	0	0	0	0	0	0	0	0	0.9851061811922398	-0.04409742375783861	-0.04211947115893372	0	1.089142900607686e-07	0	0	0	0	0	0	0	0	0	0	0	0	0	0	0	0	0	0	0	0
37.58000000000001	7.919502331556778	1.771422627560573	-7.959685771410177	0	0.9399999999999999	0	0	0	0	0	0	0	0	0	0.9851061811922398	-0.04409742375783861	-0.04211947115893372	0	1.089142900607686e-07	0	0	0	0	0	0	0	0	0	0	0	0	0	0	0	0	0	0	0	0
37.6	7.775984927161832	1.770510192300429	-7.827132542476908	0	0.9399999999999999	0	0	0	0	0	0	0	0	0	1.007303867050865	-0.04700716687568789	-0.1029749165743762	0	1.83400277968272e-07	0	0	0	0	0	0	0	0	0	0	0	0	0	0	0	0	0	0	0	0
37.62	7.719527580672915	1.773088815905743	-7.773467725680768	0	0.9399999999999999	0	0	0	0	0	0	0	0	0	1.014236438210134	-0.04652270333652552	-0.1268121556851975	0	4.679407199377387e-07	0	0	0	0	0	0	0	0	0	0	0	0	0	0	0	0	0	0	0	0
37.64	7.719527580672915	1.773088815905743	-7.773467725680768	0	0.9399999999999999	0	0	0	0	0	0	0	0	0	1.014236438210134	-0.04652270333652552	-0.1268121556851975	0	4.679407199377387e-07	0	0	0	0	0	0	0	0	0	0	0	0	0	0	0	0	0	0	0	0
37.66	7.638829429340205	1.792588726846037	-7.695568005617557	0	0.9399999999999999	0	0	0	0	0	0	0	0	0	1.029913198148832	-0.03649636259264356	-0.1648586395406996	0	-1.2424844159436e-07	0	0	0	0	0	0	0	0	0	0	0	0	0	0	0	0	0	0	0	0
37.68000000000001	7.615489457242848	1.806025380633224	-7.673094489769136	0	0.9399999999999999	0	0	0	0	0	0	0	0	0	1.038658391076767	-0.02691619716294215	-0.1850348319258133	0	8.71237938952053e-07	0	0	0	0	0	0	0	0	0	0	0	0	0	0	0	0	0	0	0	0
37.7	7.615489457242848	1.806025380633224	-7.673094489769136	0	0.9399999999999999	0	0	0	0	0	0	0	0	0	1.038658391076767	-0.02691619716294215	-0.1850348319258133	0	8.71237938952053e-07	0	0	0	0	0	0	0	0	0	0	0	0	0	0	0	0	0	0	0	0
37.72000000000001	7.614726223907809	1.827590148830554	-7.677128809888982	0	0.9399999999999999	0	0	0	0	0	0	0	0	0	1.056435561929433	-0.02208371112275687	-0.2103307565719288	0	1.525252140184241e-05	0	0	0	0	0	0	0	0	0	0	0	0	0	0	0	0	0	0	0	0
37.74	7.639235386379434	1.8287646794983	-7.706041708315921	0	0.9399999999999999	0	0	0	0	0	0	0	0	0	1.05464346324998	-0.02412079561403596	-0.2282089539792966	0	5.130755160391384e-06	0	0	0	0	0	0	0	0	0	0	0	0	0	0	0	0	0	0	0	0
37.76000000000001	7.694894079951266	1.824931871064341	-7.765977240822118	0	0.9399999999999999	0	0	0	0	0	0	0	0	0	1.04888487857685	-0.03387022866946609	-0.2361584852062625	0	-2.567265056246796e-07	0	0	0	0	0	0	0	0	0	0	0	0	0	0	0	0	0	0	0	0
37.78	7.696656049561558	1.824981939325019	-7.767745977037976	0	0.9399999999999999	0	0	0	0	0	0	0	0	0	1.046139066022044	-0.03361080839006728	-0.2555034679725191	0	-2.468154960953177e-07	0	0	0	0	0	0	0	0	0	0	0	0	0	0	0	0	0	0	0	0
37.8	7.79378473541346	1.839631979062576	-7.868850855198875	0	0.9399999999999999	0	0	0	0	0	0	0	0	0	1.060746478720954	-0.0505664181875414	-0.2623680277354995	0	6.055945815898448e-08	0	0	0	0	0	0	0	0	0	0	0	0	0	0	0	0	0	0	0	0
37.82000000000001	7.883980099545695	1.85748161256614	-7.959165488784101	0	0.9399999999999999	0	0	0	0	0	0	0	0	0	1.078720885893927	-0.06325802571503078	-0.2731363559061339	0	4.510032876488729e-08	0	0	0	0	0	0	0	0	0	0	0	0	0	0	0	0	0	0	0	0
37.84	7.991621647119159	1.886187738674779	-8.063083628907377	0	0.9399999999999999	0	0	0	0	0	0	0	0	0	1.107202678588888	-0.08184750824358553	-0.271719016206266	0	9.80864119649123e-08	0	0	0	0	0	0	0	0	0	0	0	0	0	0	0	0	0	0	0	0
37.86000000000001	8.003268463535946	1.898686930341292	-8.073077941160838	0	0.9399999999999999	0	0	0	0	0	0	0	0	0	1.124315240461638	-0.09340827015287094	-0.3186872458466305	0	8.903845816540878e-07	0	0	0	0	0	0	0	0	0	0	0	0	0	0	0	0	0	0	0	0
37.88	8.003268463535946	1.898686930341292	-8.073077941160838	0	0.9399999999999999	0	0	0	0	0	0	0	0	0	1.124315240461638	-0.09340827015287094	-0.3186872458466305	0	8.903845816540878e-07	0	0	0	0	0	0	0	0	0	0	0	0	0	0	0	0	0	0	0	0
37.90000000000001	7.985654654658509	1.911541115839389	-8.054294612536289	0	0.9399999999999999	0	0	0	0	0	0	0	0	0	1.134651911910228	-0.1016763748708051	-0.3329470285005635	0	1.131223852625537e-06	0	0	0	0	0	0	0	0	0	0	0	0	0	0	0	0	0	0	0	0
37.92	7.956379381567277	1.924623702918015	-8.025791230587965	0	0.9399999999999999	0	0	0	0	0	0	0	0	0	1.148042176647665	-0.1157098402527498	-0.3334849009673345	0	-4.135936908616389e-07	0	0	0	0	0	0	0	0	0	0	0	0	0	0	0	0	0	0	0	0
37.94	7.88083697119935	1.94345833697454	-7.955247611805543	0	0.9399999999999999	0	0	0	0	0	0	0	0	0	1.136120782326425	-0.1299388530076682	-0.3139212385602895	0	-2.256540010809077e-07	0	0	0	0	0	0	0	0	0	0	0	0	0	0	0	0	0	0	0	0
37.96	7.880846537680327	1.94345891911219	-7.955239502108334	0	0.9399999999999999	0	0	0	0	0	0	0	0	0	1.159772626635701	-0.144906218985814	-0.2901655843847187	0	-7.859352175503091e-08	0	0	0	0	0	0	0	0	0	0	0	0	0	0	0	0	0	0	0	0
37.98	7.811794106214714	1.921163672314421	-7.910732173440381	0	0.9399999999999999	0	0	0	0	0	0	0	0	0	1.098362796004361	-0.1830852610138124	-0.2194586059908298	0	-1.758704712716981e-07	0	0	0	0	0	0	0	0	0	0	0	0	0	0	0	0	0	0	0	0
38.00000000000001	7.811794106214714	1.921163672314421	-7.910732173440381	0	0.9399999999999999	0	0	0	0	0	0	0	0	0	1.098362796004361	-0.1830852610138124	-0.2194586059908298	0	-1.758704712716981e-07	0	0	0	0	0	0	0	0	0	0	0	0	0	0	0	0	0	0	0	0
38.02	7.622650866198587	1.87917043427338	-7.752842433446995	0	0.9399999999999999	0	0	0	0	0	0	0	0	0	0.9904801932874354	-0.1873030499069627	-0.169150136273276	0	-9.779018275589633e-08	0	0	0	0	0	0	0	0	0	0	0	0	0	0	0	0	0	0	0	0
38.04000000000001	7.499536008202274	1.872231364143345	-7.64524165151768	0	0.9399999999999999	0	0	0	0	0	0	0	0	0	0.9405913549379928	-0.179284742560195	-0.1518697316733	0	-1.322493482731123e-09	0	0	0	0	0	0	0	0	0	0	0	0	0	0	0	0	0	0	0	0
38.06	7.499536008202274	1.872231364143345	-7.64524165151768	0	0.9399999999999999	0	0	0	0	0	0	0	0	0	0.9405913549379928	-0.179284742560195	-0.1518697316733	0	-1.322493482731123e-09	0	0	0	0	0	0	0	0	0	0	0	0	0	0	0	0	0	0	0	0
38.08000000000001	7.396046032925945	1.869496859108831	-7.553965323926993	0	0.9399999999999999	0	0	0	0	0	0	0	0	0	0.8895748726990197	-0.1691200377326237	-0.1349291334078316	0	2.908426139960183e-07	0	0	0	0	0	0	0	0	0	0	0	0	0	0	0	0	0	0	0	0
38.1	7.295116485370758	1.857067680373238	-7.46254928535298	0	0.9399999999999999	0	0	0	0	0	0	0	0	0	0.7765775313774876	-0.1552065813102254	-0.08893113511962421	0	4.241220532606377e-08	0	0	0	0	0	0	0	0	0	0	0	0	0	0	0	0	0	0	0	0
38.12	7.295116485370758	1.857067680373238	-7.46254928535298	0	0.9399999999999999	0	0	0	0	0	0	0	0	0	0.7765775313774876	-0.1552065813102254	-0.08893113511962421	0	4.241220532606377e-08	0	0	0	0	0	0	0	0	0	0	0	0	0	0	0	0	0	0	0	0
38.14	7.318063671222477	1.848549423224297	-7.483532235316328	0	0.9399999999999999	0	0	0	0	0	0	0	0	0	0.7163580296778023	-0.1622626370723723	-0.05662731245098152	0	-7.793086304014806e-09	0	0	0	0	0	0	0	0	0	0	0	0	0	0	0	0	0	0	0	0
38.16	7.445317924373962	1.820546244281487	-7.597938764953287	0	0.9399999999999999	0	0	0	0	0	0	0	0	0	0.5785002106646223	-0.197527711689346	-0.006913785942111334	0	1.904294719622051e-06	0	0	0	0	0	0	0	0	0	0	0	0	0	0	0	0	0	0	0	0
38.18000000000001	7.503371606691645	1.80261333908295	-7.646265861250205	0	0.9399999999999999	0	0	0	0	0	0	0	0	0	0.500449787953422	-0.2116527673591039	-0.006882516363633176	0	-2.194314296359703e-07	0	0	0	0	0	0	0	0	0	0	0	0	0	0	0	0	0	0	0	0
38.2	7.548037396732538	1.779569300778214	-7.679788292612241	0	0.9399999999999999	0	0	0	0	0	0	0	0	0	0.4154238250588427	-0.2183391560015485	-0.02384963316331242	0	-1.027016602194268e-06	0	0	0	0	0	0	0	0	0	0	0	0	0	0	0	0	0	0	0	0
38.22000000000001	7.548037396732538	1.779569300778214	-7.679788292612241	0	0.9399999999999999	0	0	0	0	0	0	0	0	0	0.4154238250588427	-0.2183391560015485	-0.02384963316331242	0	-1.027016602194268e-06	0	0	0	0	0	0	0	0	0	0	0	0	0	0	0	0	0	0	0	0
38.24	7.638582602657406	1.719836758727013	-7.743836954891298	0	0.9399999999999999	0	0	0	0	0	0	0	0	0	0.233379304252473	-0.2051650506100204	-0.08048338335859288	0	1.319457052331158e-07	0	0	0	0	0	0	0	0	0	0	0	0	0	0	0	0	0	0	0	0
38.26000000000001	7.73923579953917	1.694647018032488	-7.831860037794873	0	0.9399999999999999	0	0	0	0	0	0	0	0	0	0.2123553900470477	-0.2174987613438994	-0.06535327977724013	0	6.99717149904763e-07	0	0	0	0	0	0	0	0	0	0	0	0	0	0	0	0	0	0	0	0
38.28	7.888766389028349	1.680588967577478	-7.971865596507515	0	0.9399999999999999	0	0	0	0	0	0	0	0	0	0.1240652309702242	-0.203852022658645	-0.104878672572285	0	5.961393036326367e-07	0	0	0	0	0	0	0	0	0	0	0	0	0	0	0	0	0	0	0	0
38.3	8.042720892856224	1.6781976117695	-8.121349738551514	0	0.9399999999999999	0	0	0	0	0	0	0	0	0	-0.02745919014151398	-0.1466514809243536	-0.1817152222195215	0	3.139303491984111e-08	0	0	0	0	0	0	0	0	0	0	0	0	0	0	0	0	0	0	0	0
38.32000000000001	8.171378530063519	1.683073009972014	-8.251457878356307	0	0.9399999999999999	0	0	0	0	0	0	0	0	0	-0.09900090225797673	-0.1237172448501238	-0.2062015114585042	0	-2.685017257469334e-07	0	0	0	0	0	0	0	0	0	0	0	0	0	0	0	0	0	0	0	0
38.34	8.278558619732276	1.688922583724997	-8.364648032009493	0	0.9399999999999999	0	0	0	0	0	0	0	0	0	-0.1678488506424969	-0.09819591349136569	-0.2226549089149013	0	-8.786234494804875e-08	0	0	0	0	0	0	0	0	0	0	0	0	0	0	0	0	0	0	0	0
38.36000000000001	8.278558619732276	1.688922583724997	-8.364648032009493	0	0.9399999999999999	0	0	0	0	0	0	0	0	0	-0.1678488506424969	-0.09819591349136569	-0.2226549089149013	0	-8.786234494804875e-08	0	0	0	0	0	0	0	0	0	0	0	0	0	0	0	0	0	0	0	0
38.38	8.458703208470981	1.701561496354327	-8.569446131918342	0	0.9399999999999999	0	0	0	0	0	0	0	0	0	-0.2366207755777931	-0.08016180055607373	-0.2450554074973875	0	-9.780581695984025e-07	0	0	0	0	0	0	0	0	0	0	0	0	0	0	0	0	0	0	0	0
38.40000000000001	8.457922465819374	1.70156079314245	-8.568665917825806	0	0.9399999999999999	0	0	0	0	0	0	0	0	0	-0.2982040700161351	-0.04538420567955925	-0.2188727534935266	0	-2.202443643132655e-07	0	0	0	0	0	0	0	0	0	0	0	0	0	0	0	0	0	0	0	0
38.42	8.548911559200196	1.718907179975588	-8.69826917506051	0	0.9399999999999999	0	0	0	0	0	0	0	0	0	-0.4127155488054695	0.009975875964557925	-0.1733832611914821	0	-5.248499033263566e-08	0	0	0	0	0	0	0	0	0	0	0	0	0	0	0	0	0	0	0	0
38.44	8.548911559200196	1.718907179975588	-8.69826917506051	0	0.9399999999999999	0	0	0	0	0	0	0	0	0	-0.4127155488054695	0.009975875964557925	-0.1733832611914821	0	-5.248499033263566e-08	0	0	0	0	0	0	0	0	0	0	0	0	0	0	0	0	0	0	0	0
38.46	8.566508166400363	1.73195336571414	-8.738608413297619	0	0.9399999999999999	0	0	0	0	0	0	0	0	0	-0.4648310632180712	0.03784247026193746	-0.1600266118451181	0	-2.786900966558007e-08	0	0	0	0	0	0	0	0	0	0	0	0	0	0	0	0	0	0	0	0
38.48	8.423876835832129	1.770187082234027	-8.636385969944646	0	0.9399999999999999	0	0	0	0	0	0	0	0	0	-0.4632911431907522	0.08288242964313038	-0.1611152723326467	0	8.852676781524156e-09	0	0	0	0	0	0	0	0	0	0	0	0	0	0	0	0	0	0	0	0
38.50000000000001	8.37261394756877	1.809157190305788	-8.609385326673433	0	0.9399999999999999	0	0	0	0	0	0	0	0	0	-0.52359878	0.1376733008711904	-0.2179450097520338	0	-4.074713713532461e-09	0	0	0	0	0	0	0	0	0	0	0	0	0	0	0	0	0	0	0	0
38.52	8.337797756262907	1.831022281892534	-8.594389183983925	0	0.9399999999999999	0	0	0	0	0	0	0	0	0	-0.52359878	0.1609055010463763	-0.2643591756679997	0	-1.077261124250693e-07	0	0	0	0	0	0	0	0	0	0	0	0	0	0	0	0	0	0	0	0
38.54000000000001	8.337797756262907	1.831022281892534	-8.594389183983925	0	0.9399999999999999	0	0	0	0	0	0	0	0	0	-0.52359878	0.1609055010463763	-0.2643591756679997	0	-1.077261124250693e-07	0	0	0	0	0	0	0	0	0	0	0	0	0	0	0	0	0	0	0	0
38.56	8.344430480549212	1.825494265010188	-8.622424793553659	0	0.9399999999999999	0	0	0	0	0	0	0	0	0	-0.52359878	0.1860362861988243	-0.2979373192277424	0.06347337425520665	0.06347341853409232	0	0	0	0	0	0	0	0	0	0	0	0	0	0	0	0	0	0	0	0
38.58000000000001	8.351614422897713	1.810166646960588	-8.630212903009451	0	0.9399999999999999	0	0	0	0	0	0	0	0	0	-0.52359878	0.1961037450436068	-0.2866489207360303	0.09200007132491175	0.09200073483907362	0	0	0	0	0	0	0	0	0	0	0	0	0	0	0	0	0	0	0	0
38.6	8.35456110872394	1.803966811527156	-8.634108541023279	0	0.9399999999999999	0	0	0	0	0	0	0	0	0	-0.52359878	0.2077983752649277	-0.2756966446609169	0.07206316810422544	0.07205556102149817	0	0	0	0	0	0	0	0	0	0	0	0	0	0	0	0	0	0	0	0
38.62	8.364732371837452	1.802922851556653	-8.644220987266303	0	0.9399999999999999	0	0	0	0	0	0	0	0	0	-0.52359878	0.2194614958090437	-0.272169356573991	0.02342691873186679	0.02342683657536135	0	0	0	0	0	0	0	0	0	0	0	0	0	0	0	0	0	0	0	0
38.64	8.293224569242765	1.785524542173585	-8.57367387807218	0	0.9399999999999999	0	0	0	0	0	0	0	0	0	-0.52359878	0.2383693578620458	-0.2612834488686547	0.02815982844394962	0.02815978792903503	0	0	0	0	0	0	0	0	0	0	0	0	0	0	0	0	0	0	0	0
38.66	8.277357758250563	1.759081531744336	-8.559625735679671	0	0.9399999999999999	0	0	0	0	0	0	0	0	0	-0.4747239524672605	0.2536320355440446	-0.2564495802299102	0	2.692901076714701e-07	0	0	0	0	0	0	0	0	0	0	0	0	0	0	0	0	0	0	0	0
38.68000000000001	8.21631997305958	1.76415456118818	-8.511259237385373	0	0.9399999999999999	0	0	0	0	0	0	0	0	0	-0.4614519602283358	0.2640203892320771	-0.2644191415905265	0	1.19940678329054e-07	0	0	0	0	0	0	0	0	0	0	0	0	0	0	0	0	0	0	0	0
38.7	8.193014577806249	1.782335517054283	-8.50397301915989	0	0.9399999999999999	0	0	0	0	0	0	0	0	0	-0.3758080038914702	0.2522899889775746	-0.3021557552602735	0	-1.467551367670028e-08	0	0	0	0	0	0	0	0	0	0	0	0	0	0	0	0	0	0	0	0
38.72000000000001	8.191588916242027	1.782340090753096	-8.502535835724192	0	0.9399999999999999	0	0	0	0	0	0	0	0	0	-0.3238834699418469	0.2166293454163476	-0.3497634553287627	0	-3.045396384717752e-06	0	0	0	0	0	0	0	0	0	0	0	0	0	0	0	0	0	0	0	0
38.74	8.216420507070351	1.802883491129717	-8.541311298712312	0	0.9399999999999999	0	0	0	0	0	0	0	0	0	-0.2764941022361573	0.158090877688325	-0.398550502644102	0	-7.431700373599625e-09	0	0	0	0	0	0	0	0	0	0	0	0	0	0	0	0	0	0	0	0
38.76000000000001	8.271720862011291	1.7870827895977	-8.599971293647087	0	0.9399999999999999	0	0	0	0	0	0	0	0	0	-0.2560917328694051	0.1263037624810158	-0.4116466854026655	0	1.586241108018395e-06	0	0	0	0	0	0	0	0	0	0	0	0	0	0	0	0	0	0	0	0
38.78	8.390027441926136	1.77553962084786	-8.716930010813849	0	0.9399999999999999	0	0	0	0	0	0	0	0	0	-0.2127630262231905	0.1014086198755216	-0.4255162332339414	0	1.900955277189765e-07	0	0	0	0	0	0	0	0	0	0	0	0	0	0	0	0	0	0	0	0
38.8	8.528029147302476	1.788645576570187	-8.850148505584411	0	0.9399999999999999	0	0	0	0	0	0	0	0	0	-0.1700809989653671	0.03933708432435179	-0.4275028459349315	0	1.184026922677427e-07	0	0	0	0	0	0	0	0	0	0	0	0	0	0	0	0	0	0	0	0
38.82000000000001	8.642071439096439	1.813289554750577	-8.955441983303608	0	0.9399999999999999	0	0	0	0	0	0	0	0	0	-0.1073193085145834	-0.01899284128005288	-0.4032708493207686	0	2.88627513880153e-07	0	0	0	0	0	0	0	0	0	0	0	0	0	0	0	0	0	0	0	0
38.84	8.919197490064498	1.840524290838366	-9.219221024223256	0	0.9399999999999999	0	0	0	0	0	0	0	0	0	-0.01345991493062931	-0.1403217352884041	-0.3489058804935934	0	6.19559873386455e-07	0	0	0	0	0	0	0	0	0	0	0	0	0	0	0	0	0	0	0	0
38.86000000000001	9.037361843311595	1.835154141305249	-9.334022334923651	0	0.9399999999999999	0	0	0	0	0	0	0	0	0	0.03148465441257772	-0.1800402566425105	-0.3236737802168513	0	4.043083036586044e-07	0	0	0	0	0	0	0	0	0	0	0	0	0	0	0	0	0	0	0	0
38.88	8.959154806472222	1.828558073657101	-9.250858231454192	0	0.9399999999999999	0	0	0	0	0	0	0	0	0	0.1273512126613455	-0.2017282331496001	-0.2919303244336993	0	-1.190843709671455e-07	0	0	0	0	0	0	0	0	0	0	0	0	0	0	0	0	0	0	0	0
38.90000000000001	8.827880602936675	1.832453548584077	-9.113495021604907	0	0.9399999999999999	0	0	0	0	0	0	0	0	0	0.2323670118744066	-0.2191062960658415	-0.2543664592136655	0	4.351012832786054e-07	0	0	0	0	0	0	0	0	0	0	0	0	0	0	0	0	0	0	0	0
38.92	8.792065444171552	1.835769717709657	-9.064957856639383	0	0.9399999999999999	0	0	0	0	0	0	0	0	0	0.3129320193527647	-0.2304333551869991	-0.2133969998696618	0	-4.973964463837221e-07	0	0	0	0	0	0	0	0	0	0	0	0	0	0	0	0	0	0	0	0
38.94	8.799551095898837	1.828879365715006	-9.057011058348198	0	0.9399999999999999	0	0	0	0	0	0	0	0	0	0.3758633498825296	-0.2311393773626094	-0.1732756925140812	0	-5.214176340019075e-09	0	0	0	0	0	0	0	0	0	0	0	0	0	0	0	0	0	0	0	0
38.96	8.799551095898837	1.828879365715006	-9.057011058348198	0	0.9399999999999999	0	0	0	0	0	0	0	0	0	0.3758633498825296	-0.2311393773626094	-0.1732756925140812	0	-5.214176340019075e-09	0	0	0	0	0	0	0	0	0	0	0	0	0	0	0	0	0	0	0	0
38.98	8.728694273054028	1.794734628635019	-8.969239061928883	0	0.9399999999999999	0	0	0	0	0	0	0	0	0	0.4978948145227861	-0.2099317515318827	-0.1178338882486804	0	-7.03073941647258e-08	0	0	0	0	0	0	0	0	0	0	0	0	0	0	0	0	0	0	0	0
39.00000000000001	8.633781734265229	1.774960225273731	-8.872252102778338	0	0.9399999999999999	0	0	0	0	0	0	0	0	0	0.5465437552656528	-0.1857410794880427	-0.1213946466946462	0	-4.92755405698735e-07	0	0	0	0	0	0	0	0	0	0	0	0	0	0	0	0	0	0	0	0
39.02	8.491984636010162	1.760002237747813	-8.730731190011346	0	0.9399999999999999	0	0	0	0	0	0	0	0	0	0.6158327706966791	-0.1736365624105993	-0.1105764726074626	0	1.288166395832163e-08	0	0	0	0	0	0	0	0	0	0	0	0	0	0	0	0	0	0	0	0
39.04000000000001	8.336560053852615	1.751231453309027	-8.576086016633813	0	0.9399999999999999	0	0	0	0	0	0	0	0	0	0.6683947333860427	-0.158024693139304	-0.1231803417857902	0	-9.879332916488091e-07	0	0	0	0	0	0	0	0	0	0	0	0	0	0	0	0	0	0	0	0
39.06	8.336560053852615	1.751231453309027	-8.576086016633813	0	0.9399999999999999	0	0	0	0	0	0	0	0	0	0.6683947333860427	-0.158024693139304	-0.1231803417857902	0	-9.879332916488091e-07	0	0	0	0	0	0	0	0	0	0	0	0	0	0	0	0	0	0	0	0
39.08000000000001	8.026675923180056	1.744681728256206	-8.262881039222366	0	0.9399999999999999	0	0	0	0	0	0	0	0	0	0.7563982273761235	-0.1306544556343719	-0.1558202080415917	0	8.708909620934072e-07	0	0	0	0	0	0	0	0	0	0	0	0	0	0	0	0	0	0	0	0
39.1	8.026675923180056	1.744681728256206	-8.262881039222366	0	0.9399999999999999	0	0	0	0	0	0	0	0	0	0.7563982273761235	-0.1306544556343719	-0.1558202080415917	0	8.708909620934072e-07	0	0	0	0	0	0	0	0	0	0	0	0	0	0	0	0	0	0	0	0
39.12	7.730153534547813	1.761337466550488	-7.957638577385493	0	0.9399999999999999	0	0	0	0	0	0	0	0	0	0.8271899686110932	-0.09906222677114802	-0.1769033675793595	0	-3.685810041066017e-08	0	0	0	0	0	0	0	0	0	0	0	0	0	0	0	0	0	0	0	0
39.14	7.730153534547813	1.761337466550488	-7.957638577385493	0	0.9399999999999999	0	0	0	0	0	0	0	0	0	0.8271899686110932	-0.09906222677114802	-0.1769033675793595	0	-3.685810041066017e-08	0	0	0	0	0	0	0	0	0	0	0	0	0	0	0	0	0	0	0	0
39.16	7.539544598718573	1.795287263145975	-7.758355381899619	0	0.9399999999999999	0	0	0	0	0	0	0	0	0	0.8988864476747912	-0.0688235810710877	-0.2034766217891274	0	-6.905604418710402e-07	0	0	0	0	0	0	0	0	0	0	0	0	0	0	0	0	0	0	0	0
39.18000000000001	7.475601153373621	1.810693019274934	-7.690433769242784	0	0.9399999999999999	0	0	0	0	0	0	0	0	0	0.9002599111918422	-0.04432823148683748	-0.2180248300076203	0	-9.68100557590326e-08	0	0	0	0	0	0	0	0	0	0	0	0	0	0	0	0	0	0	0	0
39.2	7.475600564521736	1.810692582854189	-7.690434105733211	0	0.9399999999999999	0	0	0	0	0	0	0	0	0	0.9002600793492227	-0.04432836528246766	-0.2180248159745808	0	2.520293000146283e-07	0	0	0	0	0	0	0	0	0	0	0	0	0	0	0	0	0	0	0	0
39.22000000000001	7.564981573089388	1.82624215760452	-7.783024798821645	0	0.9399999999999999	0	0	0	0	0	0	0	0	0	0.9204770692117169	-0.06091415406584333	-0.2198354403489409	0	5.092619350287695e-08	0	0	0	0	0	0	0	0	0	0	0	0	0	0	0	0	0	0	0	0
39.24	7.682650304325616	1.830039971031718	-7.899430529725727	0	0.9399999999999999	0	0	0	0	0	0	0	0	0	0.9377597821224872	-0.07939442383162772	-0.230447296440552	0	-2.647409613545322e-07	0	0	0	0	0	0	0	0	0	0	0	0	0	0	0	0	0	0	0	0
39.26000000000001	7.804220264309513	1.842014746128018	-8.012986833778678	0	0.9399999999999999	0	0	0	0	0	0	0	0	0	0.9661037432708915	-0.09990378788032114	-0.2172003579054025	0.01669801195554204	0.01669785189788114	0	0	0	0	0	0	0	0	0	0	0	0	0	0	0	0	0	0	0	0
39.28	7.931428103292862	1.858107185877	-8.127451613936818	0	0.9399999999999999	0	0	0	0	0	0	0	0	0	0.9913324626466005	-0.11476682665528	-0.2026807855418719	0.01551360785651687	0.01551361441231649	0	0	0	0	0	0	0	0	0	0	0	0	0	0	0	0	0	0	0	0
39.3	8.052262962558993	1.879491314668747	-8.233057653583002	0	0.9399999999999999	0	0	0	0	0	0	0	0	0	1.015284128073346	-0.1222794865165121	-0.1868487037888558	0	-2.159687605926342e-06	0	0	0	0	0	0	0	0	0	0	0	0	0	0	0	0	0	0	0	0
39.32000000000001	8.145242405971691	1.902038103221226	-8.309367476506392	0	0.9399999999999999	0	0	0	0	0	0	0	0	0	1.047495003043015	-0.1262373662163122	-0.1787238403640387	0	-9.268107650071495e-06	0	0	0	0	0	0	0	0	0	0	0	0	0	0	0	0	0	0	0	0
39.34	8.145235350347926	1.902042326342814	-8.309374175719622	0	0.9399999999999999	0	0	0	0	0	0	0	0	0	1.047498112769437	-0.1262575510856113	-0.1787375527395391	0	-8.108971237101407e-06	0	0	0	0	0	0	0	0	0	0	0	0	0	0	0	0	0	0	0	0
39.36000000000001	8.205296505836195	1.918975750279706	-8.350855518396003	0	0.9399999999999999	0	0	0	0	0	0	0	0	0	1.073202958196541	-0.1251951694256413	-0.1768835163108252	0	-3.298844100780882e-06	0	0	0	0	0	0	0	0	0	0	0	0	0	0	0	0	0	0	0	0
39.38	8.231506882739176	1.928438868207369	-8.355999077541682	0	0.9399999999999999	0	0	0	0	0	0	0	0	0	1.092106674465514	-0.1248582940869444	-0.1655396599136477	0	4.084087100880523e-07	0	0	0	0	0	0	0	0	0	0	0	0	0	0	0	0	0	0	0	0
39.40000000000001	8.229129240626127	1.938268282977819	-8.332155060579868	0	0.9399999999999999	0	0	0	0	0	0	0	0	0	1.11382232364782	-0.1238149308304676	-0.1407952499272296	0	-2.493903698420127e-07	0	0	0	0	0	0	0	0	0	0	0	0	0	0	0	0	0	0	0	0
39.42	8.219429914110698	1.947865791741722	-8.303542593616413	0	0.9399999999999999	0	0	0	0	0	0	0	0	0	1.133100595413939	-0.1273431927418521	-0.1033085373911014	0	-1.554834498388697e-07	0	0	0	0	0	0	0	0	0	0	0	0	0	0	0	0	0	0	0	0
39.44	8.182297204133114	1.954482944461872	-8.247667949912172	0	0.9399999999999999	0	0	0	0	0	0	0	0	0	1.148838120209761	-0.1254961955351242	-0.06445633305827714	0	-7.838159228629779e-07	0	0	0	0	0	0	0	0	0	0	0	0	0	0	0	0	0	0	0	0
39.46	8.112184418138712	1.952766090293178	-8.156851517916422	0	0.9399999999999999	0	0	0	0	0	0	0	0	0	1.152045069175218	-0.1117240901438811	-0.03144383161631676	0	6.517863035809272e-07	0	0	0	0	0	0	0	0	0	0	0	0	0	0	0	0	0	0	0	0
39.48	8.024699747651775	1.948297475080282	-8.049600745891841	0	0.9399999999999999	0	0	0	0	0	0	0	0	0	1.146903653626939	-0.0877565026831449	-2.64982723377516e-05	0	-5.11159419880194e-08	0	0	0	0	0	0	0	0	0	0	0	0	0	0	0	0	0	0	0	0
39.50000000000001	7.921714145682007	1.945150341220748	-7.936523604242005	0	0.9399999999999999	0	0	0	0	0	0	0	0	0	1.136151169641261	-0.06203019811905732	0.02581639442944327	0	-3.492136573234075e-07	0	0	0	0	0	0	0	0	0	0	0	0	0	0	0	0	0	0	0	0
39.52	7.71274602609688	1.926169314472247	-7.748713748287436	0	0.9399999999999999	0	0	0	0	0	0	0	0	0	1.093388861470149	-0.03745212686780914	0.006403366131795956	0	-3.126368626767258e-08	0	0	0	0	0	0	0	0	0	0	0	0	0	0	0	0	0	0	0	0
39.54000000000001	7.555276669802752	1.89398791485293	-7.611925727518973	0	0.9399999999999999	0	0	0	0	0	0	0	0	0	1.026261606744709	-0.02545076862474891	0.004207155557035227	0	-1.018930048924135e-06	0	0	0	0	0	0	0	0	0	0	0	0	0	0	0	0	0	0	0	0
39.56	7.352734868228722	1.864946791910431	-7.433632837165171	0	0.9399999999999999	0	0	0	0	0	0	0	0	0	0.9242038478064973	-0.02665472564907598	0.03536534978179167	0	-4.177094348833681e-07	0	0	0	0	0	0	0	0	0	0	0	0	0	0	0	0	0	0	0	0
39.58000000000001	7.352734868228722	1.864946791910431	-7.433632837165171	0	0.9399999999999999	0	0	0	0	0	0	0	0	0	0.9242038478064973	-0.02665472564907598	0.03536534978179167	0	-4.177094348833681e-07	0	0	0	0	0	0	0	0	0	0	0	0	0	0	0	0	0	0	0	0
39.6	7.146455621541279	1.850345689539781	-7.251329248607685	0	0.9399999999999999	0	0	0	0	0	0	0	0	0	0.8458336510400309	-0.02277941285957923	0.03405566668866817	0	-3.649015290135047e-08	0	0	0	0	0	0	0	0	0	0	0	0	0	0	0	0	0	0	0	0
39.62	6.970296797654646	1.834190878231806	-7.095187256171461	0	0.9399999999999999	0	0	0	0	0	0	0	0	0	0.7641535728816956	-0.02477801250880751	0.0503421726447621	0	1.165497732179478e-07	0	0	0	0	0	0	0	0	0	0	0	0	0	0	0	0	0	0	0	0
39.64	7.033318486834982	1.829002683116714	-7.190086122901192	0	0.9399999999999999	0	0	0	0	0	0	0	0	0	0.7177696918883966	-0.07295005003991585	0.07859051378989018	0	1.427345951438903e-07	0	0	0	0	0	0	0	0	0	0	0	0	0	0	0	0	0	0	0	0
39.66	7.173292381766847	1.841703531135214	-7.33866888941038	0	0.9399999999999999	0	0	0	0	0	0	0	0	0	0.6594145611693153	-0.1136878750281104	0.1362521911752051	0	8.112624710071579e-08	0	0	0	0	0	0	0	0	0	0	0	0	0	0	0	0	0	0	0	0
39.68000000000001	7.17324353318466	1.841679421987759	-7.338617530409315	0	0.9399999999999999	0	0	0	0	0	0	0	0	0	0.6367672615079852	-0.1127794620752074	0.1229039190451552	0	1.890225987127359e-06	0	0	0	0	0	0	0	0	0	0	0	0	0	0	0	0	0	0	0	0
39.7	7.284516600615849	1.822372300885075	-7.463671189838624	0	0.9399999999999999	0	0	0	0	0	0	0	0	0	0.5071045669141521	-0.1394047324911877	0.09865592807594678	0	2.319759384968732e-07	0	0	0	0	0	0	0	0	0	0	0	0	0	0	0	0	0	0	0	0
39.72000000000001	7.315594824274914	1.803118919239286	-7.50192688554583	0	0.9399999999999999	0	0	0	0	0	0	0	0	0	0.4215892908377843	-0.1369415099340707	0.06948618081255138	0	-1.113151649763415e-08	0	0	0	0	0	0	0	0	0	0	0	0	0	0	0	0	0	0	0	0
39.74	7.315594824274914	1.803118919239286	-7.50192688554583	0	0.9399999999999999	0	0	0	0	0	0	0	0	0	0.4215892908377843	-0.1369415099340707	0.06948618081255138	0	-1.113151649763415e-08	0	0	0	0	0	0	0	0	0	0	0	0	0	0	0	0	0	0	0	0
39.76000000000001	7.354120051539346	1.782356780925037	-7.546681517773843	0	0.9399999999999999	0	0	0	0	0	0	0	0	0	0.3307514004717862	-0.1270488589956321	0.03129766737993509	0	6.186449989297981e-07	0	0	0	0	0	0	0	0	0	0	0	0	0	0	0	0	0	0	0	0
39.78	7.42102631720137	1.760888072413399	-7.618697528167777	0	0.9399999999999999	0	0	0	0	0	0	0	0	0	0.2358034897411544	-0.1150653847222404	-0.01237169343078616	0	-3.465985761371466e-07	0	0	0	0	0	0	0	0	0	0	0	0	0	0	0	0	0	0	0	0
39.8	7.678238441815813	1.747080245232305	-7.892591622777364	0	0.9399999999999999	0	0	0	0	0	0	0	0	0	0.05690513172631006	-0.1002903839354142	-0.09338151539145921	0	-2.0167937287716e-06	0	0	0	0	0	0	0	0	0	0	0	0	0	0	0	0	0	0	0	0
39.82000000000001	7.678238853812859	1.747079552026903	-7.892591408222099	0	0.9399999999999999	0	0	0	0	0	0	0	0	0	0.0569042777198641	-0.1002897003632442	-0.09338094102903866	0	6.205820368044489e-07	0	0	0	0	0	0	0	0	0	0	0	0	0	0	0	0	0	0	0	0
39.84	7.903179660504771	1.778497687093874	-8.149550336350835	0	0.9399999999999999	0	0	0	0	0	0	0	0	0	-0.009558508386660416	-0.1182972001844084	-0.1451720031247455	0	-3.888571252199486e-08	0	0	0	0	0	0	0	0	0	0	0	0	0	0	0	0	0	0	0	0
39.86000000000001	7.90330240682633	1.77849121520677	-8.149675640554721	0	0.9399999999999999	0	0	0	0	0	0	0	0	0	-0.09207935528790764	-0.0887983976176737	-0.1525671971119902	0	-1.231170330560384e-07	0	0	0	0	0	0	0	0	0	0	0	0	0	0	0	0	0	0	0	0
39.88	8.059106416011124	1.810740093016023	-8.352671872900194	0	0.9399999999999999	0	0	0	0	0	0	0	0	0	-0.2333485826131869	-0.06182133281767549	-0.205482959796856	0	4.501828300609343e-07	0	0	0	0	0	0	0	0	0	0	0	0	0	0	0	0	0	0	0	0
39.90000000000001	8.059106416011124	1.810740093016023	-8.352671872900194	0	0.9399999999999999	0	0	0	0	0	0	0	0	0	-0.2333485826131869	-0.06182133281767549	-0.205482959796856	0	4.501828300609343e-07	0	0	0	0	0	0	0	0	0	0	0	0	0	0	0	0	0	0	0	0
39.92	8.146956686622852	1.816578613177529	-8.470685032072044	0	0.9399999999999999	0	0	0	0	0	0	0	0	0	-0.3154032101827499	-0.03989837888624266	-0.2230155290664675	0	-1.60722835544302e-07	0	0	0	0	0	0	0	0	0	0	0	0	0	0	0	0	0	0	0	0
39.94	8.222422283800148	1.820102079505273	-8.57522738395155	0	0.9399999999999999	0	0	0	0	0	0	0	0	0	-0.39032031792611	-0.004988998525324007	-0.2289372625876845	0	-6.209442433294187e-08	0	0	0	0	0	0	0	0	0	0	0	0	0	0	0	0	0	0	0	0
39.96	8.153723954244231	1.855876783515661	-8.558262631910122	0	0.9399999999999999	0	0	0	0	0	0	0	0	0	-0.405658827931212	0.05374493527267372	-0.2526806623252584	0	2.863320927051237e-09	0	0	0	0	0	0	0	0	0	0	0	0	0	0	0	0	0	0	0	0
39.98	8.154050287099206	1.855806267681352	-8.558580458596897	0	0.9399999999999999	0	0	0	0	0	0	0	0	0	-0.454492021340194	0.09984265953528534	-0.2443629696856296	0	-2.995864565999551e-07	0	0	0	0	0	0	0	0	0	0	0	0	0	0	0	0	0	0	0	0
40.00000000000001	8.125380876323927	1.91628186440759	-8.577096339854988	0	0.9399999999999999	0	0	0	0	0	0	0	0	0	-0.4803310867344516	0.1575857789923689	-0.3444682524527184	0	2.989323628628608e-06	0	0	0	0	0	0	0	0	0	0	0	0	0	0	0	0	0	0	0	0
40.02	8.100192955710943	1.933679469630258	-8.572307610215159	0	0.9399999999999999	0	0	0	0	0	0	0	0	0	-0.4400065923909786	0.149066700519921	-0.4131991837778608	0.1223947049819107	0.1223964748524954	0	0	0	0	0	0	0	0	0	0	0	0	0	0	0	0	0	0	0	0
40.04000000000001	8.059448935383113	1.936589627304282	-8.548786330039436	0	0.9399999999999999	0	0	0	0	0	0	0	0	0	-0.4137231175350097	0.1555798215823919	-0.4394050993897519	0.2257872513418547	0.2257881300887541	0	0	0	0	0	0	0	0	0	0	0	0	0	0	0	0	0	0	0	0
40.06	8.023180444173283	1.927638191092733	-8.527324639012781	0	0.9399999999999999	0	0	0	0	0	0	0	0	0	-0.4066906074143397	0.1847125150638765	-0.4347961883561476	0.2694556588582857	0.2694556556979696	0	0	0	0	0	0	0	0	0	0	0	0	0	0	0	0	0	0	0	0
40.08000000000001	8.005422630266015	1.913513504185965	-8.521503141337279	0	0.9399999999999999	0	0	0	0	0	0	0	0	0	-0.4130881269433188	0.2014665331394785	-0.4394405449545399	0.2694524748146927	0.2694526937772386	0	0	0	0	0	0	0	0	0	0	0	0	0	0	0	0	0	0	0	0
40.1	7.9969285493325	1.903777696091205	-8.522777733656994	0	0.9399999999999999	0	0	0	0	0	0	0	0	0	-0.4137372946360663	0.2568193757243419	-0.4263124955949166	0.2285263623278654	0.2285268516521255	0	0	0	0	0	0	0	0	0	0	0	0	0	0	0	0	0	0	0	0
40.12	7.996928331816939	1.903777847035785	-8.522778227270217	0	0.9399999999999999	0	0	0	0	0	0	0	0	0	-0.4137370391316811	0.2568193731734303	-0.4263121825266344	0.2285263600369215	0.2285266482868882	0	0	0	0	0	0	0	0	0	0	0	0	0	0	0	0	0	0	0	0
40.14	7.946402791993169	1.888063702732555	-8.481005975028667	0	0.9399999999999999	0	0	0	0	0	0	0	0	0	-0.4408558996673567	0.3194399452712852	-0.3713300956114253	0.1186101827110576	0.1186064056820347	0	0	0	0	0	0	0	0	0	0	0	0	0	0	0	0	0	0	0	0
40.16	7.907869705822404	1.866521945907885	-8.456210236958203	0	0.9399999999999999	0	0	0	0	0	0	0	0	0	-0.4757223308933	0.3691326821516078	-0.2903845169084414	0	4.476958715935588e-07	0	0	0	0	0	0	0	0	0	0	0	0	0	0	0	0	0	0	0	0
40.18000000000001	7.862051305003033	1.851578818354356	-8.425381125076367	0	0.9399999999999999	0	0	0	0	0	0	0	0	0	-0.4385467248260816	0.3660460153842056	-0.2749320004761162	0	2.331354758327551e-07	0	0	0	0	0	0	0	0	0	0	0	0	0	0	0	0	0	0	0	0
40.2	7.834275938677481	1.856004894476859	-8.415885052869106	0	0.9399999999999999	0	0	0	0	0	0	0	0	0	-0.376263193753614	0.3338380810073805	-0.3376664411765026	0	-6.990990293459422e-07	0	0	0	0	0	0	0	0	0	0	0	0	0	0	0	0	0	0	0	0
40.22000000000001	7.876098437555372	1.879525456429922	-8.480295682917159	0	0.9399999999999999	0	0	0	0	0	0	0	0	0	-0.2894853589931924	0.2769818742981952	-0.4474465074200353	0	-1.202898961934553e-07	0	0	0	0	0	0	0	0	0	0	0	0	0	0	0	0	0	0	0	0
40.24	7.938475735693511	1.912207303586115	-8.55744339354572	0	0.9399999999999999	0	0	0	0	0	0	0	0	0	-0.224155410961853	0.2040768436875733	-0.4925136195138438	0	7.978333612810375e-07	0	0	0	0	0	0	0	0	0	0	0	0	0	0	0	0	0	0	0	0
40.26000000000001	8.01482653670231	1.942796244433964	-8.644415515069863	0	0.9399999999999999	0	0	0	0	0	0	0	0	0	-0.1832716544371455	0.1289943979419273	-0.4744477570212532	0	-4.60155906516761e-07	0	0	0	0	0	0	0	0	0	0	0	0	0	0	0	0	0	0	0	0
40.28	8.194712474374251	1.93395864462213	-8.810832297981259	0	0.9399999999999999	0	0	0	0	0	0	0	0	0	-0.1303373779801934	0.001392029835565683	-0.5271884022801405	0	7.794610250153064e-07	0	0	0	0	0	0	0	0	0	0	0	0	0	0	0	0	0	0	0	0
40.3	8.194712474374251	1.93395864462213	-8.810832297981259	0	0.9399999999999999	0	0	0	0	0	0	0	0	0	-0.1303373779801934	0.001392029835565683	-0.5271884022801405	0	7.794610250153064e-07	0	0	0	0	0	0	0	0	0	0	0	0	0	0	0	0	0	0	0	0
40.32000000000001	8.27845938606051	1.943484908383737	-8.885221477258234	0	0.9399999999999999	0	0	0	0	0	0	0	0	0	-0.09525755590575914	-0.07350101826802295	-0.5265518558845912	0	-1.398123323718415e-07	0	0	0	0	0	0	0	0	0	0	0	0	0	0	0	0	0	0	0	0
40.34	8.384786932636542	1.940930808082316	-8.979601238161184	0	0.9399999999999999	0	0	0	0	0	0	0	0	0	-0.04868815067762485	-0.1404109133420297	-0.4712194574444236	0	1.096381502269971e-07	0	0	0	0	0	0	0	0	0	0	0	0	0	0	0	0	0	0	0	0
40.36000000000001	8.557819913780351	1.921404827169191	-9.142983214397537	0	0.9399999999999999	0	0	0	0	0	0	0	0	0	-0.03306099952062333	-0.1856217602013475	-0.4363715824374622	0	-2.518585711236626e-08	0	0	0	0	0	0	0	0	0	0	0	0	0	0	0	0	0	0	0	0
40.38	8.620038200766311	1.908938650544229	-9.193391379989066	0	0.9399999999999999	0	0	0	0	0	0	0	0	0	0.02872129619938323	-0.2184561171128643	-0.402958130668913	0	-7.568430617185409e-08	0	0	0	0	0	0	0	0	0	0	0	0	0	0	0	0	0	0	0	0
40.40000000000001	8.47048436355186	1.919018605806164	-9.033532292494098	0	0.9399999999999999	0	0	0	0	0	0	0	0	0	0.1592663391763626	-0.2454009744757406	-0.3570954363496374	0	-2.469274221365251e-08	0	0	0	0	0	0	0	0	0	0	0	0	0	0	0	0	0	0	0	0
40.42	8.360693206100688	1.94026688684861	-8.912810430211055	0	0.9399999999999999	0	0	0	0	0	0	0	0	0	0.2761512068198627	-0.2698458358653218	-0.3023701522960747	0	6.560646357775353e-07	0	0	0	0	0	0	0	0	0	0	0	0	0	0	0	0	0	0	0	0
40.44	8.356944254732975	1.942022287363224	-8.889334372216506	0	0.9399999999999999	0	0	0	0	0	0	0	0	0	0.3517349883600681	-0.2837446395281481	-0.2476059587249632	0	7.268654557766379e-07	0	0	0	0	0	0	0	0	0	0	0	0	0	0	0	0	0	0	0	0
40.46	8.3620722451512	1.931944954878163	-8.874302796611543	0	0.9399999999999999	0	0	0	0	0	0	0	0	0	0.4147204499797258	-0.286007936167882	-0.1981207606792767	0	-1.591000590897098e-07	0	0	0	0	0	0	0	0	0	0	0	0	0	0	0	0	0	0	0	0
40.48	8.345657329545981	1.913747725159297	-8.84379079665824	0	0.9399999999999999	0	0	0	0	0	0	0	0	0	0.4756305175173839	-0.2765129255183267	-0.1631144309980098	0	-8.918062717614912e-07	0	0	0	0	0	0	0	0	0	0	0	0	0	0	0	0	0	0	0	0
40.50000000000001	8.310091383661032	1.885539493055159	-8.80165860226148	0	0.9399999999999999	0	0	0	0	0	0	0	0	0	0.5312798064605686	-0.2581850737273118	-0.1457706410992923	0	3.870259630021404e-07	0	0	0	0	0	0	0	0	0	0	0	0	0	0	0	0	0	0	0	0
40.52	8.216730575926487	1.859858364513738	-8.707615106590708	0	0.9399999999999999	0	0	0	0	0	0	0	0	0	0.5907663645845107	-0.2331324526215805	-0.1437024736867036	0	3.827753402050312e-08	0	0	0	0	0	0	0	0	0	0	0	0	0	0	0	0	0	0	0	0
40.54000000000001	7.925576364110754	1.841105364656846	-8.418525845469759	0	0.9399999999999999	0	0	0	0	0	0	0	0	0	0.713733137471713	-0.1835053641837258	-0.1681708908685814	0	6.756899686948421e-07	0	0	0	0	0	0	0	0	0	0	0	0	0	0	0	0	0	0	0	0
40.56	7.79834949231921	1.836985628495607	-8.289720731146	0	0.9399999999999999	0	0	0	0	0	0	0	0	0	0.7610313832800102	-0.161982463927452	-0.1846081360099259	0	4.311672184309541e-07	0	0	0	0	0	0	0	0	0	0	0	0	0	0	0	0	0	0	0	0
40.58000000000001	7.678682218566045	1.834861845837939	-8.167504686394162	0	0.9399999999999999	0	0	0	0	0	0	0	0	0	0.7681456842070818	-0.1357218691642236	-0.2006606389493891	0	-2.110816265025724e-07	0	0	0	0	0	0	0	0	0	0	0	0	0	0	0	0	0	0	0	0
40.6	7.678818441207341	1.834864373952785	-8.167639843718694	0	0.9399999999999999	0	0	0	0	0	0	0	0	0	0.7990409780247869	-0.1420749492098195	-0.1995856453377889	0	4.595946637079477e-07	0	0	0	0	0	0	0	0	0	0	0	0	0	0	0	0	0	0	0	0
40.62	7.562529279242804	1.842678328131022	-8.047947330296305	0	0.9399999999999999	0	0	0	0	0	0	0	0	0	0.8365443960894547	-0.122717074885606	-0.2120683188441128	0	-4.636552994229439e-09	0	0	0	0	0	0	0	0	0	0	0	0	0	0	0	0	0	0	0	0
40.64	7.460401700901294	1.855066824358318	-7.941090695131513	0	0.9399999999999999	0	0	0	0	0	0	0	0	0	0.870186783975934	-0.1005063492928804	-0.2253065527517153	0	1.176566676478227e-05	0	0	0	0	0	0	0	0	0	0	0	0	0	0	0	0	0	0	0	0
40.66	7.366121095923454	1.871628608521366	-7.840957488353425	0	0.9399999999999999	0	0	0	0	0	0	0	0	0	0.9004371335732012	-0.07499875995031409	-0.2457109274053094	0	3.070651087029596e-06	0	0	0	0	0	0	0	0	0	0	0	0	0	0	0	0	0	0	0	0
40.68000000000001	7.311627630793693	1.887500355396525	-7.78073182791744	0	0.9399999999999999	0	0	0	0	0	0	0	0	0	0.9236630023145939	-0.05909002485241507	-0.2626726664993668	0	-2.941360983117846e-07	0	0	0	0	0	0	0	0	0	0	0	0	0	0	0	0	0	0	0	0
40.7	7.321223518399084	1.910977275009203	-7.786428831304273	0	0.9399999999999999	0	0	0	0	0	0	0	0	0	0.9532085038320722	-0.05990561210874012	-0.2673890748961403	0	-6.810365118575892e-08	0	0	0	0	0	0	0	0	0	0	0	0	0	0	0	0	0	0	0	0
40.72000000000001	7.351212236815732	1.934868700699566	-7.813915431004694	0	0.9399999999999999	0	0	0	0	0	0	0	0	0	0.9852313096626502	-0.06660152425158834	-0.2767705314957873	0	3.449477057000122e-08	0	0	0	0	0	0	0	0	0	0	0	0	0	0	0	0	0	0	0	0
40.74	7.481752961034295	1.954827636153821	-7.93802749127575	0	0.9399999999999999	0	0	0	0	0	0	0	0	0	1.033707182744249	-0.1008815727822329	-0.2644678930680044	0.02818497406257195	0.02817423611329694	0	0	0	0	0	0	0	0	0	0	0	0	0	0	0	0	0	0	0	0
40.76000000000001	7.481755785098334	1.954765009624095	-7.938086534458952	0	0.9399999999999999	0	0	0	0	0	0	0	0	0	1.06051664559155	-0.1063665296618107	-0.2881832121749228	0.04711257326992649	0.04711248335374064	0	0	0	0	0	0	0	0	0	0	0	0	0	0	0	0	0	0	0	0
40.78	7.568245001692903	1.963198440267935	-8.01195438687146	0	0.9399999999999999	0	0	0	0	0	0	0	0	0	1.090370805209388	-0.119508794737693	-0.2789363627214911	0.04304235050068986	0.04304202553820048	0	0	0	0	0	0	0	0	0	0	0	0	0	0	0	0	0	0	0	0
40.8	7.664374517053726	1.976965545758549	-8.091838439253516	0	0.9399999999999999	0	0	0	0	0	0	0	0	0	1.098904773060635	-0.1216550624729636	-0.2731676503544218	0	8.190978965014775e-07	0	0	0	0	0	0	0	0	0	0	0	0	0	0	0	0	0	0	0	0
40.82000000000001	7.816106987601742	2.010572532212115	-8.205385661000602	0	0.9399999999999999	0	0	0	0	0	0	0	0	0	1.173477995934685	-0.1280972219363108	-0.2769546257943001	0	-1.588509410868246e-08	0	0	0	0	0	0	0	0	0	0	0	0	0	0	0	0	0	0	0	0
40.84	7.852371144237713	2.020390483165125	-8.218374233045827	0	0.9399999999999999	0	0	0	0	0	0	0	0	0	1.189866351902999	-0.1269814462413092	-0.2719571555188036	0	4.684971628599505e-07	0	0	0	0	0	0	0	0	0	0	0	0	0	0	0	0	0	0	0	0
40.86000000000001	7.852371144237713	2.020390483165125	-8.218374233045827	0	0.9399999999999999	0	0	0	0	0	0	0	0	0	1.189866351902999	-0.1269814462413092	-0.2719571555188036	0	4.684971628599505e-07	0	0	0	0	0	0	0	0	0	0	0	0	0	0	0	0	0	0	0	0
40.88	7.866254757651805	2.029653094819876	-8.206781377104903	0	0.9399999999999999	0	0	0	0	0	0	0	0	0	1.208642973618773	-0.1315004048953199	-0.2431051916942348	0	-9.712456573524149e-08	0	0	0	0	0	0	0	0	0	0	0	0	0	0	0	0	0	0	0	0
40.90000000000001	7.861749478130289	2.037788225758927	-8.178076786615049	0	0.9399999999999999	0	0	0	0	0	0	0	0	0	1.224022669981549	-0.1328250577232976	-0.2076477619781393	0	2.58805340608527e-08	0	0	0	0	0	0	0	0	0	0	0	0	0	0	0	0	0	0	0	0
40.92	7.831766920380761	2.045287555431601	-8.124783932123478	0	0.9399999999999999	0	0	0	0	0	0	0	0	0	1.235411054607366	-0.1289846801379399	-0.1698364888371628	0	-1.834741606955717e-06	0	0	0	0	0	0	0	0	0	0	0	0	0	0	0	0	0	0	0	0
40.94	7.671693835925913	2.04145634400293	-7.911405043083743	0	0.9399999999999999	0	0	0	0	0	0	0	0	0	1.233295496366805	-0.06210458401315497	-0.1626169611664243	0	-8.481734013545859e-08	0	0	0	0	0	0	0	0	0	0	0	0	0	0	0	0	0	0	0	0
40.96	7.671664061309526	2.041544942320074	-7.911381114441765	0	0.9399999999999999	0	0	0	0	0	0	0	0	0	1.229867481245467	-0.07839047775100519	-0.1006037126632183	0	8.915295489453313e-06	0	0	0	0	0	0	0	0	0	0	0	0	0	0	0	0	0	0	0	0
40.98	7.570264375846026	2.042722537692024	-7.797023426159615	0	0.9399999999999999	0	0	0	0	0	0	0	0	0	1.219539546708803	-0.0491314907690935	-0.07281650021127635	0	-2.575010583445712e-06	0	0	0	0	0	0	0	0	0	0	0	0	0	0	0	0	0	0	0	0
41.00000000000001	7.475725085001763	2.043540782377085	-7.707943702402306	0	0.9399999999999999	0	0	0	0	0	0	0	0	0	1.194722079796539	-0.03384752298188691	-0.05129322971874484	0	-4.357864265076154e-08	0	0	0	0	0	0	0	0	0	0	0	0	0	0	0	0	0	0	0	0
41.02	7.378107463017529	2.021969665927842	-7.629160696575228	0	0.9399999999999999	0	0	0	0	0	0	0	0	0	1.132787597563562	-0.0307858643786287	-0.04126504390237273	0	-2.108542292322237e-06	0	0	0	0	0	0	0	0	0	0	0	0	0	0	0	0	0	0	0	0
41.04000000000001	7.246506771236753	1.994229312547795	-7.521376041193235	0	0.9399999999999999	0	0	0	0	0	0	0	0	0	1.059292602546871	-0.03306045094146137	-0.03244614725493079	0	-4.862841093085083e-06	0	0	0	0	0	0	0	0	0	0	0	0	0	0	0	0	0	0	0	0
41.06	7.099595510192321	1.969195566414703	-7.402708817252124	0	0.9399999999999999	0	0	0	0	0	0	0	0	0	0.9729478095078316	-0.04235931656996091	-0.01667010853791917	0	1.318717066848158e-06	0	0	0	0	0	0	0	0	0	0	0	0	0	0	0	0	0	0	0	0
41.08000000000001	6.957249434064958	1.950036754176283	-7.289083570344795	0	0.9399999999999999	0	0	0	0	0	0	0	0	0	0.8798558223911714	-0.051643352218598	0.004163740211671884	0	1.509579551366569e-07	0	0	0	0	0	0	0	0	0	0	0	0	0	0	0	0	0	0	0	0
41.1	6.792129641067195	1.91591403259712	-7.171875028086893	0	0.9399999999999999	0	0	0	0	0	0	0	0	0	0.706966755707189	-0.09295691949488731	0.06397699423640653	0	1.506381087833048e-08	0	0	0	0	0	0	0	0	0	0	0	0	0	0	0	0	0	0	0	0
41.12	6.857747012047544	1.921841298640028	-7.25645486006431	0	0.9399999999999999	0	0	0	0	0	0	0	0	0	0.6684045931961494	-0.1308182971111146	0.08802130283465288	0	5.445230354995939e-08	0	0	0	0	0	0	0	0	0	0	0	0	0	0	0	0	0	0	0	0
41.14	6.939522730253898	1.92612527066761	-7.351438609207014	0	0.9399999999999999	0	0	0	0	0	0	0	0	0	0.6322780648244108	-0.1630774754522724	0.08996595506369442	0	-6.951919146068722e-07	0	0	0	0	0	0	0	0	0	0	0	0	0	0	0	0	0	0	0	0
41.16	6.939522730253898	1.92612527066761	-7.351438609207014	0	0.9399999999999999	0	0	0	0	0	0	0	0	0	0.6322780648244108	-0.1630774754522724	0.08996595506369442	0	-6.951919146068722e-07	0	0	0	0	0	0	0	0	0	0	0	0	0	0	0	0	0	0	0	0
41.18000000000001	6.985287752935969	1.916827717729624	-7.408583150338384	0	0.9399999999999999	0	0	0	0	0	0	0	0	0	0.5747662217425744	-0.1782309020099327	0.06477407917185207	0	4.865346402782421e-08	0	0	0	0	0	0	0	0	0	0	0	0	0	0	0	0	0	0	0	0
41.2	7.037412768991636	1.880300948080218	-7.479150945082883	0	0.9399999999999999	0	0	0	0	0	0	0	0	0	0.4856108798582111	-0.1938442827209548	0.02163162008675652	0	1.628748789576181e-07	0	0	0	0	0	0	0	0	0	0	0	0	0	0	0	0	0	0	0	0
41.22000000000001	7.037266050126241	1.880308013597981	-7.479024181942811	0	0.9399999999999999	0	0	0	0	0	0	0	0	0	0.4200299680107014	-0.1589054961688575	-0.02474518699489533	0	2.366655863622663e-06	0	0	0	0	0	0	0	0	0	0	0	0	0	0	0	0	0	0	0	0
41.24	7.063316354295997	1.856923749921993	-7.509933842504701	0	0.9399999999999999	0	0	0	0	0	0	0	0	0	0.3323586056364914	-0.129077026420741	-0.07205980839037403	0	-9.529324217103595e-07	0	0	0	0	0	0	0	0	0	0	0	0	0	0	0	0	0	0	0	0
41.26000000000001	7.09394956544741	1.832832537871692	-7.543986000647491	0	0.9399999999999999	0	0	0	0	0	0	0	0	0	0.2375364410552771	-0.09421417080819403	-0.1168863705502001	0	7.231101772066259e-07	0	0	0	0	0	0	0	0	0	0	0	0	0	0	0	0	0	0	0	0
41.28	7.207960200115311	1.797287202636111	-7.669786193255404	0	0.9399999999999999	0	0	0	0	0	0	0	0	0	0.1258386086166877	-0.08240983684140908	-0.1571624350044832	0	1.270036485579051e-06	0	0	0	0	0	0	0	0	0	0	0	0	0	0	0	0	0	0	0	0
41.3	7.207941078903309	1.797275609070727	-7.669761190811148	0	0.9399999999999999	0	0	0	0	0	0	0	0	0	0.03880135862603849	-0.03886266107320458	-0.1682024353592473	0	-6.320298333014744e-07	0	0	0	0	0	0	0	0	0	0	0	0	0	0	0	0	0	0	0	0
41.32000000000001	7.297323978415336	1.794263914642759	-7.774691326680303	0	0.9399999999999999	0	0	0	0	0	0	0	0	0	-0.0478145542419807	-0.02285763044234326	-0.1762801863719343	0	9.170833069305511e-08	0	0	0	0	0	0	0	0	0	0	0	0	0	0	0	0	0	0	0	0
41.34	7.37918506217232	1.79479580262504	-7.876220052059535	0	0.9399999999999999	0	0	0	0	0	0	0	0	0	-0.1293889336113326	-0.006198707786141055	-0.1763461228410523	0	2.332237535092852e-09	0	0	0	0	0	0	0	0	0	0	0	0	0	0	0	0	0	0	0	0
41.36000000000001	7.456652747964786	1.794847822150323	-7.976956700246149	0	0.9399999999999999	0	0	0	0	0	0	0	0	0	-0.2114276760504368	0.01559216578869812	-0.1724852250540813	0	-9.819494214624013e-07	0	0	0	0	0	0	0	0	0	0	0	0	0	0	0	0	0	0	0	0
41.38	7.571783415060376	1.797600259030892	-8.14793655574929	0	0.9399999999999999	0	0	0	0	0	0	0	0	0	-0.3751038850483566	0.09158176115923196	-0.1583924155795652	0	6.95065863954977e-07	0	0	0	0	0	0	0	0	0	0	0	0	0	0	0	0	0	0	0	0
41.40000000000001	7.571783415060376	1.797600259030892	-8.14793655574929	0	0.9399999999999999	0	0	0	0	0	0	0	0	0	-0.3751038850483566	0.09158176115923196	-0.1583924155795652	0	6.95065863954977e-07	0	0	0	0	0	0	0	0	0	0	0	0	0	0	0	0	0	0	0	0
41.42	7.591496123436457	1.798998249813523	-8.224534296397996	0	0.9399999999999999	0	0	0	0	0	0	0	0	0	-0.5059493695452693	0.2180494794434048	-0.1148436848490528	0	8.081230734802e-09	0	0	0	0	0	0	0	0	0	0	0	0	0	0	0	0	0	0	0	0
41.44	7.591496123436457	1.798998249813523	-8.224534296397996	0	0.9399999999999999	0	0	0	0	0	0	0	0	0	-0.5059493695452693	0.2180494794434048	-0.1148436848490528	0	8.081230734802e-09	0	0	0	0	0	0	0	0	0	0	0	0	0	0	0	0	0	0	0	0
41.46	7.560262802263185	1.834448660633536	-8.218623251285148	0	0.9399999999999999	0	0	0	0	0	0	0	0	0	-0.52359878	0.2796587255079893	-0.1016299765723696	0	-1.519549084448103e-07	0	0	0	0	0	0	0	0	0	0	0	0	0	0	0	0	0	0	0	0
41.48	7.5504587704495	1.879885081607981	-8.235482898181585	0	0.9399999999999999	0	0	0	0	0	0	0	0	0	-0.52359878	0.3240742340427195	-0.1088734815741206	0	-1.398242016957912e-06	0	0	0	0	0	0	0	0	0	0	0	0	0	0	0	0	0	0	0	0
41.50000000000001	7.560717153586423	1.915239072532597	-8.271501305531638	0	0.9399999999999999	0	0	0	0	0	0	0	0	0	-0.52359878	0.3530193183656294	-0.1289006126390734	0	-5.521723095821252e-07	0	0	0	0	0	0	0	0	0	0	0	0	0	0	0	0	0	0	0	0
41.52	7.572484188769599	1.911051947518549	-8.295565537297167	0	0.9399999999999999	0	0	0	0	0	0	0	0	0	-0.52359878	0.3562454728200661	-0.1561918170878855	0.0992332491067057	0.09923322052093624	0	0	0	0	0	0	0	0	0	0	0	0	0	0	0	0	0	0	0	0
41.54000000000001	7.536829921288518	1.905709496930479	-8.270668893228702	0	0.9399999999999999	0	0	0	0	0	0	0	0	0	-0.4784453084037456	0.3478420423849778	-0.1857138556139405	0.2651932700829979	0.265193289197488	0	0	0	0	0	0	0	0	0	0	0	0	0	0	0	0	0	0	0	0
41.56	7.383583386856602	1.894913314773145	-8.145009575894637	0	0.9399999999999999	0	0	0	0	0	0	0	0	0	-0.4732439816877473	0.408732127369652	-0.1403496655244533	0.3211397597576129	0.3211397400363322	0	0	0	0	0	0	0	0	0	0	0	0	0	0	0	0	0	0	0	0
41.58000000000001	7.326046842684437	1.887869733221897	-8.10159990990498	0	0.9399999999999999	0	0	0	0	0	0	0	0	0	-0.5058346938221698	0.4602822282041024	-0.1042459636838804	0.2535984068757274	0.2535987045768887	0	0	0	0	0	0	0	0	0	0	0	0	0	0	0	0	0	0	0	0
41.6	7.326047804221788	1.887869542931783	-8.101599224609343	0	0.9399999999999999	0	0	0	0	0	0	0	0	0	-0.5058340843035057	0.4602824842710807	-0.1042459348417841	0.2535982488714751	0.2535984429449556	0	0	0	0	0	0	0	0	0	0	0	0	0	0	0	0	0	0	0	0
41.62	7.285568210046482	1.910327415213151	-8.102992168863056	0	0.9399999999999999	0	0	0	0	0	0	0	0	0	-0.52359878	0.52359878	-0.08430098142488922	0.01994594608700287	0.01994597395230889	0	0	0	0	0	0	0	0	0	0	0	0	0	0	0	0	0	0	0	0
41.64	7.285568210046482	1.910327415213151	-8.102992168863056	0	0.9399999999999999	0	0	0	0	0	0	0	0	0	-0.52359878	0.52359878	-0.08430098142488922	0.01994594608700287	0.01994597395230889	0	0	0	0	0	0	0	0	0	0	0	0	0	0	0	0	0	0	0	0
41.66	7.281256731108233	1.891785349732988	-8.124562918599185	0	0.9399999999999999	0	0	0	0	0	0	0	0	0	-0.4440367709945464	0.52359878	-0.1415626337674424	0	5.902146513565167e-08	0	0	0	0	0	0	0	0	0	0	0	0	0	0	0	0	0	0	0	0
41.68000000000001	7.281825120032424	1.914166893177084	-8.159458133102071	0	0.9399999999999999	0	0	0	0	0	0	0	0	0	-0.3431150300247991	0.4847124424280622	-0.2272588345299142	0	-8.232981986040686e-07	0	0	0	0	0	0	0	0	0	0	0	0	0	0	0	0	0	0	0	0
41.7	7.364082339191291	1.932154649461688	-8.259790531655508	0	0.9399999999999999	0	0	0	0	0	0	0	0	0	-0.2853051534718225	0.4061897929209808	-0.3108695049866697	0	-3.569203054231351e-07	0	0	0	0	0	0	0	0	0	0	0	0	0	0	0	0	0	0	0	0
41.72000000000001	7.428781719206716	1.90490831036562	-8.322442733203401	0	0.9399999999999999	0	0	0	0	0	0	0	0	0	-0.3175034233662499	0.3986740726975518	-0.315484844390618	0	-1.478592436020064e-07	0	0	0	0	0	0	0	0	0	0	0	0	0	0	0	0	0	0	0	0
41.74	7.537196675548115	1.882533838586388	-8.426909537742633	0	0.9399999999999999	0	0	0	0	0	0	0	0	0	-0.2386967629029082	0.3319038025732457	-0.3988456024688977	0	-1.996567625790779e-08	0	0	0	0	0	0	0	0	0	0	0	0	0	0	0	0	0	0	0	0
41.76000000000001	7.537196675548115	1.882533838586388	-8.426909537742633	0	0.9399999999999999	0	0	0	0	0	0	0	0	0	-0.2386967629029082	0.3319038025732457	-0.3988456024688977	0	-1.996567625790779e-08	0	0	0	0	0	0	0	0	0	0	0	0	0	0	0	0	0	0	0	0
41.78	7.66054010378648	1.88861584390437	-8.543377172766823	0	0.9399999999999999	0	0	0	0	0	0	0	0	0	-0.1718881203020122	0.2642309967161439	-0.4099837750207114	0	-1.888193298205546e-07	0	0	0	0	0	0	0	0	0	0	0	0	0	0	0	0	0	0	0	0
41.8	8.054401115361031	1.884031909261059	-8.914614175428904	0	0.9399999999999999	0	0	0	0	0	0	0	0	0	-0.10840334176756	0.08961847883061497	-0.3845713669000672	0	-3.87967328772069e-07	0	0	0	0	0	0	0	0	0	0	0	0	0	0	0	0	0	0	0	0
41.82000000000001	8.054401115361031	1.884031909261059	-8.914614175428904	0	0.9399999999999999	0	0	0	0	0	0	0	0	0	-0.10840334176756	0.08961847883061497	-0.3845713669000672	0	-3.87967328772069e-07	0	0	0	0	0	0	0	0	0	0	0	0	0	0	0	0	0	0	0	0
41.84	8.241593852038466	1.872637308637459	-9.091535294018165	0	0.9399999999999999	0	0	0	0	0	0	0	0	0	-0.08619179573670847	0.03249817245062487	-0.387825592148427	0	-1.566441704073782e-07	0	0	0	0	0	0	0	0	0	0	0	0	0	0	0	0	0	0	0	0
41.86000000000001	7.915779214737709	1.926466363911129	-8.748689913389606	0	0.9399999999999999	0	0	0	0	0	0	0	0	0	0.1723485786629912	-0.03338915434520734	-0.3469411146585914	0	-4.572328220539415e-07	0	0	0	0	0	0	0	0	0	0	0	0	0	0	0	0	0	0	0	0
41.88	7.863713656603835	1.940833495235941	-8.681853085075936	0	0.9399999999999999	0	0	0	0	0	0	0	0	0	0.1962759145522291	-0.02893607484342011	-0.329284899196513	0	-2.663856990466743e-07	0	0	0	0	0	0	0	0	0	0	0	0	0	0	0	0	0	0	0	0
41.90000000000001	7.863707600377951	1.94082992638854	-8.681862403047184	0	0.9399999999999999	0	0	0	0	0	0	0	0	0	0.2621144691831909	-0.05766538189850342	-0.3111424865822173	0	-7.190022227909831e-07	0	0	0	0	0	0	0	0	0	0	0	0	0	0	0	0	0	0	0	0
41.92	7.856681986912197	1.935710096254277	-8.656913674253781	0	0.9399999999999999	0	0	0	0	0	0	0	0	0	0.3269271312475233	-0.07091217742068778	-0.2784290727679036	0	-3.50362616756203e-07	0	0	0	0	0	0	0	0	0	0	0	0	0	0	0	0	0	0	0	0
41.94	7.84796747350422	1.920055873454053	-8.638408500626809	0	0.9399999999999999	0	0	0	0	0	0	0	0	0	0.3865891746959084	-0.07386962398667057	-0.2618331618524798	0	-9.5365125098273e-07	0	0	0	0	0	0	0	0	0	0	0	0	0	0	0	0	0	0	0	0
41.96	7.81169550586758	1.89895760276828	-8.601827078299227	0	0.9399999999999999	0	0	0	0	0	0	0	0	0	0.4451552849336086	-0.0693659630000891	-0.2576335522913782	0	-8.209211148927524e-06	0	0	0	0	0	0	0	0	0	0	0	0	0	0	0	0	0	0	0	0
41.98	7.621474251906038	1.877241422383942	-8.43398716262384	0	0.9399999999999999	0	0	0	0	0	0	0	0	0	0.5738568774415438	-0.0507193965249632	-0.2709460292849362	0	-5.864593872706528e-09	0	0	0	0	0	0	0	0	0	0	0	0	0	0	0	0	0	0	0	0
42.00000000000001	7.621474251906038	1.877241422383942	-8.43398716262384	0	0.9399999999999999	0	0	0	0	0	0	0	0	0	0.5738568774415438	-0.0507193965249632	-0.2709460292849362	0	-5.864593872706528e-09	0	0	0	0	0	0	0	0	0	0	0	0	0	0	0	0	0	0	0	0
42.02	7.529277577874978	1.869005458651047	-8.358100980974182	0	0.9399999999999999	0	0	0	0	0	0	0	0	0	0.6248467099138373	-0.04669485150607004	-0.2810918233171814	0	-6.150227666541922e-07	0	0	0	0	0	0	0	0	0	0	0	0	0	0	0	0	0	0	0	0
42.04000000000001	7.439386005384232	1.861412568216267	-8.286282970349758	0	0.9399999999999999	0	0	0	0	0	0	0	0	0	0.6688277809467555	-0.04512745945628132	-0.2935635881430998	0	-2.951421936512952e-07	0	0	0	0	0	0	0	0	0	0	0	0	0	0	0	0	0	0	0	0
42.06	7.242348469380378	1.863669592550355	-8.130614139968925	0	0.9399999999999999	0	0	0	0	0	0	0	0	0	0.7224123005236772	-0.03679231679658934	-0.3375439605862126	0	-4.764351505172436e-07	0	0	0	0	0	0	0	0	0	0	0	0	0	0	0	0	0	0	0	0
42.08000000000001	7.241487531237178	1.863623232593816	-8.129631897020575	0	0.9399999999999999	0	0	0	0	0	0	0	0	0	0.7492789007442605	-0.04494326643955845	-0.3223655764637656	0	3.187462470332569e-06	0	0	0	0	0	0	0	0	0	0	0	0	0	0	0	0	0	0	0	0
42.1	7.151788971230965	1.866401250628666	-8.063291547989582	0	0.9399999999999999	0	0	0	0	0	0	0	0	0	0.7776689722865361	-0.0458971945744115	-0.3376938321277509	0	-9.023973162987092e-07	0	0	0	0	0	0	0	0	0	0	0	0	0	0	0	0	0	0	0	0
42.12	7.070274640698246	1.868387746628905	-8.003901523733978	0	0.9399999999999999	0	0	0	0	0	0	0	0	0	0.7992720816511355	-0.04412915602984367	-0.3537495235734833	0	-5.753026710452632e-07	0	0	0	0	0	0	0	0	0	0	0	0	0	0	0	0	0	0	0	0
42.14	7.000347283930543	1.871840800210075	-7.956365517673237	0	0.9399999999999999	0	0	0	0	0	0	0	0	0	0.819080321270731	-0.04191248660169481	-0.3767933455064875	0	-6.093444768914033e-08	0	0	0	0	0	0	0	0	0	0	0	0	0	0	0	0	0	0	0	0
42.16	7.0296582977959	1.870265094934364	-8.039341056181694	0	0.9399999999999999	0	0	0	0	0	0	0	0	0	0.8327201851817438	-0.08380133974830289	-0.4189395897581849	0	1.803279590666509e-06	0	0	0	0	0	0	0	0	0	0	0	0	0	0	0	0	0	0	0	0
42.18000000000001	7.029659827926023	1.870266903405748	-8.039339898005382	0	0.9399999999999999	0	0	0	0	0	0	0	0	0	0.8327190675140758	-0.08380128502929376	-0.4189410176638884	0	6.924730743419189e-07	0	0	0	0	0	0	0	0	0	0	0	0	0	0	0	0	0	0	0	0
42.2	7.18655884748283	1.87262572107931	-8.235739410760381	0	0.9399999999999999	0	0	0	0	0	0	0	0	0	0.8287970511018228	-0.1471658083899932	-0.4292495920588279	0	8.242736255431732e-07	0	0	0	0	0	0	0	0	0	0	0	0	0	0	0	0	0	0	0	0
42.22000000000001	7.290793052014072	1.894737395006518	-8.349532976890071	0	0.9399999999999999	0	0	0	0	0	0	0	0	0	0.8616713784035097	-0.1806563656507659	-0.4408113736599881	0	4.354821170677366e-07	0	0	0	0	0	0	0	0	0	0	0	0	0	0	0	0	0	0	0	0
42.24	7.399314865998641	1.927585030563195	-8.461625177050786	0	0.9399999999999999	0	0	0	0	0	0	0	0	0	0.8922941792559559	-0.2174482436851173	-0.4088101178312094	0	6.690787942952812e-08	0	0	0	0	0	0	0	0	0	0	0	0	0	0	0	0	0	0	0	0
42.26000000000001	7.489577852741097	1.968852538063429	-8.553028239711704	0	0.9399999999999999	0	0	0	0	0	0	0	0	0	0.9303509430825007	-0.255299922188255	-0.3596407756890815	0	-3.754315136138447e-07	0	0	0	0	0	0	0	0	0	0	0	0	0	0	0	0	0	0	0	0
42.28	7.546132108275037	2.011058429043881	-8.606826656236626	0	0.9399999999999999	0	0	0	0	0	0	0	0	0	0.9717800201826845	-0.2877681439034693	-0.3077282942457191	0	-1.398907272328399e-07	0	0	0	0	0	0	0	0	0	0	0	0	0	0	0	0	0	0	0	0
42.3	7.546132108275037	2.011058429043881	-8.606826656236626	0	0.9399999999999999	0	0	0	0	0	0	0	0	0	0.9717800201826845	-0.2877681439034693	-0.3077282942457191	0	-1.398907272328399e-07	0	0	0	0	0	0	0	0	0	0	0	0	0	0	0	0	0	0	0	0
42.32000000000001	7.592429358634146	2.07008947489583	-8.636551493622319	0	0.9399999999999999	0	0	0	0	0	0	0	0	0	1.040907777671263	-0.3291860276360163	-0.200264905731765	0	5.263679359576072e-08	0	0	0	0	0	0	0	0	0	0	0	0	0	0	0	0	0	0	0	0
42.34	7.613041642461188	2.091210123810421	-8.650903998813584	0	0.9399999999999999	0	0	0	0	0	0	0	0	0	1.055878992443091	-0.3370593120571262	-0.1781026759812728	0	1.834945550718664e-07	0	0	0	0	0	0	0	0	0	0	0	0	0	0	0	0	0	0	0	0
42.36000000000001	7.613066187355146	2.091200846176787	-8.650903184804381	0	0.9399999999999999	0	0	0	0	0	0	0	0	0	1.06336287177385	-0.3554231502396542	-0.1330902610683612	0	3.167215418276182e-07	0	0	0	0	0	0	0	0	0	0	0	0	0	0	0	0	0	0	0	0
42.38	7.569114010115777	2.106612615846338	-8.590225681478492	0	0.9399999999999999	0	0	0	0	0	0	0	0	0	1.100512590747921	-0.3767435905358528	-0.006531244259047902	0	-2.246740225678366e-09	0	0	0	0	0	0	0	0	0	0	0	0	0	0	0	0	0	0	0	0
42.40000000000001	7.520879629332161	2.092210650422555	-8.532959043989386	0	0.9399999999999999	0	0	0	0	0	0	0	0	0	1.096570690279086	-0.370187417249291	0.03683862241078789	0	1.479956687803537e-08	0	0	0	0	0	0	0	0	0	0	0	0	0	0	0	0	0	0	0	0
42.42	7.457575215400251	2.076890298125587	-8.461768167424619	0	0.9399999999999999	0	0	0	0	0	0	0	0	0	1.086955745550332	-0.3522529808999291	0.06489177879434282	0	-3.316059076059779e-07	0	0	0	0	0	0	0	0	0	0	0	0	0	0	0	0	0	0	0	0
42.44	7.366065647015947	2.066090359044799	-8.36202115850295	0	0.9399999999999999	0	0	0	0	0	0	0	0	0	1.082694809606414	-0.3173119071802866	0.08034080490708929	0	-8.969041186511042e-07	0	0	0	0	0	0	0	0	0	0	0	0	0	0	0	0	0	0	0	0
42.46	7.366065647015947	2.066090359044799	-8.36202115850295	0	0.9399999999999999	0	0	0	0	0	0	0	0	0	1.082694809606414	-0.3173119071802866	0.08034080490708929	0	-8.969041186511042e-07	0	0	0	0	0	0	0	0	0	0	0	0	0	0	0	0	0	0	0	0
42.48	7.212065047197208	2.032280400790337	-8.240335788396285	0	0.9399999999999999	0	0	0	0	0	0	0	0	0	1.004091989674802	-0.2898639730008316	0.06032209883661687	0	6.10153195249042e-07	0	0	0	0	0	0	0	0	0	0	0	0	0	0	0	0	0	0	0	0
42.50000000000001	7.143619078085261	1.968287411671102	-8.205394304994588	0	0.9399999999999999	0	0	0	0	0	0	0	0	0	0.901741560853202	-0.2926046487727285	0.02251406447722915	0	5.277592736476761e-07	0	0	0	0	0	0	0	0	0	0	0	0	0	0	0	0	0	0	0	0
42.52	7.143619078085261	1.968287411671102	-8.205394304994588	0	0.9399999999999999	0	0	0	0	0	0	0	0	0	0.901741560853202	-0.2926046487727285	0.02251406447722915	0	5.277592736476761e-07	0	0	0	0	0	0	0	0	0	0	0	0	0	0	0	0	0	0	0	0
42.54000000000001	6.87998040381349	1.78080136411927	-8.005652258266309	0	0.9399999999999999	0	0	0	0	0	0	0	0	0	0.6320644953747135	-0.2794216786366342	-0.05729184488534472	0	-2.289866647509277e-07	0	0	0	0	0	0	0	0	0	0	0	0	0	0	0	0	0	0	0	0
42.56	6.87998040381349	1.78080136411927	-8.005652258266309	0	0.9399999999999999	0	0	0	0	0	0	0	0	0	0.6320644953747135	-0.2794216786366342	-0.05729184488534472	0	-2.289866647509277e-07	0	0	0	0	0	0	0	0	0	0	0	0	0	0	0	0	0	0	0	0
42.58000000000001	6.829164949834267	1.731208980045164	-8.018873509116782	0	0.9399999999999999	0	0	0	0	0	0	0	0	0	0.4742843844106535	-0.3163484470042097	-0.09161204876842288	0	-3.354535216288947e-08	0	0	0	0	0	0	0	0	0	0	0	0	0	0	0	0	0	0	0	0
42.6	6.829164949834267	1.731208980045164	-8.018873509116782	0	0.9399999999999999	0	0	0	0	0	0	0	0	0	0.4742843844106535	-0.3163484470042097	-0.09161204876842288	0	-3.354535216288947e-08	0	0	0	0	0	0	0	0	0	0	0	0	0	0	0	0	0	0	0	0
42.62	6.923466987780648	1.778690041723783	-8.13980305569881	0	0.9399999999999999	0	0	0	0	0	0	0	0	0	0.4671789351072713	-0.3494832298056667	-0.09736119257390365	0	-1.648326627792563e-08	0	0	0	0	0	0	0	0	0	0	0	0	0	0	0	0	0	0	0	0
42.64	6.981863375887563	1.81595413357805	-8.215712658624994	0	0.9399999999999999	0	0	0	0	0	0	0	0	0	0.4480197199208046	-0.3646404126638966	-0.1064653037774324	0	7.291858934797752e-07	0	0	0	0	0	0	0	0	0	0	0	0	0	0	0	0	0	0	0	0
42.66	7.024501702138653	1.828203730903457	-8.27589392433735	0	0.9399999999999999	0	0	0	0	0	0	0	0	0	0.3957262950162262	-0.3596105277550541	-0.1291398077727353	0	4.927001309038017e-09	0	0	0	0	0	0	0	0	0	0	0	0	0	0	0	0	0	0	0	0
42.68000000000001	7.126188164746004	1.809886865110221	-8.408102476491489	0	0.9399999999999999	0	0	0	0	0	0	0	0	0	0.2936081173085289	-0.3478804583532125	-0.1776998305284289	0	-1.321319175331886e-07	0	0	0	0	0	0	0	0	0	0	0	0	0	0	0	0	0	0	0	0
42.7	7.21027719637528	1.8044119554358	-8.49934951903866	0	0.9399999999999999	0	0	0	0	0	0	0	0	0	0.1259285996606718	-0.2744907963395689	-0.2413126990420875	0	-2.095239502281188e-07	0	0	0	0	0	0	0	0	0	0	0	0	0	0	0	0	0	0	0	0
42.72000000000001	7.311018859047784	1.801641601299428	-8.60502738724851	0	0.9399999999999999	0	0	0	0	0	0	0	0	0	0.02725202382762475	-0.2450625736343913	-0.2721087523486382	0	4.432520711847344e-08	0	0	0	0	0	0	0	0	0	0	0	0	0	0	0	0	0	0	0	0
42.74	7.404632888174511	1.794326801391987	-8.703392387111357	0	0.9399999999999999	0	0	0	0	0	0	0	0	0	-0.07305790853869601	-0.2081021271845079	-0.2945302977816239	0	-3.221385750194044e-07	0	0	0	0	0	0	0	0	0	0	0	0	0	0	0	0	0	0	0	0
42.76000000000001	7.404632888174511	1.794326801391987	-8.703392387111357	0	0.9399999999999999	0	0	0	0	0	0	0	0	0	-0.07305790853869601	-0.2081021271845079	-0.2945302977816239	0	-3.221385750194044e-07	0	0	0	0	0	0	0	0	0	0	0	0	0	0	0	0	0	0	0	0
42.78	7.544438410225388	1.786878077431239	-8.867298155507328	0	0.9399999999999999	0	0	0	0	0	0	0	0	0	-0.1823307887656423	-0.1685628466114134	-0.3307510826346705	0	7.588369477333337e-09	0	0	0	0	0	0	0	0	0	0	0	0	0	0	0	0	0	0	0	0
42.8	7.575990512063354	1.784657556975336	-8.919724813325203	0	0.9399999999999999	0	0	0	0	0	0	0	0	0	-0.2705939176373771	-0.1144402924606529	-0.3485868265035633	0	1.652576184316926e-07	0	0	0	0	0	0	0	0	0	0	0	0	0	0	0	0	0	0	0	0
42.82000000000001	7.600621208065397	1.7809211979118	-8.969369627608053	0	0.9399999999999999	0	0	0	0	0	0	0	0	0	-0.3971614236402577	0.02096564089614749	-0.3430636208806554	0	-3.861487237442127e-08	0	0	0	0	0	0	0	0	0	0	0	0	0	0	0	0	0	0	0	0
42.84	7.644955327360005	1.777303317070211	-9.042068848823183	0	0.9399999999999999	0	0	0	0	0	0	0	0	0	-0.4647787432574407	0.09911405578359217	-0.3288725133233156	0	-2.789459979853065e-08	0	0	0	0	0	0	0	0	0	0	0	0	0	0	0	0	0	0	0	0
42.86000000000001	7.683667643417156	1.776405473037604	-9.110450314369976	0	0.9399999999999999	0	0	0	0	0	0	0	0	0	-0.5235957385789052	0.179146028209616	-0.3032153607687353	0	-5.397574517824e-06	0	0	0	0	0	0	0	0	0	0	0	0	0	0	0	0	0	0	0	0
42.88	7.57640786892337	1.791007441353177	-9.043446331949642	0	0.9399999999999999	0	0	0	0	0	0	0	0	0	-0.52359878	0.2552129412354427	-0.281528316400004	0	2.185780945570564e-07	0	0	0	0	0	0	0	0	0	0	0	0	0	0	0	0	0	0	0	0
42.90000000000001	7.57640786892337	1.791007441353177	-9.043446331949642	0	0.9399999999999999	0	0	0	0	0	0	0	0	0	-0.52359878	0.2552129412354427	-0.281528316400004	0	2.185780945570564e-07	0	0	0	0	0	0	0	0	0	0	0	0	0	0	0	0	0	0	0	0
42.92	7.476415801572478	1.835321402144888	-9.026073961012738	0	0.9399999999999999	0	0	0	0	0	0	0	0	0	-0.52359878	0.3846510223277272	-0.2562214249965624	0	5.577272015754e-07	0	0	0	0	0	0	0	0	0	0	0	0	0	0	0	0	0	0	0	0
42.94	7.528266943210046	1.855974808513713	-9.099224001734779	0	0.9399999999999999	0	0	0	0	0	0	0	0	0	-0.52359878	0.3764615938488881	-0.2883819764341422	0	1.084582271850305e-06	0	0	0	0	0	0	0	0	0	0	0	0	0	0	0	0	0	0	0	0
42.96	7.714842453293361	1.850720488003633	-9.280999502533639	0	0.9399999999999999	0	0	0	0	0	0	0	0	0	-0.5178805615011165	0.3107890860136204	-0.3539387113155181	0.4241938371892217	0.4241933084507758	0	0	0	0	0	0	0	0	0	0	0	0	0	0	0	0	0	0	0	0
42.98	7.714842453293361	1.850720488003633	-9.280999502533639	0	0.9399999999999999	0	0	0	0	0	0	0	0	0	-0.5178805615011165	0.3107890860136204	-0.3539387113155181	0.4241938371892217	0.4241933084507758	0	0	0	0	0	0	0	0	0	0	0	0	0	0	0	0	0	0	0	0
43.00000000000001	7.669878894941286	1.858799596355508	-9.258398309338217	0	0.9399999999999999	0	0	0	0	0	0	0	0	0	-0.4478535325321281	0.2593032712346081	-0.400005830398211	0.6440770497420841	0.6440773138829318	0	0	0	0	0	0	0	0	0	0	0	0	0	0	0	0	0	0	0	0
43.02	7.608970733828362	1.854373403879911	-9.217529444339934	0	0.9399999999999999	0	0	0	0	0	0	0	0	0	-0.4036861698340581	0.2463233421488076	-0.4129189405410015	0.7747292736524475	0.7747292533700879	0	0	0	0	0	0	0	0	0	0	0	0	0	0	0	0	0	0	0	0
43.04000000000001	7.513475646426813	1.838318218975847	-9.159431712941107	0	0.9399999999999999	0	0	0	0	0	0	0	0	0	-0.3758921027849981	0.2749395012045271	-0.424580280401186	0.8141279396495693	0.8141277523721331	0	0	0	0	0	0	0	0	0	0	0	0	0	0	0	0	0	0	0	0
43.06	7.479939989007204	1.830408103949328	-9.141800013545851	0	0.9399999999999999	0	0	0	0	0	0	0	0	0	-0.4304268015308346	0.3780244756828817	-0.3820650414500267	0.6472246583510497	0.647224622996613	0	0	0	0	0	0	0	0	0	0	0	0	0	0	0	0	0	0	0	0
43.08000000000001	7.451195411351262	1.828141770016655	-9.128198669221545	0	0.9399999999999999	0	0	0	0	0	0	0	0	0	-0.4666009778122566	0.4283006977094043	-0.3755527917035442	0.5031022900366579	0.5031022975661149	0	0	0	0	0	0	0	0	0	0	0	0	0	0	0	0	0	0	0	0
43.1	7.401345411294815	1.832353578368198	-9.092257267458823	0	0.9399999999999999	0	0	0	0	0	0	0	0	0	-0.5023873996940236	0.4787254194331077	-0.3309780599665463	0.4138712323836678	0.4138725669042878	0	0	0	0	0	0	0	0	0	0	0	0	0	0	0	0	0	0	0	0
43.12	7.392190728515219	1.833974547107669	-9.084702837470793	0	0.9399999999999999	0	0	0	0	0	0	0	0	0	-0.52359878	0.493693700601067	-0.3251611168381942	0.2720234771732046	0.2720228873622499	0	0	0	0	0	0	0	0	0	0	0	0	0	0	0	0	0	0	0	0
43.14	7.259302975802242	1.884497303190045	-8.971191596311812	0	0.9399999999999999	0	0	0	0	0	0	0	0	0	-0.52359878	0.52359878	-0.2556359612183641	0	-5.565028519284137e-08	0	0	0	0	0	0	0	0	0	0	0	0	0	0	0	0	0	0	0	0
43.16	7.199866094437756	1.867394250751025	-8.937690097670268	0	0.9399999999999999	0	0	0	0	0	0	0	0	0	-0.4607425915021897	0.5189365026178991	-0.3031704313379865	0	6.461226386985233e-09	0	0	0	0	0	0	0	0	0	0	0	0	0	0	0	0	0	0	0	0
43.18000000000001	7.166210809813998	1.900205791685853	-8.92015842945786	0	0.9399999999999999	0	0	0	0	0	0	0	0	0	-0.3339447476981075	0.4133000140210953	-0.4030844781555894	0	-5.270821359781423e-07	0	0	0	0	0	0	0	0	0	0	0	0	0	0	0	0	0	0	0	0
43.2	7.177498949432907	1.931662128644508	-8.940225174376046	0	0.9399999999999999	0	0	0	0	0	0	0	0	0	-0.2877888443995423	0.3538610053349671	-0.4841872962503722	0	1.987191968741999e-07	0	0	0	0	0	0	0	0	0	0	0	0	0	0	0	0	0	0	0	0
43.22000000000001	7.264115889467851	1.929012971681406	-9.017032648443591	0	0.9399999999999999	0	0	0	0	0	0	0	0	0	-0.2852181265537836	0.3130649720928344	-0.5378744314534611	0	1.265619490353147e-07	0	0	0	0	0	0	0	0	0	0	0	0	0	0	0	0	0	0	0	0
43.24	7.264115889467851	1.929012971681406	-9.017032648443591	0	0.9399999999999999	0	0	0	0	0	0	0	0	0	-0.2852181265537836	0.3130649720928344	-0.5378744314534611	0	1.265619490353147e-07	0	0	0	0	0	0	0	0	0	0	0	0	0	0	0	0	0	0	0	0
43.26000000000001	7.420674253852131	1.939222884599447	-9.157664954959543	0	0.9399999999999999	0	0	0	0	0	0	0	0	0	-0.3075526172253092	0.2445744808245155	-0.5634687264560737	0	-1.694173496113e-07	0	0	0	0	0	0	0	0	0	0	0	0	0	0	0	0	0	0	0	0
43.28	7.855564592129395	1.998450487637827	-9.54403498872751	0	0.9399999999999999	0	0	0	0	0	0	0	0	0	-0.3664792701964998	0.06017688294222433	-0.5264116762112711	0	3.0026487392002e-07	0	0	0	0	0	0	0	0	0	0	0	0	0	0	0	0	0	0	0	0
43.3	7.855564592129395	1.998450487637827	-9.54403498872751	0	0.9399999999999999	0	0	0	0	0	0	0	0	0	-0.3664792701964998	0.06017688294222433	-0.5264116762112711	0	3.0026487392002e-07	0	0	0	0	0	0	0	0	0	0	0	0	0	0	0	0	0	0	0	0
43.32000000000001	7.95120665671967	2.024950386008164	-9.624013138308131	0	0.9399999999999999	0	0	0	0	0	0	0	0	0	-0.3608234891856268	-0.01762335927510974	-0.5016454303585309	0	-3.307709454567268e-07	0	0	0	0	0	0	0	0	0	0	0	0	0	0	0	0	0	0	0	0
43.34	7.824730909116313	2.023118614093649	-9.492932211504446	0	0.9399999999999999	0	0	0	0	0	0	0	0	0	-0.2474613948078974	-0.068703199099249	-0.477805243340528	0	-2.04516927614367e-07	0	0	0	0	0	0	0	0	0	0	0	0	0	0	0	0	0	0	0	0
43.36000000000001	7.625723171798119	2.028031855905659	-9.29446383277001	0	0.9399999999999999	0	0	0	0	0	0	0	0	0	-0.09934147846674832	-0.1102795437172146	-0.4556212402023005	0	-2.217408433032439e-06	0	0	0	0	0	0	0	0	0	0	0	0	0	0	0	0	0	0	0	0
43.38	7.575862022821944	2.025350626530525	-9.216487610160589	0	0.9399999999999999	0	0	0	0	0	0	0	0	0	-0.01855485754303505	-0.1389797492848139	-0.4126531995638992	0	8.787884871695332e-08	0	0	0	0	0	0	0	0	0	0	0	0	0	0	0	0	0	0	0	0
43.40000000000001	7.575854068964757	2.025352016126245	-9.216481563348065	0	0.9399999999999999	0	0	0	0	0	0	0	0	0	0.02984312515517062	-0.1716141631372976	-0.3959809670137837	0	-5.1022534272976e-07	0	0	0	0	0	0	0	0	0	0	0	0	0	0	0	0	0	0	0	0
43.42	7.56299915053549	1.987198144527319	-9.209877531667807	0	0.9399999999999999	0	0	0	0	0	0	0	0	0	0.1175562273807902	-0.1917669096948391	-0.3700207963003925	0	1.206030523206492e-07	0	0	0	0	0	0	0	0	0	0	0	0	0	0	0	0	0	0	0	0
43.44	7.56299915053549	1.987198144527319	-9.209877531667807	0	0.9399999999999999	0	0	0	0	0	0	0	0	0	0.1175562273807902	-0.1917669096948391	-0.3700207963003925	0	1.206030523206492e-07	0	0	0	0	0	0	0	0	0	0	0	0	0	0	0	0	0	0	0	0
43.46	7.44393912028568	1.947408425221601	-9.131418016145922	0	0.9399999999999999	0	0	0	0	0	0	0	0	0	0.2416003959714757	-0.191085058127041	-0.3887612918866356	0	1.900937249590513e-07	0	0	0	0	0	0	0	0	0	0	0	0	0	0	0	0	0	0	0	0
43.48	7.44393912028568	1.947408425221601	-9.131418016145922	0	0.9399999999999999	0	0	0	0	0	0	0	0	0	0.2416003959714757	-0.191085058127041	-0.3887612918866356	0	1.900937249590513e-07	0	0	0	0	0	0	0	0	0	0	0	0	0	0	0	0	0	0	0	0
43.50000000000001	7.393006632349716	1.932336856434939	-9.10687116878136	0	0.9399999999999999	0	0	0	0	0	0	0	0	0	0.2941450128262824	-0.195205373891053	-0.406289985642467	0	2.423259670868743e-06	0	0	0	0	0	0	0	0	0	0	0	0	0	0	0	0	0	0	0	0
43.52	7.332696808582816	1.906609951719116	-9.104488562109788	0	0.9399999999999999	0	0	0	0	0	0	0	0	0	0.3688659710495729	-0.2185284370650382	-0.4374074090217213	0	5.712511478709329e-08	0	0	0	0	0	0	0	0	0	0	0	0	0	0	0	0	0	0	0	0
43.54000000000001	7.321675983139961	1.886977636908026	-9.122831290561122	0	0.9399999999999999	0	0	0	0	0	0	0	0	0	0.3588335679636023	-0.2102907647716568	-0.4721391847532055	0	-2.668387537040665e-07	0	0	0	0	0	0	0	0	0	0	0	0	0	0	0	0	0	0	0	0
43.56	7.321629331871783	1.886981538761774	-9.122779735828082	0	0.9399999999999999	0	0	0	0	0	0	0	0	0	0.3902181146712727	-0.2267986333192443	-0.4517308583236252	0	3.300959833673586e-08	0	0	0	0	0	0	0	0	0	0	0	0	0	0	0	0	0	0	0	0
43.58000000000001	7.308319062796782	1.844334974687044	-9.169757832934168	0	0.9399999999999999	0	0	0	0	0	0	0	0	0	0.3952998695229852	-0.2242583266593867	-0.504092204112942	0	6.198330516254848e-09	0	0	0	0	0	0	0	0	0	0	0	0	0	0	0	0	0	0	0	0
43.6	7.290832640308531	1.826221309852107	-9.183603946318623	0	0.9399999999999999	0	0	0	0	0	0	0	0	0	0.4427004985301919	-0.2371223833208567	-0.4960493070437847	0	-8.003503666305042e-08	0	0	0	0	0	0	0	0	0	0	0	0	0	0	0	0	0	0	0	0
43.62	7.290832640308531	1.826221309852107	-9.183603946318623	0	0.9399999999999999	0	0	0	0	0	0	0	0	0	0.4427004985301919	-0.2371223833208567	-0.4960493070437847	0	-8.003503666305042e-08	0	0	0	0	0	0	0	0	0	0	0	0	0	0	0	0	0	0	0	0
43.64	7.223665612551971	1.798298255805197	-9.179282714044927	0	0.9399999999999999	0	0	0	0	0	0	0	0	0	0.4838598306176681	-0.2437823817828851	-0.5096454354179049	0	1.77287567017151e-07	0	0	0	0	0	0	0	0	0	0	0	0	0	0	0	0	0	0	0	0
43.66	7.223665612551971	1.798298255805197	-9.179282714044927	0	0.9399999999999999	0	0	0	0	0	0	0	0	0	0.4838598306176681	-0.2437823817828851	-0.5096454354179049	0	1.77287567017151e-07	0	0	0	0	0	0	0	0	0	0	0	0	0	0	0	0	0	0	0	0
43.68000000000001	7.184264232438871	1.793550922672793	-9.17026210853814	0	0.9399999999999999	0	0	0	0	0	0	0	0	0	0.502251329956699	-0.2532122797676231	-0.511604785448346	0	-4.339283946548044e-08	0	0	0	0	0	0	0	0	0	0	0	0	0	0	0	0	0	0	0	0
43.7	7.150501703007079	1.793106850654073	-9.164103436218076	0	0.9399999999999999	0	0	0	0	0	0	0	0	0	0.5183216164922004	-0.2649044374454356	-0.510770459569122	0	-1.667578266084018e-07	0	0	0	0	0	0	0	0	0	0	0	0	0	0	0	0	0	0	0	0
43.72000000000001	7.059235260570794	1.788105156233036	-9.096251389055103	0	0.9399999999999999	0	0	0	0	0	0	0	0	0	0.5419339752504405	-0.2672860781405915	-0.5113561618286325	0	-2.709659564726719e-06	0	0	0	0	0	0	0	0	0	0	0	0	0	0	0	0	0	0	0	0
43.74	6.97692211045543	1.803190394849583	-9.034133082284839	0	0.9399999999999999	0	0	0	0	0	0	0	0	0	0.570257035992164	-0.2846352416251366	-0.5007040851700727	0	-1.397290773151514e-07	0	0	0	0	0	0	0	0	0	0	0	0	0	0	0	0	0	0	0	0
43.76000000000001	6.95899063136206	1.855541256523421	-9.052758320629236	0	0.9399999999999999	0	0	0	0	0	0	0	0	0	0.599408555977785	-0.3456255313704817	-0.4820916740566218	0	2.446085851329387e-06	0	0	0	0	0	0	0	0	0	0	0	0	0	0	0	0	0	0	0	0
43.78	6.962210438432906	1.894527623527766	-9.072257021510129	0	0.9399999999999999	0	0	0	0	0	0	0	0	0	0.6346994387790461	-0.4010379508269611	-0.4104870755355028	0	-1.171192134389353e-07	0	0	0	0	0	0	0	0	0	0	0	0	0	0	0	0	0	0	0	0
43.8	6.956730368366305	1.934246297499571	-9.080736677661564	0	0.9399999999999999	0	0	0	0	0	0	0	0	0	0.6625061896529587	-0.4501456430447436	-0.3653649485455286	0	1.05634179100902e-06	0	0	0	0	0	0	0	0	0	0	0	0	0	0	0	0	0	0	0	0
43.82000000000001	6.961872638386034	1.971609208816931	-9.099543501280401	0	0.9399999999999999	0	0	0	0	0	0	0	0	0	0.6868739778598395	-0.5021525456250854	-0.3191745940340735	0	-9.496883083071444e-07	0	0	0	0	0	0	0	0	0	0	0	0	0	0	0	0	0	0	0	0
43.84	6.98045728162541	2.001678336614912	-9.131446203554086	0	0.9399999999999999	0	0	0	0	0	0	0	0	0	0.693559273987484	-0.5354846391051141	-0.3097279879718827	0	-3.300498746161001e-08	0	0	0	0	0	0	0	0	0	0	0	0	0	0	0	0	0	0	0	0
43.86000000000001	6.990465086007871	2.022023534872236	-9.150494533459232	0	0.9399999999999999	0	0	0	0	0	0	0	0	0	0.7085551834700307	-0.5767517131199676	-0.2686900165203061	0	-1.963377226661198e-08	0	0	0	0	0	0	0	0	0	0	0	0	0	0	0	0	0	0	0	0
43.88	6.991182033268466	2.022004305885946	-9.151188790881536	0	0.9399999999999999	0	0	0	0	0	0	0	0	0	0.7191669218149717	-0.5986855149737327	-0.2318975922075462	0	-7.501702155413134e-06	0	0	0	0	0	0	0	0	0	0	0	0	0	0	0	0	0	0	0	0
43.90000000000001	6.931400141248353	2.028979636125977	-9.094265596119753	0	0.9399999999999999	0	0	0	0	0	0	0	0	0	0.7650079363422065	-0.6454517249882126	-0.140833758932812	0	-4.435247022147907e-07	0	0	0	0	0	0	0	0	0	0	0	0	0	0	0	0	0	0	0	0
43.92	6.874052965857927	2.022214246985563	-9.032946288099673	0	0.9399999999999999	0	0	0	0	0	0	0	0	0	0.7880097711526328	-0.6505496684106884	-0.09724978857315258	0	-5.115191737342567e-07	0	0	0	0	0	0	0	0	0	0	0	0	0	0	0	0	0	0	0	0
43.94	6.810730638631385	2.010052798762217	-8.963930430992081	0	0.9399999999999999	0	0	0	0	0	0	0	0	0	0.8029711050894345	-0.6472357213253829	-0.06082802770146749	0	8.299367088227582e-09	0	0	0	0	0	0	0	0	0	0	0	0	0	0	0	0	0	0	0	0
43.96	6.810730638631385	2.010052798762217	-8.963930430992081	0	0.9399999999999999	0	0	0	0	0	0	0	0	0	0.8029711050894345	-0.6472357213253829	-0.06082802770146749	0	8.299367088227582e-09	0	0	0	0	0	0	0	0	0	0	0	0	0	0	0	0	0	0	0	0
43.98	6.720721189409939	1.969615808712491	-8.880132118945037	0	0.9399999999999999	0	0	0	0	0	0	0	0	0	0.7544290106020867	-0.6439811115207169	-0.04709343927822279	0	-3.775005601525097e-07	0	0	0	0	0	0	0	0	0	0	0	0	0	0	0	0	0	0	0	0
44.00000000000001	6.720721189409939	1.969615808712491	-8.880132118945037	0	0.9399999999999999	0	0	0	0	0	0	0	0	0	0.7544290106020867	-0.6439811115207169	-0.04709343927822279	0	-3.775005601525097e-07	0	0	0	0	0	0	0	0	0	0	0	0	0	0	0	0	0	0	0	0
44.02	6.735829260781359	1.846630590189092	-8.930401864203736	0	0.9399999999999999	0	0	0	0	0	0	0	0	0	0.5823648005537635	-0.6052506405533457	-0.1616065279159124	0	-1.132847989483991e-07	0	0	0	0	0	0	0	0	0	0	0	0	0	0	0	0	0	0	0	0
44.04000000000001	6.875287561895957	1.759406887319216	-9.092862065946793	0	0.9399999999999999	0	0	0	0	0	0	0	0	0	0.4698238556193726	-0.5685739015128782	-0.2380016860094033	0	3.663698126369529e-07	0	0	0	0	0	0	0	0	0	0	0	0	0	0	0	0	0	0	0	0
44.06	6.875287090014974	1.759407961373101	-9.092863366873006	0	0.9399999999999999	0	0	0	0	0	0	0	0	0	0.4698277059696912	-0.5685723787615554	-0.2380029780577693	0	-1.430550741174902e-06	0	0	0	0	0	0	0	0	0	0	0	0	0	0	0	0	0	0	0	0
44.08000000000001	7.222964712832613	1.694072042293245	-9.462571372825899	0	0.9399999999999999	0	0	0	0	0	0	0	0	0	0.3634928620667439	-0.5335652328958832	-0.2894417337629573	0	2.53849327900246e-07	0	0	0	0	0	0	0	0	0	0	0	0	0	0	0	0	0	0	0	0
44.1	7.570231117677748	1.670540962433646	-9.837140990303173	0	0.9399999999999999	0	0	0	0	0	0	0	0	0	0.2849144520026552	-0.5160353922290413	-0.3125556323414979	0	-1.386021457674147e-07	0	0	0	0	0	0	0	0	0	0	0	0	0	0	0	0	0	0	0	0
44.12	7.194534478574934	1.657215428074206	-9.516084696544803	0	0.9399999999999999	0	0	0	0	0	0	0	0	0	0.2170643605508724	-0.531699963735052	-0.2972694241332628	0	-1.426866820342202e-06	0	0	0	0	0	0	0	0	0	0	0	0	0	0	0	0	0	0	0	0
44.14	7.194534478574934	1.657215428074206	-9.516084696544803	0	0.9399999999999999	0	0	0	0	0	0	0	0	0	0.2170643605508724	-0.531699963735052	-0.2972694241332628	0	-1.426866820342202e-06	0	0	0	0	0	0	0	0	0	0	0	0	0	0	0	0	0	0	0	0
44.16	7.316495293063583	1.661379880623209	-9.665238427217457	0	0.9399999999999999	0	0	0	0	0	0	0	0	0	0.1027899153823446	-0.53091836891602	-0.2638228362510403	0	2.252132527695868e-08	0	0	0	0	0	0	0	0	0	0	0	0	0	0	0	0	0	0	0	0
44.18000000000001	7.390634346831269	1.667413951549563	-9.744516243261408	0	0.9399999999999999	0	0	0	0	0	0	0	0	0	0.04852928625478215	-0.5201423012708142	-0.2533859776396106	0	7.337988109835495e-07	0	0	0	0	0	0	0	0	0	0	0	0	0	0	0	0	0	0	0	0
44.2	7.390634346831269	1.667413951549563	-9.744516243261408	0	0.9399999999999999	0	0	0	0	0	0	0	0	0	0.04852928625478215	-0.5201423012708142	-0.2533859776396106	0	7.337988109835495e-07	0	0	0	0	0	0	0	0	0	0	0	0	0	0	0	0	0	0	0	0
44.22000000000001	7.38695864008216	1.684632344054579	-9.736821319352769	0	0.9399999999999999	0	0	0	0	0	0	0	0	0	-0.05081883710840707	-0.4908344500188189	-0.2569929230933908	0	-3.305084270694706e-06	0	0	0	0	0	0	0	0	0	0	0	0	0	0	0	0	0	0	0	0
44.24	7.386951368920292	1.684631627066291	-9.736814519556743	0	0.9399999999999999	0	0	0	0	0	0	0	0	0	-0.05081767141504454	-0.4908330668623855	-0.2569934284826253	0	-3.285565031238296e-06	0	0	0	0	0	0	0	0	0	0	0	0	0	0	0	0	0	0	0	0
44.26000000000001	7.406644708373824	1.692809334052851	-9.749609787863308	0	0.9399999999999999	0	0	0	0	0	0	0	0	0	-0.107115241477486	-0.4672746008785641	-0.2729730153341725	0	8.159122374087505e-07	0	0	0	0	0	0	0	0	0	0	0	0	0	0	0	0	0	0	0	0
44.28	7.483650514509794	1.704203994624192	-9.813818695518799	0	0.9399999999999999	0	0	0	0	0	0	0	0	0	-0.2210986678357333	-0.3965052966851492	-0.3293423333551289	0	5.812828880375697e-07	0	0	0	0	0	0	0	0	0	0	0	0	0	0	0	0	0	0	0	0
44.3	7.481844310523601	1.705858739922563	-9.808608040340793	0	0.9399999999999999	0	0	0	0	0	0	0	0	0	-0.2682308920551123	-0.354113923505575	-0.3584074263740231	0	-8.31330053373344e-06	0	0	0	0	0	0	0	0	0	0	0	0	0	0	0	0	0	0	0	0
44.32000000000001	7.482319394511891	1.705776756284145	-9.808037493571673	0	0.9399999999999999	0	0	0	0	0	0	0	0	0	-0.2678833579997235	-0.3543030012533097	-0.3573081818325191	0	-6.548877717923806e-06	0	0	0	0	0	0	0	0	0	0	0	0	0	0	0	0	0	0	0	0
44.34	7.458734763028462	1.704189071731022	-9.786287058750236	0	0.9399999999999999	0	0	0	0	0	0	0	0	0	-0.351163720004762	-0.2579966651592711	-0.3791444570076782	0	-4.355880067947692e-07	0	0	0	0	0	0	0	0	0	0	0	0	0	0	0	0	0	0	0	0
44.36000000000001	7.426854639130034	1.701967574185995	-9.758569700751965	0	0.9399999999999999	0	0	0	0	0	0	0	0	0	-0.3872462059188776	-0.2110954082180243	-0.3672259531056293	0	7.182527528565044e-07	0	0	0	0	0	0	0	0	0	0	0	0	0	0	0	0	0	0	0	0
44.38	7.39079681592295	1.699669584130659	-9.72853981681042	0	0.9399999999999999	0	0	0	0	0	0	0	0	0	-0.3831543807972812	-0.2082806908736298	-0.3723761476987221	0	-6.213201597522246e-07	0	0	0	0	0	0	0	0	0	0	0	0	0	0	0	0	0	0	0	0
44.40000000000001	7.351394290447264	1.697778313366028	-9.696908496058162	0	0.9399999999999999	0	0	0	0	0	0	0	0	0	-0.4176244428163797	-0.1625160252108343	-0.3469443401035723	0	-1.297413881611193e-07	0	0	0	0	0	0	0	0	0	0	0	0	0	0	0	0	0	0	0	0
44.42	7.348244138727014	1.69777185964106	-9.693770521384437	0	0.9399999999999999	0	0	0	0	0	0	0	0	0	-0.4572701135937995	-0.1236204284356239	-0.3030757540134993	0	-2.769602763593691e-06	0	0	0	0	0	0	0	0	0	0	0	0	0	0	0	0	0	0	0	0
44.44	7.199473606536831	1.69163671356742	-9.564644018804712	0	0.9399999999999999	0	0	0	0	0	0	0	0	0	-0.52359878	-0.03664461371235993	-0.2180240040448062	0	-1.368301877984332e-08	0	0	0	0	0	0	0	0	0	0	0	0	0	0	0	0	0	0	0	0
44.46	7.199473606536831	1.69163671356742	-9.564644018804712	0	0.9399999999999999	0	0	0	0	0	0	0	0	0	-0.52359878	-0.03664461371235993	-0.2180240040448062	0	-1.368301877984332e-08	0	0	0	0	0	0	0	0	0	0	0	0	0	0	0	0	0	0	0	0
44.48	6.687126063373098	1.698546155005803	-9.084248723196513	0	0.9399999999999999	0	0	0	0	0	0	0	0	0	-0.52359878	0.06288550947757394	-0.1322575081386317	0	6.423315172641846e-08	0	0	0	0	0	0	0	0	0	0	0	0	0	0	0	0	0	0	0	0
44.50000000000001	6.776276369853858	1.694600425353562	-9.186921198602828	0	0.9399999999999999	0	0	0	0	0	0	0	0	0	-0.52359878	0.07195666814540295	-0.1048096734253886	0	-1.773062716904404e-08	0	0	0	0	0	0	0	0	0	0	0	0	0	0	0	0	0	0	0	0
44.52	6.407801045617884	1.723865667379248	-8.853946243970434	0	0.9399999999999999	0	0	0	0	0	0	0	0	0	-0.52359878	0.1542073112135915	-0.0551235113100766	0	-3.830575868947274e-08	0	0	0	0	0	0	0	0	0	0	0	0	0	0	0	0	0	0	0	0
44.54000000000001	6.332425791611727	1.73272390253418	-8.806508652005622	0	0.9399999999999999	0	0	0	0	0	0	0	0	0	-0.52359878	0.1872545023922313	-0.0322654670949085	0	1.240982401717226e-09	0	0	0	0	0	0	0	0	0	0	0	0	0	0	0	0	0	0	0	0
44.56	6.332425791611727	1.73272390253418	-8.806508652005622	0	0.9399999999999999	0	0	0	0	0	0	0	0	0	-0.52359878	0.1872545023922313	-0.0322654670949085	0	1.240982401717226e-09	0	0	0	0	0	0	0	0	0	0	0	0	0	0	0	0	0	0	0	0
44.58000000000001	6.470501707233884	1.710041940478669	-8.958327749165834	0	0.9399999999999999	0	0	0	0	0	0	0	0	0	-0.52359878	0.1949654566618889	-0.04245742401443822	0.1491861600347938	0.1491857929810671	0	0	0	0	0	0	0	0	0	0	0	0	0	0	0	0	0	0	0	0
44.6	6.619214470908703	1.687851178616998	-9.119613968765849	0	0.9399999999999999	0	0	0	0	0	0	0	0	0	-0.52359878	0.2005228916592505	-0.04319889954467529	0.2821708309584643	0.2821693474735839	0	0	0	0	0	0	0	0	0	0	0	0	0	0	0	0	0	0	0	0
44.62	6.718146789378062	1.669076121870665	-9.232599883812385	0	0.9399999999999999	0	0	0	0	0	0	0	0	0	-0.52359878	0.2126292144875744	-0.03405813206562076	0.3755999034106156	0.3755999198248269	0	0	0	0	0	0	0	0	0	0	0	0	0	0	0	0	0	0	0	0
44.64	6.639938691203056	1.647699390778358	-9.189673436489411	0	0.9399999999999999	0	0	0	0	0	0	0	0	0	-0.52359878	0.2495817325652767	0.007622525157002077	0.4373181623873072	0.4373180393484208	0	0	0	0	0	0	0	0	0	0	0	0	0	0	0	0	0	0	0	0
44.66	6.462304275909486	1.646702136997445	-9.035142994164287	0	0.9399999999999999	0	0	0	0	0	0	0	0	0	-0.52359878	0.2752869641126668	0.03290558374759072	0.4078805851005202	0.4078805427476071	0	0	0	0	0	0	0	0	0	0	0	0	0	0	0	0	0	0	0	0
44.68000000000001	6.453240955314302	1.64184456675612	-9.043461333473477	0	0.9399999999999999	0	0	0	0	0	0	0	0	0	-0.52359878	0.2902556569322932	0.0210168213208026	0.4042087872897162	0.4042042422097222	0	0	0	0	0	0	0	0	0	0	0	0	0	0	0	0	0	0	0	0
44.7	6.337300506392657	1.648322299755365	-8.93296796852888	0	0.9399999999999999	0	0	0	0	0	0	0	0	0	-0.52359878	0.3013581138615263	0.03876544156064618	0.3661314373401081	0.3661310619572797	0	0	0	0	0	0	0	0	0	0	0	0	0	0	0	0	0	0	0	0
44.72000000000001	6.297869955659394	1.647403660679159	-8.912028921123088	0	0.9399999999999999	0	0	0	0	0	0	0	0	0	-0.52359878	0.318025373823872	0.03377665717794456	0.3140490989492168	0.3140492619500735	0	0	0	0	0	0	0	0	0	0	0	0	0	0	0	0	0	0	0	0
44.74	6.219926139137389	1.650757006391787	-8.853666321090079	0	0.9399999999999999	0	0	0	0	0	0	0	0	0	-0.52359878	0.332760660536766	0.04406330717939143	0.2240161402196504	0.2240163742587396	0	0	0	0	0	0	0	0	0	0	0	0	0	0	0	0	0	0	0	0
44.76000000000001	5.981972983589969	1.66210678738336	-8.65355338197565	0	0.9399999999999999	0	0	0	0	0	0	0	0	0	-0.52359878	0.3545228181234757	0.07184330742206854	0.07717484725435103	0.07717441205982888	0	0	0	0	0	0	0	0	0	0	0	0	0	0	0	0	0	0	0	0
44.78	6.38830539353391	1.625088166032402	-9.054935992060591	0	0.9399999999999999	0	0	0	0	0	0	0	0	0	-0.52359878	0.3547064449121214	0.1740293963794178	0	8.847431885846566e-08	0	0	0	0	0	0	0	0	0	0	0	0	0	0	0	0	0	0	0	0
44.8	6.871966801058571	1.612443062814596	-9.538878799686982	0	0.9399999999999999	0	0	0	0	0	0	0	0	0	-0.52359878	0.3430190610415414	0.2357978292353219	0	-5.012907279891741e-08	0	0	0	0	0	0	0	0	0	0	0	0	0	0	0	0	0	0	0	0
44.82000000000001	6.871966801058571	1.612443062814596	-9.538878799686982	0	0.9399999999999999	0	0	0	0	0	0	0	0	0	-0.52359878	0.3430190610415414	0.2357978292353219	0	-5.012907279891741e-08	0	0	0	0	0	0	0	0	0	0	0	0	0	0	0	0	0	0	0	0
44.84	7.029723336271791	1.613393722793442	-9.72080274745956	0	0.9399999999999999	0	0	0	0	0	0	0	0	0	-0.52359878	0.3351027675988774	0.2033007089159185	0	-8.284987065920607e-09	0	0	0	0	0	0	0	0	0	0	0	0	0	0	0	0	0	0	0	0
44.86000000000001	7.065232539446706	1.624033688077462	-9.771135178112406	0	0.9399999999999999	0	0	0	0	0	0	0	0	0	-0.52359878	0.3274463647477906	0.1427899113216794	0	1.126357714618246e-07	0	0	0	0	0	0	0	0	0	0	0	0	0	0	0	0	0	0	0	0
44.88	7.065232539446706	1.624033688077462	-9.771135178112406	0	0.9399999999999999	0	0	0	0	0	0	0	0	0	-0.52359878	0.3274463647477906	0.1427899113216794	0	1.126357714618246e-07	0	0	0	0	0	0	0	0	0	0	0	0	0	0	0	0	0	0	0	0
44.90000000000001	7.243644519079829	1.661196852924816	-9.978254983728746	0	0.9399999999999999	0	0	0	0	0	0	0	0	0	-0.52359878	0.341193779259705	0.0171487365492063	0	-4.550058032039845e-07	0	0	0	0	0	0	0	0	0	0	0	0	0	0	0	0	0	0	0	0
44.92	7.328190252224348	1.691990081504283	-10.06309288007355	0	0.9399999999999999	0	0	0	0	0	0	0	0	0	-0.52359878	0.3082012609913916	-0.04411539484109902	0	5.473126861287514e-08	0	0	0	0	0	0	0	0	0	0	0	0	0	0	0	0	0	0	0	0
44.94	7.328190252224348	1.691990081504283	-10.06309288007355	0	0.9399999999999999	0	0	0	0	0	0	0	0	0	-0.52359878	0.3082012609913916	-0.04411539484109902	0	5.473126861287514e-08	0	0	0	0	0	0	0	0	0	0	0	0	0	0	0	0	0	0	0	0
44.96	7.230321213102823	1.74257200649976	-9.9702658675291	0	0.9399999999999999	0	0	0	0	0	0	0	0	0	-0.4422230877938694	0.2258881275068524	-0.07623643002710064	0	8.724893682242493e-07	0	0	0	0	0	0	0	0	0	0	0	0	0	0	0	0	0	0	0	0
44.98	7.230321213102823	1.74257200649976	-9.9702658675291	0	0.9399999999999999	0	0	0	0	0	0	0	0	0	-0.4422230877938694	0.2258881275068524	-0.07623643002710064	0	8.724893682242493e-07	0	0	0	0	0	0	0	0	0	0	0	0	0	0	0	0	0	0	0	0
45.00000000000001	7.198246914947411	1.7572892406466	-9.962488790280986	0	0.9399999999999999	0	0	0	0	0	0	0	0	0	-0.3877758540888424	0.205115582395703	-0.09149316825762412	0	7.770375622483027e-08	0	0	0	0	0	0	0	0	0	0	0	0	0	0	0	0	0	0	0	0
45.02	7.273855470396757	1.760918991187052	-10.05770605486057	0	0.9399999999999999	0	0	0	0	0	0	0	0	0	-0.3050207952481055	0.1933551154447399	-0.109019068666522	0	-2.530608704528475e-06	0	0	0	0	0	0	0	0	0	0	0	0	0	0	0	0	0	0	0	0
45.04000000000001	7.361113603999122	1.763502088544411	-10.17169980082171	0	0.9399999999999999	0	0	0	0	0	0	0	0	0	-0.274840405448435	0.1973945947402325	-0.1417539970585671	0	-2.28145523365449e-07	0	0	0	0	0	0	0	0	0	0	0	0	0	0	0	0	0	0	0	0
45.06	7.422422304085347	1.761784566439546	-10.26698640223284	0	0.9399999999999999	0	0	0	0	0	0	0	0	0	-0.2752639840149615	0.2161155950043935	-0.1736264460314546	0	3.90822661518736e-07	0	0	0	0	0	0	0	0	0	0	0	0	0	0	0	0	0	0	0	0
45.08000000000001	7.422329430553328	1.76177897267993	-10.26689170958412	0	0.9399999999999999	0	0	0	0	0	0	0	0	0	-0.2406042653704009	0.2050767232321205	-0.1820052861627897	0	-3.914275822896536e-07	0	0	0	0	0	0	0	0	0	0	0	0	0	0	0	0	0	0	0	0
45.1	7.36120682022533	1.719945817990395	-10.28766916904497	0	0.9399999999999999	0	0	0	0	0	0	0	0	0	-0.1139431067273831	0.2225728530951728	-0.278595032879288	0	2.449024776524582e-07	0	0	0	0	0	0	0	0	0	0	0	0	0	0	0	0	0	0	0	0
45.12	7.36120682022533	1.719945817990395	-10.28766916904497	0	0.9399999999999999	0	0	0	0	0	0	0	0	0	-0.1139431067273831	0.2225728530951728	-0.278595032879288	0	2.449024776524582e-07	0	0	0	0	0	0	0	0	0	0	0	0	0	0	0	0	0	0	0	0
45.14	7.220429407988281	1.685758622853656	-10.23659686024455	0	0.9399999999999999	0	0	0	0	0	0	0	0	0	0.02013087786423609	0.2209569700989421	-0.350099382743817	0	-3.119667274935939e-07	0	0	0	0	0	0	0	0	0	0	0	0	0	0	0	0	0	0	0	0
45.16	7.220429407988281	1.685758622853656	-10.23659686024455	0	0.9399999999999999	0	0	0	0	0	0	0	0	0	0.02013087786423609	0.2209569700989421	-0.350099382743817	0	-3.119667274935939e-07	0	0	0	0	0	0	0	0	0	0	0	0	0	0	0	0	0	0	0	0
45.18000000000001	7.061205645591677	1.658558217526044	-10.17774880004257	0	0.9399999999999999	0	0	0	0	0	0	0	0	0	0.106346574599185	0.2186410357661626	-0.4310697530670065	0	-1.588523655759843e-07	0	0	0	0	0	0	0	0	0	0	0	0	0	0	0	0	0	0	0	0
45.2	6.977490184088786	1.641963404887955	-10.14948271307883	0	0.9399999999999999	0	0	0	0	0	0	0	0	0	0.1918303941309768	0.221035343405671	-0.4568177867683464	0	5.452489449380428e-09	0	0	0	0	0	0	0	0	0	0	0	0	0	0	0	0	0	0	0	0
45.22000000000001	6.949123838616312	1.623938517014857	-10.17932746728119	0	0.9399999999999999	0	0	0	0	0	0	0	0	0	0.2469770630341227	0.2222410288358736	-0.5024575050403935	0	-3.12077319157647e-06	0	0	0	0	0	0	0	0	0	0	0	0	0	0	0	0	0	0	0	0
45.24	6.919422616922989	1.604050389892982	-10.2102530274206	0	0.9399999999999999	0	0	0	0	0	0	0	0	0	0.2997946905992966	0.2165929639118488	-0.5547885399351702	0	-3.033081436561195e-07	0	0	0	0	0	0	0	0	0	0	0	0	0	0	0	0	0	0	0	0
45.26000000000001	6.88888413139193	1.583609836452995	-10.24248702263573	0	0.9399999999999999	0	0	0	0	0	0	0	0	0	0.3574261207654808	0.2150829782462526	-0.5835386449180406	0	-9.884034146025962e-08	0	0	0	0	0	0	0	0	0	0	0	0	0	0	0	0	0	0	0	0
45.28	6.888891067045339	1.583610517593493	-10.2424940794023	0	0.9399999999999999	0	0	0	0	0	0	0	0	0	0.3574261419845594	0.21508246523716	-0.5835390235668212	0	-7.839062630614539e-07	0	0	0	0	0	0	0	0	0	0	0	0	0	0	0	0	0	0	0	0
45.3	6.856773398904562	1.562855878698699	-10.27512180971459	0	0.9399999999999999	0	0	0	0	0	0	0	0	0	0.4081126870685524	0.2077079403839967	-0.618147508388487	0	1.560874480144888e-07	0	0	0	0	0	0	0	0	0	0	0	0	0	0	0	0	0	0	0	0
45.32000000000001	6.347661246364786	1.517686693476355	-9.902227382107871	0	0.9399999999999999	0	0	0	0	0	0	0	0	0	0.4863921748139368	0.2033837827494019	-0.6969970758637855	0	2.516338154017776e-07	0	0	0	0	0	0	0	0	0	0	0	0	0	0	0	0	0	0	0	0
45.34	6.407873903462272	1.507086443127363	-10.01009118385419	0	0.9399999999999999	0	0	0	0	0	0	0	0	0	0.5164330621651509	0.1948445971374159	-0.6981317	0	-3.333453632897596e-07	0	0	0	0	0	0	0	0	0	0	0	0	0	0	0	0	0	0	0	0
45.36000000000001	6.407873903462272	1.507086443127363	-10.01009118385419	0	0.9399999999999999	0	0	0	0	0	0	0	0	0	0.5164330621651509	0.1948445971374159	-0.6981317	0	-3.333453632897596e-07	0	0	0	0	0	0	0	0	0	0	0	0	0	0	0	0	0	0	0	0
45.38	6.437057309021828	1.497250488507816	-10.0871217045103	0	0.9399999999999999	0	0	0	0	0	0	0	0	0	0.5445868630785324	0.1835038642828685	-0.6981317	0	2.874179541422165e-07	0	0	0	0	0	0	0	0	0	0	0	0	0	0	0	0	0	0	0	0
45.40000000000001	6.438398714099705	1.482040338619279	-10.18730577538821	0	0.9399999999999999	0	0	0	0	0	0	0	0	0	0.5939932038644876	0.1504337911569692	-0.6981317	0	-3.453593881485143e-07	0	0	0	0	0	0	0	0	0	0	0	0	0	0	0	0	0	0	0	0
45.42	6.411182568808433	1.479206709752173	-10.21170624740846	0	0.9399999999999999	0	0	0	0	0	0	0	0	0	0.6133234015751594	0.1292991833391368	-0.6981317	0	2.082362864887688e-06	0	0	0	0	0	0	0	0	0	0	0	0	0	0	0	0	0	0	0	0
45.44	6.418723688975102	1.480294406652504	-10.27264428030807	0	0.9399999999999999	0	0	0	0	0	0	0	0	0	0.6296085077156678	0.1026123484372326	-0.6981317	0	-3.492108207315856e-08	0	0	0	0	0	0	0	0	0	0	0	0	0	0	0	0	0	0	0	0
45.46	6.44999193812595	1.485966895466483	-10.35844163379391	0	0.9399999999999999	0	0	0	0	0	0	0	0	0	0.6412884984697989	0.0702007185152079	-0.6981317	0	-1.585530219140381e-09	0	0	0	0	0	0	0	0	0	0	0	0	0	0	0	0	0	0	0	0
45.48	6.637092807086648	1.499149233046047	-10.58459273965078	0	0.9399999999999999	0	0	0	0	0	0	0	0	0	0.6417645618357768	0.03047405962231052	-0.6981317	0	-1.250516962546024e-06	0	0	0	0	0	0	0	0	0	0	0	0	0	0	0	0	0	0	0	0
45.50000000000001	6.601234817943245	1.506305479926588	-10.61713630971447	0	0.9399999999999999	0	0	0	0	0	0	0	0	0	0.6480055441520216	-0.01105211674845786	-0.6981317	0	-2.804770923884043e-06	0	0	0	0	0	0	0	0	0	0	0	0	0	0	0	0	0	0	0	0
45.52	6.760035611905181	1.522810402228981	-10.82978165432736	0	0.9399999999999999	0	0	0	0	0	0	0	0	0	0.6399520861516588	-0.05938744418366392	-0.6981317	0	-7.450902122557569e-07	0	0	0	0	0	0	0	0	0	0	0	0	0	0	0	0	0	0	0	0
45.54000000000001	6.760035611905181	1.522810402228981	-10.82978165432736	0	0.9399999999999999	0	0	0	0	0	0	0	0	0	0.6399520861516588	-0.05938744418366392	-0.6981317	0	-7.450902122557569e-07	0	0	0	0	0	0	0	0	0	0	0	0	0	0	0	0	0	0	0	0
45.56	7.708204329920265	1.54545157745807	-11.87969013384952	0	0.9399999999999999	0	0	0	0	0	0	0	0	0	0.6082540377697417	-0.1499579275539676	-0.6981317	0	-1.236230714558897e-08	0	0	0	0	0	0	0	0	0	0	0	0	0	0	0	0	0	0	0	0
45.58000000000001	8.313840658879473	1.532568749605688	-12.52576901584337	0	0.9399999999999999	0	0	0	0	0	0	0	0	0	0.5946793278023195	-0.1885174217961457	-0.6981317	0	4.332705218127576e-07	0	0	0	0	0	0	0	0	0	0	0	0	0	0	0	0	0	0	0	0
45.6	8.535670939547895	1.523921499637134	-12.79607731332603	0	0.9399999999999999	0	0	0	0	0	0	0	0	0	0.5722562669686534	-0.2299765619145847	-0.6981317	0	3.539174295932775e-07	0	0	0	0	0	0	0	0	0	0	0	0	0	0	0	0	0	0	0	0
45.62	8.514371033307995	1.510135576635101	-12.81847836023506	0	0.9399999999999999	0	0	0	0	0	0	0	0	0	0.5645546113561846	-0.2714567593523098	-0.6981317	0	1.052267672642285e-06	0	0	0	0	0	0	0	0	0	0	0	0	0	0	0	0	0	0	0	0
45.64	8.51440220986682	1.51013627381464	-12.81850738456322	0	0.9399999999999999	0	0	0	0	0	0	0	0	0	0.5645496124959422	-0.2714565302071962	-0.6981317	0	1.551017694362149e-06	0	0	0	0	0	0	0	0	0	0	0	0	0	0	0	0	0	0	0	0
45.66	8.475014346604418	1.488213188621396	-12.85894851368709	0	0.9399999999999999	0	0	0	0	0	0	0	0	0	0.5516121693946279	-0.3453060788851826	-0.6981317	0	1.650660237156416e-06	0	0	0	0	0	0	0	0	0	0	0	0	0	0	0	0	0	0	0	0
45.68000000000001	8.475010284482851	1.48821317094632	-12.85894472745331	0	0.9399999999999999	0	0	0	0	0	0	0	0	0	0.5516119172497556	-0.3453060709899223	-0.6981317	0	1.370721759979421e-06	0	0	0	0	0	0	0	0	0	0	0	0	0	0	0	0	0	0	0	0
45.7	8.387526139092737	1.464855774645067	-12.8374252585633	0	0.9399999999999999	0	0	0	0	0	0	0	0	0	0.5442865872881897	-0.4128712311375194	-0.6981317	0	-2.817534353706613e-07	0	0	0	0	0	0	0	0	0	0	0	0	0	0	0	0	0	0	0	0
45.72000000000001	8.373905891599957	1.450418914544083	-12.85219172146758	0	0.9399999999999999	0	0	0	0	0	0	0	0	0	0.5363514050255297	-0.4472535486866182	-0.6981317	0	-8.998850129836019e-07	0	0	0	0	0	0	0	0	0	0	0	0	0	0	0	0	0	0	0	0
45.74	8.384926261951795	1.43778626993525	-12.88977028032758	0	0.9399999999999999	0	0	0	0	0	0	0	0	0	0.5239294923439485	-0.4793660047331922	-0.6981317	0	-3.294935722043475e-09	0	0	0	0	0	0	0	0	0	0	0	0	0	0	0	0	0	0	0	0
45.76000000000001	8.406769640621425	1.426286978946089	-12.93685480504026	0	0.9399999999999999	0	0	0	0	0	0	0	0	0	0.5072654786748813	-0.5098357980011123	-0.6981317	0	1.840776087584079e-08	0	0	0	0	0	0	0	0	0	0	0	0	0	0	0	0	0	0	0	0
45.78	8.435496629385019	1.415780182130559	-12.99007139005886	0	0.9399999999999999	0	0	0	0	0	0	0	0	0	0.4876503270738373	-0.5395734211432895	-0.6981317	0	-6.183534004241164e-08	0	0	0	0	0	0	0	0	0	0	0	0	0	0	0	0	0	0	0	0
45.8	8.435496629385019	1.415780182130559	-12.99007139005886	0	0.9399999999999999	0	0	0	0	0	0	0	0	0	0.4876503270738373	-0.5395734211432895	-0.6981317	0	-6.183534004241164e-08	0	0	0	0	0	0	0	0	0	0	0	0	0	0	0	0	0	0	0	0
45.82000000000001	8.471024246444632	1.408213758515231	-13.05020953167304	0	0.9399999999999999	0	0	0	0	0	0	0	0	0	0.4652802345629279	-0.5684863524390276	-0.6981317	0	2.19342264161293e-07	0	0	0	0	0	0	0	0	0	0	0	0	0	0	0	0	0	0	0	0
45.84	8.516333901621614	1.406454544942225	-13.12270563511306	0	0.9399999999999999	0	0	0	0	0	0	0	0	0	0.4392255921241928	-0.595892825316876	-0.6981317	0	6.1464359471356e-08	0	0	0	0	0	0	0	0	0	0	0	0	0	0	0	0	0	0	0	0
45.86000000000001	8.548949011802646	1.413408358464625	-13.18408199135887	0	0.9399999999999999	0	0	0	0	0	0	0	0	0	0.4120191297682616	-0.6185631748230763	-0.6981317	0	-1.752214198843228e-08	0	0	0	0	0	0	0	0	0	0	0	0	0	0	0	0	0	0	0	0
45.88	8.580806016043237	1.429036926416193	-13.24919874747475	0	0.9399999999999999	0	0	0	0	0	0	0	0	0	0.3830387102053096	-0.6372769398456056	-0.6981317	0	-4.545219584866633e-08	0	0	0	0	0	0	0	0	0	0	0	0	0	0	0	0	0	0	0	0
45.90000000000001	8.634823535436876	1.450499222522295	-13.34074439657384	0	0.9399999999999999	0	0	0	0	0	0	0	0	0	0.3493158105345071	-0.6497392165243083	-0.6981317	0	1.080223672044109e-07	0	0	0	0	0	0	0	0	0	0	0	0	0	0	0	0	0	0	0	0
45.92	8.768823736022734	1.476888806145809	-13.51499430173174	0	0.9399999999999999	0	0	0	0	0	0	0	0	0	0.3067183786622396	-0.6531022089955991	-0.6981317	0	6.341006248642876e-08	0	0	0	0	0	0	0	0	0	0	0	0	0	0	0	0	0	0	0	0
45.94	9.653979694383514	1.511231487533472	-14.49532047258816	0	0.9399999999999999	0	0	0	0	0	0	0	0	0	0.1889982074623461	-0.6394038456086255	-0.6981317	0	7.60655686494257e-08	0	0	0	0	0	0	0	0	0	0	0	0	0	0	0	0	0	0	0	0
45.96	9.653979694383514	1.511231487533472	-14.49532047258816	0	0.9399999999999999	0	0	0	0	0	0	0	0	0	0.1889982074623461	-0.6394038456086255	-0.6981317	0	7.60655686494257e-08	0	0	0	0	0	0	0	0	0	0	0	0	0	0	0	0	0	0	0	0
45.98	10.09491178177746	1.495525305183794	-14.99424337213662	0	0.9399999999999999	0	0	0	0	0	0	0	0	0	0.1134363238535292	-0.6269257544655855	-0.6981317	0	-2.796697325551335e-08	0	0	0	0	0	0	0	0	0	0	0	0	0	0	0	0	0	0	0	0
46.00000000000001	10.23163020979019	1.469677116646379	-15.19407886981733	0	0.9399999999999999	0	0	0	0	0	0	0	0	0	0.02400607377093956	-0.6089168229333445	-0.6981317	0	-3.660030241264446e-07	0	0	0	0	0	0	0	0	0	0	0	0	0	0	0	0	0	0	0	0
46.02	10.2683711957325	1.4423515589028	-15.30117871278368	0	0.9399999999999999	0	0	0	0	0	0	0	0	0	-0.0784746786340836	-0.5788481841422348	-0.6981317	0	1.408639324238826e-07	0	0	0	0	0	0	0	0	0	0	0	0	0	0	0	0	0	0	0	0
46.04000000000001	10.2504716472813	1.420844699226905	-15.36973989392252	0	0.9399999999999999	0	0	0	0	0	0	0	0	0	-0.1819020396094888	-0.5476019506127353	-0.6981317	0	-3.203847457986127e-08	0	0	0	0	0	0	0	0	0	0	0	0	0	0	0	0	0	0	0	0
46.06	10.20947594152007	1.413092379118818	-15.42098338487832	0	0.9399999999999999	0	0	0	0	0	0	0	0	0	-0.2715261551808096	-0.5237204085514616	-0.6981317	0	-1.992718363423291e-06	0	0	0	0	0	0	0	0	0	0	0	0	0	0	0	0	0	0	0	0
46.08000000000001	10.17579859255335	1.408566898225596	-15.44184809343247	0	0.9399999999999999	0	0	0	0	0	0	0	0	0	-0.3078829190470948	-0.5013380678737961	-0.6430451544999275	0	4.193364977144885e-07	0	0	0	0	0	0	0	0	0	0	0	0	0	0	0	0	0	0	0	0
46.1	10.15868162663054	1.40656045256254	-15.45864611199115	0	0.9399999999999999	0	0	0	0	0	0	0	0	0	-0.3165345186096944	-0.4791374258261797	-0.5700304924241946	0	-3.473428406867226e-06	0	0	0	0	0	0	0	0	0	0	0	0	0	0	0	0	0	0	0	0
46.12	10.14315603965335	1.41095115947475	-15.47528718092522	0	0.9399999999999999	0	0	0	0	0	0	0	0	0	-0.3272534403857115	-0.4597283802313271	-0.4995135573064464	0	-1.577816850094622e-06	0	0	0	0	0	0	0	0	0	0	0	0	0	0	0	0	0	0	0	0
46.14	10.27681491858083	1.436279187991697	-15.67154242113025	0	0.9399999999999999	0	0	0	0	0	0	0	0	0	-0.3457810872161888	-0.4093427769225111	-0.3794580773425635	0	-6.644664015405513e-08	0	0	0	0	0	0	0	0	0	0	0	0	0	0	0	0	0	0	0	0
46.16	10.37881407523154	1.450386565506122	-15.80322585026905	0	0.9399999999999999	0	0	0	0	0	0	0	0	0	-0.369743356827651	-0.3817138838332897	-0.3493727195903591	0	-2.354643478591591e-07	0	0	0	0	0	0	0	0	0	0	0	0	0	0	0	0	0	0	0	0
46.18000000000001	10.45732234759939	1.461787183529863	-15.91103052948692	0	0.9399999999999999	0	0	0	0	0	0	0	0	0	-0.4058677466091561	-0.3543236416553435	-0.3508587790669652	0	1.714931287039977e-07	0	0	0	0	0	0	0	0	0	0	0	0	0	0	0	0	0	0	0	0
46.2	10.45732234759939	1.461787183529863	-15.91103052948692	0	0.9399999999999999	0	0	0	0	0	0	0	0	0	-0.4058677466091561	-0.3543236416553435	-0.3508587790669652	0	1.714931287039977e-07	0	0	0	0	0	0	0	0	0	0	0	0	0	0	0	0	0	0	0	0
46.22000000000001	10.49932530843693	1.47155639869001	-15.98087521160617	0	0.9399999999999999	0	0	0	0	0	0	0	0	0	-0.4448011756989279	-0.3232383733974522	-0.3830757086069561	0	9.454940377356032e-08	0	0	0	0	0	0	0	0	0	0	0	0	0	0	0	0	0	0	0	0
46.24	10.48759157189908	1.481568401180452	-15.99688241493738	0	0.9399999999999999	0	0	0	0	0	0	0	0	0	-0.4805923319797965	-0.2821138691921834	-0.4366852899674208	0	4.030568321679772e-06	0	0	0	0	0	0	0	0	0	0	0	0	0	0	0	0	0	0	0	0
46.26000000000001	10.59000305826308	1.499225556473861	-16.15557126562333	0	0.9399999999999999	0	0	0	0	0	0	0	0	0	-0.5087775094353763	-0.225829005029504	-0.5300667634556375	0	1.154298637431444e-08	0	0	0	0	0	0	0	0	0	0	0	0	0	0	0	0	0	0	0	0
46.28	10.72788690133978	1.505299028312355	-16.32281369056269	0	0.9399999999999999	0	0	0	0	0	0	0	0	0	-0.517241766384843	-0.1666942038224955	-0.5945928612331713	0	1.32888903316521e-06	0	0	0	0	0	0	0	0	0	0	0	0	0	0	0	0	0	0	0	0
46.3	10.72884903438152	1.505174307515079	-16.32375243323814	0	0.9399999999999999	0	0	0	0	0	0	0	0	0	-0.52359878	-0.1109821370659084	-0.6254430989010803	0	-1.948606972571635e-07	0	0	0	0	0	0	0	0	0	0	0	0	0	0	0	0	0	0	0	0
46.32000000000001	11.03639142974699	1.495279972870529	-16.67623139492234	0	0.9399999999999999	0	0	0	0	0	0	0	0	0	-0.52359878	0.01306916578692338	-0.6981317	0	-1.039380906335374e-06	0	0	0	0	0	0	0	0	0	0	0	0	0	0	0	0	0	0	0	0
46.34	11.04338610188254	1.492416097038699	-16.696288890696	0	0.9399999999999999	0	0	0	0	0	0	0	0	0	-0.52359878	0.02046006066256143	-0.6981317	0	7.048009617732742e-09	0	0	0	0	0	0	0	0	0	0	0	0	0	0	0	0	0	0	0	0
46.36000000000001	11.21549838721409	1.476090934950111	-16.89181701367044	0	0.9399999999999999	0	0	0	0	0	0	0	0	0	-0.52359878	0.1422916870445593	-0.6981317	0	1.157321611027352e-07	0	0	0	0	0	0	0	0	0	0	0	0	0	0	0	0	0	0	0	0
46.38	11.21549838721409	1.476090934950111	-16.89181701367044	0	0.9399999999999999	0	0	0	0	0	0	0	0	0	-0.52359878	0.1422916870445593	-0.6981317	0	1.157321611027352e-07	0	0	0	0	0	0	0	0	0	0	0	0	0	0	0	0	0	0	0	0
46.40000000000001	11.35845437010244	1.470982028028929	-17.06708716585478	0	0.9399999999999999	0	0	0	0	0	0	0	0	0	-0.52359878	0.2068415701444255	-0.6981317	0	1.533168514929881e-08	0	0	0	0	0	0	0	0	0	0	0	0	0	0	0	0	0	0	0	0
46.42	11.55044237228277	1.465346659968549	-17.29779331134591	0	0.9399999999999999	0	0	0	0	0	0	0	0	0	-0.52359878	0.2662464399044179	-0.6981317	0	2.908259365355867e-07	0	0	0	0	0	0	0	0	0	0	0	0	0	0	0	0	0	0	0	0
46.44	11.77747567253824	1.455258336316999	-17.56804390654183	0	0.9399999999999999	0	0	0	0	0	0	0	0	0	-0.52359878	0.3178266069210512	-0.6981317	0	3.750047969356943e-08	0	0	0	0	0	0	0	0	0	0	0	0	0	0	0	0	0	0	0	0
46.46	12.07081060909852	1.412698205203964	-17.94064396745892	0	0.9399999999999999	0	0	0	0	0	0	0	0	0	-0.52359878	0.404248343776385	-0.6649481756293504	0	4.364578788338996e-07	0	0	0	0	0	0	0	0	0	0	0	0	0	0	0	0	0	0	0	0
46.48	12.09932678065254	1.384071683564279	-18.00101356422176	0	0.9399999999999999	0	0	0	0	0	0	0	0	0	-0.52359878	0.453604386760603	-0.6236254225350087	0	4.985309492474377e-07	0	0	0	0	0	0	0	0	0	0	0	0	0	0	0	0	0	0	0	0
46.50000000000001	12.09932738656349	1.38407139922529	-18.00101295160389	0	0.9399999999999999	0	0	0	0	0	0	0	0	0	-0.52359878	0.4536047854462272	-0.6236257890317306	0	1.892824662581534e-07	0	0	0	0	0	0	0	0	0	0	0	0	0	0	0	0	0	0	0	0
46.52	12.17759525552674	1.29969899719668	-18.12196521584019	0	0.9399999999999999	0	0	0	0	0	0	0	0	0	-0.52359878	0.52359878	-0.5354228243532445	0	-2.880983538416421e-08	0	0	0	0	0	0	0	0	0	0	0	0	0	0	0	0	0	0	0	0
46.54000000000001	12.17759525552674	1.29969899719668	-18.12196521584019	0	0.9399999999999999	0	0	0	0	0	0	0	0	0	-0.52359878	0.52359878	-0.5354228243532445	0	-2.880983538416421e-08	0	0	0	0	0	0	0	0	0	0	0	0	0	0	0	0	0	0	0	0
46.56	12.2892972521569	1.235811499088006	-18.25577838509897	0	0.9399999999999999	0	0	0	0	0	0	0	0	0	-0.52359878	0.52359878	-0.4812633146498669	0	-1.955457300568492e-08	0	0	0	0	0	0	0	0	0	0	0	0	0	0	0	0	0	0	0	0
46.58000000000001	12.32706483934165	1.163887100352072	-18.2994329838138	0	0.9399999999999999	0	0	0	0	0	0	0	0	0	-0.52359878	0.52359878	-0.4351091852744272	0	-1.787373174660367e-07	0	0	0	0	0	0	0	0	0	0	0	0	0	0	0	0	0	0	0	0
46.6	12.32706483934165	1.163887100352072	-18.2994329838138	0	0.9399999999999999	0	0	0	0	0	0	0	0	0	-0.52359878	0.52359878	-0.4351091852744272	0	-1.787373174660367e-07	0	0	0	0	0	0	0	0	0	0	0	0	0	0	0	0	0	0	0	0
46.62	12.36815832051645	1.105686532944115	-18.36323993205088	0	0.9399999999999999	0	0	0	0	0	0	0	0	0	-0.52359878	0.52359878	-0.4001915795802365	0	-3.169158612021866e-08	0	0	0	0	0	0	0	0	0	0	0	0	0	0	0	0	0	0	0	0
46.64	12.37585683153867	1.083687480473963	-18.38087365166872	0	0.9399999999999999	0	0	0	0	0	0	0	0	0	-0.52359878	0.52359878	-0.3881568186731393	0	2.456119416258416e-08	0	0	0	0	0	0	0	0	0	0	0	0	0	0	0	0	0	0	0	0
46.66	12.37585683153867	1.083687480473963	-18.38087365166872	0	0.9399999999999999	0	0	0	0	0	0	0	0	0	-0.52359878	0.52359878	-0.3881568186731393	0	2.456119416258416e-08	0	0	0	0	0	0	0	0	0	0	0	0	0	0	0	0	0	0	0	0
46.68000000000001	12.40573470513576	1.067834803421982	-18.42598930385993	0	0.9399999999999999	0	0	0	0	0	0	0	0	0	-0.52359878	0.52359878	-0.3902022133222626	0	-1.678813490715427e-07	0	0	0	0	0	0	0	0	0	0	0	0	0	0	0	0	0	0	0	0
46.7	12.40953348047258	1.055666966578495	-18.44103139195235	0	0.9399999999999999	0	0	0	0	0	0	0	0	0	-0.52359878	0.52359878	-0.3660494650444019	0	7.515144257790472e-09	0	0	0	0	0	0	0	0	0	0	0	0	0	0	0	0	0	0	0	0
46.72000000000001	12.40953348047258	1.055666966578495	-18.44103139195235	0	0.9399999999999999	0	0	0	0	0	0	0	0	0	-0.52359878	0.52359878	-0.3660494650444019	0	7.515144257790472e-09	0	0	0	0	0	0	0	0	0	0	0	0	0	0	0	0	0	0	0	0
46.74	12.45724781617385	1.064477800149278	-18.49834234303643	0	0.9399999999999999	0	0	0	0	0	0	0	0	0	-0.52359878	0.52359878	-0.38931615221967	0	2.156940924966767e-06	0	0	0	0	0	0	0	0	0	0	0	0	0	0	0	0	0	0	0	0
46.76000000000001	12.45956358776222	1.079343223411866	-18.50324182305713	0	0.9399999999999999	0	0	0	0	0	0	0	0	0	-0.52359878	0.52359878	-0.3984167370214818	0	-4.750027462648411e-08	0	0	0	0	0	0	0	0	0	0	0	0	0	0	0	0	0	0	0	0
46.78	12.52434893420353	1.12557368973598	-18.57477701826866	0	0.9399999999999999	0	0	0	0	0	0	0	0	0	-0.52359878	0.52359878	-0.4467852056741242	0	-8.429667980624609e-08	0	0	0	0	0	0	0	0	0	0	0	0	0	0	0	0	0	0	0	0
46.8	12.52434893420353	1.12557368973598	-18.57477701826866	0	0.9399999999999999	0	0	0	0	0	0	0	0	0	-0.52359878	0.52359878	-0.4467852056741242	0	-8.429667980624609e-08	0	0	0	0	0	0	0	0	0	0	0	0	0	0	0	0	0	0	0	0
46.82000000000001	12.55441372032471	1.155708604477509	-18.60534376457531	0	0.9399999999999999	0	0	0	0	0	0	0	0	0	-0.52359878	0.52359878	-0.4616155202362497	0	7.546137278559364e-08	0	0	0	0	0	0	0	0	0	0	0	0	0	0	0	0	0	0	0	0
46.84	12.57349181587653	1.186265221272709	-18.62060310774807	0	0.9399999999999999	0	0	0	0	0	0	0	0	0	-0.52359878	0.52359878	-0.4617757511858394	0	-1.911690521743329e-07	0	0	0	0	0	0	0	0	0	0	0	0	0	0	0	0	0	0	0	0
46.86000000000001	12.58731775202345	1.232619328499434	-18.62072906191247	0	0.9399999999999999	0	0	0	0	0	0	0	0	0	-0.52359878	0.52359878	-0.4036105060374086	0	2.40275859476699e-08	0	0	0	0	0	0	0	0	0	0	0	0	0	0	0	0	0	0	0	0
46.88	12.60069585987762	1.24092286409851	-18.6310085842976	0	0.9399999999999999	0	0	0	0	0	0	0	0	0	-0.52359878	0.52359878	-0.3905655733667339	0	-2.13098005268164e-07	0	0	0	0	0	0	0	0	0	0	0	0	0	0	0	0	0	0	0	0
46.90000000000001	12.62571547731747	1.262912414798943	-18.66171633930678	0	0.9399999999999999	0	0	0	0	0	0	0	0	0	-0.52359878	0.52359878	-0.3924107012987615	0	-3.999639914423811e-07	0	0	0	0	0	0	0	0	0	0	0	0	0	0	0	0	0	0	0	0
46.92	12.65415381484671	1.297791631847813	-18.69554580464906	0	0.9399999999999999	0	0	0	0	0	0	0	0	0	-0.52359878	0.52359878	-0.4167723813011586	0	-1.393178821790237e-07	0	0	0	0	0	0	0	0	0	0	0	0	0	0	0	0	0	0	0	0
46.94	12.67956698192153	1.320027934613724	-18.72783132334631	0	0.9399999999999999	0	0	0	0	0	0	0	0	0	-0.52359878	0.52359878	-0.4213404121636781	0	5.797025490337668e-08	0	0	0	0	0	0	0	0	0	0	0	0	0	0	0	0	0	0	0	0
46.96	12.65639192625906	1.344290084701228	-18.72797176241586	0	0.9399999999999999	0	0	0	0	0	0	0	0	0	-0.4907385166764363	0.52359878	-0.4722746191418184	0	1.113890326430815e-07	0	0	0	0	0	0	0	0	0	0	0	0	0	0	0	0	0	0	0	0
46.98	12.65639192625906	1.344290084701228	-18.72797176241586	0	0.9399999999999999	0	0	0	0	0	0	0	0	0	-0.4907385166764363	0.52359878	-0.4722746191418184	0	1.113890326430815e-07	0	0	0	0	0	0	0	0	0	0	0	0	0	0	0	0	0	0	0	0
47.00000000000001	12.60702696174736	1.364676345524859	-18.70748105142897	0	0.9399999999999999	0	0	0	0	0	0	0	0	0	-0.4499972597511928	0.52359878	-0.5388573114792727	0	3.920048439618361e-08	0	0	0	0	0	0	0	0	0	0	0	0	0	0	0	0	0	0	0	0
47.02	12.52217763646107	1.376161141901354	-18.65327788476226	0	0.9399999999999999	0	0	0	0	0	0	0	0	0	-0.4002118502101479	0.52359878	-0.5757924507314133	0	1.798041579353718e-09	0	0	0	0	0	0	0	0	0	0	0	0	0	0	0	0	0	0	0	0
47.04000000000001	12.34165524429859	1.387679238595081	-18.53919359498579	0	0.9399999999999999	0	0	0	0	0	0	0	0	0	-0.2267056277734285	0.52359878	-0.6036770665505826	0	1.731388072141825e-08	0	0	0	0	0	0	0	0	0	0	0	0	0	0	0	0	0	0	0	0
47.06	12.24046151787551	1.391699523396881	-18.46796285721976	0	0.9399999999999999	0	0	0	0	0	0	0	0	0	-0.1342690374453178	0.52359878	-0.6246390224857595	0	4.576609191093855e-07	0	0	0	0	0	0	0	0	0	0	0	0	0	0	0	0	0	0	0	0
47.08000000000001	12.1231642058166	1.401540458247873	-18.38194891728419	0	0.9399999999999999	0	0	0	0	0	0	0	0	0	-0.05156474055999915	0.5168923489638445	-0.6536554939034179	0	-7.953888496614124e-07	0	0	0	0	0	0	0	0	0	0	0	0	0	0	0	0	0	0	0	0
47.1	12.1231642058166	1.401540458247873	-18.38194891728419	0	0.9399999999999999	0	0	0	0	0	0	0	0	0	-0.05156474055999915	0.5168923489638445	-0.6536554939034179	0	-7.953888496614124e-07	0	0	0	0	0	0	0	0	0	0	0	0	0	0	0	0	0	0	0	0
47.12	12.01313258370479	1.395869938843076	-18.3194773782987	0	0.9399999999999999	0	0	0	0	0	0	0	0	0	0.05301617092366179	0.460981148229949	-0.6981317	0	1.328572213077344e-08	0	0	0	0	0	0	0	0	0	0	0	0	0	0	0	0	0	0	0	0
47.14	12.01235636630976	1.395839438475947	-18.31941187349013	0	0.9399999999999999	0	0	0	0	0	0	0	0	0	0.05941651040362548	0.4387338402225306	-0.6981317	0	-1.699968317746081e-07	0	0	0	0	0	0	0	0	0	0	0	0	0	0	0	0	0	0	0	0
47.16	11.91075185531622	1.397694728797078	-18.21994935236914	0	0.9399999999999999	0	0	0	0	0	0	0	0	0	0.1385820668074945	0.3924496335355066	-0.6981317	0	5.619699507186878e-07	0	0	0	0	0	0	0	0	0	0	0	0	0	0	0	0	0	0	0	0
47.18000000000001	11.91075185531622	1.397694728797078	-18.21994935236914	0	0.9399999999999999	0	0	0	0	0	0	0	0	0	0.1385820668074945	0.3924496335355066	-0.6981317	0	5.619699507186878e-07	0	0	0	0	0	0	0	0	0	0	0	0	0	0	0	0	0	0	0	0
47.2	11.77550003226355	1.378043708978694	-18.11111668492863	0	0.9399999999999999	0	0	0	0	0	0	0	0	0	0.2525230606485994	0.3245595077698187	-0.6981317	0	3.938528772992234e-07	0	0	0	0	0	0	0	0	0	0	0	0	0	0	0	0	0	0	0	0
47.22000000000001	11.77549954984584	1.378043873808631	-18.11111733839265	0	0.9399999999999999	0	0	0	0	0	0	0	0	0	0.2525235069442688	0.3245595540454865	-0.6981317	0	2.001426267578124e-07	0	0	0	0	0	0	0	0	0	0	0	0	0	0	0	0	0	0	0	0
47.24	11.70469670905521	1.362783777836214	-18.06366825554392	0	0.9399999999999999	0	0	0	0	0	0	0	0	0	0.3182568653178165	0.2865610646888698	-0.6981317	0	4.039656636969674e-08	0	0	0	0	0	0	0	0	0	0	0	0	0	0	0	0	0	0	0	0
47.26000000000001	11.5576144467514	1.32795385907194	-17.96673381218473	0	0.9399999999999999	0	0	0	0	0	0	0	0	0	0.4458017292631609	0.225386166812846	-0.6981317	0	-1.005540580684769e-06	0	0	0	0	0	0	0	0	0	0	0	0	0	0	0	0	0	0	0	0
47.28	11.47507782162223	1.312610268410623	-17.91441019652569	0	0.9399999999999999	0	0	0	0	0	0	0	0	0	0.5077731417229145	0.1980766296309756	-0.6981317	0	-1.796317467231802e-07	0	0	0	0	0	0	0	0	0	0	0	0	0	0	0	0	0	0	0	0
47.3	11.47507817188655	1.312610299306878	-17.91440984764418	0	0.9399999999999999	0	0	0	0	0	0	0	0	0	0.5077730385958942	0.1980765456299007	-0.6981317	0	1.970650618459e-07	0	0	0	0	0	0	0	0	0	0	0	0	0	0	0	0	0	0	0	0
47.32000000000001	11.32019052212989	1.295211149664643	-17.81798163756515	0	0.9399999999999999	0	0	0	0	0	0	0	0	0	0.6099673358290167	0.1620272430238097	-0.6981317	0	1.330678480852173e-08	0	0	0	0	0	0	0	0	0	0	0	0	0	0	0	0	0	0	0	0
47.34	11.22971609707484	1.293526555765906	-17.77126620645179	0	0.9399999999999999	0	0	0	0	0	0	0	0	0	0.6609506055062468	0.1407407139913567	-0.6981317	0	8.807464553296148e-08	0	0	0	0	0	0	0	0	0	0	0	0	0	0	0	0	0	0	0	0
47.36000000000001	11.15833101107555	1.290149030154754	-17.73809633759594	0	0.9399999999999999	0	0	0	0	0	0	0	0	0	0.7047751880806961	0.1192624645783639	-0.6981317	0	3.66386486690347e-07	0	0	0	0	0	0	0	0	0	0	0	0	0	0	0	0	0	0	0	0
47.38	11.09824727938596	1.287017771586658	-17.71651942946633	0	0.9399999999999999	0	0	0	0	0	0	0	0	0	0.7449509472084518	0.09556623592293362	-0.6981317	0	3.821722252858502e-08	0	0	0	0	0	0	0	0	0	0	0	0	0	0	0	0	0	0	0	0
47.40000000000001	11.09824727938596	1.287017771586658	-17.71651942946633	0	0.9399999999999999	0	0	0	0	0	0	0	0	0	0.7449509472084518	0.09556623592293362	-0.6981317	0	3.821722252858502e-08	0	0	0	0	0	0	0	0	0	0	0	0	0	0	0	0	0	0	0	0
47.42	11.05105703212129	1.283864569317525	-17.70848187870865	0	0.9399999999999999	0	0	0	0	0	0	0	0	0	0.7821386540286779	0.06667184263190302	-0.6981317	0	1.917309853921963e-07	0	0	0	0	0	0	0	0	0	0	0	0	0	0	0	0	0	0	0	0
47.44	11.0156976355103	1.279420628690742	-17.71373677274029	0	0.9399999999999999	0	0	0	0	0	0	0	0	0	0.8178505805965303	0.03061584643990238	-0.6981317	0	4.082227047774436e-08	0	0	0	0	0	0	0	0	0	0	0	0	0	0	0	0	0	0	0	0
47.46	10.96905657038926	1.259774846364071	-17.7541478630169	0	0.9399999999999999	0	0	0	0	0	0	0	0	0	0.8862801723061956	-0.05733597325992094	-0.6981317	0	-7.545985203354029e-08	0	0	0	0	0	0	0	0	0	0	0	0	0	0	0	0	0	0	0	0
47.48	10.95770084488971	1.245957298225642	-17.7900984023692	0	0.9399999999999999	0	0	0	0	0	0	0	0	0	0.9190359739577497	-0.1081348005511848	-0.6981317	0	3.340629527326007e-08	0	0	0	0	0	0	0	0	0	0	0	0	0	0	0	0	0	0	0	0
47.50000000000001	10.95770084488971	1.245957298225642	-17.7900984023692	0	0.9399999999999999	0	0	0	0	0	0	0	0	0	0.9190359739577497	-0.1081348005511848	-0.6981317	0	3.340629527326007e-08	0	0	0	0	0	0	0	0	0	0	0	0	0	0	0	0	0	0	0	0
47.52	10.93849155002823	1.214669186298886	-17.87151911096194	0	0.9399999999999999	0	0	0	0	0	0	0	0	0	0.9816589965751625	-0.221666291822179	-0.6981317	0	9.640761905976741e-07	0	0	0	0	0	0	0	0	0	0	0	0	0	0	0	0	0	0	0	0
47.54000000000001	10.92360236779261	1.198758513178368	-17.90863030230063	0	0.9399999999999999	0	0	0	0	0	0	0	0	0	1.009761107019572	-0.2802313006348687	-0.6981317	0	1.791107688978155e-07	0	0	0	0	0	0	0	0	0	0	0	0	0	0	0	0	0	0	0	0
47.56	10.92385526241537	1.180794883191479	-17.95523176832901	0	0.9399999999999999	0	0	0	0	0	0	0	0	0	1.037441785204958	-0.3347763719970829	-0.6981317	0	3.639619502579197e-08	0	0	0	0	0	0	0	0	0	0	0	0	0	0	0	0	0	0	0	0
47.58000000000001	10.89334484517144	1.177763104088159	-17.97490118685567	0	0.9399999999999999	0	0	0	0	0	0	0	0	0	1.046474783333586	-0.3886307347198705	-0.6981317	0	-1.340884060109591e-06	0	0	0	0	0	0	0	0	0	0	0	0	0	0	0	0	0	0	0	0
47.6	10.89334484517144	1.177763104088159	-17.97490118685567	0	0.9399999999999999	0	0	0	0	0	0	0	0	0	1.046474783333586	-0.3886307347198705	-0.6981317	0	-1.340884060109591e-06	0	0	0	0	0	0	0	0	0	0	0	0	0	0	0	0	0	0	0	0
47.62	10.90893380500541	1.176077384158322	-18.06347672703657	0	0.9399999999999999	0	0	0	0	0	0	0	0	0	1.043531770912641	-0.48171879191469	-0.6981317	0	2.347900687913506e-07	0	0	0	0	0	0	0	0	0	0	0	0	0	0	0	0	0	0	0	0
47.64	10.93811379310884	1.176278761507323	-18.12073531608947	0	0.9399999999999999	0	0	0	0	0	0	0	0	0	1.035317507871037	-0.5251342864233254	-0.6981317	0	-4.576885540921366e-07	0	0	0	0	0	0	0	0	0	0	0	0	0	0	0	0	0	0	0	0
47.66	10.97520872059274	1.178114563204422	-18.18103832637746	0	0.9399999999999999	0	0	0	0	0	0	0	0	0	1.025767199198799	-0.5673224307133996	-0.6981317	0	1.857164712312151e-07	0	0	0	0	0	0	0	0	0	0	0	0	0	0	0	0	0	0	0	0
47.68000000000001	11.0094556606486	1.176795961763893	-18.23579144948936	0	0.9399999999999999	0	0	0	0	0	0	0	0	0	1.020180050750044	-0.5921204398835613	-0.6981317	0	2.42946566441457e-08	0	0	0	0	0	0	0	0	0	0	0	0	0	0	0	0	0	0	0	0
47.7	11.02583082249263	1.178151759031559	-18.27388790731689	0	0.9399999999999999	0	0	0	0	0	0	0	0	0	1.015885123344121	-0.6520575163093135	-0.6981317	0	9.529262439615317e-09	0	0	0	0	0	0	0	0	0	0	0	0	0	0	0	0	0	0	0	0
47.72000000000001	11.02583082249263	1.178151759031559	-18.27388790731689	0	0.9399999999999999	0	0	0	0	0	0	0	0	0	1.015885123344121	-0.6520575163093135	-0.6981317	0	9.529262439615317e-09	0	0	0	0	0	0	0	0	0	0	0	0	0	0	0	0	0	0	0	0
47.74	11.04528772824112	1.187096256791892	-18.33367537290966	0	0.9399999999999999	0	0	0	0	0	0	0	0	0	1.003478895706128	-0.7226240690248982	-0.6981317	0	-2.454792351773896e-08	0	0	0	0	0	0	0	0	0	0	0	0	0	0	0	0	0	0	0	0
47.76000000000001	11.04528772824112	1.187096256791892	-18.33367537290966	0	0.9399999999999999	0	0	0	0	0	0	0	0	0	1.003478895706128	-0.7226240690248982	-0.6981317	0	-2.454792351773896e-08	0	0	0	0	0	0	0	0	0	0	0	0	0	0	0	0	0	0	0	0
47.78	11.04280697651394	1.201980251878679	-18.36806644380692	0	0.9399999999999999	0	0	0	0	0	0	0	0	0	0.9818683332673047	-0.7832248357858251	-0.6981317	0	-3.01474898170135e-07	0	0	0	0	0	0	0	0	0	0	0	0	0	0	0	0	0	0	0	0
47.8	11.03692980426145	1.206477049761201	-18.37935500864319	0	0.9399999999999999	0	0	0	0	0	0	0	0	0	0.9670727634485449	-0.816640353495695	-0.6981317	0	-4.341059416125346e-07	0	0	0	0	0	0	0	0	0	0	0	0	0	0	0	0	0	0	0	0
47.82000000000001	11.03692980426145	1.206477049761201	-18.37935500864319	0	0.9399999999999999	0	0	0	0	0	0	0	0	0	0.9670727634485449	-0.816640353495695	-0.6981317	0	-4.341059416125346e-07	0	0	0	0	0	0	0	0	0	0	0	0	0	0	0	0	0	0	0	0
47.84	11.03210290534264	1.205814582085924	-18.40226459959512	0	0.9399999999999999	0	0	0	0	0	0	0	0	0	0.9361805930387881	-0.8620934901653836	-0.6981317	0	2.928329350813861e-06	0	0	0	0	0	0	0	0	0	0	0	0	0	0	0	0	0	0	0	0
47.86000000000001	10.97556324436418	1.229392808913648	-18.34035162678627	0	0.9399999999999999	0	0	0	0	0	0	0	0	0	0.8950965712853887	-0.8726646300000001	-0.6981317	0	-4.018310994591431e-07	0	0	0	0	0	0	0	0	0	0	0	0	0	0	0	0	0	0	0	0
47.88	10.89962333027056	1.236454515592607	-18.26239556789033	0	0.9399999999999999	0	0	0	0	0	0	0	0	0	0.8728725301850008	-0.8726646300000001	-0.6981317	0	2.961548680809051e-07	0	0	0	0	0	0	0	0	0	0	0	0	0	0	0	0	0	0	0	0
47.90000000000001	10.89962333027056	1.236454515592607	-18.26239556789033	0	0.9399999999999999	0	0	0	0	0	0	0	0	0	0.8728725301850008	-0.8726646300000001	-0.6981317	0	2.961548680809051e-07	0	0	0	0	0	0	0	0	0	0	0	0	0	0	0	0	0	0	0	0
47.92	10.82450093606392	1.238626849249486	-18.18380419896237	0	0.9399999999999999	0	0	0	0	0	0	0	0	0	0.8503789306700165	-0.8726646300000001	-0.6981317	0	1.485385665832409e-07	0	0	0	0	0	0	0	0	0	0	0	0	0	0	0	0	0	0	0	0
47.94	10.74308931690635	1.242696380256617	-18.08421993822618	0	0.9399999999999999	0	0	0	0	0	0	0	0	0	0.791364107611475	-0.8726646300000001	-0.6981317	0	8.985347134650823e-08	0	0	0	0	0	0	0	0	0	0	0	0	0	0	0	0	0	0	0	0
47.96	10.74308931690635	1.242696380256617	-18.08421993822618	0	0.9399999999999999	0	0	0	0	0	0	0	0	0	0.791364107611475	-0.8726646300000001	-0.6981317	0	8.985347134650823e-08	0	0	0	0	0	0	0	0	0	0	0	0	0	0	0	0	0	0	0	0
47.98	10.7071311433151	1.245275208876086	-18.03533092300858	0	0.9399999999999999	0	0	0	0	0	0	0	0	0	0.7591946123230432	-0.8726646300000001	-0.6981317	0	4.608628301398343e-09	0	0	0	0	0	0	0	0	0	0	0	0	0	0	0	0	0	0	0	0
48.00000000000001	10.66848760846516	1.242594170334436	-17.98622692705553	0	0.9399999999999999	0	0	0	0	0	0	0	0	0	0.7308711650031089	-0.8726646300000001	-0.6981317	0	1.511902232566751e-07	0	0	0	0	0	0	0	0	0	0	0	0	0	0	0	0	0	0	0	0
48.02	10.63707545029688	1.23874853117218	-17.94688960690074	0	0.9399999999999999	0	0	0	0	0	0	0	0	0	0.7025325552022685	-0.8726646300000001	-0.6981317	0	1.299544763090722e-07	0	0	0	0	0	0	0	0	0	0	0	0	0	0	0	0	0	0	0	0
48.04000000000001	10.61547484764655	1.237898768124607	-17.91748720006141	0	0.9399999999999999	0	0	0	0	0	0	0	0	0	0.6742279152340204	-0.8726646300000001	-0.6981317	0	1.095758335505948e-07	0	0	0	0	0	0	0	0	0	0	0	0	0	0	0	0	0	0	0	0
48.06	10.59555255885883	1.24338502960933	-17.88974561055079	0	0.9399999999999999	0	0	0	0	0	0	0	0	0	0.6357501193593479	-0.8726646300000001	-0.6981317	0	-5.535026383355414e-08	0	0	0	0	0	0	0	0	0	0	0	0	0	0	0	0	0	0	0	0
48.08000000000001	10.57807292671191	1.248290868335224	-17.85444456116463	0	0.9399999999999999	0	0	0	0	0	0	0	0	0	0.5460494904797126	-0.8726646300000001	-0.6981317	0	7.446323066177552e-09	0	0	0	0	0	0	0	0	0	0	0	0	0	0	0	0	0	0	0	0
48.1	10.46812808764038	1.269687972182688	-17.74879448505878	0	0.9399999999999999	0	0	0	0	0	0	0	0	0	0.4586934069920612	-0.8726646300000001	-0.6981317	0	3.608672486492586e-08	0	0	0	0	0	0	0	0	0	0	0	0	0	0	0	0	0	0	0	0
48.12	10.41741064916265	1.270239967971549	-17.70518918549381	0	0.9399999999999999	0	0	0	0	0	0	0	0	0	0.3689106063484808	-0.8691850183956548	-0.6981317	0	-3.644370015482926e-08	0	0	0	0	0	0	0	0	0	0	0	0	0	0	0	0	0	0	0	0
48.14000000000001	10.41741064916265	1.270239967971549	-17.70518918549381	0	0.9399999999999999	0	0	0	0	0	0	0	0	0	0.3689106063484808	-0.8691850183956548	-0.6981317	0	-3.644370015482926e-08	0	0	0	0	0	0	0	0	0	0	0	0	0	0	0	0	0	0	0	0
48.16	10.18172051042061	1.294347019530362	-17.48192938092505	0	0.9399999999999999	0	0	0	0	0	0	0	0	0	0.1378332556205182	-0.767266875761658	-0.6981317	0	3.178110150195957e-07	0	0	0	0	0	0	0	0	0	0	0	0	0	0	0	0	0	0	0	0
48.18000000000001	10.18172051042061	1.294347019530362	-17.48192938092505	0	0.9399999999999999	0	0	0	0	0	0	0	0	0	0.1378332556205182	-0.767266875761658	-0.6981317	0	3.178110150195957e-07	0	0	0	0	0	0	0	0	0	0	0	0	0	0	0	0	0	0	0	0
48.2	10.08060114831429	1.304826212643452	-17.38727110003228	0	0.9399999999999999	0	0	0	0	0	0	0	0	0	0.0332724964566999	-0.7152081295056811	-0.6981317	0	6.237525912413412e-09	0	0	0	0	0	0	0	0	0	0	0	0	0	0	0	0	0	0	0	0
48.22000000000001	9.99981739960517	1.320525311171091	-17.30789543631793	0	0.9399999999999999	0	0	0	0	0	0	0	0	0	-0.06174260557022153	-0.6669247994120919	-0.6981317	0	1.036009335671572e-07	0	0	0	0	0	0	0	0	0	0	0	0	0	0	0	0	0	0	0	0
48.24	9.849171335750277	1.330791267353824	-17.15106843722059	0	0.9399999999999999	0	0	0	0	0	0	0	0	0	-0.1839951661933905	-0.573915478025803	-0.6981317	0	2.875323360512935e-08	0	0	0	0	0	0	0	0	0	0	0	0	0	0	0	0	0	0	0	0
48.26000000000001	9.778579656638563	1.334193825590911	-17.07139837396636	0	0.9399999999999999	0	0	0	0	0	0	0	0	0	-0.2416436692453237	-0.5397711224288586	-0.6981317	0	3.62494338680449e-08	0	0	0	0	0	0	0	0	0	0	0	0	0	0	0	0	0	0	0	0
48.28	9.788925914283222	1.33393176125464	-17.07122813970432	0	0.9399999999999999	0	0	0	0	0	0	0	0	0	-0.2270756870254035	-0.5305960003907367	-0.6981317	0	-1.61458458056536e-09	0	0	0	0	0	0	0	0	0	0	0	0	0	0	0	0	0	0	0	0
48.3	9.794612385691114	1.340701912833677	-17.0404424199234	0	0.9399999999999999	0	0	0	0	0	0	0	0	0	-0.2642200311948528	-0.5027926798117325	-0.6981317	0	-3.566654896654053e-09	0	0	0	0	0	0	0	0	0	0	0	0	0	0	0	0	0	0	0	0
48.32000000000001	9.667828276351292	1.343184940054257	-16.85265777511978	0	0.9399999999999999	0	0	0	0	0	0	0	0	0	-0.3402676456452314	-0.40087870300566	-0.6981317	0	-2.491215961821446e-07	0	0	0	0	0	0	0	0	0	0	0	0	0	0	0	0	0	0	0	0
48.34	9.749669961020624	1.359072997821388	-16.92220096263742	0	0.9399999999999999	0	0	0	0	0	0	0	0	0	-0.3428984891530334	-0.4258939160805613	-0.6981317	0	-1.690092785944545e-07	0	0	0	0	0	0	0	0	0	0	0	0	0	0	0	0	0	0	0	0
48.36000000000001	9.568681223873499	1.357506320037271	-16.67983623172857	0	0.9399999999999999	0	0	0	0	0	0	0	0	0	-0.4276544918492032	-0.2967891873987221	-0.6981317	0	5.461754978706587e-08	0	0	0	0	0	0	0	0	0	0	0	0	0	0	0	0	0	0	0	0
48.38	9.501260700107478	1.361089762193426	-16.58095418422469	0	0.9399999999999999	0	0	0	0	0	0	0	0	0	-0.4750197412332906	-0.2320020216040887	-0.6981317	0	3.308331722658607e-08	0	0	0	0	0	0	0	0	0	0	0	0	0	0	0	0	0	0	0	0
48.40000000000001	9.43500291327315	1.359065265788325	-16.49242727209563	0	0.9399999999999999	0	0	0	0	0	0	0	0	0	-0.52359878	-0.1574897125564514	-0.6981317	0	-7.62343468575438e-07	0	0	0	0	0	0	0	0	0	0	0	0	0	0	0	0	0	0	0	0
48.42	9.498228753968704	1.355808270872187	-16.53673821882943	0	0.9399999999999999	0	0	0	0	0	0	0	0	0	-0.52359878	-0.1686625019054098	-0.6981317	0	2.956646286113908e-07	0	0	0	0	0	0	0	0	0	0	0	0	0	0	0	0	0	0	0	0
48.44	9.554039179532012	1.350603709882398	-16.58779955262428	0	0.9399999999999999	0	0	0	0	0	0	0	0	0	-0.52359878	-0.1024221483509477	-0.6981317	0	-6.037138510897222e-08	0	0	0	0	0	0	0	0	0	0	0	0	0	0	0	0	0	0	0	0
48.46	9.666988621758806	1.29826897657161	-16.71224552031494	0	0.9399999999999999	0	0	0	0	0	0	0	0	0	-0.52359878	0.07214575132750098	-0.6981317	0	-4.260665636816057e-08	0	0	0	0	0	0	0	0	0	0	0	0	0	0	0	0	0	0	0	0
48.48	9.666988621758806	1.29826897657161	-16.71224552031494	0	0.9399999999999999	0	0	0	0	0	0	0	0	0	-0.52359878	0.07214575132750098	-0.6981317	0	-4.260665636816057e-08	0	0	0	0	0	0	0	0	0	0	0	0	0	0	0	0	0	0	0	0
48.50000000000001	9.713717161043956	1.282043902854294	-16.78627965814132	0	0.9399999999999999	0	0	0	0	0	0	0	0	0	-0.52359878	0.1590410330150131	-0.6981317	0	2.229290937358258e-07	0	0	0	0	0	0	0	0	0	0	0	0	0	0	0	0	0	0	0	0
48.52	9.753239285529602	1.271742600176073	-16.86735439810014	0	0.9399999999999999	0	0	0	0	0	0	0	0	0	-0.52359878	0.2460844820071771	-0.6981317	0	1.102798658456831e-07	0	0	0	0	0	0	0	0	0	0	0	0	0	0	0	0	0	0	0	0
48.54000000000001	9.844262155878791	1.263946666917546	-17.07852765812016	0	0.9399999999999999	0	0	0	0	0	0	0	0	0	-0.52359878	0.4232758064904145	-0.6981317	0	-4.085948008407964e-08	0	0	0	0	0	0	0	0	0	0	0	0	0	0	0	0	0	0	0	0
48.56	9.844262155878791	1.263946666917546	-17.07852765812016	0	0.9399999999999999	0	0	0	0	0	0	0	0	0	-0.52359878	0.4232758064904145	-0.6981317	0	-4.085948008407964e-08	0	0	0	0	0	0	0	0	0	0	0	0	0	0	0	0	0	0	0	0
48.58000000000001	10.1716046030786	1.260094916124781	-17.49603036591327	0	0.9399999999999999	0	0	0	0	0	0	0	0	0	-0.52359878	0.52359878	-0.6981317	0	-6.243780182752183e-07	0	0	0	0	0	0	0	0	0	0	0	0	0	0	0	0	0	0	0	0
48.6	10.25570275452596	1.268153242348415	-17.60388102466772	0	0.9399999999999999	0	0	0	0	0	0	0	0	0	-0.52359878	0.52359878	-0.6981317	0	4.558052647922538e-07	0	0	0	0	0	0	0	0	0	0	0	0	0	0	0	0	0	0	0	0
48.62	10.56264795281053	1.197172317804604	-17.89077509862046	0	0.9399999999999999	0	0	0	0	0	0	0	0	0	-0.52359878	0.52359878	-0.6981317	0	6.14208789641976e-08	0	0	0	0	0	0	0	0	0	0	0	0	0	0	0	0	0	0	0	0
48.64000000000001	10.56264795281053	1.197172317804604	-17.89077509862046	0	0.9399999999999999	0	0	0	0	0	0	0	0	0	-0.52359878	0.52359878	-0.6981317	0	6.14208789641976e-08	0	0	0	0	0	0	0	0	0	0	0	0	0	0	0	0	0	0	0	0
48.66	10.60693936595459	1.136969051723737	-17.91766421251499	0	0.9399999999999999	0	0	0	0	0	0	0	0	0	-0.52359878	0.52359878	-0.6981317	0	5.361989390846352e-07	0	0	0	0	0	0	0	0	0	0	0	0	0	0	0	0	0	0	0	0
48.68000000000001	10.60841901560748	1.129684064638007	-17.92061159685857	0	0.9399999999999999	0	0	0	0	0	0	0	0	0	-0.52359878	0.52359878	-0.6981317	0	-7.030274221842352e-08	0	0	0	0	0	0	0	0	0	0	0	0	0	0	0	0	0	0	0	0
48.7	10.60841799470179	1.12968346920266	-17.92060847563951	0	0.9399999999999999	0	0	0	0	0	0	0	0	0	-0.52359878	0.52359878	-0.6981317	0	6.327246799658117e-07	0	0	0	0	0	0	0	0	0	0	0	0	0	0	0	0	0	0	0	0
48.72000000000001	10.63145044376624	1.151257100175867	-17.96012056065522	0	0.9399999999999999	0	0	0	0	0	0	0	0	0	-0.52359878	0.52359878	-0.6981317	0	-6.139447211126616e-08	0	0	0	0	0	0	0	0	0	0	0	0	0	0	0	0	0	0	0	0
48.74	10.63145044376624	1.151257100175867	-17.96012056065522	0	0.9399999999999999	0	0	0	0	0	0	0	0	0	-0.52359878	0.52359878	-0.6981317	0	-6.139447211126616e-08	0	0	0	0	0	0	0	0	0	0	0	0	0	0	0	0	0	0	0	0
48.76000000000001	10.65428922113491	1.163326329345835	-17.98397206971189	0	0.9399999999999999	0	0	0	0	0	0	0	0	0	-0.52359878	0.52359878	-0.6981317	0	6.163305432877538e-07	0	0	0	0	0	0	0	0	0	0	0	0	0	0	0	0	0	0	0	0
48.78	10.6611807328439	1.182397132906833	-17.98146281936635	0	0.9399999999999999	0	0	0	0	0	0	0	0	0	-0.52359878	0.52359878	-0.6981317	0	1.855835467908499e-08	0	0	0	0	0	0	0	0	0	0	0	0	0	0	0	0	0	0	0	0
48.8	10.65066357329772	1.202834666689409	-17.96465035624279	0	0.9399999999999999	0	0	0	0	0	0	0	0	0	-0.5154214467937703	0.52359878	-0.6981317	0	-1.015432401051866e-07	0	0	0	0	0	0	0	0	0	0	0	0	0	0	0	0	0	0	0	0
48.82000000000001	10.62923555582456	1.232147489886059	-17.94329297568333	0	0.9399999999999999	0	0	0	0	0	0	0	0	0	-0.5113222733140882	0.52359878	-0.6981317	0	4.587722104138377e-07	0	0	0	0	0	0	0	0	0	0	0	0	0	0	0	0	0	0	0	0
48.84	10.52791610828692	1.274108176378981	-17.83195431763979	0	0.9399999999999999	0	0	0	0	0	0	0	0	0	-0.5191873307284565	0.52359878	-0.6981317	0	-8.191314807235472e-07	0	0	0	0	0	0	0	0	0	0	0	0	0	0	0	0	0	0	0	0
48.86000000000001	10.25182035103166	1.305942351356737	-17.54110997760444	0	0.9399999999999999	0	0	0	0	0	0	0	0	0	-0.52359878	0.52359878	-0.6981317	0	3.881482157924125e-07	0	0	0	0	0	0	0	0	0	0	0	0	0	0	0	0	0	0	0	0
48.88	9.987580665709054	1.313142944433931	-17.29254648790089	0	0.9399999999999999	0	0	0	0	0	0	0	0	0	-0.52359878	0.52359878	-0.6981317	0	3.833092327654057e-07	0	0	0	0	0	0	0	0	0	0	0	0	0	0	0	0	0	0	0	0
48.90000000000001	9.934601749529271	1.317408296098909	-17.25574352902511	0	0.9399999999999999	0	0	0	0	0	0	0	0	0	-0.52359878	0.5003676344972843	-0.6981317	0	-4.337515400657356e-08	0	0	0	0	0	0	0	0	0	0	0	0	0	0	0	0	0	0	0	0
48.92	9.88644101243178	1.32433975892102	-17.17463119342247	0	0.9399999999999999	0	0	0	0	0	0	0	0	0	-0.52359878	0.4429796627636749	-0.6981317	0	2.585515317212587e-08	0	0	0	0	0	0	0	0	0	0	0	0	0	0	0	0	0	0	0	0
48.94	9.901167318178478	1.338079344233976	-17.16925009831831	0	0.9399999999999999	0	0	0	0	0	0	0	0	0	-0.52359878	0.3752393808084505	-0.6981317	0	1.103848860605231e-06	0	0	0	0	0	0	0	0	0	0	0	0	0	0	0	0	0	0	0	0
48.96	10.51024518613774	1.294503163544004	-17.71947378257231	0	0.9399999999999999	0	0	0	0	0	0	0	0	0	-0.3586870931972574	0.1200720297224153	-0.6981317	0	1.794405930226976e-08	0	0	0	0	0	0	0	0	0	0	0	0	0	0	0	0	0	0	0	0
48.98	10.79856825366784	1.192068950848007	-17.96728750587195	0	0.9399999999999999	0	0	0	0	0	0	0	0	0	-0.1823910267249347	-0.1928503193770854	-0.6981317	0	5.524159292448798e-08	0	0	0	0	0	0	0	0	0	0	0	0	0	0	0	0	0	0	0	0
49.00000000000001	10.92557921736972	1.163318304738017	-18.09451409048142	0	0.9399999999999999	0	0	0	0	0	0	0	0	0	-0.1126032441211863	-0.3442849350846625	-0.6981317	0	1.09609261478154e-07	0	0	0	0	0	0	0	0	0	0	0	0	0	0	0	0	0	0	0	0
49.02	10.92557921736972	1.163318304738017	-18.09451409048142	0	0.9399999999999999	0	0	0	0	0	0	0	0	0	-0.1126032441211863	-0.3442849350846625	-0.6981317	0	1.09609261478154e-07	0	0	0	0	0	0	0	0	0	0	0	0	0	0	0	0	0	0	0	0
49.04000000000001	10.94233620193081	1.133442747981736	-18.12704757679219	0	0.9399999999999999	0	0	0	0	0	0	0	0	0	-0.03375012163923639	-0.4621569330385866	-0.6981317	0	2.551828288902347e-07	0	0	0	0	0	0	0	0	0	0	0	0	0	0	0	0	0	0	0	0
49.06	10.90450403447275	1.07750334444111	-18.14003911734275	0	0.9399999999999999	0	0	0	0	0	0	0	0	0	0.117626792467197	-0.6422746736442601	-0.6981317	0	8.875863922228127e-07	0	0	0	0	0	0	0	0	0	0	0	0	0	0	0	0	0	0	0	0
49.08000000000001	10.90450183078879	1.077502864373897	-18.14003851464364	0	0.9399999999999999	0	0	0	0	0	0	0	0	0	0.1176267316769715	-0.6422740455557545	-0.6981317	0	7.001909173392206e-07	0	0	0	0	0	0	0	0	0	0	0	0	0	0	0	0	0	0	0	0
49.1	10.9186419231023	1.0677284279458	-18.21357634887164	0	0.9399999999999999	0	0	0	0	0	0	0	0	0	0.2073836726998689	-0.7804848265842413	-0.6981317	0	-2.846239767622606e-07	0	0	0	0	0	0	0	0	0	0	0	0	0	0	0	0	0	0	0	0
49.12	10.91457647369581	1.078306658844508	-18.24181433726272	0	0.9399999999999999	0	0	0	0	0	0	0	0	0	0.2389941304320743	-0.828747210275408	-0.6981317	0	1.605182111373469e-08	0	0	0	0	0	0	0	0	0	0	0	0	0	0	0	0	0	0	0	0
49.14000000000001	10.91457647369581	1.078306658844508	-18.24181433726272	0	0.9399999999999999	0	0	0	0	0	0	0	0	0	0.2389941304320743	-0.828747210275408	-0.6981317	0	1.605182111373469e-08	0	0	0	0	0	0	0	0	0	0	0	0	0	0	0	0	0	0	0	0
49.16	10.89987188398993	1.094629985968594	-18.25798127999279	0	0.9399999999999999	0	0	0	0	0	0	0	0	0	0.2668516477300799	-0.8636551502009129	-0.6981317	0	3.570351118496978e-06	0	0	0	0	0	0	0	0	0	0	0	0	0	0	0	0	0	0	0	0
49.18000000000001	10.85416076159216	1.130211383036085	-18.23385749457541	0	0.9399999999999999	0	0	0	0	0	0	0	0	0	0.2919019910104779	-0.8654356359956135	-0.6981317	0	-1.080503074070739e-07	0	0	0	0	0	0	0	0	0	0	0	0	0	0	0	0	0	0	0	0
49.2	10.83119426233269	1.151280076349382	-18.22512812120147	0	0.9399999999999999	0	0	0	0	0	0	0	0	0	0.3237753817707765	-0.8726646300000001	-0.6981317	0	3.349297128572184e-08	0	0	0	0	0	0	0	0	0	0	0	0	0	0	0	0	0	0	0	0
49.22000000000001	10.7990147582353	1.176402583408912	-18.20488643690575	0	0.9399999999999999	0	0	0	0	0	0	0	0	0	0.4046308207807561	-0.8726646300000001	-0.6981317	0	-2.472152155345248e-08	0	0	0	0	0	0	0	0	0	0	0	0	0	0	0	0	0	0	0	0
49.24	10.78948838075709	1.182394398691705	-18.19125729230363	0	0.9399999999999999	0	0	0	0	0	0	0	0	0	0.4030880047724177	-0.8726646300000001	-0.6981317	0	-3.075308675447179e-09	0	0	0	0	0	0	0	0	0	0	0	0	0	0	0	0	0	0	0	0
49.26000000000001	10.77961226630638	1.182197505736979	-18.18271626242813	0	0.9399999999999999	0	0	0	0	0	0	0	0	0	0.485829691395645	-0.8726646300000001	-0.6981317	0	-2.67089381366024e-08	0	0	0	0	0	0	0	0	0	0	0	0	0	0	0	0	0	0	0	0
49.28	10.75398761407022	1.182039075203913	-18.15200494899641	0	0.9399999999999999	0	0	0	0	0	0	0	0	0	0.492643328514369	-0.8714808305929993	-0.6981317	0	5.888819344378693e-07	0	0	0	0	0	0	0	0	0	0	0	0	0	0	0	0	0	0	0	0
49.3	10.7695649046029	1.172525616917619	-18.16838302409537	0	0.9399999999999999	0	0	0	0	0	0	0	0	0	0.5359618281041147	-0.8726646300000001	-0.6981317	0	1.397955984670244e-07	0	0	0	0	0	0	0	0	0	0	0	0	0	0	0	0	0	0	0	0
49.32000000000001	10.73869815919245	1.17261776985745	-18.12089701050706	0	0.9399999999999999	0	0	0	0	0	0	0	0	0	0.579703871253247	-0.8447348981516083	-0.6981317	0	-1.099876081898867e-08	0	0	0	0	0	0	0	0	0	0	0	0	0	0	0	0	0	0	0	0
49.34	10.70460995419494	1.173552482020266	-18.06766791118392	0	0.9399999999999999	0	0	0	0	0	0	0	0	0	0.6172798957318628	-0.8152093341141566	-0.6981317	0	-2.001104350172113e-06	0	0	0	0	0	0	0	0	0	0	0	0	0	0	0	0	0	0	0	0
49.36000000000001	10.65947920791729	1.157890755361994	-18.01200838943043	0	0.9399999999999999	0	0	0	0	0	0	0	0	0	0.6763187921090495	-0.8102744882165056	-0.6981317	0.01474429446077704	0.01474432388291996	0	0	0	0	0	0	0	0	0	0	0	0	0	0	0	0	0	0	0	0
49.38	10.64686501363045	1.125093104928884	-18.00970974887375	0	0.9399999999999999	0	0	0	0	0	0	0	0	0	0.7494835718595331	-0.8584497761361878	-0.6981317	0.06367243523072261	0.06367254677575207	0	0	0	0	0	0	0	0	0	0	0	0	0	0	0	0	0	0	0	0
49.40000000000001	10.57966090219403	1.106162824686832	-17.94563497721063	0	0.9399999999999999	0	0	0	0	0	0	0	0	0	0.8212919852027593	-0.8726646300000001	-0.6981317	0.07303587438022877	0.07303591872903292	0	0	0	0	0	0	0	0	0	0	0	0	0	0	0	0	0	0	0	0
49.42	10.58413863395611	1.085772316720643	-17.94788754963446	0	0.9399999999999999	0	0	0	0	0	0	0	0	0	0.8580293494504302	-0.8726646300000001	-0.6981317	0	9.582449109044862e-08	0	0	0	0	0	0	0	0	0	0	0	0	0	0	0	0	0	0	0	0
49.44	10.56346098484156	1.07803504857363	-17.91310154295509	0	0.9399999999999999	0	0	0	0	0	0	0	0	0	0.8995593017605531	-0.8726646300000001	-0.6981317	0	-1.522985255443219e-07	0	0	0	0	0	0	0	0	0	0	0	0	0	0	0	0	0	0	0	0
49.46	10.56396476953318	1.066082356945657	-17.89711968749483	0	0.9399999999999999	0	0	0	0	0	0	0	0	0	0.9331406574497692	-0.8726646300000001	-0.6981317	0	-1.481812747290925e-08	0	0	0	0	0	0	0	0	0	0	0	0	0	0	0	0	0	0	0	0
49.48	10.56396476953318	1.066082356945657	-17.89711968749483	0	0.9399999999999999	0	0	0	0	0	0	0	0	0	0.9331406574497692	-0.8726646300000001	-0.6981317	0	-1.481812747290925e-08	0	0	0	0	0	0	0	0	0	0	0	0	0	0	0	0	0	0	0	0
49.50000000000001	10.57839442390246	1.052721953831089	-17.86460608716276	0	0.9399999999999999	0	0	0	0	0	0	0	0	0	0.9339731472234384	-0.8726646300000001	-0.6981317	0	-4.565890775582175e-07	0	0	0	0	0	0	0	0	0	0	0	0	0	0	0	0	0	0	0	0
49.52	10.57839442390246	1.052721953831089	-17.86460608716276	0	0.9399999999999999	0	0	0	0	0	0	0	0	0	0.9339731472234384	-0.8726646300000001	-0.6981317	0	-4.565890775582175e-07	0	0	0	0	0	0	0	0	0	0	0	0	0	0	0	0	0	0	0	0
49.54000000000001	10.52285367362729	1.070845501022891	-17.76511404289446	0	0.9399999999999999	0	0	0	0	0	0	0	0	0	0.8518503580120752	-0.8726646300000001	-0.6981317	0	-5.165552876462925e-08	0	0	0	0	0	0	0	0	0	0	0	0	0	0	0	0	0	0	0	0
49.56	10.52910747526944	1.066748136935342	-17.76537371788698	0	0.9399999999999999	0	0	0	0	0	0	0	0	0	0.8543842921858867	-0.8726646300000001	-0.6981317	0	1.229298754626247e-06	0	0	0	0	0	0	0	0	0	0	0	0	0	0	0	0	0	0	0	0
49.58000000000001	10.3978168255026	1.090785838721453	-17.62363598813098	0	0.9399999999999999	0	0	0	0	0	0	0	0	0	0.7438292689937586	-0.8726646300000001	-0.6981317	0	2.930911643018189e-08	0	0	0	0	0	0	0	0	0	0	0	0	0	0	0	0	0	0	0	0
49.6	10.31124587458988	1.107587456736578	-17.53914122349947	0	0.9399999999999999	0	0	0	0	0	0	0	0	0	0.6804396937802637	-0.8726646300000001	-0.6981317	0	-6.298786006080985e-08	0	0	0	0	0	0	0	0	0	0	0	0	0	0	0	0	0	0	0	0
49.62	10.31124587458988	1.107587456736578	-17.53914122349947	0	0.9399999999999999	0	0	0	0	0	0	0	0	0	0.6804396937802637	-0.8726646300000001	-0.6981317	0	-6.298786006080985e-08	0	0	0	0	0	0	0	0	0	0	0	0	0	0	0	0	0	0	0	0
49.64000000000001	10.19671143505205	1.121865062417507	-17.40627875545428	0	0.9399999999999999	0	0	0	0	0	0	0	0	0	0.6196991690640893	-0.8726646300000001	-0.6167430252656474	0	-5.885900714383004e-08	0	0	0	0	0	0	0	0	0	0	0	0	0	0	0	0	0	0	0	0
49.66	10.14007697630793	1.131145839361784	-17.3586669610827	0	0.9399999999999999	0	0	0	0	0	0	0	0	0	0.550870623433525	-0.8726646300000001	-0.6141584948273885	0	-4.006956488507952e-08	0	0	0	0	0	0	0	0	0	0	0	0	0	0	0	0	0	0	0	0
49.68000000000001	10.10393371003328	1.16040553108775	-17.3405094531008	0	0.9399999999999999	0	0	0	0	0	0	0	0	0	0.4935539516475296	-0.8726646300000001	-0.6500881756999564	0	1.062678425683576e-07	0	0	0	0	0	0	0	0	0	0	0	0	0	0	0	0	0	0	0	0
49.7	10.09092937770626	1.161109692588362	-17.3329977476792	0	0.9399999999999999	0	0	0	0	0	0	0	0	0	0.4438621902659496	-0.8726646300000001	-0.6438668069831638	0	1.160176493312068e-07	0	0	0	0	0	0	0	0	0	0	0	0	0	0	0	0	0	0	0	0
49.72000000000001	10.0434436774233	1.204917041112455	-17.3111333931956	0	0.9399999999999999	0	0	0	0	0	0	0	0	0	0.3015632631353746	-0.8726646300000001	-0.6981317	0	1.126016916962754e-07	0	0	0	0	0	0	0	0	0	0	0	0	0	0	0	0	0	0	0	0
49.74	10.03448109328715	1.25333506818957	-17.29326378645646	0	0.9399999999999999	0	0	0	0	0	0	0	0	0	0.2003417258477015	-0.8726646300000001	-0.6981317	0	3.779876482601493e-08	0	0	0	0	0	0	0	0	0	0	0	0	0	0	0	0	0	0	0	0
49.76000000000001	10.05104947146088	1.294760729902286	-17.29412593338997	0	0.9399999999999999	0	0	0	0	0	0	0	0	0	0.1065370531513743	-0.8726646300000001	-0.6981317	0	-2.589121241386775e-07	0	0	0	0	0	0	0	0	0	0	0	0	0	0	0	0	0	0	0	0
49.78	10.0935405802054	1.286339068411195	-17.32047847085396	0	0.9399999999999999	0	0	0	0	0	0	0	0	0	0.05848582700380302	-0.8726646300000001	-0.6981317	0	1.156999799216895e-06	0	0	0	0	0	0	0	0	0	0	0	0	0	0	0	0	0	0	0	0
49.8	10.15385354337182	1.246433555999538	-17.36303060085273	0	0.9399999999999999	0	0	0	0	0	0	0	0	0	0.03867035516475565	-0.8726646300000001	-0.6981317	0	5.295012639139655e-09	0	0	0	0	0	0	0	0	0	0	0	0	0	0	0	0	0	0	0	0
49.82000000000001	10.19242175114092	1.227482857566474	-17.37839269532407	0	0.9399999999999999	0	0	0	0	0	0	0	0	0	-0.001260018705658344	-0.8531470717345253	-0.6981317	0	1.17117506737181e-06	0	0	0	0	0	0	0	0	0	0	0	0	0	0	0	0	0	0	0	0
49.84	10.19322984046411	1.234870149759526	-17.34997686962642	0	0.9399999999999999	0	0	0	0	0	0	0	0	0	-0.05948854107788695	-0.8113673253247443	-0.6981317	0	-2.856169795707494e-08	0	0	0	0	0	0	0	0	0	0	0	0	0	0	0	0	0	0	0	0
49.86000000000001	10.17550035749098	1.251331513975605	-17.29686436053434	0	0.9399999999999999	0	0	0	0	0	0	0	0	0	-0.114530636188744	-0.7631099478237203	-0.6981317	0	-1.034809758610842e-07	0	0	0	0	0	0	0	0	0	0	0	0	0	0	0	0	0	0	0	0
49.88	10.16005812402946	1.273253370356922	-17.23863560324603	0	0.9399999999999999	0	0	0	0	0	0	0	0	0	-0.1573384433110138	-0.7140595958762831	-0.6981317	0	-4.485593867550012e-08	0	0	0	0	0	0	0	0	0	0	0	0	0	0	0	0	0	0	0	0
49.90000000000001	10.15473013675782	1.297115199001584	-17.1810100820799	0	0.9399999999999999	0	0	0	0	0	0	0	0	0	-0.1824359628350471	-0.6628786378144821	-0.6981317	0	-5.173729969353671e-08	0	0	0	0	0	0	0	0	0	0	0	0	0	0	0	0	0	0	0	0
49.92	10.17132354847198	1.313652244802265	-17.13970534742931	0	0.9399999999999999	0	0	0	0	0	0	0	0	0	-0.1877812015439558	-0.6071692918758579	-0.6981317	0	4.684496107714774e-07	0	0	0	0	0	0	0	0	0	0	0	0	0	0	0	0	0	0	0	0
49.94	10.21746943054475	1.319083209542333	-17.12849025689586	0	0.9399999999999999	0	0	0	0	0	0	0	0	0	-0.177754911843834	-0.5452742623895578	-0.6981317	0	-3.088190357146263e-10	0	0	0	0	0	0	0	0	0	0	0	0	0	0	0	0	0	0	0	0
49.96	10.2748289267141	1.314265693511328	-17.10450072851239	0	0.9399999999999999	0	0	0	0	0	0	0	0	0	-0.1895022916560516	-0.3542519667847186	-0.6981317	0	2.541530726327652e-08	0	0	0	0	0	0	0	0	0	0	0	0	0	0	0	0	0	0	0	0
49.98	10.2748289267141	1.314265693511328	-17.10450072851239	0	0.9399999999999999	0	0	0	0	0	0	0	0	0	-0.1895022916560516	-0.3542519667847186	-0.6981317	0	2.541530726327652e-08	0	0	0	0	0	0	0	0	0	0	0	0	0	0	0	0	0	0	0	0
50.00000000000001	10.25231427251296	1.307291749141775	-17.07216649783292	0	0.9399999999999999	0	0	0	0	0	0	0	0	0	-0.2257451351672862	-0.2355201399747728	-0.6981317	0	-4.176201682017854e-07	0	0	0	0	0	0	0	0	0	0	0	0	0	0	0	0	0	0	0	0
50.02	10.21725855833166	1.296794994393342	-17.04720768675075	0	0.9399999999999999	0	0	0	0	0	0	0	0	0	-0.2682872874935044	-0.1137291019743947	-0.6981317	0	-1.041900593649859e-07	0	0	0	0	0	0	0	0	0	0	0	0	0	0	0	0	0	0	0	0
50.04000000000001	10.26134335226295	1.278683648477422	-17.11672851069757	0	0.9399999999999999	0	0	0	0	0	0	0	0	0	-0.2953484847196194	-0.01235267127709934	-0.6981317	0	-1.815326429843964e-08	0	0	0	0	0	0	0	0	0	0	0	0	0	0	0	0	0	0	0	0
50.06	10.26457686218216	1.2757144977839	-17.19588056729424	0	0.9399999999999999	0	0	0	0	0	0	0	0	0	-0.3591916161689108	0.2036594717467639	-0.6981317	0	-5.736583567350844e-06	0	0	0	0	0	0	0	0	0	0	0	0	0	0	0	0	0	0	0	0
50.08000000000001	10.34592988892249	1.277552831180219	-17.31996350321958	0	0.9399999999999999	0	0	0	0	0	0	0	0	0	-0.3548892082868658	0.2843706006480899	-0.6981317	0	1.403416335634327e-07	0	0	0	0	0	0	0	0	0	0	0	0	0	0	0	0	0	0	0	0
50.1	10.40840484215362	1.250205911652616	-17.41783753122985	0	0.9399999999999999	0	0	0	0	0	0	0	0	0	-0.3202850718136454	0.3681668394459404	-0.6981317	0	-9.989177922459505e-08	0	0	0	0	0	0	0	0	0	0	0	0	0	0	0	0	0	0	0	0
50.12	10.43950782062043	1.212721273321358	-17.44835652852654	0	0.9399999999999999	0	0	0	0	0	0	0	0	0	-0.2815264050475776	0.3529633630610046	-0.6981317	0	1.690558361643768e-07	0	0	0	0	0	0	0	0	0	0	0	0	0	0	0	0	0	0	0	0
50.14000000000001	10.47615959565978	1.172229635940811	-17.49743054712611	0	0.9399999999999999	0	0	0	0	0	0	0	0	0	-0.2476614966199829	0.5008709504375185	-0.6981317	0	1.519918027033644e-07	0	0	0	0	0	0	0	0	0	0	0	0	0	0	0	0	0	0	0	0
50.16	10.50424961911703	1.132510505540052	-17.51548976377027	0	0.9399999999999999	0	0	0	0	0	0	0	0	0	-0.202995657517857	0.520309247125278	-0.6981317	0	-3.349821653329498e-08	0	0	0	0	0	0	0	0	0	0	0	0	0	0	0	0	0	0	0	0
50.18000000000001	10.53171618898512	1.099938731755597	-17.5480689180722	0	0.9399999999999999	0	0	0	0	0	0	0	0	0	-0.1522325155702429	0.52359878	-0.6981317	0	2.084600755756162e-07	0	0	0	0	0	0	0	0	0	0	0	0	0	0	0	0	0	0	0	0
50.2	10.53171618898512	1.099938731755597	-17.5480689180722	0	0.9399999999999999	0	0	0	0	0	0	0	0	0	-0.1522325155702429	0.52359878	-0.6981317	0	2.084600755756162e-07	0	0	0	0	0	0	0	0	0	0	0	0	0	0	0	0	0	0	0	0
50.22000000000001	10.55860065679938	1.090957720610059	-17.58959939537696	0	0.9399999999999999	0	0	0	0	0	0	0	0	0	-0.1118129370886019	0.52359878	-0.6981317	0	-1.248324928087146e-08	0	0	0	0	0	0	0	0	0	0	0	0	0	0	0	0	0	0	0	0
50.24	10.5738498732291	1.101425218265885	-17.62176393167573	0	0.9399999999999999	0	0	0	0	0	0	0	0	0	-0.09274406330683223	0.52359878	-0.6981317	0	3.72338001169121e-07	0	0	0	0	0	0	0	0	0	0	0	0	0	0	0	0	0	0	0	0
50.26000000000001	10.57913794701101	1.1195363232148	-17.62014133283471	0	0.9399999999999999	0	0	0	0	0	0	0	0	0	-0.1001505683624451	0.52359878	-0.6981317	0	5.649988475960734e-07	0	0	0	0	0	0	0	0	0	0	0	0	0	0	0	0	0	0	0	0
50.28	10.55221976273298	1.129828458114983	-17.57634441379883	0	0.9399999999999999	0	0	0	0	0	0	0	0	0	-0.1169955157237376	0.52359878	-0.6981317	0	4.33518976162535e-08	0	0	0	0	0	0	0	0	0	0	0	0	0	0	0	0	0	0	0	0
50.3	10.55221976273298	1.129828458114983	-17.57634441379883	0	0.9399999999999999	0	0	0	0	0	0	0	0	0	-0.1169955157237376	0.52359878	-0.6981317	0	4.33518976162535e-08	0	0	0	0	0	0	0	0	0	0	0	0	0	0	0	0	0	0	0	0
50.32000000000001	10.52760013238369	1.15315401026913	-17.5581745443323	0	0.9399999999999999	0	0	0	0	0	0	0	0	0	-0.1428875323609138	0.52359878	-0.6981317	0	-7.47730155725722e-09	0	0	0	0	0	0	0	0	0	0	0	0	0	0	0	0	0	0	0	0
50.34	10.49552998527208	1.179030930092649	-17.54053026857956	0	0.9399999999999999	0	0	0	0	0	0	0	0	0	-0.1667114797202284	0.52359878	-0.6981317	0	-1.490778808762676e-08	0	0	0	0	0	0	0	0	0	0	0	0	0	0	0	0	0	0	0	0
50.36000000000001	10.39574770204924	1.208800928867912	-17.43176879674488	0	0.9399999999999999	0	0	0	0	0	0	0	0	0	-0.2110587847304491	0.52359878	-0.6981317	0	1.678774745758299e-09	0	0	0	0	0	0	0	0	0	0	0	0	0	0	0	0	0	0	0	0
50.38	10.20952771886286	1.216178951527514	-17.18994087609704	0	0.9399999999999999	0	0	0	0	0	0	0	0	0	-0.2518368570075278	0.52359878	-0.6981317	0	-3.585660936302487e-06	0	0	0	0	0	0	0	0	0	0	0	0	0	0	0	0	0	0	0	0
50.40000000000001	10.42563696427501	1.159746098531976	-17.35917285560079	0	0.9399999999999999	0	0	0	0	0	0	0	0	0	-0.1300277732708665	0.3247551700362837	-0.6981317	0	-6.986426838269696e-07	0	0	0	0	0	0	0	0	0	0	0	0	0	0	0	0	0	0	0	0
50.42	10.57178402982887	1.133707768519418	-17.4925767971536	0	0.9399999999999999	0	0	0	0	0	0	0	0	0	-0.08694862317338004	0.2632474415428039	-0.6981317	0	-1.958795174327172e-07	0	0	0	0	0	0	0	0	0	0	0	0	0	0	0	0	0	0	0	0
50.44	10.68636293053052	1.130045970871832	-17.51051361921491	0	0.9399999999999999	0	0	0	0	0	0	0	0	0	-0.03599616196930214	0.02832113550799318	-0.6981317	0	5.736079575912046e-08	0	0	0	0	0	0	0	0	0	0	0	0	0	0	0	0	0	0	0	0
50.46	10.68636293053052	1.130045970871832	-17.51051361921491	0	0.9399999999999999	0	0	0	0	0	0	0	0	0	-0.03599616196930214	0.02832113550799318	-0.6981317	0	5.736079575912046e-08	0	0	0	0	0	0	0	0	0	0	0	0	0	0	0	0	0	0	0	0
50.48	11.09104033934197	1.17889725357001	-17.91333011356565	0	0.9399999999999999	0	0	0	0	0	0	0	0	0	-0.01850866437265006	-0.2892469555140242	-0.6981317	0	9.965277536766195e-07	0	0	0	0	0	0	0	0	0	0	0	0	0	0	0	0	0	0	0	0
50.50000000000001	11.09104033934197	1.17889725357001	-17.91333011356565	0	0.9399999999999999	0	0	0	0	0	0	0	0	0	-0.01850866437265006	-0.2892469555140242	-0.6981317	0	9.965277536766195e-07	0	0	0	0	0	0	0	0	0	0	0	0	0	0	0	0	0	0	0	0
50.52	11.16852458739331	1.186676978994577	-18.0009402744949	0	0.9399999999999999	0	0	0	0	0	0	0	0	0	0.01297251867034469	-0.3848882330882756	-0.6981317	0	9.391188221088576e-08	0	0	0	0	0	0	0	0	0	0	0	0	0	0	0	0	0	0	0	0
50.54000000000001	11.09964303481196	1.064119313047089	-17.97993015332725	0	0.9399999999999999	0	0	0	0	0	0	0	0	0	0.2745359989405994	-0.6055129611474005	-0.6981317	0	-6.040455524751636e-08	0	0	0	0	0	0	0	0	0	0	0	0	0	0	0	0	0	0	0	0
50.56	11.09964303481196	1.064119313047089	-17.97993015332725	0	0.9399999999999999	0	0	0	0	0	0	0	0	0	0.2745359989405994	-0.6055129611474005	-0.6981317	0	-6.040455524751636e-08	0	0	0	0	0	0	0	0	0	0	0	0	0	0	0	0	0	0	0	0
50.58000000000001	11.07676195195221	1.051965912481425	-18.01224737255348	0	0.9399999999999999	0	0	0	0	0	0	0	0	0	0.3725006763750247	-0.7346342625284586	-0.6981317	0	6.28183100179124e-08	0	0	0	0	0	0	0	0	0	0	0	0	0	0	0	0	0	0	0	0
50.6	11.07882579288603	1.084605650733825	-18.03270630474112	0	0.9399999999999999	0	0	0	0	0	0	0	0	0	0.3802115998135037	-0.7665352854644231	-0.6981317	0	-7.6290243048368e-08	0	0	0	0	0	0	0	0	0	0	0	0	0	0	0	0	0	0	0	0
50.62	11.07882579288603	1.084605650733825	-18.03270630474112	0	0.9399999999999999	0	0	0	0	0	0	0	0	0	0.3802115998135037	-0.7665352854644231	-0.6981317	0	-7.6290243048368e-08	0	0	0	0	0	0	0	0	0	0	0	0	0	0	0	0	0	0	0	0
50.64000000000001	11.05943895057472	1.149042137944164	-18.0418067090977	0	0.9399999999999999	0	0	0	0	0	0	0	0	0	0.4154646434622126	-0.7957610289456611	-0.6981317	0	2.702999466312899e-08	0	0	0	0	0	0	0	0	0	0	0	0	0	0	0	0	0	0	0	0
50.66	11.05943895057472	1.149042137944164	-18.0418067090977	0	0.9399999999999999	0	0	0	0	0	0	0	0	0	0.4154646434622126	-0.7957610289456611	-0.6981317	0	2.702999466312899e-08	0	0	0	0	0	0	0	0	0	0	0	0	0	0	0	0	0	0	0	0
50.68000000000001	10.99573049640169	1.158930799335818	-17.99083799348908	0	0.9399999999999999	0	0	0	0	0	0	0	0	0	0.4646848494216164	-0.8001025842953479	-0.6981317	0	-8.172680496078484e-08	0	0	0	0	0	0	0	0	0	0	0	0	0	0	0	0	0	0	0	0
50.7	10.88525982438083	1.167346805484012	-17.89297313756311	0	0.9399999999999999	0	0	0	0	0	0	0	0	0	0.5564949899126265	-0.7881575194249587	-0.6981317	0	1.88410307992762e-07	0	0	0	0	0	0	0	0	0	0	0	0	0	0	0	0	0	0	0	0
50.72000000000001	10.88525982438083	1.167346805484012	-17.89297313756311	0	0.9399999999999999	0	0	0	0	0	0	0	0	0	0.5564949899126265	-0.7881575194249587	-0.6981317	0	1.88410307992762e-07	0	0	0	0	0	0	0	0	0	0	0	0	0	0	0	0	0	0	0	0
50.74	10.84397075125262	1.174620476772345	-17.85459563879445	0	0.9399999999999999	0	0	0	0	0	0	0	0	0	0.5885100751915423	-0.7737722126905155	-0.6981317	0	-1.201539544683738e-07	0	0	0	0	0	0	0	0	0	0	0	0	0	0	0	0	0	0	0	0
50.76000000000001	10.79586475486156	1.182110937743705	-17.80910446986385	0	0.9399999999999999	0	0	0	0	0	0	0	0	0	0.6165303102852253	-0.7514015641035328	-0.6981317	0	3.806771274115032e-08	0	0	0	0	0	0	0	0	0	0	0	0	0	0	0	0	0	0	0	0
50.78	10.69463160618516	1.191350273633845	-17.69870120282792	0	0.9399999999999999	0	0	0	0	0	0	0	0	0	0.6496346295143817	-0.7039466976031497	-0.6981317	0	8.059150958823064e-08	0	0	0	0	0	0	0	0	0	0	0	0	0	0	0	0	0	0	0	0
50.8	10.69410988783043	1.183028888643654	-17.69421426387984	0	0.9399999999999999	0	0	0	0	0	0	0	0	0	0.7145346970777497	-0.6963623901287885	-0.6981317	0	8.917729040722774e-09	0	0	0	0	0	0	0	0	0	0	0	0	0	0	0	0	0	0	0	0
50.82000000000001	10.71203418137511	1.166873869363811	-17.71074833577115	0	0.9399999999999999	0	0	0	0	0	0	0	0	0	0.7506141582401502	-0.7053292041546321	-0.6981317	0	6.863904468958121e-09	0	0	0	0	0	0	0	0	0	0	0	0	0	0	0	0	0	0	0	0
50.84	10.73090398765986	1.14541717177029	-17.73993884192771	0	0.9399999999999999	0	0	0	0	0	0	0	0	0	0.7958853473208811	-0.7342790604619484	-0.6981317	0	7.778702834659051e-09	0	0	0	0	0	0	0	0	0	0	0	0	0	0	0	0	0	0	0	0
50.86000000000001	10.76991846318499	1.125819646547537	-17.77456712145258	0	0.9399999999999999	0	0	0	0	0	0	0	0	0	0.8083930806575514	-0.7469947864494033	-0.6981317	0	4.976349918071545e-07	0	0	0	0	0	0	0	0	0	0	0	0	0	0	0	0	0	0	0	0
50.88	10.80860971991121	1.108379542211454	-17.82144439643028	0	0.9399999999999999	0	0	0	0	0	0	0	0	0	0.8701551302871513	-0.8023464110885399	-0.6981317	0	-3.50710110315205e-08	0	0	0	0	0	0	0	0	0	0	0	0	0	0	0	0	0	0	0	0
50.90000000000001	10.82483129079276	1.095148635728304	-17.83245319748302	0	0.9399999999999999	0	0	0	0	0	0	0	0	0	0.9068179940469238	-0.8241799619552868	-0.6981317	0	1.020713778119819e-08	0	0	0	0	0	0	0	0	0	0	0	0	0	0	0	0	0	0	0	0
50.92	10.82483129079276	1.095148635728304	-17.83245319748302	0	0.9399999999999999	0	0	0	0	0	0	0	0	0	0.9068179940469238	-0.8241799619552868	-0.6981317	0	1.020713778119819e-08	0	0	0	0	0	0	0	0	0	0	0	0	0	0	0	0	0	0	0	0
50.94	10.86956732755664	1.058949851002784	-17.85716237172088	0	0.9399999999999999	0	0	0	0	0	0	0	0	0	0.9754742489759508	-0.8726646300000001	-0.6981317	0	2.95002101670366e-08	0	0	0	0	0	0	0	0	0	0	0	0	0	0	0	0	0	0	0	0
50.96	10.86956732755664	1.058949851002784	-17.85716237172088	0	0.9399999999999999	0	0	0	0	0	0	0	0	0	0.9754742489759508	-0.8726646300000001	-0.6981317	0	2.95002101670366e-08	0	0	0	0	0	0	0	0	0	0	0	0	0	0	0	0	0	0	0	0
50.98	10.88206240188343	1.045824129969551	-17.84701691180085	0	0.9399999999999999	0	0	0	0	0	0	0	0	0	0.992758630666306	-0.8726646300000001	-0.6981317	0	1.771292483927113e-07	0	0	0	0	0	0	0	0	0	0	0	0	0	0	0	0	0	0	0	0
51.00000000000001	10.87225794537844	1.039787617506678	-17.81167930362927	0	0.9399999999999999	0	0	0	0	0	0	0	0	0	0.9793039763834713	-0.8726646300000001	-0.6981317	0	3.178795108677564e-08	0	0	0	0	0	0	0	0	0	0	0	0	0	0	0	0	0	0	0	0
51.02	10.83419588671181	1.040303558566526	-17.74968028510338	0	0.9399999999999999	0	0	0	0	0	0	0	0	0	0.9453557750383669	-0.8726646300000001	-0.6981317	0	-2.718190593117216e-08	0	0	0	0	0	0	0	0	0	0	0	0	0	0	0	0	0	0	0	0
51.04000000000001	10.77931072457978	1.031780794064785	-17.67039285315071	0	0.9399999999999999	0	0	0	0	0	0	0	0	0	0.913011763004886	-0.8726646300000001	-0.6981317	0	4.872053973463668e-08	0	0	0	0	0	0	0	0	0	0	0	0	0	0	0	0	0	0	0	0
51.06	10.66924389934544	1.043921875568253	-17.54455894858373	0	0.9399999999999999	0	0	0	0	0	0	0	0	0	0.7908880382256437	-0.8726646300000001	-0.6981317	0	3.684986918547075e-08	0	0	0	0	0	0	0	0	0	0	0	0	0	0	0	0	0	0	0	0
51.08000000000001	10.66924389934544	1.043921875568253	-17.54455894858373	0	0.9399999999999999	0	0	0	0	0	0	0	0	0	0.7908880382256437	-0.8726646300000001	-0.6981317	0	3.684986918547075e-08	0	0	0	0	0	0	0	0	0	0	0	0	0	0	0	0	0	0	0	0
51.1	10.59363603837214	1.053233739470136	-17.46854032346727	0	0.9399999999999999	0	0	0	0	0	0	0	0	0	0.7171526851423851	-0.8726646300000001	-0.6981317	0	2.456303211381189e-07	0	0	0	0	0	0	0	0	0	0	0	0	0	0	0	0	0	0	0	0
51.12	10.44627471185169	1.060251595071816	-17.33786191972887	0	0.9399999999999999	0	0	0	0	0	0	0	0	0	0.5853158830484715	-0.8726646300000001	-0.6981317	0	-9.300442798355228e-08	0	0	0	0	0	0	0	0	0	0	0	0	0	0	0	0	0	0	0	0
51.14000000000001	10.40326659002802	1.083056098766015	-17.30794094484418	0	0.9399999999999999	0	0	0	0	0	0	0	0	0	0.4991988317015974	-0.8719594050348239	-0.6981317	0	-3.147952734679796e-07	0	0	0	0	0	0	0	0	0	0	0	0	0	0	0	0	0	0	0	0
51.16	10.32503801175328	1.131330256612203	-17.23048145026871	0	0.9399999999999999	0	0	0	0	0	0	0	0	0	0.4497202274486369	-0.8381081832754628	-0.6981317	0	2.666864560095557e-07	0	0	0	0	0	0	0	0	0	0	0	0	0	0	0	0	0	0	0	0
51.18000000000001	10.17746179898047	1.178301574286198	-17.09503698561332	0	0.9399999999999999	0	0	0	0	0	0	0	0	0	0.290828850837539	-0.7928070736252558	-0.6981317	0	1.206881131692541e-07	0	0	0	0	0	0	0	0	0	0	0	0	0	0	0	0	0	0	0	0
51.2	10.17746179898047	1.178301574286198	-17.09503698561332	0	0.9399999999999999	0	0	0	0	0	0	0	0	0	0.290828850837539	-0.7928070736252558	-0.6981317	0	1.206881131692541e-07	0	0	0	0	0	0	0	0	0	0	0	0	0	0	0	0	0	0	0	0
51.22000000000001	9.860697946367477	1.248229207012054	-16.78819633160672	0	0.9399999999999999	0	0	0	0	0	0	0	0	0	0.1335221202157836	-0.7110963103580249	-0.6981317	0	-1.847985306904191e-06	0	0	0	0	0	0	0	0	0	0	0	0	0	0	0	0	0	0	0	0
51.24	9.848756449057479	1.246409627371602	-16.76900092225717	0	0.9399999999999999	0	0	0	0	0	0	0	0	0	0.07326466335003161	-0.6898639489911719	-0.6981317	0	-3.79290751696787e-08	0	0	0	0	0	0	0	0	0	0	0	0	0	0	0	0	0	0	0	0
51.26000000000001	9.823488839458928	1.231218323838939	-16.74271851734908	0	0.9399999999999999	0	0	0	0	0	0	0	0	0	0.015329589429457	-0.6550592693770202	-0.6981317	0	-6.609981237062784e-08	0	0	0	0	0	0	0	0	0	0	0	0	0	0	0	0	0	0	0	0
51.28	9.87514198102223	1.208311028693971	-16.79300541536884	0	0.9399999999999999	0	0	0	0	0	0	0	0	0	-0.02547449997603405	-0.6336021103712945	-0.6981317	0	6.084966425248774e-07	0	0	0	0	0	0	0	0	0	0	0	0	0	0	0	0	0	0	0	0
51.3	9.90414289900928	1.203743009030654	-16.81504687870172	0	0.9399999999999999	0	0	0	0	0	0	0	0	0	-0.08357390867182267	-0.6067897118798481	-0.6981317	0	-2.466939364398326e-08	0	0	0	0	0	0	0	0	0	0	0	0	0	0	0	0	0	0	0	0
51.32000000000001	9.901275416445364	1.209499323978693	-16.79808442477803	0	0.9399999999999999	0	0	0	0	0	0	0	0	0	-0.1480013661339684	-0.5701702496794899	-0.6981317	0	-8.407136198795758e-08	0	0	0	0	0	0	0	0	0	0	0	0	0	0	0	0	0	0	0	0
51.34	9.873007323187551	1.226989123998026	-16.69634711511306	0	0.9399999999999999	0	0	0	0	0	0	0	0	0	-0.218848968726299	-0.4730046692951134	-0.6981317	0	1.579955085438911e-07	0	0	0	0	0	0	0	0	0	0	0	0	0	0	0	0	0	0	0	0
51.36000000000001	9.891125714836155	1.245700940732625	-16.70911048760761	0	0.9399999999999999	0	0	0	0	0	0	0	0	0	-0.2295930335852991	-0.488777531406873	-0.6981317	0	-7.219879853496691e-07	0	0	0	0	0	0	0	0	0	0	0	0	0	0	0	0	0	0	0	0
51.38	9.858112720440891	1.238571277328174	-16.63276421723592	0	0.9399999999999999	0	0	0	0	0	0	0	0	0	-0.238745204589961	-0.4179734488504206	-0.6981317	0	-3.787196669538089e-07	0	0	0	0	0	0	0	0	0	0	0	0	0	0	0	0	0	0	0	0
51.40000000000001	9.859368369892536	1.247769199685135	-16.58169383876273	0	0.9399999999999999	0	0	0	0	0	0	0	0	0	-0.2487039947235813	-0.3573192770705649	-0.6981317	0	2.59480504906773e-08	0	0	0	0	0	0	0	0	0	0	0	0	0	0	0	0	0	0	0	0
51.42	9.952064141300594	1.265489187598909	-16.61267773428403	0	0.9399999999999999	0	0	0	0	0	0	0	0	0	-0.2435960075155785	-0.3148775486245118	-0.6981317	0	9.055743356253039e-07	0	0	0	0	0	0	0	0	0	0	0	0	0	0	0	0	0	0	0	0
51.44	9.913420244374169	1.256743609889049	-16.5400397620029	0	0.9399999999999999	0	0	0	0	0	0	0	0	0	-0.2590369237462812	-0.2095640754873923	-0.6981317	0	-4.281359946277193e-08	0	0	0	0	0	0	0	0	0	0	0	0	0	0	0	0	0	0	0	0
51.46	9.953574100485151	1.25622785331975	-16.54739291023992	0	0.9399999999999999	0	0	0	0	0	0	0	0	0	-0.2710990031200688	-0.1180362643342294	-0.6981317	0	-1.96685363333945e-07	0	0	0	0	0	0	0	0	0	0	0	0	0	0	0	0	0	0	0	0
51.48	9.997892438206305	1.252628816248637	-16.57428487399302	0	0.9399999999999999	0	0	0	0	0	0	0	0	0	-0.2875032931764158	-0.01717205929121459	-0.6981317	0	-2.066757583471044e-07	0	0	0	0	0	0	0	0	0	0	0	0	0	0	0	0	0	0	0	0
51.50000000000001	10.04077638814626	1.249113256639914	-16.61928203719067	0	0.9399999999999999	0	0	0	0	0	0	0	0	0	-0.3098580855974226	0.08500405594992338	-0.6981317	0	1.45411680749013e-08	0	0	0	0	0	0	0	0	0	0	0	0	0	0	0	0	0	0	0	0
51.52	10.08416430679441	1.248023615593977	-16.68062529336948	0	0.9399999999999999	0	0	0	0	0	0	0	0	0	-0.3321909540505579	0.1849136556927623	-0.6981317	0	4.424377815353569e-07	0	0	0	0	0	0	0	0	0	0	0	0	0	0	0	0	0	0	0	0
51.54000000000001	10.15001264559557	1.254159746488646	-16.77410469426295	0	0.9399999999999999	0	0	0	0	0	0	0	0	0	-0.3423638460806243	0.2728381292839324	-0.6981317	0	3.737610777124583e-08	0	0	0	0	0	0	0	0	0	0	0	0	0	0	0	0	0	0	0	0
51.56	10.32086961434593	1.274595610372131	-17.00813102969298	0	0.9399999999999999	0	0	0	0	0	0	0	0	0	-0.316238639975613	0.4131778451366054	-0.6981317	0	-7.437011942034904e-07	0	0	0	0	0	0	0	0	0	0	0	0	0	0	0	0	0	0	0	0
51.58000000000001	10.37714194807311	1.267105025522049	-17.08695328169704	0	0.9399999999999999	0	0	0	0	0	0	0	0	0	-0.2934202474548421	0.4922231328798356	-0.6981317	0	4.633667545855509e-08	0	0	0	0	0	0	0	0	0	0	0	0	0	0	0	0	0	0	0	0
51.6	10.37714194807311	1.267105025522049	-17.08695328169704	0	0.9399999999999999	0	0	0	0	0	0	0	0	0	-0.2934202474548421	0.4922231328798356	-0.6981317	0	4.633667545855509e-08	0	0	0	0	0	0	0	0	0	0	0	0	0	0	0	0	0	0	0	0
51.62	10.65499172185448	1.190299179010049	-17.33314643188542	0	0.9399999999999999	0	0	0	0	0	0	0	0	0	-0.1802270593365908	0.52359878	-0.6981317	0	-5.130766037964724e-09	0	0	0	0	0	0	0	0	0	0	0	0	0	0	0	0	0	0	0	0
51.64000000000001	10.65499172185448	1.190299179010049	-17.33314643188542	0	0.9399999999999999	0	0	0	0	0	0	0	0	0	-0.1802270593365908	0.52359878	-0.6981317	0	-5.130766037964724e-09	0	0	0	0	0	0	0	0	0	0	0	0	0	0	0	0	0	0	0	0
51.66	10.72287091504199	1.144588273514103	-17.38054034313475	0	0.9399999999999999	0	0	0	0	0	0	0	0	0	-0.1258873571343936	0.52359878	-0.6981317	0	2.466045231486334e-07	0	0	0	0	0	0	0	0	0	0	0	0	0	0	0	0	0	0	0	0
51.68000000000001	10.76096837209675	1.11547213103701	-17.41815275955552	0	0.9399999999999999	0	0	0	0	0	0	0	0	0	-0.0772050693154087	0.52359878	-0.6981317	0	2.019858035871757e-07	0	0	0	0	0	0	0	0	0	0	0	0	0	0	0	0	0	0	0	0
51.7	10.789502357414	1.113812035448767	-17.46067121241677	0	0.9399999999999999	0	0	0	0	0	0	0	0	0	-0.04233912262503488	0.52359878	-0.6981317	0	-1.189419570829568e-08	0	0	0	0	0	0	0	0	0	0	0	0	0	0	0	0	0	0	0	0
51.72000000000001	10.84542753143469	1.099834496056922	-17.53418603837989	0	0.9399999999999999	0	0	0	0	0	0	0	0	0	-0.02588382249776378	0.52359878	-0.6981317	0	4.168529729392793e-08	0	0	0	0	0	0	0	0	0	0	0	0	0	0	0	0	0	0	0	0
51.74	10.84542753143469	1.099834496056922	-17.53418603837989	0	0.9399999999999999	0	0	0	0	0	0	0	0	0	-0.02588382249776378	0.52359878	-0.6981317	0	4.168529729392793e-08	0	0	0	0	0	0	0	0	0	0	0	0	0	0	0	0	0	0	0	0
51.76000000000001	10.86224794381814	1.082181495203034	-17.5398452356768	0	0.9399999999999999	0	0	0	0	0	0	0	0	0	-0.02116411133788787	0.52359878	-0.6981317	0	8.934833869103678e-07	0	0	0	0	0	0	0	0	0	0	0	0	0	0	0	0	0	0	0	0
51.78	10.8233429127481	1.096598366391236	-17.4890022248623	0	0.9399999999999999	0	0	0	0	0	0	0	0	0	-0.04264300413043009	0.52359878	-0.6981317	0	8.528310649112789e-08	0	0	0	0	0	0	0	0	0	0	0	0	0	0	0	0	0	0	0	0
51.8	10.73425009147998	1.131853967985809	-17.44550761585021	0	0.9399999999999999	0	0	0	0	0	0	0	0	0	-0.09233717596274751	0.52359878	-0.6981317	0	2.107430755455223e-08	0	0	0	0	0	0	0	0	0	0	0	0	0	0	0	0	0	0	0	0
51.82000000000001	10.73425009147998	1.131853967985809	-17.44550761585021	0	0.9399999999999999	0	0	0	0	0	0	0	0	0	-0.09233717596274751	0.52359878	-0.6981317	0	2.107430755455223e-08	0	0	0	0	0	0	0	0	0	0	0	0	0	0	0	0	0	0	0	0
51.84	10.67976436931029	1.147353206101786	-17.4070193852019	0	0.9399999999999999	0	0	0	0	0	0	0	0	0	-0.1049932957469529	0.52359878	-0.6981317	0	-1.955307995426005e-08	0	0	0	0	0	0	0	0	0	0	0	0	0	0	0	0	0	0	0	0
51.86000000000001	10.53820465821078	1.103660227483218	-17.21867646392427	0	0.9399999999999999	0	0	0	0	0	0	0	0	0	-0.05831097338269907	0.52359878	-0.6981317	0	-1.486586352667942e-07	0	0	0	0	0	0	0	0	0	0	0	0	0	0	0	0	0	0	0	0
51.88	10.59512458860337	1.076807830307427	-17.23036086369987	0	0.9399999999999999	0	0	0	0	0	0	0	0	0	-0.01534921341988383	0.4422276509038595	-0.6981317	0	-2.377888257032594e-07	0	0	0	0	0	0	0	0	0	0	0	0	0	0	0	0	0	0	0	0
51.90000000000001	10.63841283776263	1.10670555492423	-17.2443857758948	0	0.9399999999999999	0	0	0	0	0	0	0	0	0	-0.04453405687783651	0.3720844088455857	-0.6981317	0	-4.696707370413928e-07	0	0	0	0	0	0	0	0	0	0	0	0	0	0	0	0	0	0	0	0
51.92	10.63841283776263	1.10670555492423	-17.2443857758948	0	0.9399999999999999	0	0	0	0	0	0	0	0	0	-0.04453405687783651	0.3720844088455857	-0.6981317	0	-4.696707370413928e-07	0	0	0	0	0	0	0	0	0	0	0	0	0	0	0	0	0	0	0	0
51.94	10.7827177550079	1.195061564468669	-17.31192559046571	0	0.9399999999999999	0	0	0	0	0	0	0	0	0	-0.122261736333977	0.244040491740867	-0.6981317	0	-2.86037653232367e-07	0	0	0	0	0	0	0	0	0	0	0	0	0	0	0	0	0	0	0	0
51.96	10.74198767408618	1.197087124566755	-17.23020197269862	0	0.9399999999999999	0	0	0	0	0	0	0	0	0	-0.1420767635402683	0.1776055913141418	-0.6981317	0	-1.528224051623757e-07	0	0	0	0	0	0	0	0	0	0	0	0	0	0	0	0	0	0	0	0
51.98	10.89968529993525	1.257809681046528	-17.38256572681747	0	0.9399999999999999	0	0	0	0	0	0	0	0	0	-0.1683841646532291	0.03129533903129302	-0.6981317	0	6.208776190128983e-07	0	0	0	0	0	0	0	0	0	0	0	0	0	0	0	0	0	0	0	0
52.00000000000001	11.139141961333	1.322520170083326	-17.63025458525957	0	0.9399999999999999	0	0	0	0	0	0	0	0	0	-0.1830192605376118	-0.1045511084954872	-0.6981317	0	4.066345150552003e-07	0	0	0	0	0	0	0	0	0	0	0	0	0	0	0	0	0	0	0	0
52.02	11.24099019130794	1.309057517501193	-17.73391720460759	0	0.9399999999999999	0	0	0	0	0	0	0	0	0	-0.1229806020407448	-0.21192479987297	-0.6981317	0	-1.48484380541509e-06	0	0	0	0	0	0	0	0	0	0	0	0	0	0	0	0	0	0	0	0
52.04000000000001	11.19549786823809	1.170506557230484	-17.676498005684	0	0.9399999999999999	0	0	0	0	0	0	0	0	0	0.1465967483532443	-0.3814943705160402	-0.6981317	0	1.435515612880323e-06	0	0	0	0	0	0	0	0	0	0	0	0	0	0	0	0	0	0	0	0
52.06	11.22546244385277	1.180324580146168	-17.70677752033427	0	0.9399999999999999	0	0	0	0	0	0	0	0	0	0.1741782838542419	-0.4385687683283795	-0.6981317	0	-1.9079683623823e-07	0	0	0	0	0	0	0	0	0	0	0	0	0	0	0	0	0	0	0	0
52.08000000000001	11.26890882587877	1.205912337611687	-17.74866179095252	0	0.9399999999999999	0	0	0	0	0	0	0	0	0	0.1896270121701144	-0.485364788778179	-0.6981317	0	2.600720368855882e-08	0	0	0	0	0	0	0	0	0	0	0	0	0	0	0	0	0	0	0	0
52.1	11.29132666621884	1.226011985026767	-17.77456610526372	0	0.9399999999999999	0	0	0	0	0	0	0	0	0	0.2170654473758744	-0.5237199315365149	-0.6981317	0	-9.476118189665789e-08	0	0	0	0	0	0	0	0	0	0	0	0	0	0	0	0	0	0	0	0
52.12	11.24461516341608	1.242420256329838	-17.72191888083569	0	0.9399999999999999	0	0	0	0	0	0	0	0	0	0.206030870740137	-0.5008972756321813	-0.6981317	0	-2.316407119356169e-08	0	0	0	0	0	0	0	0	0	0	0	0	0	0	0	0	0	0	0	0
52.14000000000001	11.19125184823225	1.24216425759932	-17.67602363978509	0	0.9399999999999999	0	0	0	0	0	0	0	0	0	0.2603410435038649	-0.5211712061768132	-0.6981317	0	-2.966200291686163e-08	0	0	0	0	0	0	0	0	0	0	0	0	0	0	0	0	0	0	0	0
52.16	11.21590612686046	1.237119351743287	-17.70901230316948	0	0.9399999999999999	0	0	0	0	0	0	0	0	0	0.3097833437144078	-0.5620616711672041	-0.6981317	0	8.920598423473954e-08	0	0	0	0	0	0	0	0	0	0	0	0	0	0	0	0	0	0	0	0
52.18000000000001	11.14170940259	1.242773000841759	-17.6372769751816	0	0.9399999999999999	0	0	0	0	0	0	0	0	0	0.4008141333685619	-0.5761899826858916	-0.6981317	0	-4.844598401399635e-08	0	0	0	0	0	0	0	0	0	0	0	0	0	0	0	0	0	0	0	0
52.2	11.11454009340563	1.250402445071116	-17.613101440631	0	0.9399999999999999	0	0	0	0	0	0	0	0	0	0.4304555764958921	-0.5845552045720188	-0.6981317	0	-1.06780786469066e-06	0	0	0	0	0	0	0	0	0	0	0	0	0	0	0	0	0	0	0	0
52.22000000000001	11.06359384596916	1.259832933807438	-17.56837292141045	0	0.9399999999999999	0	0	0	0	0	0	0	0	0	0.4381978294762456	-0.57818785713432	-0.6981317	0	-9.027873051419509e-08	0	0	0	0	0	0	0	0	0	0	0	0	0	0	0	0	0	0	0	0
52.24	11.00573049389412	1.2631995054176	-17.50765378602206	0	0.9399999999999999	0	0	0	0	0	0	0	0	0	0.4371489605197911	-0.5596055519593482	-0.6981317	0	4.139901207842237e-07	0	0	0	0	0	0	0	0	0	0	0	0	0	0	0	0	0	0	0	0
52.26000000000001	10.95529380539438	1.259191022832075	-17.46830824632313	0	0.9399999999999999	0	0	0	0	0	0	0	0	0	0.4808950175820989	-0.5548989888998109	-0.6981317	0	1.088561207119966e-08	0	0	0	0	0	0	0	0	0	0	0	0	0	0	0	0	0	0	0	0
52.28	10.95529380539438	1.259191022832075	-17.46830824632313	0	0.9399999999999999	0	0	0	0	0	0	0	0	0	0.4808950175820989	-0.5548989888998109	-0.6981317	0	1.088561207119966e-08	0	0	0	0	0	0	0	0	0	0	0	0	0	0	0	0	0	0	0	0
52.3	10.9040506450581	1.253816566644034	-17.42089656137679	0	0.9399999999999999	0	0	0	0	0	0	0	0	0	0.5053408079951627	-0.5380158739105109	-0.6981317	0	-2.881659856634443e-07	0	0	0	0	0	0	0	0	0	0	0	0	0	0	0	0	0	0	0	0
52.32000000000001	10.89543287021616	1.243636919283256	-17.41244187097692	0	0.9399999999999999	0	0	0	0	0	0	0	0	0	0.537835544285505	-0.5312119590386282	-0.6981317	0	-2.37921287563806e-07	0	0	0	0	0	0	0	0	0	0	0	0	0	0	0	0	0	0	0	0
52.34	10.91256229219463	1.226780484356283	-17.42216463295819	0	0.9399999999999999	0	0	0	0	0	0	0	0	0	0.5827423477522835	-0.5320575044440458	-0.6981317	0	-1.078461371493914e-07	0	0	0	0	0	0	0	0	0	0	0	0	0	0	0	0	0	0	0	0
52.36000000000001	10.93336138995308	1.217185289486141	-17.44852625462196	0	0.9399999999999999	0	0	0	0	0	0	0	0	0	0.5925633013134852	-0.5430541254678819	-0.6981317	0	8.239672223797943e-08	0	0	0	0	0	0	0	0	0	0	0	0	0	0	0	0	0	0	0	0
52.38	11.02707257068336	1.210875406754559	-17.53065330277877	0	0.9399999999999999	0	0	0	0	0	0	0	0	0	0.6438619541683982	-0.5849520206996126	-0.6981317	0	5.078745644008775e-08	0	0	0	0	0	0	0	0	0	0	0	0	0	0	0	0	0	0	0	0
52.40000000000001	11.02707257068336	1.210875406754559	-17.53065330277877	0	0.9399999999999999	0	0	0	0	0	0	0	0	0	0.6438619541683982	-0.5849520206996126	-0.6981317	0	5.078745644008775e-08	0	0	0	0	0	0	0	0	0	0	0	0	0	0	0	0	0	0	0	0
52.42	11.14770710419577	1.181906850885587	-17.658107199514	0	0.9399999999999999	0	0	0	0	0	0	0	0	0	0.6867252442616661	-0.6468112693371252	-0.6981317	0	6.001089674975745e-08	0	0	0	0	0	0	0	0	0	0	0	0	0	0	0	0	0	0	0	0
52.44	11.2157414018568	1.145062557622349	-17.73672508709608	0	0.9399999999999999	0	0	0	0	0	0	0	0	0	0.7322660543444871	-0.7158896548716248	-0.6981317	0	7.430940970821023e-07	0	0	0	0	0	0	0	0	0	0	0	0	0	0	0	0	0	0	0	0
52.46	11.25920037807076	1.10583342765424	-17.79164080687904	0	0.9399999999999999	0	0	0	0	0	0	0	0	0	0.762897405995497	-0.76977794858334	-0.6981317	0	9.012120271254194e-08	0	0	0	0	0	0	0	0	0	0	0	0	0	0	0	0	0	0	0	0
52.48	11.27958899632641	1.072642949769661	-17.81899892181372	0	0.9399999999999999	0	0	0	0	0	0	0	0	0	0.7834380279923606	-0.8125997221219167	-0.6981317	0	-8.123078014149391e-08	0	0	0	0	0	0	0	0	0	0	0	0	0	0	0	0	0	0	0	0
52.50000000000001	11.27958899632641	1.072642949769661	-17.81899892181372	0	0.9399999999999999	0	0	0	0	0	0	0	0	0	0.7834380279923606	-0.8125997221219167	-0.6981317	0	-8.123078014149391e-08	0	0	0	0	0	0	0	0	0	0	0	0	0	0	0	0	0	0	0	0
52.52	11.22446896567747	1.04763362616651	-17.76625098786731	0	0.9399999999999999	0	0	0	0	0	0	0	0	0	0.7359817688987769	-0.8726646300000001	-0.6981317	0	2.820506267542204e-07	0	0	0	0	0	0	0	0	0	0	0	0	0	0	0	0	0	0	0	0
52.54000000000001	11.22446896567747	1.04763362616651	-17.76625098786731	0	0.9399999999999999	0	0	0	0	0	0	0	0	0	0.7359817688987769	-0.8726646300000001	-0.6981317	0	2.820506267542204e-07	0	0	0	0	0	0	0	0	0	0	0	0	0	0	0	0	0	0	0	0
52.56	11.15247346251211	1.054724712803441	-17.69056059181037	0	0.9399999999999999	0	0	0	0	0	0	0	0	0	0.6835464593072447	-0.8726646300000001	-0.6981317	0	-5.081779369877853e-08	0	0	0	0	0	0	0	0	0	0	0	0	0	0	0	0	0	0	0	0
52.58000000000001	11.00071263400579	1.080186581092209	-17.54626277056008	0	0.9399999999999999	0	0	0	0	0	0	0	0	0	0.5448477773634299	-0.8726646300000001	-0.6981317	0	-1.634230339662176e-06	0	0	0	0	0	0	0	0	0	0	0	0	0	0	0	0	0	0	0	0
52.6	10.92897259250978	1.08215626517496	-17.48381804315958	0	0.9399999999999999	0	0	0	0	0	0	0	0	0	0.4832256544134047	-0.8726646300000001	-0.6981317	0	5.403911617183157e-07	0	0	0	0	0	0	0	0	0	0	0	0	0	0	0	0	0	0	0	0
52.62	10.83712209213763	1.079764614158106	-17.3832566692944	0	0.9399999999999999	0	0	0	0	0	0	0	0	0	0.4903041494821379	-0.8265237780041355	-0.6981317	0	-3.485358420436215e-07	0	0	0	0	0	0	0	0	0	0	0	0	0	0	0	0	0	0	0	0
52.64000000000001	10.75080925376426	1.08290000271048	-17.30664251309043	0	0.9399999999999999	0	0	0	0	0	0	0	0	0	0.3877826067863928	-0.7870320959591113	-0.6981317	0	-2.016971285258455e-07	0	0	0	0	0	0	0	0	0	0	0	0	0	0	0	0	0	0	0	0
52.66	10.67325073596902	1.117078639428386	-17.25600060370958	0	0.9399999999999999	0	0	0	0	0	0	0	0	0	0.2914617886824271	-0.7737857668991986	-0.6981317	0	-1.830990612470002e-08	0	0	0	0	0	0	0	0	0	0	0	0	0	0	0	0	0	0	0	0
52.68000000000001	10.67325073596902	1.117078639428386	-17.25600060370958	0	0.9399999999999999	0	0	0	0	0	0	0	0	0	0.2914617886824271	-0.7737857668991986	-0.6981317	0	-1.830990612470002e-08	0	0	0	0	0	0	0	0	0	0	0	0	0	0	0	0	0	0	0	0
52.7	10.30606519755096	1.25607364375107	-16.90386950865693	0	0.9399999999999999	0	0	0	0	0	0	0	0	0	0.05298036849101147	-0.6614531211072765	-0.6981317	0	2.394350584035522e-06	0	0	0	0	0	0	0	0	0	0	0	0	0	0	0	0	0	0	0	0
52.72000000000001	9.987271766963735	1.30293496385107	-16.58844490532826	0	0.9399999999999999	0	0	0	0	0	0	0	0	0	-0.0771914208600724	-0.594122117555365	-0.6981317	0	-2.305798680476543e-07	0	0	0	0	0	0	0	0	0	0	0	0	0	0	0	0	0	0	0	0
52.74	9.831144737085568	1.297605954865006	-16.42640017886201	0	0.9399999999999999	0	0	0	0	0	0	0	0	0	-0.1499551643640316	-0.5412627102060985	-0.6981317	0	-4.155884031287618e-07	0	0	0	0	0	0	0	0	0	0	0	0	0	0	0	0	0	0	0	0
52.76000000000001	9.831144737085568	1.297605954865006	-16.42640017886201	0	0.9399999999999999	0	0	0	0	0	0	0	0	0	-0.1499551643640316	-0.5412627102060985	-0.6981317	0	-4.155884031287618e-07	0	0	0	0	0	0	0	0	0	0	0	0	0	0	0	0	0	0	0	0
52.78	9.894026482868316	1.265508681862673	-16.48000311584929	0	0.9399999999999999	0	0	0	0	0	0	0	0	0	-0.166394654481694	-0.5044766640942245	-0.6981317	0	1.883898539357204e-07	0	0	0	0	0	0	0	0	0	0	0	0	0	0	0	0	0	0	0	0
52.8	10.00842679819508	1.232541388214438	-16.57902958826475	0	0.9399999999999999	0	0	0	0	0	0	0	0	0	-0.2244350321884705	-0.4423668153183839	-0.6981317	0	4.558486502479297e-07	0	0	0	0	0	0	0	0	0	0	0	0	0	0	0	0	0	0	0	0
52.82000000000001	9.98353014467207	1.231712077781329	-16.54733711716513	0	0.9399999999999999	0	0	0	0	0	0	0	0	0	-0.2790209178601457	-0.3910280464530361	-0.6981317	0	-1.945940402609444e-08	0	0	0	0	0	0	0	0	0	0	0	0	0	0	0	0	0	0	0	0
52.84	9.980427662936133	1.245812760116551	-16.54211850825727	0	0.9399999999999999	0	0	0	0	0	0	0	0	0	-0.2888481714289591	-0.4000972449986456	-0.6981317	0	-4.099419494151926e-06	0	0	0	0	0	0	0	0	0	0	0	0	0	0	0	0	0	0	0	0
52.86000000000001	9.888964016047558	1.238781814264154	-16.41977603621299	0	0.9399999999999999	0	0	0	0	0	0	0	0	0	-0.3903417267689178	-0.2676364421178833	-0.6981317	0	-4.0211709871359e-07	0	0	0	0	0	0	0	0	0	0	0	0	0	0	0	0	0	0	0	0
52.88	9.888964016047558	1.238781814264154	-16.41977603621299	0	0.9399999999999999	0	0	0	0	0	0	0	0	0	-0.3903417267689178	-0.2676364421178833	-0.6981317	0	-4.0211709871359e-07	0	0	0	0	0	0	0	0	0	0	0	0	0	0	0	0	0	0	0	0
52.90000000000001	9.81098366480248	1.238073827267691	-16.28243297480513	0	0.9399999999999999	0	0	0	0	0	0	0	0	0	-0.4831931187636321	-0.1233244861159763	-0.6981317	0	4.36331126798957e-08	0	0	0	0	0	0	0	0	0	0	0	0	0	0	0	0	0	0	0	0
52.92	9.803731010714747	1.247014852977708	-16.25996666419338	0	0.9399999999999999	0	0	0	0	0	0	0	0	0	-0.5183717671979043	-0.1235129501459958	-0.6981317	0	1.461198949581562e-08	0	0	0	0	0	0	0	0	0	0	0	0	0	0	0	0	0	0	0	0
52.94	9.837839141060535	1.229786519392675	-16.234234467044	0	0.9399999999999999	0	0	0	0	0	0	0	0	0	-0.52359878	0.04692291167162935	-0.6981317	0	-1.853148680144816e-08	0	0	0	0	0	0	0	0	0	0	0	0	0	0	0	0	0	0	0	0
52.96	9.837839141060535	1.229786519392675	-16.234234467044	0	0.9399999999999999	0	0	0	0	0	0	0	0	0	-0.52359878	0.04692291167162935	-0.6981317	0	-1.853148680144816e-08	0	0	0	0	0	0	0	0	0	0	0	0	0	0	0	0	0	0	0	0
52.98	9.949933510620161	1.239764131639332	-16.30250210161408	0	0.9399999999999999	0	0	0	0	0	0	0	0	0	-0.52359878	0.223434504688114	-0.6981317	0	-1.642249640028426e-07	0	0	0	0	0	0	0	0	0	0	0	0	0	0	0	0	0	0	0	0
53.00000000000001	9.949933510620161	1.239764131639332	-16.30250210161408	0	0.9399999999999999	0	0	0	0	0	0	0	0	0	-0.52359878	0.223434504688114	-0.6981317	0	-1.642249640028426e-07	0	0	0	0	0	0	0	0	0	0	0	0	0	0	0	0	0	0	0	0
53.02	10.06679461159866	1.269321536969447	-16.41685654986149	0	0.9399999999999999	0	0	0	0	0	0	0	0	0	-0.52359878	0.384674189191638	-0.6981317	0	-3.84357802665886e-08	0	0	0	0	0	0	0	0	0	0	0	0	0	0	0	0	0	0	0	0
53.04000000000001	10.06679461159866	1.269321536969447	-16.41685654986149	0	0.9399999999999999	0	0	0	0	0	0	0	0	0	-0.52359878	0.384674189191638	-0.6981317	0	-3.84357802665886e-08	0	0	0	0	0	0	0	0	0	0	0	0	0	0	0	0	0	0	0	0
53.06	10.12414551571043	1.291865891715434	-16.4827960413631	0	0.9399999999999999	0	0	0	0	0	0	0	0	0	-0.52359878	0.456951917448945	-0.6981317	0	2.275049109413858e-07	0	0	0	0	0	0	0	0	0	0	0	0	0	0	0	0	0	0	0	0
53.08000000000001	10.1822166838482	1.317459046351371	-16.54686159791274	0	0.9399999999999999	0	0	0	0	0	0	0	0	0	-0.52359878	0.52359878	-0.6981317	0	-1.608914244297751e-07	0	0	0	0	0	0	0	0	0	0	0	0	0	0	0	0	0	0	0	0
53.1	10.36646057510616	1.368212494568112	-16.70787119385116	0	0.9399999999999999	0	0	0	0	0	0	0	0	0	-0.52359878	0.52359878	-0.6981317	0	-8.341757182987367e-08	0	0	0	0	0	0	0	0	0	0	0	0	0	0	0	0	0	0	0	0
53.12	10.63431390411003	1.403048059418331	-16.94566675100973	0	0.9399999999999999	0	0	0	0	0	0	0	0	0	-0.52359878	0.52359878	-0.6981317	0	6.207601893687336e-07	0	0	0	0	0	0	0	0	0	0	0	0	0	0	0	0	0	0	0	0
53.14000000000001	10.6286782530993	1.375065714304678	-16.86024569461952	0	0.9399999999999999	0	0	0	0	0	0	0	0	0	-0.52359878	0.52359878	-0.6981317	0.187228291693214	0.1872282422270746	0	0	0	0	0	0	0	0	0	0	0	0	0	0	0	0	0	0	0	0
53.16	10.19612475139596	1.303076362130604	-16.3275356579077	0	0.9399999999999999	0	0	0	0	0	0	0	0	0	-0.4972065636356807	0.1767993188370562	-0.6981317	1.081794716741199	1.081795340536209	0	0	0	0	0	0	0	0	0	0	0	0	0	0	0	0	0	0	0	0
53.18000000000001	10.30869639912244	1.304669998717845	-16.40528210384383	0	0.9399999999999999	0	0	0	0	0	0	0	0	0	-0.4486860242078566	0.1306953940256081	-0.6981317	1.179189878526301	1.179191431174266	0	0	0	0	0	0	0	0	0	0	0	0	0	0	0	0	0	0	0	0
53.2	10.29652252746144	1.305627727587684	-16.40344623629867	0	0.9399999999999999	0	0	0	0	0	0	0	0	0	-0.4701554744944955	0.2330443978173575	-0.6981317	1.079440708561041	1.079440715764138	0	0	0	0	0	0	0	0	0	0	0	0	0	0	0	0	0	0	0	0
53.22000000000001	10.28185264977843	1.291011548094516	-16.39756560526672	0	0.9399999999999999	0	0	0	0	0	0	0	0	0	-0.4930946792650877	0.2770793051642099	-0.6981317	1.088388766257687	1.088388807233235	0	0	0	0	0	0	0	0	0	0	0	0	0	0	0	0	0	0	0	0
53.24	10.35560144347219	1.278474957554939	-16.46075964267102	0	0.9399999999999999	0	0	0	0	0	0	0	0	0	-0.4649410697104983	0.262863159325869	-0.6981317	1.099516657235423	1.099516833795281	0	0	0	0	0	0	0	0	0	0	0	0	0	0	0	0	0	0	0	0
53.26000000000001	10.2770089677024	1.264096877231472	-16.39656758672303	0	0.9399999999999999	0	0	0	0	0	0	0	0	0	-0.5187981286200604	0.3186813300280413	-0.6981317	1.097239949832251	1.097240507490204	0	0	0	0	0	0	0	0	0	0	0	0	0	0	0	0	0	0	0	0
53.28	10.30752954699517	1.236221685935932	-16.42904853403575	0	0.9399999999999999	0	0	0	0	0	0	0	0	0	-0.52359878	0.3486799783306483	-0.6981317	1.089792585043582	1.08979284167704	0	0	0	0	0	0	0	0	0	0	0	0	0	0	0	0	0	0	0	0
53.3	10.34762547724023	1.214512374670083	-16.4795544637064	0	0.9399999999999999	0	0	0	0	0	0	0	0	0	-0.52359878	0.3633286534765671	-0.6981317	1.067052906588368	1.067052860012362	0	0	0	0	0	0	0	0	0	0	0	0	0	0	0	0	0	0	0	0
53.32000000000001	10.44314443031277	1.185298453697634	-16.60171327901567	0	0.9399999999999999	0	0	0	0	0	0	0	0	0	-0.52359878	0.4858638545223671	-0.6981317	0.842680896222931	0.8426806743523154	0	0	0	0	0	0	0	0	0	0	0	0	0	0	0	0	0	0	0	0
53.34	11.27990817205609	1.224906874129138	-17.40058148834942	0	0.9399999999999999	0	0	0	0	0	0	0	0	0	-0.4560928011459804	0.52359878	-0.6981317	0	-8.8075078857199e-09	0	0	0	0	0	0	0	0	0	0	0	0	0	0	0	0	0	0	0	0
53.36000000000001	11.27647809921452	1.19950523855683	-17.39068063093178	0	0.9399999999999999	0	0	0	0	0	0	0	0	0	-0.4305981645983116	0.52359878	-0.6981317	0	5.219155226280209e-08	0	0	0	0	0	0	0	0	0	0	0	0	0	0	0	0	0	0	0	0
53.38	11.16851869745386	1.209229408474397	-17.26962207214791	0	0.9399999999999999	0	0	0	0	0	0	0	0	0	-0.4247572592010111	0.52359878	-0.6981317	0	-4.189254667931161e-07	0	0	0	0	0	0	0	0	0	0	0	0	0	0	0	0	0	0	0	0
53.40000000000001	11.07119148067274	1.185725571211934	-17.1513705558079	0	0.9399999999999999	0	0	0	0	0	0	0	0	0	-0.4093850491333413	0.52359878	-0.6981317	0	-8.190221747620638e-09	0	0	0	0	0	0	0	0	0	0	0	0	0	0	0	0	0	0	0	0
53.42	10.99355438114433	1.176257035843127	-17.04975613641612	0	0.9399999999999999	0	0	0	0	0	0	0	0	0	-0.4614659166834557	0.52359878	-0.6981317	0	-1.282786293381417e-07	0	0	0	0	0	0	0	0	0	0	0	0	0	0	0	0	0	0	0	0
53.44	10.89460247105169	1.177442794900884	-16.90749369793903	0	0.9399999999999999	0	0	0	0	0	0	0	0	0	-0.52359878	0.52359878	-0.6981317	0	-3.501829847189223e-07	0	0	0	0	0	0	0	0	0	0	0	0	0	0	0	0	0	0	0	0
53.46	10.81498537326656	1.153800323961534	-16.78214495849305	0	0.9399999999999999	0	0	0	0	0	0	0	0	0	-0.52359878	0.52359878	-0.6981317	0	-1.181794792321548e-07	0	0	0	0	0	0	0	0	0	0	0	0	0	0	0	0	0	0	0	0
53.48	10.92209695195824	1.21217265600153	-16.82923443180852	0	0.9399999999999999	0	0	0	0	0	0	0	0	0	-0.52359878	0.3710363625576624	-0.6981317	0	-4.604392093045293e-07	0	0	0	0	0	0	0	0	0	0	0	0	0	0	0	0	0	0	0	0
53.50000000000001	11.11325763032697	1.291658520712405	-16.99970873571495	0	0.9399999999999999	0	0	0	0	0	0	0	0	0	-0.52359878	0.2164329370898746	-0.6981317	0	2.114007297132989e-07	0	0	0	0	0	0	0	0	0	0	0	0	0	0	0	0	0	0	0	0
53.52	11.24059804102423	1.335356809798072	-17.12164871878253	0	0.9399999999999999	0	0	0	0	0	0	0	0	0	-0.52359878	0.1193122461416512	-0.6981317	0	1.164186309706524e-07	0	0	0	0	0	0	0	0	0	0	0	0	0	0	0	0	0	0	0	0
53.54000000000001	11.36883896687476	1.293458581588438	-17.20187219912911	0	0.9399999999999999	0	0	0	0	0	0	0	0	0	-0.4179760436061215	-0.01840719213997019	-0.6981317	0	1.09077830391033e-07	0	0	0	0	0	0	0	0	0	0	0	0	0	0	0	0	0	0	0	0
53.56	11.36883896687476	1.293458581588438	-17.20187219912911	0	0.9399999999999999	0	0	0	0	0	0	0	0	0	-0.4179760436061215	-0.01840719213997019	-0.6981317	0	1.09077830391033e-07	0	0	0	0	0	0	0	0	0	0	0	0	0	0	0	0	0	0	0	0
53.58000000000001	11.5076671958157	1.305240752039393	-17.27408275415557	0	0.9399999999999999	0	0	0	0	0	0	0	0	0	-0.3347751210927138	-0.1561948824672758	-0.6981317	0	2.417635130545871e-08	0	0	0	0	0	0	0	0	0	0	0	0	0	0	0	0	0	0	0	0
53.6	11.5076671958157	1.305240752039393	-17.27408275415557	0	0.9399999999999999	0	0	0	0	0	0	0	0	0	-0.3347751210927138	-0.1561948824672758	-0.6981317	0	2.417635130545871e-08	0	0	0	0	0	0	0	0	0	0	0	0	0	0	0	0	0	0	0	0
53.62	11.55463596866023	1.328055645196047	-17.2978552051279	0	0.9399999999999999	0	0	0	0	0	0	0	0	0	-0.3206095453824326	-0.2082873986244993	-0.6981317	0	-1.48655202146293e-07	0	0	0	0	0	0	0	0	0	0	0	0	0	0	0	0	0	0	0	0
53.64000000000001	11.5963883581103	1.338102386764738	-17.32153566555824	0	0.9399999999999999	0	0	0	0	0	0	0	0	0	-0.2982290925089471	-0.251567484010573	-0.6981317	0	8.436966304333691e-09	0	0	0	0	0	0	0	0	0	0	0	0	0	0	0	0	0	0	0	0
53.66	11.6323560334828	1.313165471400348	-17.31972441706669	0	0.9399999999999999	0	0	0	0	0	0	0	0	0	-0.2023386555867445	-0.3224320537757641	-0.6981317	0	4.950260140945162e-08	0	0	0	0	0	0	0	0	0	0	0	0	0	0	0	0	0	0	0	0
53.68000000000001	11.60804844243659	1.307100397678491	-17.28911011596322	0	0.9399999999999999	0	0	0	0	0	0	0	0	0	-0.1972956160101985	-0.317704371135743	-0.6981317	0	-1.535995332951779e-07	0	0	0	0	0	0	0	0	0	0	0	0	0	0	0	0	0	0	0	0
53.7	11.69383560596294	1.300810775988198	-17.34175809356156	0	0.9399999999999999	0	0	0	0	0	0	0	0	0	-0.1082762709907022	-0.3811997940732219	-0.6981317	0	3.649097640961102e-08	0	0	0	0	0	0	0	0	0	0	0	0	0	0	0	0	0	0	0	0
53.72000000000001	11.7398217912722	1.298067390241591	-17.37082903279633	0	0.9399999999999999	0	0	0	0	0	0	0	0	0	-0.06653383784669055	-0.4079727993063809	-0.6981317	0	2.017982203991177e-07	0	0	0	0	0	0	0	0	0	0	0	0	0	0	0	0	0	0	0	0
53.74	11.78966699005004	1.294422111629661	-17.40401387187531	0	0.9399999999999999	0	0	0	0	0	0	0	0	0	-0.0251420972928748	-0.4340413896505268	-0.6981317	0	9.835863317859283e-08	0	0	0	0	0	0	0	0	0	0	0	0	0	0	0	0	0	0	0	0
53.76000000000001	11.83863625567651	1.290990080423546	-17.43699836230445	0	0.9399999999999999	0	0	0	0	0	0	0	0	0	0.01529672201609024	-0.4566931289625331	-0.6981317	0	5.773338923882664e-07	0	0	0	0	0	0	0	0	0	0	0	0	0	0	0	0	0	0	0	0
53.78	11.83863653117682	1.290989831599552	-17.43699798178319	0	0.9399999999999999	0	0	0	0	0	0	0	0	0	0.01529677237153078	-0.4566931656743581	-0.6981317	0	-2.092576726162116e-07	0	0	0	0	0	0	0	0	0	0	0	0	0	0	0	0	0	0	0	0
53.8	11.86670917445085	1.289016705499849	-17.44120003834079	0	0.9399999999999999	0	0	0	0	0	0	0	0	0	0.05222948211133349	-0.4687028260003058	-0.6981317	0	3.313104219790194e-08	0	0	0	0	0	0	0	0	0	0	0	0	0	0	0	0	0	0	0	0
53.82000000000001	11.90301778563087	1.285687707716932	-17.47189376427751	0	0.9399999999999999	0	0	0	0	0	0	0	0	0	0.0886007767925117	-0.4817433880318501	-0.6981317	0	1.461814694628171e-08	0	0	0	0	0	0	0	0	0	0	0	0	0	0	0	0	0	0	0	0
53.84	11.90839608363436	1.286761011644083	-17.46482243907734	0	0.9399999999999999	0	0	0	0	0	0	0	0	0	0.1167847916437666	-0.482841263665559	-0.6981317	0	-3.127748357088365e-06	0	0	0	0	0	0	0	0	0	0	0	0	0	0	0	0	0	0	0	0
53.86000000000001	11.89874268835955	1.290055477308137	-17.44389156237625	0	0.9399999999999999	0	0	0	0	0	0	0	0	0	0.1392350390154011	-0.4761643573760341	-0.6981317	0	-5.586627948270207e-07	0	0	0	0	0	0	0	0	0	0	0	0	0	0	0	0	0	0	0	0
53.88	11.87849215936726	1.293760879796039	-17.41251348130382	0	0.9399999999999999	0	0	0	0	0	0	0	0	0	0.1563958977371922	-0.463806221673329	-0.6981317	0	1.13919473386533e-07	0	0	0	0	0	0	0	0	0	0	0	0	0	0	0	0	0	0	0	0
53.90000000000001	11.8468842308795	1.299069768979472	-17.36904819395063	0	0.9399999999999999	0	0	0	0	0	0	0	0	0	0.1704924037471594	-0.4472707698499453	-0.6981317	0	-1.191078730808429e-07	0	0	0	0	0	0	0	0	0	0	0	0	0	0	0	0	0	0	0	0
53.92	11.80152270417588	1.307356661854209	-17.31038289312615	0	0.9399999999999999	0	0	0	0	0	0	0	0	0	0.1811503264261573	-0.4267975466882209	-0.6981317	0	6.502767903914874e-08	0	0	0	0	0	0	0	0	0	0	0	0	0	0	0	0	0	0	0	0
53.94	11.74928130204805	1.327248963855383	-17.24377507293319	0	0.9399999999999999	0	0	0	0	0	0	0	0	0	0.1798575929037517	-0.4052876304417843	-0.6981317	0	2.008368129960711e-08	0	0	0	0	0	0	0	0	0	0	0	0	0	0	0	0	0	0	0	0
53.96	11.61446633992062	1.377346846851473	-17.07897915247753	0	0.9399999999999999	0	0	0	0	0	0	0	0	0	0.1655336885406552	-0.3655388817200004	-0.6981317	0	-3.062012712552871e-07	0	0	0	0	0	0	0	0	0	0	0	0	0	0	0	0	0	0	0	0
53.98	11.52204162963588	1.408949142882606	-16.98102988126761	0	0.9399999999999999	0	0	0	0	0	0	0	0	0	0.1299637653863972	-0.3564067122178119	-0.6981317	0	7.154130310561196e-09	0	0	0	0	0	0	0	0	0	0	0	0	0	0	0	0	0	0	0	0
54.00000000000001	11.55195114699461	1.409965025329745	-17.00363833271848	0	0.9399999999999999	0	0	0	0	0	0	0	0	0	0.1498500072070856	-0.3541075762145975	-0.6981317	0	-2.96968866456634e-09	0	0	0	0	0	0	0	0	0	0	0	0	0	0	0	0	0	0	0	0
54.02	11.79208007924728	1.451515337605784	-17.22206543665085	0	0.9399999999999999	0	0	0	0	0	0	0	0	0	0.1504301957066197	-0.384060512384614	-0.6981317	0	2.121641848608404e-07	0	0	0	0	0	0	0	0	0	0	0	0	0	0	0	0	0	0	0	0
54.04000000000001	11.95433142220578	1.460990318625699	-17.37620721858115	0	0.9399999999999999	0	0	0	0	0	0	0	0	0	0.1503247902547524	-0.4006150477944636	-0.6981317	0	1.182010228183148e-07	0	0	0	0	0	0	0	0	0	0	0	0	0	0	0	0	0	0	0	0
54.06	11.95433142220578	1.460990318625699	-17.37620721858115	0	0.9399999999999999	0	0	0	0	0	0	0	0	0	0.1503247902547524	-0.4006150477944636	-0.6981317	0	1.182010228183148e-07	0	0	0	0	0	0	0	0	0	0	0	0	0	0	0	0	0	0	0	0
54.08000000000001	12.13992668325404	1.464675333031478	-17.5503809918394	0	0.9399999999999999	0	0	0	0	0	0	0	0	0	0.149280351706787	-0.4208920527320814	-0.6981317	0	-6.995630452252198e-08	0	0	0	0	0	0	0	0	0	0	0	0	0	0	0	0	0	0	0	0
54.1	12.33951676616232	1.462221799853444	-17.73581734612682	0	0.9399999999999999	0	0	0	0	0	0	0	0	0	0.1475835642620518	-0.4525517742085501	-0.6981317	0	-1.518395944524843e-06	0	0	0	0	0	0	0	0	0	0	0	0	0	0	0	0	0	0	0	0
54.12	12.70469498343127	1.449050905658779	-18.06958898263303	0	0.9399999999999999	0	0	0	0	0	0	0	0	0	0.1328991343159668	-0.5338271915647733	-0.6981317	0	3.279134741293769e-08	0	0	0	0	0	0	0	0	0	0	0	0	0	0	0	0	0	0	0	0
54.14000000000001	12.79986827719349	1.44307011929818	-18.15013561612416	0	0.9399999999999999	0	0	0	0	0	0	0	0	0	0.122387008776257	-0.5737616861638739	-0.6981317	0	-1.664365802927522e-06	0	0	0	0	0	0	0	0	0	0	0	0	0	0	0	0	0	0	0	0
54.16	12.79986827719349	1.44307011929818	-18.15013561612416	0	0.9399999999999999	0	0	0	0	0	0	0	0	0	0.122387008776257	-0.5737616861638739	-0.6981317	0	-1.664365802927522e-06	0	0	0	0	0	0	0	0	0	0	0	0	0	0	0	0	0	0	0	0
54.18000000000001	12.80350808504478	1.442292631220717	-18.14268344019811	0	0.9399999999999999	0	0	0	0	0	0	0	0	0	0.1109652091293167	-0.6064669677880207	-0.6981317	0	7.459979687563079e-07	0	0	0	0	0	0	0	0	0	0	0	0	0	0	0	0	0	0	0	0
54.2	12.72884573272132	1.447647155096846	-18.06151340617464	0	0.9399999999999999	0	0	0	0	0	0	0	0	0	0.09462393601930862	-0.6306037801100146	-0.6981317	0	2.737828777610734e-07	0	0	0	0	0	0	0	0	0	0	0	0	0	0	0	0	0	0	0	0
54.22000000000001	12.36794678635778	1.460043916803347	-17.68623216334495	0	0.9399999999999999	0	0	0	0	0	0	0	0	0	0.04994259323034494	-0.6568552371307615	-0.6981317	0	-7.996496711154339e-08	0	0	0	0	0	0	0	0	0	0	0	0	0	0	0	0	0	0	0	0
54.24	12.13330015007506	1.455975769869186	-17.43180078394156	0	0.9399999999999999	0	0	0	0	0	0	0	0	0	0.03638163147102224	-0.6322582521503518	-0.6981317	0	5.490597147361578e-09	0	0	0	0	0	0	0	0	0	0	0	0	0	0	0	0	0	0	0	0
54.26000000000001	12.126605121572	1.456249795498838	-17.43446903047904	0	0.9399999999999999	0	0	0	0	0	0	0	0	0	0.02295466888046508	-0.6628434662041951	-0.6981317	0	-1.994689622333582e-07	0	0	0	0	0	0	0	0	0	0	0	0	0	0	0	0	0	0	0	0
54.28	11.92004209763236	1.46181448725231	-17.21156450311813	0	0.9399999999999999	0	0	0	0	0	0	0	0	0	-0.01558470193767742	-0.6650834020562044	-0.6981317	0	-6.899552261133095e-08	0	0	0	0	0	0	0	0	0	0	0	0	0	0	0	0	0	0	0	0
54.3	11.54862211344487	1.485826374713738	-16.81525720598343	0	0.9399999999999999	0	0	0	0	0	0	0	0	0	-0.06843584798064964	-0.6558879429581144	-0.6981317	0	1.86589141049501e-07	0	0	0	0	0	0	0	0	0	0	0	0	0	0	0	0	0	0	0	0
54.32000000000001	10.80948110491804	1.447321279684056	-15.98756502924783	0	0.9399999999999999	0	0	0	0	0	0	0	0	0	-0.08399494202631357	-0.6161894978547047	-0.6981317	0	-4.157860022076139e-09	0	0	0	0	0	0	0	0	0	0	0	0	0	0	0	0	0	0	0	0
54.34	10.72030554192492	1.425631362615852	-15.83475370788324	0	0.9399999999999999	0	0	0	0	0	0	0	0	0	-0.05573579647127159	-0.6096247735242047	-0.6981317	0	2.184440877296082e-07	0	0	0	0	0	0	0	0	0	0	0	0	0	0	0	0	0	0	0	0
54.36000000000001	10.63667095540057	1.420518960666135	-15.67968441216721	0	0.9399999999999999	0	0	0	0	0	0	0	0	0	-0.02677728837520996	-0.6156003169754184	-0.6981317	0	-4.154419244913843e-09	0	0	0	0	0	0	0	0	0	0	0	0	0	0	0	0	0	0	0	0
54.38	10.60086568858318	1.429727928270364	-15.57392644228482	0	0.9399999999999999	0	0	0	0	0	0	0	0	0	0.006691920109459823	-0.634221448142412	-0.6981317	0	-4.828912304914284e-07	0	0	0	0	0	0	0	0	0	0	0	0	0	0	0	0	0	0	0	0
54.40000000000001	10.60086568858318	1.429727928270364	-15.57392644228482	0	0.9399999999999999	0	0	0	0	0	0	0	0	0	0.006691920109459823	-0.634221448142412	-0.6981317	0	-4.828912304914284e-07	0	0	0	0	0	0	0	0	0	0	0	0	0	0	0	0	0	0	0	0
54.42	10.62862196839348	1.44577821582958	-15.54182835814341	0	0.9399999999999999	0	0	0	0	0	0	0	0	0	0.0314638671197797	-0.6583823346731045	-0.6981317	0	-1.995843940599402e-06	0	0	0	0	0	0	0	0	0	0	0	0	0	0	0	0	0	0	0	0
54.44	10.65426123639068	1.458279326086162	-15.51713771542105	0	0.9399999999999999	0	0	0	0	0	0	0	0	0	0.02963834093691602	-0.6783542306978303	-0.6981317	0	-8.62627383536661e-06	0	0	0	0	0	0	0	0	0	0	0	0	0	0	0	0	0	0	0	0
54.46	10.68028432568329	1.466806839009683	-15.49504495906778	0	0.9399999999999999	0	0	0	0	0	0	0	0	0	0.007560730379657335	-0.6909450078399133	-0.6981317	0	8.038612874288376e-06	0	0	0	0	0	0	0	0	0	0	0	0	0	0	0	0	0	0	0	0
54.48	10.75455847646245	1.475103645927724	-15.51516057444032	0	0.9399999999999999	0	0	0	0	0	0	0	0	0	-0.01958504360676697	-0.6968447727104266	-0.6981317	0	4.044946699819968e-07	0	0	0	0	0	0	0	0	0	0	0	0	0	0	0	0	0	0	0	0
54.50000000000001	10.82268537280657	1.490368558267658	-15.45047528998173	0	0.9399999999999999	0	0	0	0	0	0	0	0	0	-0.07378781903915665	-0.6892709532427829	-0.6981317	0	-1.614867930168171e-09	0	0	0	0	0	0	0	0	0	0	0	0	0	0	0	0	0	0	0	0
54.52	10.82265108307039	1.490369260492502	-15.45044089543413	0	0.9399999999999999	0	0	0	0	0	0	0	0	0	-0.073790251107026	-0.6892719379558989	-0.6981317	0	-1.308043023436219e-07	0	0	0	0	0	0	0	0	0	0	0	0	0	0	0	0	0	0	0	0
54.54000000000001	10.76638019011207	1.490617131882236	-15.31741117782814	0	0.9399999999999999	0	0	0	0	0	0	0	0	0	-0.1038024417275556	-0.6705492625232098	-0.6981317	0	-8.775903500839298e-07	0	0	0	0	0	0	0	0	0	0	0	0	0	0	0	0	0	0	0	0
54.56	10.74608143731641	1.485740028459142	-15.21727025410317	0	0.9399999999999999	0	0	0	0	0	0	0	0	0	-0.1318668138336715	-0.6418863290106237	-0.6981317	0	3.305586150416801e-07	0	0	0	0	0	0	0	0	0	0	0	0	0	0	0	0	0	0	0	0
54.58000000000001	10.76550383961608	1.477777255461756	-15.15769808265163	0	0.9399999999999999	0	0	0	0	0	0	0	0	0	-0.1601080156336658	-0.6056593210993512	-0.6981317	0	4.974172158208398e-06	0	0	0	0	0	0	0	0	0	0	0	0	0	0	0	0	0	0	0	0
54.6	10.82729412519922	1.482649965266787	-15.0946690136275	0	0.9399999999999999	0	0	0	0	0	0	0	0	0	-0.1862873054377257	-0.5623484734780272	-0.6981317	0	1.693012681983339e-06	0	0	0	0	0	0	0	0	0	0	0	0	0	0	0	0	0	0	0	0
54.62	10.96807816863788	1.459329171839492	-15.14838307616299	0	0.9399999999999999	0	0	0	0	0	0	0	0	0	-0.2536425353879122	-0.4935765602704884	-0.6981317	0	-3.05265891939027e-07	0	0	0	0	0	0	0	0	0	0	0	0	0	0	0	0	0	0	0	0
54.64000000000001	11.04579140623826	1.466458359023039	-15.15683407104945	0	0.9399999999999999	0	0	0	0	0	0	0	0	0	-0.2710366027079938	-0.4733469823667452	-0.6981317	0	2.355874814494799e-06	0	0	0	0	0	0	0	0	0	0	0	0	0	0	0	0	0	0	0	0
54.66	11.04579140623826	1.466458359023039	-15.15683407104945	0	0.9399999999999999	0	0	0	0	0	0	0	0	0	-0.2710366027079938	-0.4733469823667452	-0.6981317	0	2.355874814494799e-06	0	0	0	0	0	0	0	0	0	0	0	0	0	0	0	0	0	0	0	0
54.68000000000001	10.61016349926552	1.549431958044102	-14.61731232171795	0	0.9399999999999999	0	0	0	0	0	0	0	0	0	-0.2258855045721924	-0.5372133673145141	-0.6981317	0	2.387199309158729e-07	0	0	0	0	0	0	0	0	0	0	0	0	0	0	0	0	0	0	0	0
54.7	11.13192220152854	1.528200833711007	-15.09597761242302	0	0.9399999999999999	0	0	0	0	0	0	0	0	0	-0.2528713115744355	-0.4841395115348721	-0.6981317	0	-1.168833665935716e-07	0	0	0	0	0	0	0	0	0	0	0	0	0	0	0	0	0	0	0	0
54.72000000000001	11.16838599830371	1.57935893122149	-15.0578318158385	0	0.9399999999999999	0	0	0	0	0	0	0	0	0	-0.2157885937042131	-0.5025973164229022	-0.6981317	0	-7.064874039876947e-07	0	0	0	0	0	0	0	0	0	0	0	0	0	0	0	0	0	0	0	0
54.74	11.56882808664235	1.699361590275525	-15.35583308087532	0	0.9399999999999999	0	0	0	0	0	0	0	0	0	-0.1405757852401768	-0.5965708029726785	-0.6981317	0	6.122739399089986e-07	0	0	0	0	0	0	0	0	0	0	0	0	0	0	0	0	0	0	0	0
54.76000000000001	11.55833347869834	1.704495385845081	-15.30314991041703	0	0.9399999999999999	0	0	0	0	0	0	0	0	0	-0.1236852571658224	-0.5567741307188735	-0.6981317	0	2.028594082520477e-07	0	0	0	0	0	0	0	0	0	0	0	0	0	0	0	0	0	0	0	0
54.78	11.73264927380992	1.786913246031881	-15.35144379684368	0	0.9399999999999999	0	0	0	0	0	0	0	0	0	-0.05500998387113286	-0.544930542644016	-0.6981317	0	-7.265098822975921e-07	0	0	0	0	0	0	0	0	0	0	0	0	0	0	0	0	0	0	0	0
54.8	11.83475969726184	1.796548430294137	-15.3957114718716	0	0.9399999999999999	0	0	0	0	0	0	0	0	0	-0.05492717875210563	-0.5033500279429921	-0.6981317	0	7.081903148413981e-08	0	0	0	0	0	0	0	0	0	0	0	0	0	0	0	0	0	0	0	0
54.82000000000001	11.95075548163917	1.787348345946904	-15.45976444290018	0	0.9399999999999999	0	0	0	0	0	0	0	0	0	-0.07808331678965477	-0.4407107812868459	-0.6981317	0	-3.029451424157362e-07	0	0	0	0	0	0	0	0	0	0	0	0	0	0	0	0	0	0	0	0
54.84	11.95075548163917	1.787348345946904	-15.45976444290018	0	0.9399999999999999	0	0	0	0	0	0	0	0	0	-0.07808331678965477	-0.4407107812868459	-0.6981317	0	-3.029451424157362e-07	0	0	0	0	0	0	0	0	0	0	0	0	0	0	0	0	0	0	0	0
54.86000000000001	12.08433082400241	1.766806405848852	-15.54958277956124	0	0.9399999999999999	0	0	0	0	0	0	0	0	0	-0.1169550572030666	-0.3640697721306176	-0.6981317	0	6.60198273253009e-08	0	0	0	0	0	0	0	0	0	0	0	0	0	0	0	0	0	0	0	0
54.88	12.24113125654578	1.744228856852146	-15.6720017470633	0	0.9399999999999999	0	0	0	0	0	0	0	0	0	-0.1615699118778428	-0.2823224251387162	-0.6981317	0	3.984704681756165e-07	0	0	0	0	0	0	0	0	0	0	0	0	0	0	0	0	0	0	0	0
54.90000000000001	12.57163130404758	1.723530758497589	-15.95870578763352	0	0.9399999999999999	0	0	0	0	0	0	0	0	0	-0.2284984273065518	-0.1982324963106663	-0.6981317	0	4.174243837568638e-08	0	0	0	0	0	0	0	0	0	0	0	0	0	0	0	0	0	0	0	0
54.92	12.59248863388332	1.717726097284358	-15.97540501444653	0	0.9399999999999999	0	0	0	0	0	0	0	0	0	-0.2386328880687237	-0.1288596697401992	-0.6981317	0	-4.6756694316825e-08	0	0	0	0	0	0	0	0	0	0	0	0	0	0	0	0	0	0	0	0
54.94	12.83736361598735	1.720308305809966	-16.18531682139533	0	0.9399999999999999	0	0	0	0	0	0	0	0	0	-0.2800312408055378	-0.06519504241271791	-0.6981317	0	3.807653840245809e-07	0	0	0	0	0	0	0	0	0	0	0	0	0	0	0	0	0	0	0	0
54.96	12.92687357222545	1.722848934023929	-16.25582452056518	0	0.9399999999999999	0	0	0	0	0	0	0	0	0	-0.2986259698811261	0.05315650585231391	-0.6981317	0	1.867445153111347e-08	0	0	0	0	0	0	0	0	0	0	0	0	0	0	0	0	0	0	0	0
54.98	12.92687357222545	1.722848934023929	-16.25582452056518	0	0.9399999999999999	0	0	0	0	0	0	0	0	0	-0.2986259698811261	0.05315650585231391	-0.6981317	0	1.867445153111347e-08	0	0	0	0	0	0	0	0	0	0	0	0	0	0	0	0	0	0	0	0
55.00000000000001	13.06095812055175	1.731052807191765	-16.35019393720521	0	0.9399999999999999	0	0	0	0	0	0	0	0	0	-0.3269153240142418	0.1712343810987875	-0.6981317	0	3.600818757456284e-07	0	0	0	0	0	0	0	0	0	0	0	0	0	0	0	0	0	0	0	0
55.02	13.06095812055175	1.731052807191765	-16.35019393720521	0	0.9399999999999999	0	0	0	0	0	0	0	0	0	-0.3269153240142418	0.1712343810987875	-0.6981317	0	3.600818757456284e-07	0	0	0	0	0	0	0	0	0	0	0	0	0	0	0	0	0	0	0	0
55.04000000000001	13.12910896852664	1.732896595970248	-16.39566728970601	0	0.9399999999999999	0	0	0	0	0	0	0	0	0	-0.3430966617805442	0.2373171215204092	-0.6981317	0	1.878040396405916e-07	0	0	0	0	0	0	0	0	0	0	0	0	0	0	0	0	0	0	0	0
55.06	13.20271074988138	1.732643448078804	-16.44452236758488	0	0.9399999999999999	0	0	0	0	0	0	0	0	0	-0.3611421436783051	0.3068398566490545	-0.6981317	0	-1.730865134139473e-07	0	0	0	0	0	0	0	0	0	0	0	0	0	0	0	0	0	0	0	0
55.08000000000001	13.28766106109336	1.730756263372402	-16.50337565879722	0	0.9399999999999999	0	0	0	0	0	0	0	0	0	-0.3818215908201487	0.377146702084133	-0.6981317	0	2.145073607908e-08	0	0	0	0	0	0	0	0	0	0	0	0	0	0	0	0	0	0	0	0
55.1	13.38214461657558	1.728892896547995	-16.57231100695386	0	0.9399999999999999	0	0	0	0	0	0	0	0	0	-0.4047542907281776	0.4449648646118252	-0.6981317	0	2.479018415996407e-07	0	0	0	0	0	0	0	0	0	0	0	0	0	0	0	0	0	0	0	0
55.12	13.48637581208198	1.728358746969767	-16.6516983482472	0	0.9399999999999999	0	0	0	0	0	0	0	0	0	-0.430551007444764	0.5075586161686051	-0.6981317	0	4.728724008710785e-08	0	0	0	0	0	0	0	0	0	0	0	0	0	0	0	0	0	0	0	0
55.14000000000001	13.45388388981334	1.741153182976191	-16.58252578237169	0	0.9399999999999999	0	0	0	0	0	0	0	0	0	-0.449594716226036	0.52359878	-0.6981317	0	-1.497823742015439e-07	0	0	0	0	0	0	0	0	0	0	0	0	0	0	0	0	0	0	0	0
55.16	13.84471545511283	1.715383139396862	-16.79134841075673	0	0.9399999999999999	0	0	0	0	0	0	0	0	0	-0.3739188681876791	0.08727158241049152	-0.6981317	0.9389085018360698	0.9389083211503872	0	0	0	0	0	0	0	0	0	0	0	0	0	0	0	0	0	0	0	0
55.18000000000001	13.89025713612169	1.740661578731608	-16.76054425853666	0	0.9399999999999999	0	0	0	0	0	0	0	0	0	-0.3442074122891493	-0.04110772655359794	-0.6981317	1.255128258900759	1.255128251409623	0	0	0	0	0	0	0	0	0	0	0	0	0	0	0	0	0	0	0	0
55.2	13.97301861923837	1.752869712384163	-16.83021927140743	0	0.9399999999999999	0	0	0	0	0	0	0	0	0	-0.361862717555803	-0.04006552954762803	-0.6981317	1.257928067946299	1.257927425826969	0	0	0	0	0	0	0	0	0	0	0	0	0	0	0	0	0	0	0	0
55.22000000000001	14.01999462742603	1.758508043799892	-16.80745184580334	0	0.9399999999999999	0	0	0	0	0	0	0	0	0	-0.324822525597981	-0.157611513024814	-0.6981317	1.520847859055715	1.520847818461591	0	0	0	0	0	0	0	0	0	0	0	0	0	0	0	0	0	0	0	0
55.24	14.10262137236748	1.760177288714028	-16.85317928884356	0	0.9399999999999999	0	0	0	0	0	0	0	0	0	-0.3273974267395625	-0.1923828920243937	-0.6981317	1.605797206138152	1.605797177487489	0	0	0	0	0	0	0	0	0	0	0	0	0	0	0	0	0	0	0	0
55.26000000000001	14.21822307705355	1.757947051850296	-16.93331637712799	0	0.9399999999999999	0	0	0	0	0	0	0	0	0	-0.3424307117383472	-0.1851424995768402	-0.6981317	1.624855777429009	1.624855695778368	0	0	0	0	0	0	0	0	0	0	0	0	0	0	0	0	0	0	0	0
55.28	14.38372736393526	1.755854716240471	-17.06252567078641	0	0.9399999999999999	0	0	0	0	0	0	0	0	0	-0.3717660228501846	-0.1345446637273385	-0.6981317	1.575654345811248	1.575654374367288	0	0	0	0	0	0	0	0	0	0	0	0	0	0	0	0	0	0	0	0
55.3	14.38372736393526	1.755854716240471	-17.06252567078641	0	0.9399999999999999	0	0	0	0	0	0	0	0	0	-0.3717660228501846	-0.1345446637273385	-0.6981317	1.575654345811248	1.575654374367288	0	0	0	0	0	0	0	0	0	0	0	0	0	0	0	0	0	0	0	0
55.32000000000001	14.72904235669114	1.761572978489468	-17.35331386756399	0	0.9399999999999999	0	0	0	0	0	0	0	0	0	-0.4529998832528308	-0.007502624861381831	-0.6981317	1.409474824684765	1.409475481129326	0	0	0	0	0	0	0	0	0	0	0	0	0	0	0	0	0	0	0	0
55.34	14.85176458933317	1.763434428483971	-17.45827567755464	0	0.9399999999999999	0	0	0	0	0	0	0	0	0	-0.4869585196679607	0.02177760238380849	-0.6981317	1.360371376621996	1.360372804224623	0	0	0	0	0	0	0	0	0	0	0	0	0	0	0	0	0	0	0	0
55.36000000000001	14.93473940390682	1.759866576829529	-17.52320102116785	0	0.9399999999999999	0	0	0	0	0	0	0	0	0	-0.5087652163209351	0.009395188271851374	-0.6981317	1.34889042876086	1.348890773571145	0	0	0	0	0	0	0	0	0	0	0	0	0	0	0	0	0	0	0	0
55.38	14.97699787173141	1.748695840898342	-17.54386059563277	0	0.9399999999999999	0	0	0	0	0	0	0	0	0	-0.5116829871086988	-0.05128345250939739	-0.6981317	1.401839015893361	1.401838992641795	0	0	0	0	0	0	0	0	0	0	0	0	0	0	0	0	0	0	0	0
55.40000000000001	14.95381097033995	1.731410052671749	-17.50340637081664	0	0.9399999999999999	0	0	0	0	0	0	0	0	0	-0.5001472893762851	-0.1388543114425562	-0.6981317	1.498723396277208	1.498723416653187	0	0	0	0	0	0	0	0	0	0	0	0	0	0	0	0	0	0	0	0
55.42	14.94002062596682	1.714328898051556	-17.47504956327968	0	0.9399999999999999	0	0	0	0	0	0	0	0	0	-0.4961157574635859	-0.1840112748337849	-0.6981317	1.5218814230047	1.521881427516347	0	0	0	0	0	0	0	0	0	0	0	0	0	0	0	0	0	0	0	0
55.44	14.98239416327969	1.692347436459862	-17.49609882083058	0	0.9399999999999999	0	0	0	0	0	0	0	0	0	-0.4989684831076525	-0.1763427127546238	-0.6981317	1.43827389052382	1.438274052313493	0	0	0	0	0	0	0	0	0	0	0	0	0	0	0	0	0	0	0	0
55.46	14.98239416327969	1.692347436459862	-17.49609882083058	0	0.9399999999999999	0	0	0	0	0	0	0	0	0	-0.4989684831076525	-0.1763427127546238	-0.6981317	1.43827389052382	1.438274052313493	0	0	0	0	0	0	0	0	0	0	0	0	0	0	0	0	0	0	0	0
55.48	14.67002538477349	1.624031690772817	-17.12546420025137	0	0.9399999999999999	0	0	0	0	0	0	0	0	0	-0.4532987962878602	-0.2106494294026377	-0.6981317	1.327340215360852	1.32734063902015	0	0	0	0	0	0	0	0	0	0	0	0	0	0	0	0	0	0	0	0
55.50000000000001	15.16404760076873	1.506501422168244	-17.64903979543799	0	0.9399999999999999	0	0	0	0	0	0	0	0	0	-0.52359878	0.52359878	-0.6981317	0	2.886079121080671e-07	0	0	0	0	0	0	0	0	0	0	0	0	0	0	0	0	0	0	0	0
55.52	14.62432471235927	1.518337565742718	-17.10020434210502	0	0.9399999999999999	0	0	0	0	0	0	0	0	0	-0.52359878	0.5176784142355745	-0.6981317	0	-5.860153357362139e-08	0	0	0	0	0	0	0	0	0	0	0	0	0	0	0	0	0	0	0	0
55.54000000000001	14.97377754089782	1.523959977118499	-17.4065782932709	0	0.9399999999999999	0	0	0	0	0	0	0	0	0	-0.52359878	0.4489931769975735	-0.6981317	0	4.174882678551405e-08	0	0	0	0	0	0	0	0	0	0	0	0	0	0	0	0	0	0	0	0
55.56	16.22918592639849	1.491239993222991	-18.60803873408127	0	0.9399999999999999	0	0	0	0	0	0	0	0	0	-0.5141047037328089	0.3178445800236429	-0.6981317	0	-1.725222979886288e-09	0	0	0	0	0	0	0	0	0	0	0	0	0	0	0	0	0	0	0	0
55.58000000000001	16.2374199836011	1.492966560560614	-18.59988742240672	0	0.9399999999999999	0	0	0	0	0	0	0	0	0	-0.4987063076268983	0.2775360692434591	-0.6981317	0	4.315742174439188e-06	0	0	0	0	0	0	0	0	0	0	0	0	0	0	0	0	0	0	0	0
55.6	16.23749104592345	1.414035025319174	-18.52283867011715	0	0.9399999999999999	0	0	0	0	0	0	0	0	0	-0.3727421047702195	0.1242182210583499	-0.6981317	0	-3.502773577296738e-07	0	0	0	0	0	0	0	0	0	0	0	0	0	0	0	0	0	0	0	0
55.62	16.22774422963249	1.398766186665486	-18.47329023409929	0	0.9399999999999999	0	0	0	0	0	0	0	0	0	-0.3362793234898252	0.07780481312235545	-0.6981317	0	5.302686764747448e-08	0	0	0	0	0	0	0	0	0	0	0	0	0	0	0	0	0	0	0	0
55.64000000000001	16.22038998247383	1.397558552864435	-18.42872913930073	0	0.9399999999999999	0	0	0	0	0	0	0	0	0	-0.3137594458950658	0.04915127245768533	-0.6981317	0	2.698972670128309e-07	0	0	0	0	0	0	0	0	0	0	0	0	0	0	0	0	0	0	0	0
55.66	16.21988602863489	1.410580153692711	-18.39539795562849	0	0.9399999999999999	0	0	0	0	0	0	0	0	0	-0.3142220371592233	0.05243944711584671	-0.6981317	0	-3.648086415760754e-07	0	0	0	0	0	0	0	0	0	0	0	0	0	0	0	0	0	0	0	0
55.68000000000001	16.22301450556491	1.407479002181775	-18.39378129880593	0	0.9399999999999999	0	0	0	0	0	0	0	0	0	-0.2993502697125539	0.0333998834803109	-0.6981317	0	1.726396794669607e-07	0	0	0	0	0	0	0	0	0	0	0	0	0	0	0	0	0	0	0	0
55.7	16.21853008663689	1.421224700499693	-18.35118871859143	0	0.9399999999999999	0	0	0	0	0	0	0	0	0	-0.2840172706093951	0.02210552649288778	-0.6981317	0	6.796847939641194e-07	0	0	0	0	0	0	0	0	0	0	0	0	0	0	0	0	0	0	0	0
55.72000000000001	16.11128415230158	1.436603640179676	-18.17401700120796	0	0.9399999999999999	0	0	0	0	0	0	0	0	0	-0.233516601988905	-0.006228446316333541	-0.6981317	0	3.210675451629402e-08	0	0	0	0	0	0	0	0	0	0	0	0	0	0	0	0	0	0	0	0
55.74	16.11128415230158	1.436603640179676	-18.17401700120796	0	0.9399999999999999	0	0	0	0	0	0	0	0	0	-0.233516601988905	-0.006228446316333541	-0.6981317	0	3.210675451629402e-08	0	0	0	0	0	0	0	0	0	0	0	0	0	0	0	0	0	0	0	0
55.76000000000001	16.04098959121626	1.432595261490719	-18.07650345223121	0	0.9399999999999999	0	0	0	0	0	0	0	0	0	-0.1997223536801344	-0.0245659348882373	-0.6981317	0	1.473755075139746e-07	0	0	0	0	0	0	0	0	0	0	0	0	0	0	0	0	0	0	0	0
55.78	15.98786546225772	1.421876661358374	-18.00152202931863	0	0.9399999999999999	0	0	0	0	0	0	0	0	0	-0.1617166220153688	-0.04378113936786057	-0.6981317	0	2.327958239391856e-07	0	0	0	0	0	0	0	0	0	0	0	0	0	0	0	0	0	0	0	0
55.8	15.95908098727408	1.407043603486539	-17.9541390598744	0	0.9399999999999999	0	0	0	0	0	0	0	0	0	-0.1211060022273056	-0.06297978794797904	-0.6981317	0	-9.85576780506909e-09	0	0	0	0	0	0	0	0	0	0	0	0	0	0	0	0	0	0	0	0
55.82000000000001	15.95324986170313	1.392106220893784	-17.93082460261734	0	0.9399999999999999	0	0	0	0	0	0	0	0	0	-0.08107565096443263	-0.08176611945993636	-0.6981317	0	-4.960143624237333e-08	0	0	0	0	0	0	0	0	0	0	0	0	0	0	0	0	0	0	0	0
55.84	15.96630630977859	1.380969426046737	-17.92646132730516	0	0.9399999999999999	0	0	0	0	0	0	0	0	0	-0.04545896551997774	-0.0986249167358601	-0.6981317	0	-3.280665197337343e-07	0	0	0	0	0	0	0	0	0	0	0	0	0	0	0	0	0	0	0	0
55.86000000000001	16.0120770604267	1.369296767065682	-17.93864445941081	0	0.9399999999999999	0	0	0	0	0	0	0	0	0	0.01226968846515909	-0.1205966351301414	-0.6981317	0	8.70004423345491e-08	0	0	0	0	0	0	0	0	0	0	0	0	0	0	0	0	0	0	0	0
55.88	16.0120770604267	1.369296767065682	-17.93864445941081	0	0.9399999999999999	0	0	0	0	0	0	0	0	0	0.01226968846515909	-0.1205966351301414	-0.6981317	0	8.70004423345491e-08	0	0	0	0	0	0	0	0	0	0	0	0	0	0	0	0	0	0	0	0
55.90000000000001	16.02074811692202	1.363620200392197	-17.93133170492895	0	0.9399999999999999	0	0	0	0	0	0	0	0	0	0.03934672433108768	-0.1251942294883437	-0.6981317	0	2.681359006818518e-06	0	0	0	0	0	0	0	0	0	0	0	0	0	0	0	0	0	0	0	0
55.92	16.00926093681865	1.35819286600811	-17.90385710193912	0	0.9399999999999999	0	0	0	0	0	0	0	0	0	0.06581602684000493	-0.1240194931953114	-0.6981317	0	-5.67938742848496e-08	0	0	0	0	0	0	0	0	0	0	0	0	0	0	0	0	0	0	0	0
55.94	15.99047585815772	1.354532466716697	-17.86884512751671	0	0.9399999999999999	0	0	0	0	0	0	0	0	0	0.08846419416010608	-0.118881388359361	-0.6981317	0	-5.008418243211953e-09	0	0	0	0	0	0	0	0	0	0	0	0	0	0	0	0	0	0	0	0
55.96	15.96716778272479	1.353071476639629	-17.82839652893328	0	0.9399999999999999	0	0	0	0	0	0	0	0	0	0.106789004975379	-0.1102059814458212	-0.6981317	0	1.309238714084754e-07	0	0	0	0	0	0	0	0	0	0	0	0	0	0	0	0	0	0	0	0
55.98	15.93848605039316	1.35247436325346	-17.78063866050789	0	0.9399999999999999	0	0	0	0	0	0	0	0	0	0.1230950408500748	-0.09862367904359563	-0.6981317	0	-3.849157958986727e-08	0	0	0	0	0	0	0	0	0	0	0	0	0	0	0	0	0	0	0	0
56.00000000000001	15.90639616163306	1.351776687863619	-17.7273773012846	0	0.9399999999999999	0	0	0	0	0	0	0	0	0	0.1383531914235205	-0.08456713852095891	-0.6981317	0	2.353235262875841e-07	0	0	0	0	0	0	0	0	0	0	0	0	0	0	0	0	0	0	0	0
56.02	15.87636213152107	1.350560739876761	-17.67428534932697	0	0.9399999999999999	0	0	0	0	0	0	0	0	0	0.1535661366518927	-0.06934006108844991	-0.6981317	0	1.509563359958488e-07	0	0	0	0	0	0	0	0	0	0	0	0	0	0	0	0	0	0	0	0
56.04000000000001	15.84730118837645	1.350497778013914	-17.62104257564923	0	0.9399999999999999	0	0	0	0	0	0	0	0	0	0.1674489480657751	-0.05295132381166713	-0.6981317	0	9.536332835632022e-08	0	0	0	0	0	0	0	0	0	0	0	0	0	0	0	0	0	0	0	0
56.06	15.82069976214003	1.351159387353405	-17.56949835454959	0	0.9399999999999999	0	0	0	0	0	0	0	0	0	0.1803455379722719	-0.03648777416279195	-0.6981317	0	7.025133338286265e-08	0	0	0	0	0	0	0	0	0	0	0	0	0	0	0	0	0	0	0	0
56.08000000000001	15.78145958549041	1.356720806533773	-17.48098021955233	0	0.9399999999999999	0	0	0	0	0	0	0	0	0	0.1980577081533488	-0.005229403165392375	-0.6981317	0	-5.537993400197892e-07	0	0	0	0	0	0	0	0	0	0	0	0	0	0	0	0	0	0	0	0
56.1	15.75773653154589	1.361459885672401	-17.43359041097061	0	0.9399999999999999	0	0	0	0	0	0	0	0	0	0.2031840674219265	0.01095959248039777	-0.6981317	0	3.359483921909418e-08	0	0	0	0	0	0	0	0	0	0	0	0	0	0	0	0	0	0	0	0
56.12	15.72560349253026	1.366387113415326	-17.38406974148022	0	0.9399999999999999	0	0	0	0	0	0	0	0	0	0.1989663950289628	0.02165826493092352	-0.6869247284394223	0	5.971629943961939e-08	0	0	0	0	0	0	0	0	0	0	0	0	0	0	0	0	0	0	0	0
56.14000000000001	15.7023985168536	1.37132714351842	-17.33422256766408	0	0.9399999999999999	0	0	0	0	0	0	0	0	0	0.2099598655004675	0.04230132924036604	-0.6981317	0	1.516383304808484e-06	0	0	0	0	0	0	0	0	0	0	0	0	0	0	0	0	0	0	0	0
56.16	15.67206801091309	1.37727725065016	-17.28008327599275	0	0.9399999999999999	0	0	0	0	0	0	0	0	0	0.2103607242030306	0.05785779304322555	-0.6927527755657729	0	-5.6365842952223e-07	0	0	0	0	0	0	0	0	0	0	0	0	0	0	0	0	0	0	0	0
56.18000000000001	15.63363398403761	1.383747101026018	-17.21846725687943	0	0.9399999999999999	0	0	0	0	0	0	0	0	0	0.2095049963835947	0.0736577984107837	-0.6864871489586789	0	4.087368852488475e-06	0	0	0	0	0	0	0	0	0	0	0	0	0	0	0	0	0	0	0	0
56.2	15.59240754392561	1.390039944395236	-17.15569174523014	0	0.9399999999999999	0	0	0	0	0	0	0	0	0	0.2009233423065217	0.08497577961584467	-0.6660694929343438	0	-4.535232536764637e-08	0	0	0	0	0	0	0	0	0	0	0	0	0	0	0	0	0	0	0	0
56.22000000000001	15.55210906273857	1.395200476223571	-17.09525940153795	0	0.9399999999999999	0	0	0	0	0	0	0	0	0	0.2067608603662722	0.1000294756495633	-0.6706709180128729	0	-4.218681651432864e-07	0	0	0	0	0	0	0	0	0	0	0	0	0	0	0	0	0	0	0	0
56.24	15.55210906273857	1.395200476223571	-17.09525940153795	0	0.9399999999999999	0	0	0	0	0	0	0	0	0	0.2067608603662722	0.1000294756495633	-0.6706709180128729	0	-4.218681651432864e-07	0	0	0	0	0	0	0	0	0	0	0	0	0	0	0	0	0	0	0	0
56.26000000000001	15.49460430681993	1.402210626701297	-17.00120167106548	0	0.9399999999999999	0	0	0	0	0	0	0	0	0	0.2045582046376015	0.1184033687896208	-0.6500234599156997	0	-4.922440506117887e-08	0	0	0	0	0	0	0	0	0	0	0	0	0	0	0	0	0	0	0	0
56.28	15.48732344137638	1.404803588387123	-16.97705464042131	0	0.9399999999999999	0	0	0	0	0	0	0	0	0	0.2046185547166411	0.123395210664492	-0.6392078680753213	0	-3.094505901002428e-08	0	0	0	0	0	0	0	0	0	0	0	0	0	0	0	0	0	0	0	0
56.3	15.5001412262694	1.408277605044759	-16.97394231335395	0	0.9399999999999999	0	0	0	0	0	0	0	0	0	0.2044814898336521	0.1237910594343104	-0.6267147602827029	0	2.073592191212048e-10	0	0	0	0	0	0	0	0	0	0	0	0	0	0	0	0	0	0	0	0
56.32000000000001	15.5001412262694	1.408277605044759	-16.97394231335395	0	0.9399999999999999	0	0	0	0	0	0	0	0	0	0.2044814898336521	0.1237910594343104	-0.6267147602827029	0	2.073592191212048e-10	0	0	0	0	0	0	0	0	0	0	0	0	0	0	0	0	0	0	0	0
56.34	15.52769168567418	1.411514115988056	-16.98585793254094	0	0.9399999999999999	0	0	0	0	0	0	0	0	0	0.2051242871638895	0.1208789630043971	-0.6143681920622079	0	2.088148416863232e-07	0	0	0	0	0	0	0	0	0	0	0	0	0	0	0	0	0	0	0	0
56.36000000000001	15.61204461361375	1.425427407073857	-17.04182653486904	0	0.9399999999999999	0	0	0	0	0	0	0	0	0	0.2006018005057853	0.1097447424706958	-0.5901197426294509	0	1.262071372502087e-06	0	0	0	0	0	0	0	0	0	0	0	0	0	0	0	0	0	0	0	0
56.38	15.61204526190357	1.425427338624145	-17.04182588411451	0	0.9399999999999999	0	0	0	0	0	0	0	0	0	0.2006017784658895	0.1097439479737687	-0.5901202174370366	0	1.769886256729193e-07	0	0	0	0	0	0	0	0	0	0	0	0	0	0	0	0	0	0	0	0
56.40000000000001	15.68884955431162	1.445572344453492	-17.09597625582558	0	0.9399999999999999	0	0	0	0	0	0	0	0	0	0.1936929877821758	0.0955684961556641	-0.5711055198437579	0	-6.534822647667347e-08	0	0	0	0	0	0	0	0	0	0	0	0	0	0	0	0	0	0	0	0
56.42	15.69370144402911	1.453635833480597	-17.09122912683034	0	0.9399999999999999	0	0	0	0	0	0	0	0	0	0.1885971790794868	0.0940118925357888	-0.5588119264637975	0	-3.589361286268051e-07	0	0	0	0	0	0	0	0	0	0	0	0	0	0	0	0	0	0	0	0
56.44	15.69370963941114	1.453635365225853	-17.09124013455843	0	0.9399999999999999	0	0	0	0	0	0	0	0	0	0.1885987495217818	0.09401131788836914	-0.558809971888432	0	-5.132549834171858e-07	0	0	0	0	0	0	0	0	0	0	0	0	0	0	0	0	0	0	0	0
56.46	15.68516553857831	1.461125387039484	-17.07430917755865	0	0.9399999999999999	0	0	0	0	0	0	0	0	0	0.1823598443059941	0.09499550907735331	-0.545865897379447	0	3.640298761179621e-08	0	0	0	0	0	0	0	0	0	0	0	0	0	0	0	0	0	0	0	0
56.48	15.64995665912906	1.467054230325565	-17.03199137732585	0	0.9399999999999999	0	0	0	0	0	0	0	0	0	0.176319880705947	0.0996865661954531	-0.5355160308074098	0	2.742184563128379e-10	0	0	0	0	0	0	0	0	0	0	0	0	0	0	0	0	0	0	0	0
56.50000000000001	15.59601522959117	1.47045574128127	-16.97215725414697	0	0.9399999999999999	0	0	0	0	0	0	0	0	0	0.1723885679099625	0.1064123409698431	-0.5278260443796743	0	-1.233281597382361e-08	0	0	0	0	0	0	0	0	0	0	0	0	0	0	0	0	0	0	0	0
56.52	15.53180185519668	1.471445773620852	-16.90278698297784	0	0.9399999999999999	0	0	0	0	0	0	0	0	0	0.1696133353601709	0.1139594692342392	-0.521602964205153	0	1.766914916152035e-08	0	0	0	0	0	0	0	0	0	0	0	0	0	0	0	0	0	0	0	0
56.54000000000001	15.47547880142129	1.471669240535322	-16.84158526075334	0	0.9399999999999999	0	0	0	0	0	0	0	0	0	0.1656402933068715	0.1201620891869846	-0.5162608519934007	0	1.106811117452188e-06	0	0	0	0	0	0	0	0	0	0	0	0	0	0	0	0	0	0	0	0
56.56	15.43515675601885	1.472239286148848	-16.79596435297126	0	0.9399999999999999	0	0	0	0	0	0	0	0	0	0.1598475554711138	0.1242048938379904	-0.5115563250289462	0	3.586223227284773e-07	0	0	0	0	0	0	0	0	0	0	0	0	0	0	0	0	0	0	0	0
56.58000000000001	15.39877885800737	1.476770106960859	-16.74633439565917	0	0.9399999999999999	0	0	0	0	0	0	0	0	0	0.1415028746249551	0.127725521339738	-0.5067920715861313	0	1.195810364993712e-06	0	0	0	0	0	0	0	0	0	0	0	0	0	0	0	0	0	0	0	0
56.6	15.39872087275089	1.476750641527781	-16.74631922358646	0	0.9399999999999999	0	0	0	0	0	0	0	0	0	0.1419076114238052	0.1270678417336098	-0.5058679985943424	0	2.001686164281416e-06	0	0	0	0	0	0	0	0	0	0	0	0	0	0	0	0	0	0	0	0
56.62	15.40220246421822	1.480771505294754	-16.74241013704442	0	0.9399999999999999	0	0	0	0	0	0	0	0	0	0.1298990465478643	0.1244146170307127	-0.5058561203367223	0	7.483460897586238e-07	0	0	0	0	0	0	0	0	0	0	0	0	0	0	0	0	0	0	0	0
56.64000000000001	15.3663988517483	1.484166128245838	-16.6989958270249	0	0.9399999999999999	0	0	0	0	0	0	0	0	0	0.1150628964578126	0.1236145929663049	-0.5074914310758645	0	1.66278586843302e-07	0	0	0	0	0	0	0	0	0	0	0	0	0	0	0	0	0	0	0	0
56.66	15.34136358134788	1.485577581200423	-16.66650246083788	0	0.9399999999999999	0	0	0	0	0	0	0	0	0	0.1007511242622158	0.1213452221607731	-0.5101454860267339	0	-9.630959034584523e-08	0	0	0	0	0	0	0	0	0	0	0	0	0	0	0	0	0	0	0	0
56.68000000000001	15.31337882603018	1.485082867645774	-16.63177850581546	0	0.9399999999999999	0	0	0	0	0	0	0	0	0	0.08615510568178734	0.1189931023453354	-0.514395853927322	0	2.626364922992689e-07	0	0	0	0	0	0	0	0	0	0	0	0	0	0	0	0	0	0	0	0
56.7	15.27754520552529	1.483497759353668	-16.59022600116369	0	0.9399999999999999	0	0	0	0	0	0	0	0	0	0.07009527962357709	0.11663489008403	-0.5209683664367731	0	-3.122247856850676e-07	0	0	0	0	0	0	0	0	0	0	0	0	0	0	0	0	0	0	0	0
56.72000000000001	15.23274941780799	1.480996286137452	-16.54114319495052	0	0.9399999999999999	0	0	0	0	0	0	0	0	0	0.05271898730456447	0.1141192356676276	-0.5309487222136969	0	8.512852550195465e-08	0	0	0	0	0	0	0	0	0	0	0	0	0	0	0	0	0	0	0	0
56.74	15.18046844664402	1.476093037704747	-16.48690501550164	0	0.9399999999999999	0	0	0	0	0	0	0	0	0	0.03560383520403591	0.1124211127468147	-0.5460019064405303	0	2.471620463637783e-08	0	0	0	0	0	0	0	0	0	0	0	0	0	0	0	0	0	0	0	0
56.76000000000001	15.13248137130758	1.470914592385026	-16.43793805957777	0	0.9399999999999999	0	0	0	0	0	0	0	0	0	0.01859717312279235	0.1097521082979822	-0.5646839395335689	0	2.430597614431311e-07	0	0	0	0	0	0	0	0	0	0	0	0	0	0	0	0	0	0	0	0
56.78	15.06619555472883	1.467777679889709	-16.37086467891605	0	0.9399999999999999	0	0	0	0	0	0	0	0	0	-0.01840781162348402	0.09485308954365423	-0.6084260498849626	0	-5.811539960679544e-07	0	0	0	0	0	0	0	0	0	0	0	0	0	0	0	0	0	0	0	0
56.8	15.03695274827593	1.46913233195037	-16.34055841941602	0	0.9399999999999999	0	0	0	0	0	0	0	0	0	-0.04208033530493321	0.09675073574329889	-0.6242709812427882	0	1.086157662936773e-07	0	0	0	0	0	0	0	0	0	0	0	0	0	0	0	0	0	0	0	0
56.82000000000001	15.00509599422509	1.47383139096402	-16.30698020602946	0	0.9399999999999999	0	0	0	0	0	0	0	0	0	-0.04384241587317144	0.08108141738474374	-0.629425811167435	0	2.663723586012265e-07	0	0	0	0	0	0	0	0	0	0	0	0	0	0	0	0	0	0	0	0
56.84	14.95751336159002	1.481635860306046	-16.25661363926636	0	0.9399999999999999	0	0	0	0	0	0	0	0	0	-0.08432434018952371	0.05231438581919431	-0.6745696627152014	0	1.826061084443271e-08	0	0	0	0	0	0	0	0	0	0	0	0	0	0	0	0	0	0	0	0
56.86000000000001	14.95751336159002	1.481635860306046	-16.25661363926636	0	0.9399999999999999	0	0	0	0	0	0	0	0	0	-0.08432434018952371	0.05231438581919431	-0.6745696627152014	0	1.826061084443271e-08	0	0	0	0	0	0	0	0	0	0	0	0	0	0	0	0	0	0	0	0
56.88	14.78078965625018	1.498875229125918	-16.06303346921626	0	0.9399999999999999	0	0	0	0	0	0	0	0	0	-0.1385201939029322	0.01696526520289582	-0.6981317	0	4.933739740135526e-08	0	0	0	0	0	0	0	0	0	0	0	0	0	0	0	0	0	0	0	0
56.90000000000001	14.64206320416212	1.505228321218355	-15.90809777188124	0	0.9399999999999999	0	0	0	0	0	0	0	0	0	-0.1658465643434196	-0.000506258909554191	-0.6981317	0	-4.685889739643631e-07	0	0	0	0	0	0	0	0	0	0	0	0	0	0	0	0	0	0	0	0
56.92	14.64206368187923	1.505227799159154	-15.90809740284007	0	0.9399999999999999	0	0	0	0	0	0	0	0	0	-0.1658469019638443	-0.0005054557954611499	-0.6981317	0	-3.243246565945526e-07	0	0	0	0	0	0	0	0	0	0	0	0	0	0	0	0	0	0	0	0
56.94	14.47916996605243	1.509559977729584	-15.72903412129313	0	0.9399999999999999	0	0	0	0	0	0	0	0	0	-0.1925921735960075	-0.01741005938483846	-0.6981317	0	-2.384181206809074e-08	0	0	0	0	0	0	0	0	0	0	0	0	0	0	0	0	0	0	0	0
56.96	14.30388174136858	1.511497239386472	-15.53620029933411	0	0.9399999999999999	0	0	0	0	0	0	0	0	0	-0.218428737724143	-0.03356353935826242	-0.6981317	0	-2.436011314039336e-08	0	0	0	0	0	0	0	0	0	0	0	0	0	0	0	0	0	0	0	0
56.98	14.14221328205489	1.510845424817391	-15.35400907840686	0	0.9399999999999999	0	0	0	0	0	0	0	0	0	-0.242465137619969	-0.04919170550346651	-0.6981317	0	6.492307645099685e-07	0	0	0	0	0	0	0	0	0	0	0	0	0	0	0	0	0	0	0	0
57.00000000000001	14.0072693126698	1.50841571006525	-15.19545475457331	0	0.9399999999999999	0	0	0	0	0	0	0	0	0	-0.2643687064339285	-0.06398614176470442	-0.6981317	0	-7.246590741689926e-07	0	0	0	0	0	0	0	0	0	0	0	0	0	0	0	0	0	0	0	0
57.02	13.91125016475462	1.504982216334082	-15.07304489150325	0	0.9399999999999999	0	0	0	0	0	0	0	0	0	-0.2829660773204075	-0.07699577529233238	-0.6981317	0	-1.291560880251044e-06	0	0	0	0	0	0	0	0	0	0	0	0	0	0	0	0	0	0	0	0
57.04000000000001	13.8638219333117	1.501146828648234	-14.99600406227923	0	0.9399999999999999	0	0	0	0	0	0	0	0	0	-0.2978219596246916	-0.08670322301835542	-0.6981317	0	1.741677626716036e-07	0	0	0	0	0	0	0	0	0	0	0	0	0	0	0	0	0	0	0	0
57.06	13.84949051002317	1.497252062529971	-14.94926977338899	0	0.9399999999999999	0	0	0	0	0	0	0	0	0	-0.310030130394296	-0.09327824208167095	-0.6981317	0	3.448829782057593e-08	0	0	0	0	0	0	0	0	0	0	0	0	0	0	0	0	0	0	0	0
57.08000000000001	13.86662009960594	1.492973026426204	-14.93281744502536	0	0.9399999999999999	0	0	0	0	0	0	0	0	0	-0.3226423450938403	-0.09675525463697303	-0.6981317	0	1.951070463423477e-06	0	0	0	0	0	0	0	0	0	0	0	0	0	0	0	0	0	0	0	0
57.1	13.88390395602419	1.488055572436888	-14.91663978888505	0	0.9399999999999999	0	0	0	0	0	0	0	0	0	-0.3375699495217493	-0.09928855483304962	-0.6981317	0	2.185866710350176e-08	0	0	0	0	0	0	0	0	0	0	0	0	0	0	0	0	0	0	0	0
57.12	13.90070976509235	1.483180834274032	-14.90177028545143	0	0.9399999999999999	0	0	0	0	0	0	0	0	0	-0.353550492617873	-0.1015117235693211	-0.6981317	0	-6.707548726453903e-06	0	0	0	0	0	0	0	0	0	0	0	0	0	0	0	0	0	0	0	0
57.14000000000001	13.95318298382878	1.479453371442065	-14.92637258645736	0	0.9399999999999999	0	0	0	0	0	0	0	0	0	-0.3677116055094374	-0.1002888332072488	-0.6981317	0	-1.228044260031929e-07	0	0	0	0	0	0	0	0	0	0	0	0	0	0	0	0	0	0	0	0
57.16	13.97376683365146	1.479545718687741	-14.90589375403817	0	0.9399999999999999	0	0	0	0	0	0	0	0	0	-0.3750980837358925	-0.1111998302610542	-0.6981317	0	7.37004088518877e-06	0	0	0	0	0	0	0	0	0	0	0	0	0	0	0	0	0	0	0	0
57.18000000000001	14.04692908433486	1.467741598404498	-14.94836332916431	0	0.9399999999999999	0	0	0	0	0	0	0	0	0	-0.4244772202911893	-0.08448796501816254	-0.6981317	0	2.003072970135926e-07	0	0	0	0	0	0	0	0	0	0	0	0	0	0	0	0	0	0	0	0
57.2	14.00541445862745	1.470609124979426	-14.88871341588818	0	0.9399999999999999	0	0	0	0	0	0	0	0	0	-0.412387628452339	-0.1015366876213671	-0.6981317	0	-4.440119346066777e-07	0	0	0	0	0	0	0	0	0	0	0	0	0	0	0	0	0	0	0	0
57.22000000000001	14.03787072691008	1.464275849935999	-14.89264822531668	0	0.9399999999999999	0	0	0	0	0	0	0	0	0	-0.4291021467472796	-0.09139076784770062	-0.6981317	0	-3.477591444801748e-09	0	0	0	0	0	0	0	0	0	0	0	0	0	0	0	0	0	0	0	0
57.24	14.06528685369124	1.457379141921945	-14.90107951353215	0	0.9399999999999999	0	0	0	0	0	0	0	0	0	-0.4587672697554543	-0.06886262143899945	-0.6981317	0	-1.994644246046842e-08	0	0	0	0	0	0	0	0	0	0	0	0	0	0	0	0	0	0	0	0
57.26000000000001	14.23190402105644	1.431245186320746	-14.99530029724606	0	0.9399999999999999	0	0	0	0	0	0	0	0	0	-0.4826540740288574	-0.03180810637767098	-0.6981317	0	6.973661828354377e-07	0	0	0	0	0	0	0	0	0	0	0	0	0	0	0	0	0	0	0	0
57.28	14.23190402105644	1.431245186320746	-14.99530029724606	0	0.9399999999999999	0	0	0	0	0	0	0	0	0	-0.4826540740288574	-0.03180810637767098	-0.6981317	0	6.973661828354377e-07	0	0	0	0	0	0	0	0	0	0	0	0	0	0	0	0	0	0	0	0
57.3	14.37651918601619	1.39809499563524	-15.03625530962165	0	0.9399999999999999	0	0	0	0	0	0	0	0	0	-0.5010390955880096	-0.01201659819954934	-0.6981317	0	5.675239665316292e-09	0	0	0	0	0	0	0	0	0	0	0	0	0	0	0	0	0	0	0	0
57.32000000000001	14.37651918601619	1.39809499563524	-15.03625530962165	0	0.9399999999999999	0	0	0	0	0	0	0	0	0	-0.5010390955880096	-0.01201659819954934	-0.6981317	0	5.675239665316292e-09	0	0	0	0	0	0	0	0	0	0	0	0	0	0	0	0	0	0	0	0
57.34	14.44820100979064	1.380347270166804	-15.05414009596185	0	0.9399999999999999	0	0	0	0	0	0	0	0	0	-0.5069504517025902	-0.003939634065201415	-0.6981317	0	-8.632951504276015e-07	0	0	0	0	0	0	0	0	0	0	0	0	0	0	0	0	0	0	0	0
57.36000000000001	14.50903903859176	1.363660098612449	-15.06228768333987	0	0.9399999999999999	0	0	0	0	0	0	0	0	0	-0.5093592449188786	0.00271539667337278	-0.6981317	0	1.258083231714161e-07	0	0	0	0	0	0	0	0	0	0	0	0	0	0	0	0	0	0	0	0
57.38	14.58808830331169	1.340221269619395	-15.03820509190956	0	0.9399999999999999	0	0	0	0	0	0	0	0	0	-0.4962517483322734	0.001036283723733338	-0.6981317	0	2.505994535542101e-08	0	0	0	0	0	0	0	0	0	0	0	0	0	0	0	0	0	0	0	0
57.40000000000001	14.58808830331169	1.340221269619395	-15.03820509190956	0	0.9399999999999999	0	0	0	0	0	0	0	0	0	-0.4962517483322734	0.001036283723733338	-0.6981317	0	2.505994535542101e-08	0	0	0	0	0	0	0	0	0	0	0	0	0	0	0	0	0	0	0	0
57.42	14.60668749062386	1.336248243326181	-15.00997612742113	0	0.9399999999999999	0	0	0	0	0	0	0	0	0	-0.4809334278242581	-0.009409118606205745	-0.6981317	0	5.104125537778626e-08	0	0	0	0	0	0	0	0	0	0	0	0	0	0	0	0	0	0	0	0
57.44	14.61226175496538	1.337628748075315	-14.97582006244883	0	0.9399999999999999	0	0	0	0	0	0	0	0	0	-0.4621161964081088	-0.0250643938196912	-0.6981317	0	-1.934185127183896e-07	0	0	0	0	0	0	0	0	0	0	0	0	0	0	0	0	0	0	0	0
57.46	14.60912555981289	1.346468393233146	-14.93594602114904	0	0.9399999999999999	0	0	0	0	0	0	0	0	0	-0.4338187024623179	-0.05434554691173309	-0.6981317	0	1.706992528635248e-09	0	0	0	0	0	0	0	0	0	0	0	0	0	0	0	0	0	0	0	0
57.48	14.58741068490541	1.36003277817105	-14.8795802353662	0	0.9399999999999999	0	0	0	0	0	0	0	0	0	-0.3969674251193641	-0.09812039620382094	-0.6981317	0	-1.080807180821798e-07	0	0	0	0	0	0	0	0	0	0	0	0	0	0	0	0	0	0	0	0
57.50000000000001	14.51569599440442	1.384034034797572	-14.77688406620632	0	0.9399999999999999	0	0	0	0	0	0	0	0	0	-0.343416207556516	-0.1568076035402989	-0.6981317	0	1.925885242383565e-07	0	0	0	0	0	0	0	0	0	0	0	0	0	0	0	0	0	0	0	0
57.52	14.35378953447417	1.416028712065106	-14.59497147285663	0	0.9399999999999999	0	0	0	0	0	0	0	0	0	-0.2744224743017014	-0.2172791380473408	-0.6981317	0	-7.703807099270865e-07	0	0	0	0	0	0	0	0	0	0	0	0	0	0	0	0	0	0	0	0
57.54000000000001	14.13357606281564	1.437846277620844	-14.38488425572922	0	0.9399999999999999	0	0	0	0	0	0	0	0	0	-0.2208955841162808	-0.2391049699995759	-0.6981317	0	-1.207679933987199e-08	0	0	0	0	0	0	0	0	0	0	0	0	0	0	0	0	0	0	0	0
57.56	13.91774588940284	1.446230111679592	-14.22860521657354	0	0.9399999999999999	0	0	0	0	0	0	0	0	0	-0.1981741848114277	-0.2088108166987959	-0.6981317	0	-8.626460397264483e-07	0	0	0	0	0	0	0	0	0	0	0	0	0	0	0	0	0	0	0	0
57.58000000000001	13.91774588940284	1.446230111679592	-14.22860521657354	0	0.9399999999999999	0	0	0	0	0	0	0	0	0	-0.1981741848114277	-0.2088108166987959	-0.6981317	0	-8.626460397264483e-07	0	0	0	0	0	0	0	0	0	0	0	0	0	0	0	0	0	0	0	0
57.6	13.87317161398283	1.444042905377971	-14.2145268332985	0	0.9399999999999999	0	0	0	0	0	0	0	0	0	-0.2122996528816673	-0.1860493547198542	-0.6981317	0	1.62132834867183e-06	0	0	0	0	0	0	0	0	0	0	0	0	0	0	0	0	0	0	0	0
57.62	13.80629518761427	1.444452772919107	-14.16698202625195	0	0.9399999999999999	0	0	0	0	0	0	0	0	0	-0.2258866155551195	-0.1736459852313491	-0.6981317	0	-9.589917576806148e-07	0	0	0	0	0	0	0	0	0	0	0	0	0	0	0	0	0	0	0	0
57.64000000000001	13.73790646887045	1.451024179728355	-14.10213024578574	0	0.9399999999999999	0	0	0	0	0	0	0	0	0	-0.2347352330693446	-0.168565290960245	-0.6981317	0	1.233686596270859e-07	0	0	0	0	0	0	0	0	0	0	0	0	0	0	0	0	0	0	0	0
57.66	13.44856476004896	1.475326079961893	-13.77142512326824	0	0.9399999999999999	0	0	0	0	0	0	0	0	0	-0.1980058109634001	-0.1780212005934245	-0.6981317	0	-2.938763944017362e-06	0	0	0	0	0	0	0	0	0	0	0	0	0	0	0	0	0	0	0	0
57.68000000000001	13.25872626257051	1.483397749601302	-13.56388724591155	0	0.9399999999999999	0	0	0	0	0	0	0	0	0	-0.1817549379151327	-0.1810252729956326	-0.6981317	0	-6.420842650963718e-07	0	0	0	0	0	0	0	0	0	0	0	0	0	0	0	0	0	0	0	0
57.7	12.78823271890623	1.46821590787231	-13.04425037686557	0	0.9399999999999999	0	0	0	0	0	0	0	0	0	-0.09288718677262678	-0.2328928992003276	-0.6981317	0	5.91842762355744e-09	0	0	0	0	0	0	0	0	0	0	0	0	0	0	0	0	0	0	0	0
57.72000000000001	12.54618912764543	1.445131639594032	-12.78135997343588	0	0.9399999999999999	0	0	0	0	0	0	0	0	0	-0.03651755582387584	-0.267895316826728	-0.6981317	0	4.88549952539308e-07	0	0	0	0	0	0	0	0	0	0	0	0	0	0	0	0	0	0	0	0
57.74	12.54618912764543	1.445131639594032	-12.78135997343588	0	0.9399999999999999	0	0	0	0	0	0	0	0	0	-0.03651755582387584	-0.267895316826728	-0.6981317	0	4.88549952539308e-07	0	0	0	0	0	0	0	0	0	0	0	0	0	0	0	0	0	0	0	0
57.76000000000001	12.40744383492121	1.407138231703971	-12.62318406976648	0	0.9399999999999999	0	0	0	0	0	0	0	0	0	0.02278239730545238	-0.3028167803379782	-0.6981317	0	3.379670387170262e-07	0	0	0	0	0	0	0	0	0	0	0	0	0	0	0	0	0	0	0	0
57.78	12.40744383492121	1.407138231703971	-12.62318406976648	0	0.9399999999999999	0	0	0	0	0	0	0	0	0	0.02278239730545238	-0.3028167803379782	-0.6981317	0	3.379670387170262e-07	0	0	0	0	0	0	0	0	0	0	0	0	0	0	0	0	0	0	0	0
57.8	12.44277478200683	1.399478252563512	-12.63364161316163	0	0.9399999999999999	0	0	0	0	0	0	0	0	0	0.02783025375009937	-0.2878457370331081	-0.6981317	0	3.892443709581148e-08	0	0	0	0	0	0	0	0	0	0	0	0	0	0	0	0	0	0	0	0
57.82000000000001	12.47033536508628	1.396855301518031	-12.64366795256994	0	0.9399999999999999	0	0	0	0	0	0	0	0	0	0.03476727796438382	-0.2704494115767628	-0.6981317	0	-6.716644268714531e-09	0	0	0	0	0	0	0	0	0	0	0	0	0	0	0	0	0	0	0	0
57.84	12.5016390595527	1.393864876727244	-12.65491814616321	0	0.9399999999999999	0	0	0	0	0	0	0	0	0	0.04663253511387452	-0.2634732342105647	-0.6981317	0	-8.758559445713481e-07	0	0	0	0	0	0	0	0	0	0	0	0	0	0	0	0	0	0	0	0
57.86000000000001	12.50163776274025	1.393862800075076	-12.65491917746636	0	0.9399999999999999	0	0	0	0	0	0	0	0	0	0.04663200146188482	-0.2634679032767018	-0.6981317	0	2.116371582395906e-06	0	0	0	0	0	0	0	0	0	0	0	0	0	0	0	0	0	0	0	0
57.88	12.57150053331924	1.38899017548886	-12.68941410956328	0	0.9399999999999999	0	0	0	0	0	0	0	0	0	0.07379057476865793	-0.2561021821903364	-0.6981317	0	-1.552326331636943e-07	0	0	0	0	0	0	0	0	0	0	0	0	0	0	0	0	0	0	0	0
57.90000000000001	12.57150053331924	1.38899017548886	-12.68941410956328	0	0.9399999999999999	0	0	0	0	0	0	0	0	0	0.07379057476865793	-0.2561021821903364	-0.6981317	0	-1.552326331636943e-07	0	0	0	0	0	0	0	0	0	0	0	0	0	0	0	0	0	0	0	0
57.92	12.6480507874454	1.393148875394744	-12.74631444085544	0	0.9399999999999999	0	0	0	0	0	0	0	0	0	0.08462134099072317	-0.2383696269710824	-0.6981317	0	-1.718468851837618e-08	0	0	0	0	0	0	0	0	0	0	0	0	0	0	0	0	0	0	0	0
57.94	12.69424953081267	1.398980291677326	-12.78618757573392	0	0.9399999999999999	0	0	0	0	0	0	0	0	0	0.08204299723449592	-0.222806871142004	-0.6981317	0	5.087649379749965e-08	0	0	0	0	0	0	0	0	0	0	0	0	0	0	0	0	0	0	0	0
57.96	12.75045604459566	1.406244093000256	-12.83584975441277	0	0.9399999999999999	0	0	0	0	0	0	0	0	0	0.07554359648236475	-0.2030612341230185	-0.6981317	0	-5.174905605782925e-07	0	0	0	0	0	0	0	0	0	0	0	0	0	0	0	0	0	0	0	0
57.98	12.75045604459566	1.406244093000256	-12.83584975441277	0	0.9399999999999999	0	0	0	0	0	0	0	0	0	0.07554359648236475	-0.2030612341230185	-0.6981317	0	-5.174905605782925e-07	0	0	0	0	0	0	0	0	0	0	0	0	0	0	0	0	0	0	0	0
58.00000000000001	12.81347827057301	1.414217714810637	-12.89128107927652	0	0.9399999999999999	0	0	0	0	0	0	0	0	0	0.06823084957149939	-0.1814153915221165	-0.6981317	0	1.628252708742883e-08	0	0	0	0	0	0	0	0	0	0	0	0	0	0	0	0	0	0	0	0
58.02	12.96220825163976	1.428608615482987	-13.02365482467118	0	0.9399999999999999	0	0	0	0	0	0	0	0	0	0.0573056499479391	-0.1439414299086078	-0.6981317	0	-1.289665511158956e-08	0	0	0	0	0	0	0	0	0	0	0	0	0	0	0	0	0	0	0	0
58.04000000000001	13.05671516892047	1.436376307621581	-13.1141647078017	0	0.9399999999999999	0	0	0	0	0	0	0	0	0	0.04633229731926326	-0.1303074606827562	-0.6981317	0	-3.086814526402235e-08	0	0	0	0	0	0	0	0	0	0	0	0	0	0	0	0	0	0	0	0
58.06	13.04007719211528	1.434001949427064	-13.09546976754294	0	0.9399999999999999	0	0	0	0	0	0	0	0	0	0.05338525550940344	-0.1297916783400471	-0.6981317	0	-1.912479456817139e-08	0	0	0	0	0	0	0	0	0	0	0	0	0	0	0	0	0	0	0	0
58.08000000000001	13.12346202476333	1.438845627257323	-13.17496890901589	0	0.9399999999999999	0	0	0	0	0	0	0	0	0	0.04868670837499287	-0.1168468372387392	-0.6981317	0	-8.104132959308997e-10	0	0	0	0	0	0	0	0	0	0	0	0	0	0	0	0	0	0	0	0
58.1	13.2076338657567	1.443199306148571	-13.25691192365869	0	0.9399999999999999	0	0	0	0	0	0	0	0	0	0.04359885583024851	-0.1042386940101849	-0.6981317	0	6.135897880008785e-08	0	0	0	0	0	0	0	0	0	0	0	0	0	0	0	0	0	0	0	0
58.12	13.28693912411457	1.446946727071706	-13.33521343136526	0	0.9399999999999999	0	0	0	0	0	0	0	0	0	0.0381970890577034	-0.09195832726560711	-0.6981317	0	8.534342692611664e-08	0	0	0	0	0	0	0	0	0	0	0	0	0	0	0	0	0	0	0	0
58.14000000000001	13.35133388947268	1.449315685577959	-13.39902520091744	0	0.9399999999999999	0	0	0	0	0	0	0	0	0	0.03281931822816623	-0.08070859253115265	-0.6981317	0	-6.184108974005561e-09	0	0	0	0	0	0	0	0	0	0	0	0	0	0	0	0	0	0	0	0
58.16	13.41665254473997	1.451161492775015	-13.46281536153342	0	0.9399999999999999	0	0	0	0	0	0	0	0	0	0.02568966342322598	-0.06820711985292545	-0.6981317	0	-1.167771553886807e-07	0	0	0	0	0	0	0	0	0	0	0	0	0	0	0	0	0	0	0	0
58.18000000000001	13.55162093438475	1.451857374616995	-13.58725961786057	0	0.9399999999999999	0	0	0	0	0	0	0	0	0	0.009739353690221981	-0.04256793012526126	-0.6981317	0	-1.395781349512591e-07	0	0	0	0	0	0	0	0	0	0	0	0	0	0	0	0	0	0	0	0
58.2	13.61941103107395	1.450908125252299	-13.64998045171359	0	0.9399999999999999	0	0	0	0	0	0	0	0	0	0.0009358779049818491	-0.03361633088405626	-0.6981317	0	-2.384397909877881e-07	0	0	0	0	0	0	0	0	0	0	0	0	0	0	0	0	0	0	0	0
58.22000000000001	13.66759583227641	1.448449109574292	-13.68915188274684	0	0.9399999999999999	0	0	0	0	0	0	0	0	0	-0.003325725319859353	-0.02453478052086765	-0.6981317	0	-5.691819017557993e-07	0	0	0	0	0	0	0	0	0	0	0	0	0	0	0	0	0	0	0	0
58.24	13.66759583227641	1.448449109574292	-13.68915188274684	0	0.9399999999999999	0	0	0	0	0	0	0	0	0	-0.003325725319859353	-0.02453478052086765	-0.6981317	0	-5.691819017557993e-07	0	0	0	0	0	0	0	0	0	0	0	0	0	0	0	0	0	0	0	0
58.26000000000001	13.7079017839053	1.445472714155834	-13.72247578130589	0	0.9399999999999999	0	0	0	0	0	0	0	0	0	-0.008236660769867303	-0.01914535915488674	-0.6981317	0	-1.168071878478579e-08	0	0	0	0	0	0	0	0	0	0	0	0	0	0	0	0	0	0	0	0
58.28	13.74891352483333	1.4386193976195	-13.75019198750542	0	0.9399999999999999	0	0	0	0	0	0	0	0	0	-0.01510419606581942	-0.01339547559360123	-0.6981317	0	-2.405033060039256e-08	0	0	0	0	0	0	0	0	0	0	0	0	0	0	0	0	0	0	0	0
58.3	13.74891352483333	1.4386193976195	-13.75019198750542	0	0.9399999999999999	0	0	0	0	0	0	0	0	0	-0.01510419606581942	-0.01339547559360123	-0.6981317	0	-2.405033060039256e-08	0	0	0	0	0	0	0	0	0	0	0	0	0	0	0	0	0	0	0	0
58.32000000000001	13.75202681149725	1.435291363769622	-13.74716187418325	0	0.9399999999999999	0	0	0	0	0	0	0	0	0	-0.01731406446791348	-0.0126933856521032	-0.6981317	0	-3.238673747714046e-06	0	0	0	0	0	0	0	0	0	0	0	0	0	0	0	0	0	0	0	0
58.34	13.75740813855501	1.428252762890802	-13.7413598652778	0	0.9399999999999999	0	0	0	0	0	0	0	0	0	-0.02138662223886433	-0.01276934065103715	-0.6981317	0	-9.909357751592142e-07	0	0	0	0	0	0	0	0	0	0	0	0	0	0	0	0	0	0	0	0
58.36000000000001	13.75931336858667	1.425501389681564	-13.73876684564809	0	0.9399999999999999	0	0	0	0	0	0	0	0	0	-0.02220606187122832	-0.01338486648031934	-0.6981317	0	-8.170614809871285e-06	0	0	0	0	0	0	0	0	0	0	0	0	0	0	0	0	0	0	0	0
58.38	13.75929629818775	1.425503697518333	-13.73875019816424	0	0.9399999999999999	0	0	0	0	0	0	0	0	0	-0.02219933947333137	-0.01338798263070265	-0.6981317	0	-8.090665302182868e-06	0	0	0	0	0	0	0	0	0	0	0	0	0	0	0	0	0	0	0	0
58.40000000000001	13.73081634050991	1.423106970582453	-13.70689857913236	0	0.9399999999999999	0	0	0	0	0	0	0	0	0	-0.01983091366665054	-0.01861134804910972	-0.6981317	0	2.974613146493036e-08	0	0	0	0	0	0	0	0	0	0	0	0	0	0	0	0	0	0	0	0
58.42	13.71192271823825	1.419928425097485	-13.68511190701593	0	0.9399999999999999	0	0	0	0	0	0	0	0	0	-0.01841146393658609	-0.02300106631349837	-0.6981317	0	2.975991482483388e-08	0	0	0	0	0	0	0	0	0	0	0	0	0	0	0	0	0	0	0	0
58.44	13.67072781092931	1.417167085732121	-13.63890448169928	0	0.9399999999999999	0	0	0	0	0	0	0	0	0	-0.01118781468860428	-0.02970380990438577	-0.6981317	0	5.260965453385671e-07	0	0	0	0	0	0	0	0	0	0	0	0	0	0	0	0	0	0	0	0
58.46	13.67072781092931	1.417167085732121	-13.63890448169928	0	0.9399999999999999	0	0	0	0	0	0	0	0	0	-0.01118781468860428	-0.02970380990438577	-0.6981317	0	5.260965453385671e-07	0	0	0	0	0	0	0	0	0	0	0	0	0	0	0	0	0	0	0	0
58.48	13.65511696511855	1.415841175594315	-13.62106684105257	0	0.9399999999999999	0	0	0	0	0	0	0	0	0	-0.008023843668968189	-0.0319257122219984	-0.6981317	0	-4.145353133311061e-07	0	0	0	0	0	0	0	0	0	0	0	0	0	0	0	0	0	0	0	0
58.50000000000001	13.65577244229862	1.413589344050063	-13.61995075045824	0	0.9399999999999999	0	0	0	0	0	0	0	0	0	-0.007646157220786621	-0.03259901025112417	-0.6981317	0	6.054416840546521e-06	0	0	0	0	0	0	0	0	0	0	0	0	0	0	0	0	0	0	0	0
58.52	13.66774440207958	1.41132920995315	-13.6302257631162	0	0.9399999999999999	0	0	0	0	0	0	0	0	0	-0.006899365394765294	-0.03083045790203977	-0.6981317	0	1.071073998063964e-08	0	0	0	0	0	0	0	0	0	0	0	0	0	0	0	0	0	0	0	0
58.54000000000001	13.66774440207958	1.41132920995315	-13.6302257631162	0	0.9399999999999999	0	0	0	0	0	0	0	0	0	-0.006899365394765294	-0.03083045790203977	-0.6981317	0	1.071073998063964e-08	0	0	0	0	0	0	0	0	0	0	0	0	0	0	0	0	0	0	0	0
58.56	13.71476314821498	1.411517158178201	-13.67505860339878	0	0.9399999999999999	0	0	0	0	0	0	0	0	0	-0.01011784804850358	-0.01969016543307905	-0.6981317	0	1.1304696302098e-08	0	0	0	0	0	0	0	0	0	0	0	0	0	0	0	0	0	0	0	0
58.58000000000001	13.74551620014806	1.411763141303057	-13.70467233763536	0	0.9399999999999999	0	0	0	0	0	0	0	0	0	-0.01223703414304783	-0.01287789871000619	-0.6981317	0	9.189427842713893e-08	0	0	0	0	0	0	0	0	0	0	0	0	0	0	0	0	0	0	0	0
58.6	13.7821160655955	1.411829750998316	-13.74060425310048	0	0.9399999999999999	0	0	0	0	0	0	0	0	0	-0.0149564565981499	-0.005641184231908247	-0.6981317	0	-8.69183400595032e-08	0	0	0	0	0	0	0	0	0	0	0	0	0	0	0	0	0	0	0	0
58.62	13.81869236015329	1.410752424474085	-13.7768698897582	0	0.9399999999999999	0	0	0	0	0	0	0	0	0	-0.0187566246082022	0.00121312960619844	-0.6981317	0	-8.268163397356468e-08	0	0	0	0	0	0	0	0	0	0	0	0	0	0	0	0	0	0	0	0
58.64000000000001	13.81869236015329	1.410752424474085	-13.7768698897582	0	0.9399999999999999	0	0	0	0	0	0	0	0	0	-0.0187566246082022	0.00121312960619844	-0.6981317	0	-8.268163397356468e-08	0	0	0	0	0	0	0	0	0	0	0	0	0	0	0	0	0	0	0	0
58.66	13.87339022430934	1.405798871096893	-13.83062405651777	0	0.9399999999999999	0	0	0	0	0	0	0	0	0	-0.02769660768672649	0.01005621219492359	-0.6981317	0	-2.649375535534369e-07	0	0	0	0	0	0	0	0	0	0	0	0	0	0	0	0	0	0	0	0
58.68000000000001	13.8880485634043	1.403599306772418	-13.84165871771491	0	0.9399999999999999	0	0	0	0	0	0	0	0	0	-0.03098230398822951	0.01594844429566837	-0.6981317	0	-2.002356907474882e-08	0	0	0	0	0	0	0	0	0	0	0	0	0	0	0	0	0	0	0	0
58.7	13.88957706199952	1.401725344115046	-13.83970384630313	0	0.9399999999999999	0	0	0	0	0	0	0	0	0	-0.03205575906527745	0.01769866415156588	-0.6981317	0	-1.007777184562524e-07	0	0	0	0	0	0	0	0	0	0	0	0	0	0	0	0	0	0	0	0
58.72000000000001	13.88957706199952	1.401725344115046	-13.83970384630313	0	0.9399999999999999	0	0	0	0	0	0	0	0	0	-0.03205575906527745	0.01769866415156588	-0.6981317	0	-1.007777184562524e-07	0	0	0	0	0	0	0	0	0	0	0	0	0	0	0	0	0	0	0	0
58.74	13.87761481606527	1.40007726409767	-13.82347773030559	0	0.9399999999999999	0	0	0	0	0	0	0	0	0	-0.03067580195051033	0.01694018997962523	-0.6981317	0	4.187791225325571e-07	0	0	0	0	0	0	0	0	0	0	0	0	0	0	0	0	0	0	0	0
58.76000000000001	13.81944821723837	1.398006895808286	-13.75651682050606	0	0.9399999999999999	0	0	0	0	0	0	0	0	0	-0.01967685204226204	0.008343885631926787	-0.6981317	0	7.736430885461852e-07	0	0	0	0	0	0	0	0	0	0	0	0	0	0	0	0	0	0	0	0
58.78	13.79112526881071	1.397645700382032	-13.72758894376619	0	0.9399999999999999	0	0	0	0	0	0	0	0	0	-0.01711505904568508	0.003575326831041115	-0.6981317	0	-1.26424959987064e-06	0	0	0	0	0	0	0	0	0	0	0	0	0	0	0	0	0	0	0	0
58.8	13.77883171194898	1.397177972427966	-13.71170292405077	0	0.9399999999999999	0	0	0	0	0	0	0	0	0	-0.01152012029741484	0.002202395659384079	-0.6981317	0	-1.840586696376688e-07	0	0	0	0	0	0	0	0	0	0	0	0	0	0	0	0	0	0	0	0
58.82000000000001	13.7085668005029	1.39478638205625	-13.63332695740854	0	0.9399999999999999	0	0	0	0	0	0	0	0	0	0.003660708340533692	-0.005665049517738144	-0.6981317	0	-5.6458364327351e-07	0	0	0	0	0	0	0	0	0	0	0	0	0	0	0	0	0	0	0	0
58.84	13.69638007816576	1.395208351521575	-13.61925278862076	0	0.9399999999999999	0	0	0	0	0	0	0	0	0	0.005418524046041063	-0.007334971689777306	-0.6981317	0	-4.159174313573863e-08	0	0	0	0	0	0	0	0	0	0	0	0	0	0	0	0	0	0	0	0
58.86000000000001	13.66865413024123	1.396551463287532	-13.58739438319378	0	0.9399999999999999	0	0	0	0	0	0	0	0	0	0.01592339100026812	-0.003038247999075707	-0.6981317	0	3.551823371622155e-07	0	0	0	0	0	0	0	0	0	0	0	0	0	0	0	0	0	0	0	0
58.88	13.66865413024123	1.396551463287532	-13.58739438319378	0	0.9399999999999999	0	0	0	0	0	0	0	0	0	0.01592339100026812	-0.003038247999075707	-0.6981317	0	3.551823371622155e-07	0	0	0	0	0	0	0	0	0	0	0	0	0	0	0	0	0	0	0	0
58.90000000000001	13.65214075170931	1.403714822689481	-13.56717272032103	0	0.9399999999999999	0	0	0	0	0	0	0	0	0	0.02296451223858237	0.002838094469926446	-0.6981317	0	1.777779743290197e-07	0	0	0	0	0	0	0	0	0	0	0	0	0	0	0	0	0	0	0	0
58.92	13.65164412849925	1.408338344263887	-13.56659633844515	0	0.9399999999999999	0	0	0	0	0	0	0	0	0	0.02217246646042859	0.01134164025079711	-0.6981317	0	2.473640141098721e-06	0	0	0	0	0	0	0	0	0	0	0	0	0	0	0	0	0	0	0	0
58.94	13.66502497311178	1.413310977993028	-13.58003161049376	0	0.9399999999999999	0	0	0	0	0	0	0	0	0	0.01645501142222726	0.02664309713933466	-0.6981317	0	4.394472322759439e-07	0	0	0	0	0	0	0	0	0	0	0	0	0	0	0	0	0	0	0	0
58.96	13.67445233912188	1.417135436491412	-13.59017128985038	0	0.9399999999999999	0	0	0	0	0	0	0	0	0	0.01298651706895663	0.03147379024990504	-0.6981317	0	-6.340977654344537e-08	0	0	0	0	0	0	0	0	0	0	0	0	0	0	0	0	0	0	0	0
58.98	13.69608127443234	1.420247400826522	-13.61264799327965	0	0.9399999999999999	0	0	0	0	0	0	0	0	0	0.005988296556185452	0.03994824318430786	-0.6981317	0	-4.02193554524425e-09	0	0	0	0	0	0	0	0	0	0	0	0	0	0	0	0	0	0	0	0
59.00000000000001	13.72152091999339	1.422679709207615	-13.63887519368194	0	0.9399999999999999	0	0	0	0	0	0	0	0	0	-0.001839028963549541	0.04702981253018923	-0.6981317	0	-9.901968709914488e-07	0	0	0	0	0	0	0	0	0	0	0	0	0	0	0	0	0	0	0	0
59.02	13.75059666398009	1.424858098701046	-13.66610040904523	0	0.9399999999999999	0	0	0	0	0	0	0	0	0	-0.009908233149669985	0.05073246727685074	-0.6981317	0	-1.573152270084064e-07	0	0	0	0	0	0	0	0	0	0	0	0	0	0	0	0	0	0	0	0
59.04000000000001	13.75059666398009	1.424858098701046	-13.66610040904523	0	0.9399999999999999	0	0	0	0	0	0	0	0	0	-0.009908233149669985	0.05073246727685074	-0.6981317	0	-1.573152270084064e-07	0	0	0	0	0	0	0	0	0	0	0	0	0	0	0	0	0	0	0	0
59.06	13.77632978375684	1.4265877942584	-13.68916295762542	0	0.9399999999999999	0	0	0	0	0	0	0	0	0	-0.01510315045016735	0.05337126335808875	-0.6981317	0	1.872495198059216e-07	0	0	0	0	0	0	0	0	0	0	0	0	0	0	0	0	0	0	0	0
59.08000000000001	13.82062849039104	1.429787091305477	-13.72963990974795	0	0.9399999999999999	0	0	0	0	0	0	0	0	0	-0.01886680236539451	0.05571792463871035	-0.6981317	0	2.506455507289356e-07	0	0	0	0	0	0	0	0	0	0	0	0	0	0	0	0	0	0	0	0
59.1	13.82205714961106	1.430856241477653	-13.72964529734361	0	0.9399999999999999	0	0	0	0	0	0	0	0	0	-0.01642890258936599	0.04894319679050884	-0.6981317	0	3.192849094288433e-06	0	0	0	0	0	0	0	0	0	0	0	0	0	0	0	0	0	0	0	0
59.12	13.82205870804605	1.430875867392581	-13.72968770802098	0	0.9399999999999999	0	0	0	0	0	0	0	0	0	-0.01642819017446096	0.0489483686128705	-0.6981317	0	2.824986375289387e-06	0	0	0	0	0	0	0	0	0	0	0	0	0	0	0	0	0	0	0	0
59.14000000000001	13.87311896802897	1.433696140950188	-13.78138555317379	0	0.9399999999999999	0	0	0	0	0	0	0	0	0	-0.01704829522026581	0.05080823487469926	-0.6981317	0	-8.822046014176955e-09	0	0	0	0	0	0	0	0	0	0	0	0	0	0	0	0	0	0	0	0
59.16	13.87311896802897	1.433696140950188	-13.78138555317379	0	0.9399999999999999	0	0	0	0	0	0	0	0	0	-0.01704829522026581	0.05080823487469926	-0.6981317	0	-8.822046014176955e-09	0	0	0	0	0	0	0	0	0	0	0	0	0	0	0	0	0	0	0	0
59.18000000000001	13.89039247925008	1.435450778012942	-13.79936910819279	0	0.9399999999999999	0	0	0	0	0	0	0	0	0	-0.01767336266539643	0.05106498612267748	-0.6981317	0	-3.17807584326489e-08	0	0	0	0	0	0	0	0	0	0	0	0	0	0	0	0	0	0	0	0
59.2	13.92117502207601	1.439611247888679	-13.82984437892808	0	0.9399999999999999	0	0	0	0	0	0	0	0	0	-0.01778002070631491	0.05082218350433847	-0.6981317	0	-1.215715563848295e-07	0	0	0	0	0	0	0	0	0	0	0	0	0	0	0	0	0	0	0	0
59.22000000000001	13.94133694461563	1.441804964169126	-13.84900863374773	0	0.9399999999999999	0	0	0	0	0	0	0	0	0	-0.01753747188869284	0.05087982112322365	-0.6981317	0	-1.402454067882795e-08	0	0	0	0	0	0	0	0	0	0	0	0	0	0	0	0	0	0	0	0
59.24	13.96219465180507	1.443578316004001	-13.86892849171937	0	0.9399999999999999	0	0	0	0	0	0	0	0	0	-0.01777145961413796	0.0513398265892946	-0.6981317	0	1.213808449397345e-09	0	0	0	0	0	0	0	0	0	0	0	0	0	0	0	0	0	0	0	0
59.26000000000001	13.97909508821087	1.444605875250966	-13.88462737824251	0	0.9399999999999999	0	0	0	0	0	0	0	0	0	-0.01780862867499521	0.05370335710823198	-0.6981317	0	-3.535601857022638e-07	0	0	0	0	0	0	0	0	0	0	0	0	0	0	0	0	0	0	0	0
59.28	14.00706173072543	1.445272126115716	-13.91248856900511	0	0.9399999999999999	0	0	0	0	0	0	0	0	0	-0.02199807057572561	0.05510828322453566	-0.6981317	0	5.202521050578546e-07	0	0	0	0	0	0	0	0	0	0	0	0	0	0	0	0	0	0	0	0
59.3	14.00706173072543	1.445272126115716	-13.91248856900511	0	0.9399999999999999	0	0	0	0	0	0	0	0	0	-0.02199807057572561	0.05510828322453566	-0.6981317	0	5.202521050578546e-07	0	0	0	0	0	0	0	0	0	0	0	0	0	0	0	0	0	0	0	0
59.32000000000001	14.04806220370759	1.446795479018472	-13.95183021296128	0	0.9399999999999999	0	0	0	0	0	0	0	0	0	-0.02846046358950676	0.06024434815889704	-0.6981317	0	8.738994080331137e-08	0	0	0	0	0	0	0	0	0	0	0	0	0	0	0	0	0	0	0	0
59.34	14.04806220370759	1.446795479018472	-13.95183021296128	0	0.9399999999999999	0	0	0	0	0	0	0	0	0	-0.02846046358950676	0.06024434815889704	-0.6981317	0	8.738994080331137e-08	0	0	0	0	0	0	0	0	0	0	0	0	0	0	0	0	0	0	0	0
59.36000000000001	14.06319457997873	1.447645994619319	-13.9651695349217	0	0.9399999999999999	0	0	0	0	0	0	0	0	0	-0.03138962795515198	0.0623802532405633	-0.6981317	0	2.192998520558801e-06	0	0	0	0	0	0	0	0	0	0	0	0	0	0	0	0	0	0	0	0
59.38	14.07909599632569	1.447101117132892	-13.98013218873799	0	0.9399999999999999	0	0	0	0	0	0	0	0	0	-0.03860958476894904	0.06464934216047658	-0.6981317	0	-4.489998278753024e-07	0	0	0	0	0	0	0	0	0	0	0	0	0	0	0	0	0	0	0	0
59.40000000000001	14.07915892567987	1.446161933363739	-13.97957571384029	0	0.9399999999999999	0	0	0	0	0	0	0	0	0	-0.04249446453005912	0.06459775664369986	-0.6981317	0	-8.938298502614832e-07	0	0	0	0	0	0	0	0	0	0	0	0	0	0	0	0	0	0	0	0
59.42	14.07890189397957	1.445091368637863	-13.97893536596133	0	0.9399999999999999	0	0	0	0	0	0	0	0	0	-0.04658742010817089	0.064737864454166	-0.6981317	0	-1.133741122286957e-05	0	0	0	0	0	0	0	0	0	0	0	0	0	0	0	0	0	0	0	0
59.44	14.06038133102688	1.444186979603055	-13.96024339717334	0	0.9399999999999999	0	0	0	0	0	0	0	0	0	-0.04979044474823571	0.06277352384947328	-0.6981317	0	9.968610523324785e-08	0	0	0	0	0	0	0	0	0	0	0	0	0	0	0	0	0	0	0	0
59.46	14.06038133102688	1.444186979603055	-13.96024339717334	0	0.9399999999999999	0	0	0	0	0	0	0	0	0	-0.04979044474823571	0.06277352384947328	-0.6981317	0	9.968610523324785e-08	0	0	0	0	0	0	0	0	0	0	0	0	0	0	0	0	0	0	0	0
59.48	14.06001586699858	1.442448330663493	-13.95971747603383	0	0.9399999999999999	0	0	0	0	0	0	0	0	0	-0.05452291000335702	0.06288743890131479	-0.6981317	0	-7.880774966346753e-06	0	0	0	0	0	0	0	0	0	0	0	0	0	0	0	0	0	0	0	0
59.50000000000001	14.03775104190913	1.440720542609547	-13.93740252895183	0	0.9399999999999999	0	0	0	0	0	0	0	0	0	-0.05781098457716098	0.05978789797032885	-0.6981317	0	7.420284225837176e-08	0	0	0	0	0	0	0	0	0	0	0	0	0	0	0	0	0	0	0	0
59.52	14.0200960654582	1.43880294115339	-13.92004193699374	0	0.9399999999999999	0	0	0	0	0	0	0	0	0	-0.06084749363140766	0.05634266590654455	-0.6981317	0	2.898224690037001e-09	0	0	0	0	0	0	0	0	0	0	0	0	0	0	0	0	0	0	0	0
59.54000000000001	13.99862416737117	1.436943721428848	-13.89939324624445	0	0.9399999999999999	0	0	0	0	0	0	0	0	0	-0.0629048242704018	0.05181971215247812	-0.6981317	0	1.30151571107656e-08	0	0	0	0	0	0	0	0	0	0	0	0	0	0	0	0	0	0	0	0
59.56	13.97127762166319	1.435860018045194	-13.87346519693238	0	0.9399999999999999	0	0	0	0	0	0	0	0	0	-0.0635645893791702	0.04642115674056551	-0.6981317	0	1.853656434441676e-08	0	0	0	0	0	0	0	0	0	0	0	0	0	0	0	0	0	0	0	0
59.58000000000001	13.94057859787904	1.436510994411709	-13.84470907223018	0	0.9399999999999999	0	0	0	0	0	0	0	0	0	-0.06248385547040886	0.0408009919158191	-0.6981317	0	1.531975526492907e-07	0	0	0	0	0	0	0	0	0	0	0	0	0	0	0	0	0	0	0	0
59.6	13.87353960630256	1.442241085400475	-13.78118942411109	0	0.9399999999999999	0	0	0	0	0	0	0	0	0	-0.05710982031025084	0.03155944907009985	-0.6981317	0	3.956058778683413e-07	0	0	0	0	0	0	0	0	0	0	0	0	0	0	0	0	0	0	0	0
59.62	13.87353960630256	1.442241085400475	-13.78118942411109	0	0.9399999999999999	0	0	0	0	0	0	0	0	0	-0.05710982031025084	0.03155944907009985	-0.6981317	0	3.956058778683413e-07	0	0	0	0	0	0	0	0	0	0	0	0	0	0	0	0	0	0	0	0
59.64000000000001	13.82868262318068	1.446089424360278	-13.73774953839644	0	0.9399999999999999	0	0	0	0	0	0	0	0	0	-0.05208385869791177	0.02612275370645719	-0.6981317	0	-6.314716140620879e-08	0	0	0	0	0	0	0	0	0	0	0	0	0	0	0	0	0	0	0	0
59.66	13.85352125157284	1.447578171740282	-13.76464426075459	0	0.9399999999999999	0	0	0	0	0	0	0	0	0	-0.05443200361720789	0.02670950826654575	-0.6981317	0	-2.556109713049413e-06	0	0	0	0	0	0	0	0	0	0	0	0	0	0	0	0	0	0	0	0
59.68000000000001	13.85351362034528	1.447542719048257	-13.76465096953689	0	0.9399999999999999	0	0	0	0	0	0	0	0	0	-0.05440782163102073	0.02672619827638	-0.6981317	0	-6.444813226391339e-07	0	0	0	0	0	0	0	0	0	0	0	0	0	0	0	0	0	0	0	0
59.7	13.90489965469504	1.448758223107186	-13.81890709233211	0	0.9399999999999999	0	0	0	0	0	0	0	0	0	-0.05793660668213724	0.03260611052056366	-0.6981317	0	1.492462285689155e-06	0	0	0	0	0	0	0	0	0	0	0	0	0	0	0	0	0	0	0	0
59.72000000000001	13.97860146612923	1.450203815136216	-13.89694881285337	0	0.9399999999999999	0	0	0	0	0	0	0	0	0	-0.06306120471326684	0.04172194067112364	-0.6981317	0	2.568541808016784e-07	0	0	0	0	0	0	0	0	0	0	0	0	0	0	0	0	0	0	0	0
59.74	14.14544847236564	1.456782230977762	-14.07430588243748	0	0.9399999999999999	0	0	0	0	0	0	0	0	0	-0.0710051781248061	0.06307971620648192	-0.6981317	0	4.760787144987746e-07	0	0	0	0	0	0	0	0	0	0	0	0	0	0	0	0	0	0	0	0
59.76000000000001	14.14544847236564	1.456782230977762	-14.07430588243748	0	0.9399999999999999	0	0	0	0	0	0	0	0	0	-0.0710051781248061	0.06307971620648192	-0.6981317	0	4.760787144987746e-07	0	0	0	0	0	0	0	0	0	0	0	0	0	0	0	0	0	0	0	0
59.78	14.26854169583178	1.466616345105807	-14.20705208823526	0	0.9399999999999999	0	0	0	0	0	0	0	0	0	-0.07012013040946	0.07782322974189144	-0.6981317	0	1.993579619848012e-07	0	0	0	0	0	0	0	0	0	0	0	0	0	0	0	0	0	0	0	0
59.8	14.33286964276719	1.47136583786952	-14.27597372296039	0	0.9399999999999999	0	0	0	0	0	0	0	0	0	-0.073653343098254	0.08061496834140668	-0.6981317	0	-1.749983239312606e-08	0	0	0	0	0	0	0	0	0	0	0	0	0	0	0	0	0	0	0	0
59.82000000000001	14.37452366856348	1.475565826006436	-14.32175705587701	0	0.9399999999999999	0	0	0	0	0	0	0	0	0	-0.07345106376098372	0.08112350634580837	-0.6981317	0	-2.762620687725672e-08	0	0	0	0	0	0	0	0	0	0	0	0	0	0	0	0	0	0	0	0
59.84	14.40511360875632	1.478698417619567	-14.35616362773371	0	0.9399999999999999	0	0	0	0	0	0	0	0	0	-0.07385274535229001	0.07989019402465017	-0.6981317	0	1.225109434958523e-08	0	0	0	0	0	0	0	0	0	0	0	0	0	0	0	0	0	0	0	0
59.86000000000001	14.43070283181754	1.48143073896404	-14.38513718637223	0	0.9399999999999999	0	0	0	0	0	0	0	0	0	-0.07429070146607007	0.07802167179397204	-0.6981317	0	9.13587657907545e-08	0	0	0	0	0	0	0	0	0	0	0	0	0	0	0	0	0	0	0	0
59.88	14.43070283181754	1.48143073896404	-14.38513718637223	0	0.9399999999999999	0	0	0	0	0	0	0	0	0	-0.07429070146607007	0.07802167179397204	-0.6981317	0	9.13587657907545e-08	0	0	0	0	0	0	0	0	0	0	0	0	0	0	0	0	0	0	0	0
59.90000000000001	14.45771368362365	1.483797897845236	-14.41483237526806	0	0.9399999999999999	0	0	0	0	0	0	0	0	0	-0.07492154152574899	0.07629087469030811	-0.6981317	0	1.294827233366661e-07	0	0	0	0	0	0	0	0	0	0	0	0	0	0	0	0	0	0	0	0
59.92	14.49242158141805	1.4849971781958	-14.45453040791052	0	0.9399999999999999	0	0	0	0	0	0	0	0	0	-0.07917774526969433	0.07156954566880408	-0.6981317	0	-4.37570057627734e-08	0	0	0	0	0	0	0	0	0	0	0	0	0	0	0	0	0	0	0	0
59.94	14.49242158141805	1.4849971781958	-14.45453040791052	0	0.9399999999999999	0	0	0	0	0	0	0	0	0	-0.07917774526969433	0.07156954566880408	-0.6981317	0	-4.37570057627734e-08	0	0	0	0	0	0	0	0	0	0	0	0	0	0	0	0	0	0	0	0
59.96	14.49157592971165	1.486641732970588	-14.45633167105571	0	0.9399999999999999	0	0	0	0	0	0	0	0	0	-0.0798955087055275	0.06697133498756176	-0.6981317	0	-8.327292557338303e-06	0	0	0	0	0	0	0	0	0	0	0	0	0	0	0	0	0	0	0	0
59.98	14.49082462686495	1.489700612224764	-14.45825980462583	0	0.9399999999999999	0	0	0	0	0	0	0	0	0	-0.07892045654184897	0.06192391688907698	-0.6981317	0	1.482935426494112e-05	0	0	0	0	0	0	0	0	0	0	0	0	0	0	0	0	0	0	0	0
60.00000000000001	14.4902177835979	1.49355444217221	-14.46004783389308	0	0.9399999999999999	0	0	0	0	0	0	0	0	0	-0.07696268397916103	0.05707555023517921	-0.6981317	0	6.157474174633002e-07	0	0	0	0	0	0	0	0	0	0	0	0	0	0	0	0	0	0	0	0
60.02	14.48846907754087	1.500110488028582	-14.46130541459732	0	0.9399999999999999	0	0	0	0	0	0	0	0	0	-0.07389098821249118	0.04973761662255823	-0.6981317	0	-1.00498028567634e-05	0	0	0	0	0	0	0	0	0	0	0	0	0	0	0	0	0	0	0	0
60.04000000000001	14.48844751764707	1.500108080104679	-14.46128352132646	0	0.9399999999999999	0	0	0	0	0	0	0	0	0	-0.07389277715153118	0.04973242617175899	-0.6981317	0	-9.951354250021275e-06	0	0	0	0	0	0	0	0	0	0	0	0	0	0	0	0	0	0	0	0
60.06	14.35485104754664	1.505383528122375	-14.32674088542366	0	0.9399999999999999	0	0	0	0	0	0	0	0	0	-0.07072961447614692	0.03735107364796903	-0.6981317	0	-4.68821586039213e-07	0	0	0	0	0	0	0	0	0	0	0	0	0	0	0	0	0	0	0	0
60.08000000000001	14.35438071514241	1.506025847750547	-14.32688827962388	0	0.9399999999999999	0	0	0	0	0	0	0	0	0	-0.07304389540402241	0.03415764477523887	-0.6981317	0	-1.691675352976248e-06	0	0	0	0	0	0	0	0	0	0	0	0	0	0	0	0	0	0	0	0
60.1	14.35437326209648	1.506027932600359	-14.32688112216111	0	0.9399999999999999	0	0	0	0	0	0	0	0	0	-0.07304063937912866	0.03415649124938077	-0.6981317	0	-1.678690275410539e-06	0	0	0	0	0	0	0	0	0	0	0	0	0	0	0	0	0	0	0	0
60.12	14.30604291032846	1.506708068435225	-14.27790791097529	0	0.9399999999999999	0	0	0	0	0	0	0	0	0	-0.07332945431133349	0.03044883158476264	-0.6981317	0	1.230367881320401e-08	0	0	0	0	0	0	0	0	0	0	0	0	0	0	0	0	0	0	0	0
60.14000000000001	14.307139473808	1.506549109611175	-14.27607198442693	0	0.9399999999999999	0	0	0	0	0	0	0	0	0	-0.07495838622688346	0.03105170133749639	-0.6981317	0	4.425701552669319e-06	0	0	0	0	0	0	0	0	0	0	0	0	0	0	0	0	0	0	0	0
60.16	14.30712991114977	1.506552696520555	-14.27606313772688	0	0.9399999999999999	0	0	0	0	0	0	0	0	0	-0.07495556382126495	0.03105256952195384	-0.6981317	0	4.353547088955571e-06	0	0	0	0	0	0	0	0	0	0	0	0	0	0	0	0	0	0	0	0
60.18000000000001	14.25653493527075	1.506972895918134	-14.2227509339731	0	0.9399999999999999	0	0	0	0	0	0	0	0	0	-0.07484114001690664	0.02773123911525087	-0.6981317	0	-5.125881359713332e-07	0	0	0	0	0	0	0	0	0	0	0	0	0	0	0	0	0	0	0	0
60.2	14.25783864017436	1.506281136628591	-14.22107985479738	0	0.9399999999999999	0	0	0	0	0	0	0	0	0	-0.07596358550949885	0.02762004579834397	-0.6981317	0	-6.598784584936396e-06	0	0	0	0	0	0	0	0	0	0	0	0	0	0	0	0	0	0	0	0
60.22000000000001	14.2590050641182	1.505227580328572	-14.21913494065863	0	0.9399999999999999	0	0	0	0	0	0	0	0	0	-0.07761103435365026	0.02751488886278127	-0.6981317	0	3.17700838651862e-06	0	0	0	0	0	0	0	0	0	0	0	0	0	0	0	0	0	0	0	0
60.24	14.26023325077905	1.50398156602825	-14.21710420417023	0	0.9399999999999999	0	0	0	0	0	0	0	0	0	-0.07953222891256298	0.0271910566629777	-0.6981317	0	-1.509138137230721e-05	0	0	0	0	0	0	0	0	0	0	0	0	0	0	0	0	0	0	0	0
60.26000000000001	14.21009965190441	1.503243418572568	-14.16318726057489	0	0.9399999999999999	0	0	0	0	0	0	0	0	0	-0.08041469025379899	0.02263481118897627	-0.6981317	0	6.662903121138288e-08	0	0	0	0	0	0	0	0	0	0	0	0	0	0	0	0	0	0	0	0
60.28	14.21212015937221	1.501950348947291	-14.16112016510249	0	0.9399999999999999	0	0	0	0	0	0	0	0	0	-0.08212590329009754	0.02069864041597224	-0.6981317	0	1.599470105250408e-07	0	0	0	0	0	0	0	0	0	0	0	0	0	0	0	0	0	0	0	0
60.3	14.2160378406476	1.498991690897542	-14.15691444563159	0	0.9399999999999999	0	0	0	0	0	0	0	0	0	-0.08552830371163127	0.01435380036188069	-0.6981317	0	-6.399589499555144e-06	0	0	0	0	0	0	0	0	0	0	0	0	0	0	0	0	0	0	0	0
60.32000000000001	14.18477283248651	1.4981712195262	-14.12374456564606	0	0.9399999999999999	0	0	0	0	0	0	0	0	0	-0.08592513641283402	0.01189833779930199	-0.6981317	0	-2.870381223039544e-07	0	0	0	0	0	0	0	0	0	0	0	0	0	0	0	0	0	0	0	0
60.34	14.18738829613278	1.497342746193037	-14.12178128859992	0	0.9399999999999999	0	0	0	0	0	0	0	0	0	-0.08529560149352364	0.002567802332168118	-0.6981317	0	-8.676121541355787e-07	0	0	0	0	0	0	0	0	0	0	0	0	0	0	0	0	0	0	0	0
60.36000000000001	14.16893512885692	1.497215974313317	-14.10061530185918	0	0.9399999999999999	0	0	0	0	0	0	0	0	0	-0.08354494025553084	-0.003872749457557508	-0.6981317	0	-5.0097303332438e-08	0	0	0	0	0	0	0	0	0	0	0	0	0	0	0	0	0	0	0	0
60.38	14.17015248040836	1.497163181280089	-14.09937270034287	0	0.9399999999999999	0	0	0	0	0	0	0	0	0	-0.08356699682143934	-0.003946607261242445	-0.6981317	0	-1.12216092282851e-06	0	0	0	0	0	0	0	0	0	0	0	0	0	0	0	0	0	0	0	0
60.40000000000001	14.17119934233815	1.497134602860948	-14.09795949497714	0	0.9399999999999999	0	0	0	0	0	0	0	0	0	-0.08072845827528642	-0.01059690080629522	-0.6981317	0	1.445803743152295e-05	0	0	0	0	0	0	0	0	0	0	0	0	0	0	0	0	0	0	0	0
60.42	14.11955481765389	1.497786857491339	-14.04369031215127	0	0.9399999999999999	0	0	0	0	0	0	0	0	0	-0.07832551464932921	-0.0162669050236159	-0.6981317	0	-4.443720262306753e-07	0	0	0	0	0	0	0	0	0	0	0	0	0	0	0	0	0	0	0	0
60.44	14.11955481765389	1.497786857491339	-14.04369031215127	0	0.9399999999999999	0	0	0	0	0	0	0	0	0	-0.07832551464932921	-0.0162669050236159	-0.6981317	0	-4.443720262306753e-07	0	0	0	0	0	0	0	0	0	0	0	0	0	0	0	0	0	0	0	0
60.46	14.12095790186216	1.498076499005286	-14.04210056426501	0	0.9399999999999999	0	0	0	0	0	0	0	0	0	-0.07773279454788778	-0.01704121203843044	-0.6981317	0	6.538093026422927e-07	0	0	0	0	0	0	0	0	0	0	0	0	0	0	0	0	0	0	0	0
60.48	14.12449237696529	1.498396622499731	-14.03831276585471	0	0.9399999999999999	0	0	0	0	0	0	0	0	0	-0.07814314472504652	-0.01658522058342582	-0.6981317	0	-6.089784912866807e-06	0	0	0	0	0	0	0	0	0	0	0	0	0	0	0	0	0	0	0	0
60.50000000000001	14.08385765341284	1.498664370682781	-13.9930625106385	0	0.9399999999999999	0	0	0	0	0	0	0	0	0	-0.07770600092734171	-0.01930099424531929	-0.6981317	0	-1.998925619689811e-07	0	0	0	0	0	0	0	0	0	0	0	0	0	0	0	0	0	0	0	0
60.52	14.08524831532106	1.498600517578148	-13.99165121290746	0	0.9399999999999999	0	0	0	0	0	0	0	0	0	-0.07774220295284967	-0.01943655353028913	-0.6981317	0	-3.295685097544281e-06	0	0	0	0	0	0	0	0	0	0	0	0	0	0	0	0	0	0	0	0
60.54000000000001	14.08641219780912	1.498793636771003	-13.99048103647073	0	0.9399999999999999	0	0	0	0	0	0	0	0	0	-0.07796609285936845	-0.01942953314213865	-0.6981317	0	7.546934784136912e-06	0	0	0	0	0	0	0	0	0	0	0	0	0	0	0	0	0	0	0	0
60.56	14.09210377821492	1.498197301878325	-13.98492006877857	0	0.9399999999999999	0	0	0	0	0	0	0	0	0	-0.07993790218666831	-0.02177245659636382	-0.6981317	0	3.580494055261338e-07	0	0	0	0	0	0	0	0	0	0	0	0	0	0	0	0	0	0	0	0
60.58000000000001	14.09506102558458	1.498153452958927	-13.98210948884851	0	0.9399999999999999	0	0	0	0	0	0	0	0	0	-0.08081304257045316	-0.02332165726507448	-0.6981317	0	-4.843929862103784e-07	0	0	0	0	0	0	0	0	0	0	0	0	0	0	0	0	0	0	0	0
60.6	14.09799949931694	1.498100504998691	-13.97930511031424	0	0.9399999999999999	0	0	0	0	0	0	0	0	0	-0.08170524129945909	-0.02524347964541578	-0.6981317	0	3.720897497239724e-07	0	0	0	0	0	0	0	0	0	0	0	0	0	0	0	0	0	0	0	0
60.62	14.09799850003913	1.498101035368876	-13.97930668070648	0	0.9399999999999999	0	0	0	0	0	0	0	0	0	-0.0817054832321893	-0.02524340792231426	-0.6981317	0	1.609870183462574e-07	0	0	0	0	0	0	0	0	0	0	0	0	0	0	0	0	0	0	0	0
60.64000000000001	14.10094084134758	1.498693069767205	-13.97648113928209	0	0.9399999999999999	0	0	0	0	0	0	0	0	0	-0.08169893012352542	-0.02722751532523063	-0.6981317	0	3.044618746781352e-07	0	0	0	0	0	0	0	0	0	0	0	0	0	0	0	0	0	0	0	0
60.66	14.10381657473208	1.50007798725802	-13.97362104416923	0	0.9399999999999999	0	0	0	0	0	0	0	0	0	-0.08059220482001987	-0.02939013546683331	-0.6981317	0	-6.067118738114863e-06	0	0	0	0	0	0	0	0	0	0	0	0	0	0	0	0	0	0	0	0
60.68000000000001	14.10657411431938	1.501784078962582	-13.97085415593572	0	0.9399999999999999	0	0	0	0	0	0	0	0	0	-0.07879530498836934	-0.03187044071403582	-0.6981317	0	2.738483135164537e-06	0	0	0	0	0	0	0	0	0	0	0	0	0	0	0	0	0	0	0	0
60.7	14.11132600017323	1.504499040060031	-13.96590203334775	0	0.9399999999999999	0	0	0	0	0	0	0	0	0	-0.07549382754384887	-0.03705119277417646	-0.6981317	0	-6.417931086210998e-06	0	0	0	0	0	0	0	0	0	0	0	0	0	0	0	0	0	0	0	0
60.72000000000001	14.11130112753068	1.504498731383743	-13.96587892429432	0	0.9399999999999999	0	0	0	0	0	0	0	0	0	-0.07549770148573499	-0.03705259350402113	-0.6981317	0	-1.303468550781881e-05	0	0	0	0	0	0	0	0	0	0	0	0	0	0	0	0	0	0	0	0
60.74	14.05592463058768	1.506476143355798	-13.90255804564551	0	0.9399999999999999	0	0	0	0	0	0	0	0	0	-0.07154398974132138	-0.04401948210089913	-0.6981317	0	-1.354869686464881e-07	0	0	0	0	0	0	0	0	0	0	0	0	0	0	0	0	0	0	0	0
60.76000000000001	14.05592463058768	1.506476143355798	-13.90255804564551	0	0.9399999999999999	0	0	0	0	0	0	0	0	0	-0.07154398974132138	-0.04401948210089913	-0.6981317	0	-1.354869686464881e-07	0	0	0	0	0	0	0	0	0	0	0	0	0	0	0	0	0	0	0	0
60.78	14.0575430297542	1.508159258125707	-13.90046271985825	0	0.9399999999999999	0	0	0	0	0	0	0	0	0	-0.06948610491754227	-0.04518682376726738	-0.6981317	0	-1.129295687937622e-05	0	0	0	0	0	0	0	0	0	0	0	0	0	0	0	0	0	0	0	0
60.8	14.05906404108267	1.512157277870686	-13.8990004924241	0	0.9399999999999999	0	0	0	0	0	0	0	0	0	-0.06533314441246245	-0.0457909805021116	-0.6981317	0	-4.859220956869967e-07	0	0	0	0	0	0	0	0	0	0	0	0	0	0	0	0	0	0	0	0
60.82000000000001	14.0615907977648	1.517782033817676	-13.8971338383459	0	0.9399999999999999	0	0	0	0	0	0	0	0	0	-0.06051886715822648	-0.04663276604070554	-0.6981317	0	-5.479432437283806e-06	0	0	0	0	0	0	0	0	0	0	0	0	0	0	0	0	0	0	0	0
60.84	14.13199106780558	1.519520215276618	-13.96559221824447	0	0.9399999999999999	0	0	0	0	0	0	0	0	0	-0.06054435863354776	-0.04344201889937045	-0.6981317	0	-3.009001877346796e-08	0	0	0	0	0	0	0	0	0	0	0	0	0	0	0	0	0	0	0	0
60.86000000000001	14.13199106780558	1.519520215276618	-13.96559221824447	0	0.9399999999999999	0	0	0	0	0	0	0	0	0	-0.06054435863354776	-0.04344201889937045	-0.6981317	0	-3.009001877346796e-08	0	0	0	0	0	0	0	0	0	0	0	0	0	0	0	0	0	0	0	0
60.88	14.133170000497	1.520627145897178	-13.96486852853763	0	0.9399999999999999	0	0	0	0	0	0	0	0	0	-0.06003603518000346	-0.04383679305867663	-0.6981317	0	-2.784489691940165e-06	0	0	0	0	0	0	0	0	0	0	0	0	0	0	0	0	0	0	0	0
60.90000000000001	14.13513098047886	1.518862515192031	-13.96375263422138	0	0.9399999999999999	0	0	0	0	0	0	0	0	0	-0.06353502117383825	-0.04468287939331295	-0.6981317	0	1.482420001791779e-06	0	0	0	0	0	0	0	0	0	0	0	0	0	0	0	0	0	0	0	0
60.92	14.13623329844936	1.516068167788617	-13.96352977400363	0	0.9399999999999999	0	0	0	0	0	0	0	0	0	-0.0671003637804929	-0.04518962326789912	-0.6981317	0	-2.211204789743626e-05	0	0	0	0	0	0	0	0	0	0	0	0	0	0	0	0	0	0	0	0
60.94	14.23505830501309	1.511270947405283	-14.06215286107734	0	0.9399999999999999	0	0	0	0	0	0	0	0	0	-0.0731595376372411	-0.04015983835359437	-0.6981317	0	6.838442422183046e-07	0	0	0	0	0	0	0	0	0	0	0	0	0	0	0	0	0	0	0	0
60.96	14.23519641162409	1.508492680454818	-14.06158969424333	0	0.9399999999999999	0	0	0	0	0	0	0	0	0	-0.07697526153942023	-0.04041829597405921	-0.6981317	0	7.992564213880875e-07	0	0	0	0	0	0	0	0	0	0	0	0	0	0	0	0	0	0	0	0
60.98	14.23535952344287	1.508158862091546	-14.06053048604913	0	0.9399999999999999	0	0	0	0	0	0	0	0	0	-0.07917612594150128	-0.04069601153468264	-0.6981317	0	1.05292726872634e-05	0	0	0	0	0	0	0	0	0	0	0	0	0	0	0	0	0	0	0	0
61.00000000000001	14.14063090128883	1.509253406441838	-13.96514199257012	0	0.9399999999999999	0	0	0	0	0	0	0	0	0	-0.07744335406043854	-0.04670957245363502	-0.6981317	0	2.220063015442638e-06	0	0	0	0	0	0	0	0	0	0	0	0	0	0	0	0	0	0	0	0
61.02	14.14064875351339	1.508833751879091	-13.96475030404826	0	0.9399999999999999	0	0	0	0	0	0	0	0	0	-0.07865262489952185	-0.04699585132559046	-0.6981317	0	3.864907434232841e-06	0	0	0	0	0	0	0	0	0	0	0	0	0	0	0	0	0	0	0	0
61.04000000000001	14.14042366587056	1.507458095242773	-13.96435149645182	0	0.9399999999999999	0	0	0	0	0	0	0	0	0	-0.08080358398049665	-0.04725229579866961	-0.6981317	0	-1.815242281020381e-05	0	0	0	0	0	0	0	0	0	0	0	0	0	0	0	0	0	0	0	0
61.06	14.14039270825148	1.507458819523778	-13.96432007718433	0	0.9399999999999999	0	0	0	0	0	0	0	0	0	-0.08079739703663405	-0.0472641251112184	-0.6981317	0	-8.648745877810551e-06	0	0	0	0	0	0	0	0	0	0	0	0	0	0	0	0	0	0	0	0
61.08000000000001	14.14000342423183	1.50623024477153	-13.96391728366041	0	0.9399999999999999	0	0	0	0	0	0	0	0	0	-0.08269240357691519	-0.04740886497546559	-0.6981317	0	-4.715565617271117e-06	0	0	0	0	0	0	0	0	0	0	0	0	0	0	0	0	0	0	0	0
61.1	14.13916572505733	1.50542494387629	-13.96359783969508	0	0.9399999999999999	0	0	0	0	0	0	0	0	0	-0.08489070179039317	-0.0477341013856779	-0.6981317	0	6.770059189885789e-06	0	0	0	0	0	0	0	0	0	0	0	0	0	0	0	0	0	0	0	0
61.12	14.13914546732049	1.505436897881386	-13.96357422679593	0	0.9399999999999999	0	0	0	0	0	0	0	0	0	-0.08488581484832959	-0.04774200425902814	-0.6981317	0	6.50529096794729e-06	0	0	0	0	0	0	0	0	0	0	0	0	0	0	0	0	0	0	0	0
61.14000000000001	14.04701019304749	1.505519956618632	-13.87179260668957	0	0.9399999999999999	0	0	0	0	0	0	0	0	0	-0.08351681237672434	-0.05377100483564016	-0.6981317	0	2.711415347030559e-07	0	0	0	0	0	0	0	0	0	0	0	0	0	0	0	0	0	0	0	0
61.16	14.04651474888495	1.504934103721283	-13.87202772011687	0	0.9399999999999999	0	0	0	0	0	0	0	0	0	-0.08491168795203335	-0.05404077234232747	-0.6981317	0	5.347235464229172e-06	0	0	0	0	0	0	0	0	0	0	0	0	0	0	0	0	0	0	0	0
61.18000000000001	14.04561372021806	1.505580517713338	-13.87283888712759	0	0.9399999999999999	0	0	0	0	0	0	0	0	0	-0.08594219638446074	-0.05410243037961183	-0.6981317	0	-8.626808705117563e-06	0	0	0	0	0	0	0	0	0	0	0	0	0	0	0	0	0	0	0	0
61.2	14.04513634255858	1.505846390931614	-13.8732325143472	0	0.9399999999999999	0	0	0	0	0	0	0	0	0	-0.08625491316252822	-0.05426759807979843	-0.6981317	0	-4.221930410741343e-06	0	0	0	0	0	0	0	0	0	0	0	0	0	0	0	0	0	0	0	0
61.22000000000001	14.04445487408202	1.506623094920759	-13.87350989817574	0	0.9399999999999999	0	0	0	0	0	0	0	0	0	-0.08600294932357819	-0.05429857352317058	-0.6981317	0	-1.690624396996727e-06	0	0	0	0	0	0	0	0	0	0	0	0	0	0	0	0	0	0	0	0
61.24	14.04365767875329	1.507659717293488	-13.87379387257815	0	0.9399999999999999	0	0	0	0	0	0	0	0	0	-0.08548783993777267	-0.05415456652518221	-0.6981317	0	-3.076207861482681e-07	0	0	0	0	0	0	0	0	0	0	0	0	0	0	0	0	0	0	0	0
61.26000000000001	14.04363370221487	1.507652846714398	-13.87377424709404	0	0.9399999999999999	0	0	0	0	0	0	0	0	0	-0.08549537093548723	-0.05415262254409262	-0.6981317	0	-2.584117905644629e-06	0	0	0	0	0	0	0	0	0	0	0	0	0	0	0	0	0	0	0	0
61.28	14.04237272317951	1.508030512736606	-13.87467396857797	0	0.9399999999999999	0	0	0	0	0	0	0	0	0	-0.08611935712119188	-0.05355271474550625	-0.6981317	0	-1.154743565501029e-05	0	0	0	0	0	0	0	0	0	0	0	0	0	0	0	0	0	0	0	0
61.3	13.93053498211519	1.507726568541315	-13.76256184951931	0	0.9399999999999999	0	0	0	0	0	0	0	0	0	-0.08388220538220055	-0.06027130215140324	-0.6981317	0	1.390950856364109e-07	0	0	0	0	0	0	0	0	0	0	0	0	0	0	0	0	0	0	0	0
61.32000000000001	13.93006007176667	1.509435447167187	-13.76352417126548	0	0.9399999999999999	0	0	0	0	0	0	0	0	0	-0.08325390719155427	-0.05883935970107274	-0.6981317	0	1.041254194027623e-05	0	0	0	0	0	0	0	0	0	0	0	0	0	0	0	0	0	0	0	0
61.34	13.93008661895271	1.50942730980927	-13.76354204036636	0	0.9399999999999999	0	0	0	0	0	0	0	0	0	-0.08325765529602158	-0.05883830234397682	-0.6981317	0	7.8606218477428e-06	0	0	0	0	0	0	0	0	0	0	0	0	0	0	0	0	0	0	0	0
61.36000000000001	14.00990166105603	1.512358213375644	-13.84471241226456	0	0.9399999999999999	0	0	0	0	0	0	0	0	0	-0.08348716709032312	-0.05280211103550199	-0.6981317	0	-1.067973875264284e-07	0	0	0	0	0	0	0	0	0	0	0	0	0	0	0	0	0	0	0	0
61.38	14.00964615609303	1.533329971545897	-13.84539077244186	0	0.9399999999999999	0	0	0	0	0	0	0	0	0	-0.06490176830148825	-0.0462449371358115	-0.6981317	0	1.230511939774248e-06	0	0	0	0	0	0	0	0	0	0	0	0	0	0	0	0	0	0	0	0
61.40000000000001	14.00905216664907	1.533488741637648	-13.84602487999804	0	0.9399999999999999	0	0	0	0	0	0	0	0	0	-0.06555459072565338	-0.04574219364856422	-0.6981317	0	-1.498436970477317e-06	0	0	0	0	0	0	0	0	0	0	0	0	0	0	0	0	0	0	0	0
61.42	14.00795711282634	1.536056789595098	-13.84765160558498	0	0.9399999999999999	0	0	0	0	0	0	0	0	0	-0.06504952829055892	-0.04379144314030436	-0.6981317	0	1.030873068719545e-05	0	0	0	0	0	0	0	0	0	0	0	0	0	0	0	0	0	0	0	0
61.44	14.00798783406234	1.536049193397709	-13.84766688880177	0	0.9399999999999999	0	0	0	0	0	0	0	0	0	-0.06505344006102516	-0.04378947168574705	-0.6981317	0	9.096315614726342e-06	0	0	0	0	0	0	0	0	0	0	0	0	0	0	0	0	0	0	0	0
61.46	14.00759297313215	1.535032741982894	-13.84868842972628	0	0.9399999999999999	0	0	0	0	0	0	0	0	0	-0.06721628538929497	-0.04316758816602086	-0.6981317	0	-6.187684715571214e-06	0	0	0	0	0	0	0	0	0	0	0	0	0	0	0	0	0	0	0	0
61.48	14.00611171970532	1.540197962586092	-13.85050946333182	0	0.9399999999999999	0	0	0	0	0	0	0	0	0	-0.06505091064414653	-0.03962685998438552	-0.6981317	0	4.251237927260671e-06	0	0	0	0	0	0	0	0	0	0	0	0	0	0	0	0	0	0	0	0
61.50000000000001	14.00587699357885	1.545525055393572	-13.850832110823	0	0.9399999999999999	0	0	0	0	0	0	0	0	0	-0.06013313153362142	-0.03802831722358419	-0.6981317	0	8.147268412879808e-06	0	0	0	0	0	0	0	0	0	0	0	0	0	0	0	0	0	0	0	0
61.52	14.00541379075195	1.545586210932712	-13.85134882909789	0	0.9399999999999999	0	0	0	0	0	0	0	0	0	-0.06155196830149259	-0.03706490177058992	-0.6981317	0	7.93495970141397e-07	0	0	0	0	0	0	0	0	0	0	0	0	0	0	0	0	0	0	0	0
61.54000000000001	14.00411172917197	1.55451363266558	-13.85234690029001	0	0.9399999999999999	0	0	0	0	0	0	0	0	0	-0.05602855917938227	-0.03275805940028673	-0.6981317	0	-9.895404870842696e-07	0	0	0	0	0	0	0	0	0	0	0	0	0	0	0	0	0	0	0	0
61.56	14.00415319455968	1.553605538622632	-13.85212546803836	0	0.9399999999999999	0	0	0	0	0	0	0	0	0	-0.05687204867051554	-0.03303118020809994	-0.6981317	0	3.253600524117784e-06	0	0	0	0	0	0	0	0	0	0	0	0	0	0	0	0	0	0	0	0
61.58000000000001	14.00359768195796	1.553832379561137	-13.85259885244725	0	0.9399999999999999	0	0	0	0	0	0	0	0	0	-0.05771006146295265	-0.03220350515278259	-0.6981317	0	5.875955953672867e-06	0	0	0	0	0	0	0	0	0	0	0	0	0	0	0	0	0	0	0	0
61.6	14.0029682445579	1.54689872733535	-13.85295104825047	0	0.9399999999999999	0	0	0	0	0	0	0	0	0	-0.06516526310529555	-0.03360362561022782	-0.6981317	0	1.452859396292746e-06	0	0	0	0	0	0	0	0	0	0	0	0	0	0	0	0	0	0	0	0
61.62	14.00242412612884	1.547074568313414	-13.85338817928802	0	0.9399999999999999	0	0	0	0	0	0	0	0	0	-0.06586115981569321	-0.03301262732112435	-0.6981317	0	5.722576656254396e-06	0	0	0	0	0	0	0	0	0	0	0	0	0	0	0	0	0	0	0	0
61.64000000000001	14.00217043043592	1.543319235362756	-13.85332157760134	0	0.9399999999999999	0	0	0	0	0	0	0	0	0	-0.07027600244089462	-0.03366197141635879	-0.6981317	0	-7.72687791110218e-06	0	0	0	0	0	0	0	0	0	0	0	0	0	0	0	0	0	0	0	0
61.66	14.00180405954929	1.537543290093898	-13.85339917069948	0	0.9399999999999999	0	0	0	0	0	0	0	0	0	-0.07658769934755673	-0.03472916309325347	-0.6981317	0	-5.059181431479969e-06	0	0	0	0	0	0	0	0	0	0	0	0	0	0	0	0	0	0	0	0
61.68000000000001	14.00150048392633	1.529339155836645	-13.85352958611996	0	0.9399999999999999	0	0	0	0	0	0	0	0	0	-0.0850986825427594	-0.03638587876385651	-0.6981317	0	1.149388690461961e-08	0	0	0	0	0	0	0	0	0	0	0	0	0	0	0	0	0	0	0	0
61.7	14.00136190736795	1.520841382865365	-13.85357407128883	0	0.9399999999999999	0	0	0	0	0	0	0	0	0	-0.09370035808389771	-0.03820914275156888	-0.6981317	0	-4.060635140695563e-06	0	0	0	0	0	0	0	0	0	0	0	0	0	0	0	0	0	0	0	0
61.72000000000001	14.00134014210776	1.515346801474718	-13.85356813698499	0	0.9399999999999999	0	0	0	0	0	0	0	0	0	-0.09942691531506746	-0.03926650000274386	-0.6981317	0	7.191539624328409e-07	0	0	0	0	0	0	0	0	0	0	0	0	0	0	0	0	0	0	0	0
61.74	13.96042676656003	1.515268142769554	-13.8124337206581	0	0.9399999999999999	0	0	0	0	0	0	0	0	0	-0.09927066557989773	-0.04024784151353319	-0.6981317	0	6.888847573916653e-08	0	0	0	0	0	0	0	0	0	0	0	0	0	0	0	0	0	0	0	0
61.76000000000001	13.96042676656003	1.515268142769554	-13.8124337206581	0	0.9399999999999999	0	0	0	0	0	0	0	0	0	-0.09927066557989773	-0.04024784151353319	-0.6981317	0	6.888847573916653e-08	0	0	0	0	0	0	0	0	0	0	0	0	0	0	0	0	0	0	0	0
61.78	13.96040148417643	1.516509877761211	-13.81214675436701	0	0.9399999999999999	0	0	0	0	0	0	0	0	0	-0.0983248498341291	-0.03931639035923682	-0.6981317	0	1.298571221333283e-06	0	0	0	0	0	0	0	0	0	0	0	0	0	0	0	0	0	0	0	0
61.8	13.96049648124503	1.516471765993765	-13.81194193301876	0	0.9399999999999999	0	0	0	0	0	0	0	0	0	-0.09850902453623599	-0.03881820248464447	-0.6981317	0	-1.744719780974235e-06	0	0	0	0	0	0	0	0	0	0	0	0	0	0	0	0	0	0	0	0
61.82000000000001	13.93013102557051	1.515967278683571	-13.78115353656685	0	0.9399999999999999	0	0	0	0	0	0	0	0	0	-0.09844314275759043	-0.04007782968642798	-0.6981317	0	1.652215305950877e-07	0	0	0	0	0	0	0	0	0	0	0	0	0	0	0	0	0	0	0	0
61.84	13.9304428972573	1.517315608309502	-13.78078068793937	0	0.9399999999999999	0	0	0	0	0	0	0	0	0	-0.09743263156563485	-0.03882037042727043	-0.6981317	0	-2.548571906959049e-07	0	0	0	0	0	0	0	0	0	0	0	0	0	0	0	0	0	0	0	0
61.86000000000001	13.93044212713788	1.517314989506074	-13.78078046041135	0	0.9399999999999999	0	0	0	0	0	0	0	0	0	-0.09743249913436787	-0.03881993719114414	-0.6981317	0	-1.893385317757786e-07	0	0	0	0	0	0	0	0	0	0	0	0	0	0	0	0	0	0	0	0
61.88	13.9307422576603	1.520100460601787	-13.78040582642034	0	0.9399999999999999	0	0	0	0	0	0	0	0	0	-0.09494820342233547	-0.03754966002319195	-0.6981317	0	1.098434812329275e-06	0	0	0	0	0	0	0	0	0	0	0	0	0	0	0	0	0	0	0	0
61.90000000000001	13.93054514758399	1.522123870327486	-13.78039907975494	0	0.9399999999999999	0	0	0	0	0	0	0	0	0	-0.09307063250646749	-0.03592231569551206	-0.6981317	0	-1.075168443659276e-06	0	0	0	0	0	0	0	0	0	0	0	0	0	0	0	0	0	0	0	0
61.92	13.93054275325366	1.522123806728719	-13.78039530884032	0	0.9399999999999999	0	0	0	0	0	0	0	0	0	-0.09307097700735315	-0.03592170259031204	-0.6981317	0	-1.03674695274652e-06	0	0	0	0	0	0	0	0	0	0	0	0	0	0	0	0	0	0	0	0
61.94	13.93040892207728	1.525077002026532	-13.7802788916731	0	0.9399999999999999	0	0	0	0	0	0	0	0	0	-0.09040157755601176	-0.03423483448551398	-0.6981317	0	3.007635974388432e-06	0	0	0	0	0	0	0	0	0	0	0	0	0	0	0	0	0	0	0	0
61.96000000000001	13.93030181271723	1.528374342658038	-13.78009031524339	0	0.9399999999999999	0	0	0	0	0	0	0	0	0	-0.08751568145907691	-0.03144882872338299	-0.6981317	0	-3.932770063077701e-06	0	0	0	0	0	0	0	0	0	0	0	0	0	0	0	0	0	0	0	0
61.98	13.93035142432097	1.530085038974375	-13.77987255768123	0	0.9399999999999999	0	0	0	0	0	0	0	0	0	-0.08596339996470868	-0.03087100868806737	-0.6981317	0	-1.870600636617277e-06	0	0	0	0	0	0	0	0	0	0	0	0	0	0	0	0	0	0	0	0
62.00000000000001	13.93015509536702	1.534508183484948	-13.77978443729411	0	0.9399999999999999	0	0	0	0	0	0	0	0	0	-0.08211959380059672	-0.02841053487546335	-0.6981317	0	4.159115883808991e-06	0	0	0	0	0	0	0	0	0	0	0	0	0	0	0	0	0	0	0	0
62.02	13.92968821761914	1.539657772921544	-13.77983552868896	0	0.9399999999999999	0	0	0	0	0	0	0	0	0	-0.07797369569601209	-0.02487127823674574	-0.6981317	0	4.684361666707806e-06	0	0	0	0	0	0	0	0	0	0	0	0	0	0	0	0	0	0	0	0
62.04000000000001	13.92967028317205	1.539655071504845	-13.77982165870325	0	0.9399999999999999	0	0	0	0	0	0	0	0	0	-0.07797250241942937	-0.02487112729947228	-0.6981317	0	8.067763580255204e-06	0	0	0	0	0	0	0	0	0	0	0	0	0	0	0	0	0	0	0	0
62.06	13.929367553654	1.543011678510844	-13.77979225069556	0	0.9399999999999999	0	0	0	0	0	0	0	0	0	-0.07521781259761272	-0.02297173084746944	-0.6981317	0	-1.974082561817278e-06	0	0	0	0	0	0	0	0	0	0	0	0	0	0	0	0	0	0	0	0
62.08000000000001	13.9288783277343	1.543609484690421	-13.77986912221452	0	0.9399999999999999	0	0	0	0	0	0	0	0	0	-0.07488801803155216	-0.02213090512573398	-0.6981317	0	-1.099301941070645e-06	0	0	0	0	0	0	0	0	0	0	0	0	0	0	0	0	0	0	0	0
62.1	13.92834843297824	1.542531525270182	-13.78001915875128	0	0.9399999999999999	0	0	0	0	0	0	0	0	0	-0.07611107197757994	-0.02187873454490242	-0.6981317	0	-3.68096761778247e-07	0	0	0	0	0	0	0	0	0	0	0	0	0	0	0	0	0	0	0	0
62.12	13.92776787238623	1.539790536486682	-13.78011798855102	0	0.9399999999999999	0	0	0	0	0	0	0	0	0	-0.0789078834202339	-0.02211810342085415	-0.6981317	0	-2.501482880672612e-06	0	0	0	0	0	0	0	0	0	0	0	0	0	0	0	0	0	0	0	0
62.14000000000001	13.92689437726612	1.536566669533323	-13.78045566733436	0	0.9399999999999999	0	0	0	0	0	0	0	0	0	-0.08253717655651265	-0.02154879804500118	-0.6981317	0	2.387397101278684e-06	0	0	0	0	0	0	0	0	0	0	0	0	0	0	0	0	0	0	0	0
62.16	13.92688580625349	1.536567697101839	-13.78044934820363	0	0.9399999999999999	0	0	0	0	0	0	0	0	0	-0.08253686463987892	-0.02154927634223159	-0.6981317	0	2.350778577103954e-06	0	0	0	0	0	0	0	0	0	0	0	0	0	0	0	0	0	0	0	0
62.18000000000001	13.92636686351901	1.527967444793975	-13.78073484603589	0	0.9399999999999999	0	0	0	0	0	0	0	0	0	-0.09105840322115903	-0.02298555447888345	-0.6981317	0	-6.82658355386591e-07	0	0	0	0	0	0	0	0	0	0	0	0	0	0	0	0	0	0	0	0
62.2	13.92636208262318	1.527967107507234	-13.78073467375364	0	0.9399999999999999	0	0	0	0	0	0	0	0	0	-0.09105868922342528	-0.02298530654426667	-0.6981317	0	-5.171480883997238e-07	0	0	0	0	0	0	0	0	0	0	0	0	0	0	0	0	0	0	0	0
62.22000000000001	13.92624531500637	1.524918903852162	-13.7808432332724	0	0.9399999999999999	0	0	0	0	0	0	0	0	0	-0.09414361484946689	-0.02334392486547378	-0.6981317	0	1.29223737120994e-07	0	0	0	0	0	0	0	0	0	0	0	0	0	0	0	0	0	0	0	0
62.24	13.92612389515334	1.52230398839487	-13.78124485505424	0	0.9399999999999999	0	0	0	0	0	0	0	0	0	-0.0971639740265314	-0.02308053176639634	-0.6981317	0	2.391120567686029e-07	0	0	0	0	0	0	0	0	0	0	0	0	0	0	0	0	0	0	0	0
62.26000000000001	13.92614179571082	1.522304298306465	-13.78126051854235	0	0.9399999999999999	0	0	0	0	0	0	0	0	0	-0.0971626057113107	-0.02307790567534658	-0.6981317	0	1.885589616408644e-06	0	0	0	0	0	0	0	0	0	0	0	0	0	0	0	0	0	0	0	0
62.28	13.92605733597106	1.522352474326874	-13.7814142447766	0	0.9399999999999999	0	0	0	0	0	0	0	0	0	-0.09742018987707131	-0.02248314018046705	-0.6981317	0	7.651382198436526e-06	0	0	0	0	0	0	0	0	0	0	0	0	0	0	0	0	0	0	0	0
62.3	13.92601493159141	1.521866424229041	-13.78171376169913	0	0.9399999999999999	0	0	0	0	0	0	0	0	0	-0.09830241504282726	-0.02171154657798181	-0.6981317	0	-4.371242980483999e-06	0	0	0	0	0	0	0	0	0	0	0	0	0	0	0	0	0	0	0	0
62.32000000000001	13.92601857870176	1.521881027737193	-13.78171932993921	0	0.9399999999999999	0	0	0	0	0	0	0	0	0	-0.09830628320296166	-0.0217198404815276	-0.6981317	0	-2.769656894769296e-06	0	0	0	0	0	0	0	0	0	0	0	0	0	0	0	0	0	0	0	0
62.34	13.92611737459489	1.520142210626383	-13.7818940764837	0	0.9399999999999999	0	0	0	0	0	0	0	0	0	-0.1000092987102939	-0.02206981519520488	-0.6981317	0	3.99923495180173e-06	0	0	0	0	0	0	0	0	0	0	0	0	0	0	0	0	0	0	0	0
62.36000000000001	13.92602070548651	1.520050516752878	-13.78214582034552	0	0.9399999999999999	0	0	0	0	0	0	0	0	0	-0.100073243186905	-0.02187594391352309	-0.6981317	0	2.654375722283674e-06	0	0	0	0	0	0	0	0	0	0	0	0	0	0	0	0	0	0	0	0
62.38	13.92601401197401	1.520028265030901	-13.78217378501942	0	0.9399999999999999	0	0	0	0	0	0	0	0	0	-0.1000752236418123	-0.02187818866991134	-0.6981317	0	1.822392417322219e-06	0	0	0	0	0	0	0	0	0	0	0	0	0	0	0	0	0	0	0	0
62.40000000000001	13.98190069253084	1.519153767191693	-13.83866329095121	0	0.9399999999999999	0	0	0	0	0	0	0	0	0	-0.1021219468412367	-0.01864324768884506	-0.6981317	0	9.551643799340235e-08	0	0	0	0	0	0	0	0	0	0	0	0	0	0	0	0	0	0	0	0
62.42	13.98181089062085	1.519038189889802	-13.83875583543406	0	0.9399999999999999	0	0	0	0	0	0	0	0	0	-0.1022486852473701	-0.01836020438731345	-0.6981317	0	-4.081009925769441e-06	0	0	0	0	0	0	0	0	0	0	0	0	0	0	0	0	0	0	0	0
62.44	13.9817680843002	1.520351337481349	-13.8389363346884	0	0.9399999999999999	0	0	0	0	0	0	0	0	0	-0.1011324576204833	-0.01769410862469909	-0.6981317	0	6.987859419094607e-07	0	0	0	0	0	0	0	0	0	0	0	0	0	0	0	0	0	0	0	0
62.46000000000001	13.98173119559767	1.523274385170795	-13.83917690075597	0	0.9399999999999999	0	0	0	0	0	0	0	0	0	-0.09850862693446449	-0.01658488047869081	-0.6981317	0	1.697635506009616e-06	0	0	0	0	0	0	0	0	0	0	0	0	0	0	0	0	0	0	0	0
62.48	13.98173906188166	1.526116453621926	-13.83930709836043	0	0.9399999999999999	0	0	0	0	0	0	0	0	0	-0.09598492140379182	-0.01550759137365743	-0.6981317	0	1.18186950927793e-06	0	0	0	0	0	0	0	0	0	0	0	0	0	0	0	0	0	0	0	0
62.50000000000001	13.98181986234332	1.528259685568846	-13.83936593652019	0	0.9399999999999999	0	0	0	0	0	0	0	0	0	-0.0939591883191967	-0.01459150141559231	-0.6981317	0	3.381838655517966e-06	0	0	0	0	0	0	0	0	0	0	0	0	0	0	0	0	0	0	0	0
62.52	13.981891778704	1.52941197716071	-13.83945822610045	0	0.9399999999999999	0	0	0	0	0	0	0	0	0	-0.09288218963929498	-0.01399620127776048	-0.6981317	0	-1.841177775734685e-06	0	0	0	0	0	0	0	0	0	0	0	0	0	0	0	0	0	0	0	0
62.54000000000001	13.98184890436642	1.529366795001738	-13.83952367420658	0	0.9399999999999999	0	0	0	0	0	0	0	0	0	-0.09289190064538141	-0.0139416175198599	-0.6981317	0	-3.949796359506715e-06	0	0	0	0	0	0	0	0	0	0	0	0	0	0	0	0	0	0	0	0
62.56	13.9818679966274	1.529367571230797	-13.83951326619661	0	0.9399999999999999	0	0	0	0	0	0	0	0	0	-0.0929026050074851	-0.01393622169746909	-0.6981317	0	-2.001580869976469e-06	0	0	0	0	0	0	0	0	0	0	0	0	0	0	0	0	0	0	0	0
62.58000000000001	13.98183479457153	1.529351004499665	-13.83956663552032	0	0.9399999999999999	0	0	0	0	0	0	0	0	0	-0.09291915569171201	-0.01388502494340052	-0.6981317	0	-2.268356018891945e-06	0	0	0	0	0	0	0	0	0	0	0	0	0	0	0	0	0	0	0	0
62.6	13.98185735070626	1.529823785290191	-13.8396913802786	0	0.9399999999999999	0	0	0	0	0	0	0	0	0	-0.09236361037305622	-0.01394885652139041	-0.6981317	0	2.009867693184064e-06	0	0	0	0	0	0	0	0	0	0	0	0	0	0	0	0	0	0	0	0
62.62	13.98186062086456	1.529822969577859	-13.83969489573655	0	0.9399999999999999	0	0	0	0	0	0	0	0	0	-0.09236517600491612	-0.01394604103558801	-0.6981317	0	1.82657643415725e-06	0	0	0	0	0	0	0	0	0	0	0	0	0	0	0	0	0	0	0	0
62.64000000000001	13.98181442827998	1.529402528786212	-13.83985513164974	0	0.9399999999999999	0	0	0	0	0	0	0	0	0	-0.09257230876564997	-0.01431712010776222	-0.6981317	0	-4.217536105692771e-06	0	0	0	0	0	0	0	0	0	0	0	0	0	0	0	0	0	0	0	0
62.66	13.9814317041322	1.529528518358273	-13.84031767011361	0	0.9399999999999999	0	0	0	0	0	0	0	0	0	-0.09193698233181886	-0.0148838282568575	-0.6981317	0	-6.359115839762919e-06	0	0	0	0	0	0	0	0	0	0	0	0	0	0	0	0	0	0	0	0
62.68000000000001	13.98119644673251	1.530172429343461	-13.84064512418827	0	0.9399999999999999	0	0	0	0	0	0	0	0	0	-0.09090625923773005	-0.01485817988839877	-0.6981317	0	4.200726004897938e-07	0	0	0	0	0	0	0	0	0	0	0	0	0	0	0	0	0	0	0	0
62.7	13.98119717824208	1.530173405685805	-13.84064715107853	0	0.9399999999999999	0	0	0	0	0	0	0	0	0	-0.09090778009480192	-0.01485843432261041	-0.6981317	0	3.227778551681675e-07	0	0	0	0	0	0	0	0	0	0	0	0	0	0	0	0	0	0	0	0
62.72000000000001	13.98091390003638	1.530918728294669	-13.84097119650079	0	0.9399999999999999	0	0	0	0	0	0	0	0	0	-0.08991151475359911	-0.01479650805716296	-0.6981317	0	-4.551453451751873e-08	0	0	0	0	0	0	0	0	0	0	0	0	0	0	0	0	0	0	0	0
62.74	13.98016345567825	1.532843536583321	-13.84161195178924	0	0.9399999999999999	0	0	0	0	0	0	0	0	0	-0.08771957315336852	-0.01414696890539238	-0.6981317	0	1.913421789173744e-06	0	0	0	0	0	0	0	0	0	0	0	0	0	0	0	0	0	0	0	0
62.76000000000001	13.97975519643016	1.534183975466272	-13.84184092799282	0	0.9399999999999999	0	0	0	0	0	0	0	0	0	-0.08627618130803219	-0.01378332630426522	-0.6981317	0	-2.484586713753511e-06	0	0	0	0	0	0	0	0	0	0	0	0	0	0	0	0	0	0	0	0
62.78	13.97975047206019	1.534184399289456	-13.8418361396114	0	0.9399999999999999	0	0	0	0	0	0	0	0	0	-0.08627848974895858	-0.01378081129961401	-0.6981317	0	-2.324468742904185e-06	0	0	0	0	0	0	0	0	0	0	0	0	0	0	0	0	0	0	0	0
62.8	13.97883048362973	1.538095182966155	-13.84221273864696	0	0.9399999999999999	0	0	0	0	0	0	0	0	0	-0.08230622297799081	-0.01307268526450449	-0.6981317	0	1.362021837239249e-05	0	0	0	0	0	0	0	0	0	0	0	0	0	0	0	0	0	0	0	0
62.82000000000001	13.97878999352855	1.538098814641028	-13.84220190057113	0	0.9399999999999999	0	0	0	0	0	0	0	0	0	-0.08230990247072373	-0.01307602937662762	-0.6981317	0	1.018404071069861e-05	0	0	0	0	0	0	0	0	0	0	0	0	0	0	0	0	0	0	0	0
62.84	13.78950735296236	1.538223892091012	-13.65334771338385	0	0.9399999999999999	0	0	0	0	0	0	0	0	0	-0.07911483013316553	-0.01901546868552127	-0.6981317	0	4.671513832785382e-08	0	0	0	0	0	0	0	0	0	0	0	0	0	0	0	0	0	0	0	0
62.86000000000001	13.78928415621913	1.536026114908295	-13.65352630961086	0	0.9399999999999999	0	0	0	0	0	0	0	0	0	-0.08073449884750067	-0.02019146168599468	-0.6981317	0	7.360660513559936e-07	0	0	0	0	0	0	0	0	0	0	0	0	0	0	0	0	0	0	0	0
62.88	13.78951830518271	1.525477577867326	-13.65359507660017	0	0.9399999999999999	0	0	0	0	0	0	0	0	0	-0.08885944753844002	-0.02529887849026973	-0.6981317	0	2.97418654963058e-06	0	0	0	0	0	0	0	0	0	0	0	0	0	0	0	0	0	0	0	0
62.90000000000001	13.78952552768461	1.525477530313566	-13.65360209791294	0	0.9399999999999999	0	0	0	0	0	0	0	0	0	-0.08885928519715319	-0.0252990935125422	-0.6981317	0	2.970785324610083e-06	0	0	0	0	0	0	0	0	0	0	0	0	0	0	0	0	0	0	0	0
62.92	13.88576054639259	1.519470250441555	-13.74959195071065	0	0.9399999999999999	0	0	0	0	0	0	0	0	0	-0.09597373643047177	-0.02369430936190463	-0.6981317	0	-2.550416969234207e-08	0	0	0	0	0	0	0	0	0	0	0	0	0	0	0	0	0	0	0	0
62.94	13.88609381133401	1.516241408375761	-13.74954077934049	0	0.9399999999999999	0	0	0	0	0	0	0	0	0	-0.09842760429592623	-0.02490985959053182	-0.6981317	0	4.068991897110666e-06	0	0	0	0	0	0	0	0	0	0	0	0	0	0	0	0	0	0	0	0
62.96000000000001	13.88661629597449	1.515403152780195	-13.74947907969811	0	0.9399999999999999	0	0	0	0	0	0	0	0	0	-0.09876161432608248	-0.02507098739767788	-0.6981317	0	4.985491032485805e-06	0	0	0	0	0	0	0	0	0	0	0	0	0	0	0	0	0	0	0	0
62.98	13.88728391184704	1.518231948958858	-13.74926010369943	0	0.9399999999999999	0	0	0	0	0	0	0	0	0	-0.09575066219217944	-0.02380349100496373	-0.6981317	0	-9.761374663510393e-07	0	0	0	0	0	0	0	0	0	0	0	0	0	0	0	0	0	0	0	0
63.00000000000001	13.88823142364665	1.520382190241693	-13.74856144178798	0	0.9399999999999999	0	0	0	0	0	0	0	0	0	-0.09247873759895631	-0.02236875444773386	-0.6981317	0	2.657807258235202e-06	0	0	0	0	0	0	0	0	0	0	0	0	0	0	0	0	0	0	0	0
63.02	13.88852942537394	1.522731058398504	-13.74834230761266	0	0.9399999999999999	0	0	0	0	0	0	0	0	0	-0.0898201821046113	-0.02146455010870028	-0.6981317	0	7.315038911633485e-07	0	0	0	0	0	0	0	0	0	0	0	0	0	0	0	0	0	0	0	0
63.04000000000001	13.8887663709588	1.523336059080909	-13.74799807247588	0	0.9399999999999999	0	0	0	0	0	0	0	0	0	-0.08901416157369081	-0.02124740836414582	-0.6981317	0	1.545192822452384e-06	0	0	0	0	0	0	0	0	0	0	0	0	0	0	0	0	0	0	0	0
63.06	13.88936657849838	1.523718809654394	-13.7471068450142	0	0.9399999999999999	0	0	0	0	0	0	0	0	0	-0.08711719421346525	-0.02057170774416266	-0.6981317	0	-2.546951482685083e-06	0	0	0	0	0	0	0	0	0	0	0	0	0	0	0	0	0	0	0	0
63.08000000000001	13.8894905276587	1.523775843590978	-13.74692827857806	0	0.9399999999999999	0	0	0	0	0	0	0	0	0	-0.0871005492598763	-0.0205783965216171	-0.6981317	0	1.367088462737933e-05	0	0	0	0	0	0	0	0	0	0	0	0	0	0	0	0	0	0	0	0
63.1	13.82391456348888	1.523605032748952	-13.67961809987124	0	0.9399999999999999	0	0	0	0	0	0	0	0	0	-0.083914101656232	-0.0232616182268951	-0.6981317	0	-3.360668793647212e-07	0	0	0	0	0	0	0	0	0	0	0	0	0	0	0	0	0	0	0	0
63.12	13.82391456348888	1.523605032748952	-13.67961809987124	0	0.9399999999999999	0	0	0	0	0	0	0	0	0	-0.083914101656232	-0.0232616182268951	-0.6981317	0	-3.360668793647212e-07	0	0	0	0	0	0	0	0	0	0	0	0	0	0	0	0	0	0	0	0
63.14000000000001	13.82435091835888	1.523554079708976	-13.67918261290325	0	0.9399999999999999	0	0	0	0	0	0	0	0	0	-0.08323321371920391	-0.02339719901323717	-0.6981317	0	1.302119050454466e-05	0	0	0	0	0	0	0	0	0	0	0	0	0	0	0	0	0	0	0	0
63.16	13.8247187838117	1.52465729771668	-13.678703919144	0	0.9399999999999999	0	0	0	0	0	0	0	0	0	-0.08169060092144886	-0.02289103893230193	-0.6981317	0	7.134126901660048e-07	0	0	0	0	0	0	0	0	0	0	0	0	0	0	0	0	0	0	0	0
63.18000000000001	13.82506799761527	1.525445453175447	-13.67810583797348	0	0.9399999999999999	0	0	0	0	0	0	0	0	0	-0.08037696002642633	-0.02259797315260672	-0.6981317	0	5.693093075949427e-06	0	0	0	0	0	0	0	0	0	0	0	0	0	0	0	0	0	0	0	0
63.2	13.82531923556275	1.525694088637167	-13.67722908555989	0	0.9399999999999999	0	0	0	0	0	0	0	0	0	-0.07949818745604716	-0.02253679345348381	-0.6981317	0	-6.494949415792228e-06	0	0	0	0	0	0	0	0	0	0	0	0	0	0	0	0	0	0	0	0
63.22000000000001	13.76717301499467	1.525680919029386	-13.6177663133682	0	0.9399999999999999	0	0	0	0	0	0	0	0	0	-0.07730761384963468	-0.02503618747395063	-0.6981317	0	-3.592786193402651e-08	0	0	0	0	0	0	0	0	0	0	0	0	0	0	0	0	0	0	0	0
63.24	13.76775645397231	1.526107035910507	-13.6171683421412	0	0.9399999999999999	0	0	0	0	0	0	0	0	0	-0.07612640526458067	-0.02513643965205448	-0.6981317	0	-1.775677171223182e-06	0	0	0	0	0	0	0	0	0	0	0	0	0	0	0	0	0	0	0	0
63.26000000000001	13.76816585318331	1.52714733950274	-13.6165908189179	0	0.9399999999999999	0	0	0	0	0	0	0	0	0	-0.07443492033438949	-0.02498221655697366	-0.6981317	0	-7.728208187974328e-07	0	0	0	0	0	0	0	0	0	0	0	0	0	0	0	0	0	0	0	0
63.28	13.76873021431951	1.529073295972505	-13.61566182289867	0	0.9399999999999999	0	0	0	0	0	0	0	0	0	-0.07113572602860015	-0.02466257721748532	-0.6981317	0	6.507878614528641e-06	0	0	0	0	0	0	0	0	0	0	0	0	0	0	0	0	0	0	0	0
63.3	13.76887473865479	1.528061879189827	-13.61515322324185	0	0.9399999999999999	0	0	0	0	0	0	0	0	0	-0.07114925528154881	-0.02555868823102958	-0.6981317	0	-4.112451767147299e-06	0	0	0	0	0	0	0	0	0	0	0	0	0	0	0	0	0	0	0	0
63.32000000000001	13.7690781327906	1.5258017947464	-13.61479144385697	0	0.9399999999999999	0	0	0	0	0	0	0	0	0	-0.0722149418399108	-0.0270941250304422	-0.6981317	0	4.337090385512045e-07	0	0	0	0	0	0	0	0	0	0	0	0	0	0	0	0	0	0	0	0
63.34	13.76929087117237	1.523747189712233	-13.61465160180784	0	0.9399999999999999	0	0	0	0	0	0	0	0	0	-0.07331242650410574	-0.02855188261633283	-0.6981317	0	-7.398505432831883e-07	0	0	0	0	0	0	0	0	0	0	0	0	0	0	0	0	0	0	0	0
63.36000000000001	13.7692918973318	1.523746885887215	-13.61465323952977	0	0.9399999999999999	0	0	0	0	0	0	0	0	0	-0.07331177696423452	-0.02855149535435343	-0.6981317	0	-6.335830340125829e-07	0	0	0	0	0	0	0	0	0	0	0	0	0	0	0	0	0	0	0	0
63.38	13.76924441007641	1.523971924011233	-13.61482008326701	0	0.9399999999999999	0	0	0	0	0	0	0	0	0	-0.07234270412313588	-0.02928265921815989	-0.6981317	0	6.682947192672508e-06	0	0	0	0	0	0	0	0	0	0	0	0	0	0	0	0	0	0	0	0
63.40000000000001	13.76926605353264	1.523965781898599	-13.61480578063717	0	0.9399999999999999	0	0	0	0	0	0	0	0	0	-0.07230543860297051	-0.02926092471829716	-0.6981317	0	3.944792427521584e-06	0	0	0	0	0	0	0	0	0	0	0	0	0	0	0	0	0	0	0	0
